"anchor_id","anchor_hog","species","tissue","time_point","day","context","n_replicates","n_core_hogs_present","n_core_hogs_scored","n_core_hogs_unresolved_present","core_hog_coverage","module_score_mean","module_score_sd","module_score_se","anchor_score_mean","anchor_score_sd"
"anchor_01","HOG:0020610","BDIS","leaf","T1",7.47957433613505,"leaf::T1",4,157,135,22,0.859872611464968,0.778148939341206,0.0185958359005833,0.00929791795029165,0.767693650389123,0.01405617801531
"anchor_01","HOG:0020610","BDIS","leaf","T2",14.5,"leaf::T2",4,157,135,22,0.859872611464968,0.77725889628353,0.0410802066547959,0.020540103327398,0.747568367334537,0.0481407276188383
"anchor_01","HOG:0020610","BDIS","leaf","T3",28.4898614550509,"leaf::T3",4,157,135,22,0.859872611464968,0.744059465681858,0.0757182905796015,0.0378591452898008,0.748894469726992,0.110579228519407
"anchor_01","HOG:0020610","BDIS","leaf","T4",42.7313175218636,"leaf::T4",4,157,135,22,0.859872611464968,0.721534563455893,0.0386025154524426,0.0193012577262213,0.715369358537911,0.0392582256747354
"anchor_01","HOG:0020610","BDIS","leaf","T5",56.4998699010652,"leaf::T5",4,157,135,22,0.859872611464968,0.621745757346612,0.0973255700392483,0.0486627850196242,0.627917049848889,0.0706743145288541
"anchor_01","HOG:0020610","BDIS","root","T1",7.47957433613505,"root::T1",4,157,135,22,0.859872611464968,-0.652630661995751,0.0434636606389136,0.0217318303194568,-0.639544919738555,0.0383868281341736
"anchor_01","HOG:0020610","BDIS","root","T2",14.5,"root::T2",4,157,135,22,0.859872611464968,-0.654214827076941,0.0149054637102161,0.00745273185510804,-0.552084420267598,0.0234087608515075
"anchor_01","HOG:0020610","BDIS","root","T3",28.4898614550509,"root::T3",4,157,135,22,0.859872611464968,-0.652421157045925,0.0252728313123076,0.0126364156561538,-0.645019982661019,0.0236880873204604
"anchor_01","HOG:0020610","BDIS","root","T4",42.7313175218636,"root::T4",4,157,135,22,0.859872611464968,-0.67175121000427,0.0229208092345501,0.011460404617275,-0.623227178862223,0.0581005430915832
"anchor_01","HOG:0020610","BDIS","root","T5",56.4998699010652,"root::T5",4,157,135,22,0.859872611464968,-0.63606850116469,0.0256251742559863,0.0128125871279932,-0.662565361828214,0.0643690144611284
"anchor_01","HOG:0020610","BSYL","leaf","T1",7.47957433613505,"leaf::T1",4,157,110,47,0.700636942675159,0.906680144003685,0.0230469128123006,0.0115234564061503,0.977866365914765,0.0202593317954987
"anchor_01","HOG:0020610","BSYL","leaf","T2",14.5,"leaf::T2",4,157,110,47,0.700636942675159,0.911122241103589,0.0459591812482863,0.0229795906241432,0.973714213609917,0.0457658229715606
"anchor_01","HOG:0020610","BSYL","leaf","T3",28.4898614550509,"leaf::T3",4,157,110,47,0.700636942675159,0.783600635274808,0.0991269884281059,0.049563494214053,0.886885408121795,0.0841438696272188
"anchor_01","HOG:0020610","BSYL","leaf","T4",42.7313175218636,"leaf::T4",4,157,110,47,0.700636942675159,0.649375135066149,0.0973726130090993,0.0486863065045497,0.750168508827025,0.0671683887037061
"anchor_01","HOG:0020610","BSYL","leaf","T5",56.4998699010652,"leaf::T5",4,157,110,47,0.700636942675159,0.571963826684006,0.111246267630689,0.0556231338153444,0.656662959766429,0.0968612035657251
"anchor_01","HOG:0020610","BSYL","root","T1",7.47957433613505,"root::T1",4,157,110,47,0.700636942675159,-0.646699720121044,0.0157139082829586,0.00785695414147932,-0.528488392835597,0.0155499324084563
"anchor_01","HOG:0020610","BSYL","root","T2",14.5,"root::T2",4,157,110,47,0.700636942675159,-0.671144100598923,0.0140048027998346,0.0070024013999173,-0.602385730433861,0.0476486426982456
"anchor_01","HOG:0020610","BSYL","root","T3",28.4898614550509,"root::T3",4,157,110,47,0.700636942675159,-0.69299660756159,0.0229774770700071,0.0114887385350035,-0.59662877384734,0.0420480023193192
"anchor_01","HOG:0020610","BSYL","root","T4",42.7313175218636,"root::T4",4,157,110,47,0.700636942675159,-0.620324160562882,0.0298795145030656,0.0149397572515328,-0.553674421390227,0.0445954896944331
"anchor_01","HOG:0020610","BSYL","root","T5",56.4998699010652,"root::T5",4,157,110,47,0.700636942675159,-0.751856563384336,0.253887415078847,0.126943707539423,-0.720376108167508,0.112126589194661
"anchor_01","HOG:0020610","HVUL","leaf","T1",7.47957433613505,"leaf::T1",4,157,134,23,0.853503184713376,1.09486188616876,0.034568895425311,0.0172844477126555,1.18812204632145,0.029098247220662
"anchor_01","HOG:0020610","HVUL","leaf","T2",14.5,"leaf::T2",4,157,134,23,0.853503184713376,0.924680964958943,0.0544285969830385,0.0272142984915193,0.976488082160802,0.0685906194450996
"anchor_01","HOG:0020610","HVUL","leaf","T3",28.4898614550509,"leaf::T3",4,157,134,23,0.853503184713376,0.810553114335392,0.0877779596374007,0.0438889798187004,0.949142902470307,0.154182145098558
"anchor_01","HOG:0020610","HVUL","leaf","T4",42.7313175218636,"leaf::T4",4,157,134,23,0.853503184713376,0.790392085777692,0.0576031568886654,0.0288015784443327,0.91273668780593,0.115029184659187
"anchor_01","HOG:0020610","HVUL","leaf","T5",56.4998699010652,"leaf::T5",4,157,134,23,0.853503184713376,0.524805415649947,0.111897726033215,0.0559488630166076,0.620051038783744,0.160203276314935
"anchor_01","HOG:0020610","HVUL","root","T1",7.47957433613505,"root::T1",4,157,134,23,0.853503184713376,-0.595487222713429,0.0271180750557481,0.0135590375278741,-0.488465904441443,0.0493424173128209
"anchor_01","HOG:0020610","HVUL","root","T2",14.5,"root::T2",4,157,134,23,0.853503184713376,-0.622902090329604,0.0302196708665029,0.0151098354332515,-0.561140755422211,0.0849722518257718
"anchor_01","HOG:0020610","HVUL","root","T3",28.4898614550509,"root::T3",4,157,134,23,0.853503184713376,-0.728643735229885,0.199237050710782,0.0996185253553908,-0.643870343432203,0.197102819636197
"anchor_01","HOG:0020610","HVUL","root","T4",42.7313175218636,"root::T4",4,157,134,23,0.853503184713376,-0.659592122918388,0.0557253661841195,0.0278626830920598,-0.573132719020579,0.0806021192003723
"anchor_01","HOG:0020610","HVUL","root","T5",56.4998699010652,"root::T5",4,157,134,23,0.853503184713376,-0.582840293383224,0.0452728424007375,0.0226364212003688,-0.509412213099177,0.0712316442046054
"anchor_01","HOG:0020610","HJUB","leaf","T1",7.47957433613505,"leaf::T1",4,157,142,15,0.904458598726115,0.763613078108607,0.0196978764332398,0.00984893821661989,0.797709665320266,0.0229395941218382
"anchor_01","HOG:0020610","HJUB","leaf","T2",14.5,"leaf::T2",4,157,142,15,0.904458598726115,0.785262153329288,0.0263402317574882,0.0131701158787441,0.793348512684074,0.058454307401328
"anchor_01","HOG:0020610","HJUB","leaf","T3",28.4898614550509,"leaf::T3",4,157,142,15,0.904458598726115,0.706808536704381,0.0249994629120698,0.0124997314560349,0.712080836214109,0.0347980634217199
"anchor_01","HOG:0020610","HJUB","leaf","T4",42.7313175218636,"leaf::T4",4,157,142,15,0.904458598726115,0.633372295335265,0.01837292009572,0.00918646004785998,0.60717712703614,0.0289203556027642
"anchor_01","HOG:0020610","HJUB","leaf","T5",56.4998699010652,"leaf::T5",4,157,142,15,0.904458598726115,0.609748248875311,0.036698930029982,0.018349465014991,0.597155933582148,0.030839768387215
"anchor_01","HOG:0020610","HJUB","root","T1",7.47957433613505,"root::T1",4,157,142,15,0.904458598726115,-0.702512553788586,0.00979921324407602,0.00489960662203801,-0.655228617190413,0.0291057740214854
"anchor_01","HOG:0020610","HJUB","root","T2",14.5,"root::T2",4,157,142,15,0.904458598726115,-0.712443860204585,0.0207460196304101,0.010373009815205,-0.707284754632409,0.0516000414505151
"anchor_01","HOG:0020610","HJUB","root","T3",28.4898614550509,"root::T3",4,157,142,15,0.904458598726115,-0.695036144574663,0.0248131007333975,0.0124065503666988,-0.637659577577988,0.04138469801127
"anchor_01","HOG:0020610","HJUB","root","T4",42.7313175218636,"root::T4",4,157,142,15,0.904458598726115,-0.670877930244639,0.0183032717437942,0.00915163587189708,-0.639156337686819,0.0616234178721666
"anchor_01","HOG:0020610","HJUB","root","T5",56.4998699010652,"root::T5",4,157,142,15,0.904458598726115,-0.663411604801615,0.015536419784313,0.00776820989215652,-0.688198465700543,0.0884753601039611
"anchor_01","HOG:0020610","BMAX","leaf","T1",7.47957433613505,"leaf::T1",4,157,136,21,0.86624203821656,0.83274538050185,0.0589613868222404,0.0294806934111202,0.774320484622954,0.043184988601991
"anchor_01","HOG:0020610","BMAX","leaf","T2",14.5,"leaf::T2",4,157,136,21,0.86624203821656,0.95178490765528,0.0537951764067002,0.0268975882033501,0.921153087409721,0.047267437090946
"anchor_01","HOG:0020610","BMAX","leaf","T3",28.4898614550509,"leaf::T3",4,157,136,21,0.86624203821656,0.837740313254593,0.0431124282565594,0.0215562141282797,0.811207915530355,0.0342812335988132
"anchor_01","HOG:0020610","BMAX","leaf","T4",42.7313175218636,"leaf::T4",4,157,136,21,0.86624203821656,0.67127714302381,0.0940353806478318,0.0470176903239159,0.684860018561402,0.094925175385076
"anchor_01","HOG:0020610","BMAX","leaf","T5",56.4998699010652,"leaf::T5",4,157,136,21,0.86624203821656,0.631873844131269,0.140140808046689,0.0700704040233446,0.628332617586284,0.107752013429231
"anchor_01","HOG:0020610","BMAX","root","T1",7.47957433613505,"root::T1",4,157,136,21,0.86624203821656,-0.634040649174983,0.0362746916734144,0.0181373458367072,-0.626873048702692,0.0132710321884511
"anchor_01","HOG:0020610","BMAX","root","T2",14.5,"root::T2",4,157,136,21,0.86624203821656,-0.721141086702049,0.0248014204349672,0.0124007102174836,-0.652902754354505,0.04317601024418
"anchor_01","HOG:0020610","BMAX","root","T3",28.4898614550509,"root::T3",4,157,136,21,0.86624203821656,-0.656199064048302,0.0240047591762071,0.0120023795881036,-0.658096982292601,0.0327875543679883
"anchor_01","HOG:0020610","BMAX","root","T4",42.7313175218636,"root::T4",4,157,136,21,0.86624203821656,-0.641146250215667,0.0223963109113622,0.0111981554556811,-0.674490759476595,0
"anchor_01","HOG:0020610","BMAX","root","T5",56.4998699010652,"root::T5",4,157,136,21,0.86624203821656,-0.560827436861333,0.03417907725299,0.017089538626495,-0.547950527209724,0.0449897227998212
"anchor_01","HOG:0020610","BMED","leaf","T1",7.47957433613505,"leaf::T1",4,157,130,27,0.828025477707006,0.729865977493941,0.0372317546936022,0.0186158773468011,0.611108223057091,0.0463327939390142
"anchor_01","HOG:0020610","BMED","leaf","T2",14.5,"leaf::T2",4,157,130,27,0.828025477707006,0.797746960104223,0.0594039445270325,0.0297019722635162,0.71468419627697,0.0508314323629876
"anchor_01","HOG:0020610","BMED","leaf","T3",28.4898614550509,"leaf::T3",4,157,130,27,0.828025477707006,0.766990711466679,0.0184517210357475,0.00922586051787375,0.648259341694337,0.0562845594415345
"anchor_01","HOG:0020610","BMED","leaf","T4",42.7313175218636,"leaf::T4",4,157,130,27,0.828025477707006,0.798922293959045,0.0663264322593659,0.033163216129683,0.683932277526726,0.036917562094165
"anchor_01","HOG:0020610","BMED","leaf","T5",56.4998699010652,"leaf::T5",4,157,130,27,0.828025477707006,0.58941936328065,0.148099927137347,0.0740499635686736,0.5070141204436,0.0897191280499603
"anchor_01","HOG:0020610","BMED","root","T1",7.47957433613505,"root::T1",4,157,130,27,0.828025477707006,-0.617652625221377,0.0284455526830307,0.0142227763415154,-0.549412662562523,0.129176560207388
"anchor_01","HOG:0020610","BMED","root","T2",14.5,"root::T2",4,157,130,27,0.828025477707006,-0.604156907212045,0.0101685167252608,0.00508425836263039,-0.700032477188126,0.0473855889286946
"anchor_01","HOG:0020610","BMED","root","T3",28.4898614550509,"root::T3",4,157,130,27,0.828025477707006,-0.65431593420494,0.0234488063407874,0.0117244031703937,-0.693687116780036,0.0419038149300548
"anchor_01","HOG:0020610","BMED","root","T4",42.7313175218636,"root::T4",4,157,130,27,0.828025477707006,-0.646338264076861,0.0193378317198154,0.00966891585990768,-0.723034628988616,0.0200269650028799
"anchor_01","HOG:0020610","BMED","root","T5",56.4998699010652,"root::T5",4,157,130,27,0.828025477707006,-0.67166297954783,0.031767163390009,0.0158835816950045,-0.7137730800939,0.0360075275439619
"anchor_01","HOG:0020610","VBRO","leaf","T1",7.47957433613505,"leaf::T1",4,157,127,30,0.808917197452229,0.964351132520528,0.0337089871277474,0.0168544935638737,1.14788332369029,0.0142792279827648
"anchor_01","HOG:0020610","VBRO","leaf","T2",14.5,"leaf::T2",4,157,127,30,0.808917197452229,0.936600225820898,0.0401230915539709,0.0200615457769855,1.1166463462836,0.0594838570421193
"anchor_01","HOG:0020610","VBRO","leaf","T3",28.4898614550509,"leaf::T3",3,157,127,30,0.808917197452229,0.813867934025983,0.226566685841943,0.130808337060247,0.999744908567188,0.24842355803686
"anchor_01","HOG:0020610","VBRO","leaf","T4",42.7313175218636,"leaf::T4",4,157,127,30,0.808917197452229,0.685505936807108,0.215902444389938,0.107951222194969,0.820916832118273,0.206294718595864
"anchor_01","HOG:0020610","VBRO","leaf","T5",56.4998699010652,"leaf::T5",4,157,127,30,0.808917197452229,0.681910454334334,0.0453674311276771,0.0226837155638386,0.838148721316358,0.0144019774548057
"anchor_01","HOG:0020610","VBRO","root","T1",7.47957433613505,"root::T1",4,157,127,30,0.808917197452229,-0.650083560143108,0.0153584404837266,0.00767922024186332,-0.66071429779266,0.0275529233678715
"anchor_01","HOG:0020610","VBRO","root","T2",14.5,"root::T2",4,157,127,30,0.808917197452229,-0.63945453405964,0.0428522626674376,0.0214261313337188,-0.633531042125178,0.0314119718065477
"anchor_01","HOG:0020610","VBRO","root","T3",28.4898614550509,"root::T3",3,157,127,30,0.808917197452229,-0.590321793505854,0.0550592683217243,0.0317884833869313,-0.605170861510711,0.0622377163607233
"anchor_01","HOG:0020610","VBRO","root","T4",42.7313175218636,"root::T4",4,157,127,30,0.808917197452229,-0.675306505891523,0.0282484127548082,0.0141242063774041,-0.646562687913722,0.0322492017528458
"anchor_01","HOG:0020610","VBRO","root","T5",56.4998699010652,"root::T5",4,157,127,30,0.808917197452229,-0.622405552096267,0.0525631949138958,0.0262815974569479,-0.602683546086579,0.0607751391895436
"anchor_01","HOG:0020610","FPRA","leaf","T1",7.47957433613505,"leaf::T1",4,157,146,11,0.929936305732484,0.901440043118786,0.0758495288280184,0.0379247644140092,0.967450316705806,0.0976042708905858
"anchor_01","HOG:0020610","FPRA","leaf","T2",14.5,"leaf::T2",4,157,146,11,0.929936305732484,0.830600082158926,0.0571706610691957,0.0285853305345979,0.878429326084251,0.0775519360407109
"anchor_01","HOG:0020610","FPRA","leaf","T3",28.4898614550509,"leaf::T3",4,157,146,11,0.929936305732484,0.824708017529058,0.075709975993819,0.0378549879969095,0.878655729225864,0.0796529123827043
"anchor_01","HOG:0020610","FPRA","leaf","T4",42.7313175218636,"leaf::T4",4,157,146,11,0.929936305732484,0.777014981091692,0.086122293593556,0.043061146796778,0.880431537077906,0.0857631084400878
"anchor_01","HOG:0020610","FPRA","leaf","T5",56.4998699010652,"leaf::T5",4,157,146,11,0.929936305732484,0.617521077570956,0.134667722977943,0.0673338614889713,0.647127433787578,0.155015741376054
"anchor_01","HOG:0020610","FPRA","root","T1",7.47957433613505,"root::T1",4,157,146,11,0.929936305732484,-0.618679398981474,0.0318825504648594,0.0159412752324297,-0.61226317178983,0.0281909583299614
"anchor_01","HOG:0020610","FPRA","root","T2",14.5,"root::T2",4,157,146,11,0.929936305732484,-0.630712529023727,0.03110634125024,0.01555317062512,-0.649678743429992,0.0287246150808716
"anchor_01","HOG:0020610","FPRA","root","T3",28.4898614550509,"root::T3",4,157,146,11,0.929936305732484,-0.648231164949015,0.0131029869712993,0.00655149348564965,-0.568554504967618,0.0405341087375337
"anchor_01","HOG:0020610","FPRA","root","T4",42.7313175218636,"root::T4",4,157,146,11,0.929936305732484,-0.646997735562846,0.075144595035929,0.0375722975179645,-0.597466435418291,0.0265093213367134
"anchor_01","HOG:0020610","FPRA","root","T5",56.4998699010652,"root::T5",4,157,146,11,0.929936305732484,-0.619526508726799,0.0292592560974919,0.0146296280487459,-0.632339514995801,0.0381247977017951
"anchor_02","HOG:0020076","BDIS","leaf","T1",7.47957433613505,"leaf::T1",4,147,132,15,0.897959183673469,0.771279511894511,0.0221079239296464,0.0110539619648232,0.788124636614122,0.00492405595534529
"anchor_02","HOG:0020076","BDIS","leaf","T2",14.5,"leaf::T2",4,147,132,15,0.897959183673469,0.746653140003149,0.0287811415643508,0.0143905707821754,0.675972164505611,0.0218539114363711
"anchor_02","HOG:0020076","BDIS","leaf","T3",28.4898614550509,"leaf::T3",4,147,132,15,0.897959183673469,0.733972378181284,0.0595045439630029,0.0297522719815014,0.745334596062644,0.040456701164096
"anchor_02","HOG:0020076","BDIS","leaf","T4",42.7313175218636,"leaf::T4",4,147,132,15,0.897959183673469,0.723463185567364,0.0295021000575331,0.0147510500287665,0.719810407517609,0.0237505530200099
"anchor_02","HOG:0020076","BDIS","leaf","T5",56.4998699010652,"leaf::T5",4,147,132,15,0.897959183673469,0.640741357719479,0.0868920933926101,0.0434460466963051,0.627474349224347,0.0853901740040403
"anchor_02","HOG:0020076","BDIS","root","T1",7.47957433613505,"root::T1",4,147,132,15,0.897959183673469,-0.658202124285332,0.0517164557612642,0.0258582278806321,-0.563702137847269,0.0424527875283855
"anchor_02","HOG:0020076","BDIS","root","T2",14.5,"root::T2",4,147,132,15,0.897959183673469,-0.673512772828445,0.0140746371702203,0.00703731858511017,-0.634090465762079,0.0329422244078493
"anchor_02","HOG:0020076","BDIS","root","T3",28.4898614550509,"root::T3",4,147,132,15,0.897959183673469,-0.655361495803242,0.0367816089785004,0.0183908044892502,-0.664662132385449,0.0476581178680634
"anchor_02","HOG:0020076","BDIS","root","T4",42.7313175218636,"root::T4",4,147,132,15,0.897959183673469,-0.672259251050613,0.03243622840651,0.016218114203255,-0.632950946855962,0.0848108533551935
"anchor_02","HOG:0020076","BDIS","root","T5",56.4998699010652,"root::T5",4,147,132,15,0.897959183673469,-0.639410666743498,0.0296470200921007,0.0148235100460503,-0.658106533020582,0.0476402043554578
"anchor_02","HOG:0020076","BSYL","leaf","T1",7.47957433613505,"leaf::T1",4,147,106,41,0.72108843537415,0.888703414076441,0.0207682226956851,0.0103841113478425,0.822653047750864,0.0220603286103037
"anchor_02","HOG:0020076","BSYL","leaf","T2",14.5,"leaf::T2",4,147,106,41,0.72108843537415,0.88576221682816,0.0433886801551911,0.0216943400775955,0.743335949609805,0.0348192098854247
"anchor_02","HOG:0020076","BSYL","leaf","T3",28.4898614550509,"leaf::T3",4,147,106,41,0.72108843537415,0.773050328775468,0.0964024013017428,0.0482012006508714,0.689127147765711,0.0404354965315306
"anchor_02","HOG:0020076","BSYL","leaf","T4",42.7313175218636,"leaf::T4",4,147,106,41,0.72108843537415,0.65851732806685,0.0938321637008602,0.0469160818504301,0.573249204899863,0.0568506115657087
"anchor_02","HOG:0020076","BSYL","leaf","T5",56.4998699010652,"leaf::T5",4,147,106,41,0.72108843537415,0.569762219925262,0.109799758773185,0.0548998793865927,0.526291035525086,0.0349269737988793
"anchor_02","HOG:0020076","BSYL","root","T1",7.47957433613505,"root::T1",4,147,106,41,0.72108843537415,-0.646861130341826,0.020298508394525,0.0101492541972625,-0.629624038828262,0.0301349168058385
"anchor_02","HOG:0020076","BSYL","root","T2",14.5,"root::T2",4,147,106,41,0.72108843537415,-0.67473868030091,0.0132693758806214,0.00663468794031072,-0.653809763530718,0.0370899395610065
"anchor_02","HOG:0020076","BSYL","root","T3",28.4898614550509,"root::T3",4,147,106,41,0.72108843537415,-0.691758528731375,0.0269986523647961,0.013499326182398,-0.670619565489388,0.0115842796814293
"anchor_02","HOG:0020076","BSYL","root","T4",42.7313175218636,"root::T4",4,147,106,41,0.72108843537415,-0.641933946997215,0.042180505759212,0.021090252879606,-0.712966374139714,0.0386577331250507
"anchor_02","HOG:0020076","BSYL","root","T5",56.4998699010652,"root::T5",4,147,106,41,0.72108843537415,-0.790305937522979,0.299127985266004,0.149563992633002,-0.764891292101758,0.254144244978778
"anchor_02","HOG:0020076","HVUL","leaf","T1",7.47957433613505,"leaf::T1",4,147,123,24,0.836734693877551,1.06517497473105,0.0284322210571324,0.0142161105285662,0.98028505492958,0.0182482007643791
"anchor_02","HOG:0020076","HVUL","leaf","T2",14.5,"leaf::T2",4,147,123,24,0.836734693877551,0.892572795348804,0.0619463593055133,0.0309731796527567,0.805607180566965,0.0928940630660454
"anchor_02","HOG:0020076","HVUL","leaf","T3",28.4898614550509,"leaf::T3",4,147,123,24,0.836734693877551,0.802132442861549,0.0791423917595054,0.0395711958797527,0.782056317243512,0.0710011074276701
"anchor_02","HOG:0020076","HVUL","leaf","T4",42.7313175218636,"leaf::T4",4,147,123,24,0.836734693877551,0.788920709020309,0.0523940892436809,0.0261970446218405,0.780549248188654,0.0368677826173955
"anchor_02","HOG:0020076","HVUL","leaf","T5",56.4998699010652,"leaf::T5",4,147,123,24,0.836734693877551,0.537888781764213,0.104546732452302,0.0522733662261508,0.650897306243429,0.0985932189272771
"anchor_02","HOG:0020076","HVUL","root","T1",7.47957433613505,"root::T1",4,147,123,24,0.836734693877551,-0.599791950017042,0.0292682901459924,0.0146341450729962,-0.55406457642736,0.0335460941862697
"anchor_02","HOG:0020076","HVUL","root","T2",14.5,"root::T2",4,147,123,24,0.836734693877551,-0.628469043851244,0.0315815860031065,0.0157907930015533,-0.582063970272373,0.0176336060777072
"anchor_02","HOG:0020076","HVUL","root","T3",28.4898614550509,"root::T3",4,147,123,24,0.836734693877551,-0.729832872574721,0.18782389256534,0.0939119462826697,-0.687290136957479,0.19582646689972
"anchor_02","HOG:0020076","HVUL","root","T4",42.7313175218636,"root::T4",4,147,123,24,0.836734693877551,-0.660231731989559,0.0553315531998021,0.0276657765999011,-0.623699015024386,0.0752421840391904
"anchor_02","HOG:0020076","HVUL","root","T5",56.4998699010652,"root::T5",4,147,123,24,0.836734693877551,-0.592403745620793,0.0421090323305722,0.0210545161652861,-0.545440939734632,0.0241000407510717
"anchor_02","HOG:0020076","HJUB","leaf","T1",7.47957433613505,"leaf::T1",4,147,137,10,0.931972789115646,0.73559234224231,0.0193959589911172,0.00969797949555859,0.786450285362768,0.0104588493061859
"anchor_02","HOG:0020076","HJUB","leaf","T2",14.5,"leaf::T2",4,147,137,10,0.931972789115646,0.762356373470019,0.0296000033713785,0.0148000016856892,0.801313425895194,0.0218784792349705
"anchor_02","HOG:0020076","HJUB","leaf","T3",28.4898614550509,"leaf::T3",4,147,137,10,0.931972789115646,0.682535269618565,0.0283922801074919,0.0141961400537459,0.761843554990762,0.057333207427059
"anchor_02","HOG:0020076","HJUB","leaf","T4",42.7313175218636,"leaf::T4",4,147,137,10,0.931972789115646,0.6329149090627,0.0153487332577977,0.00767436662889886,0.631568308951003,0.0326522008322319
"anchor_02","HOG:0020076","HJUB","leaf","T5",56.4998699010652,"leaf::T5",4,147,137,10,0.931972789115646,0.618607933439402,0.0336309382220612,0.0168154691110306,0.626494113902063,0.0327337378295422
"anchor_02","HOG:0020076","HJUB","root","T1",7.47957433613505,"root::T1",4,147,137,10,0.931972789115646,-0.723302064387799,0.012158434606493,0.00607921730324651,-0.671885278026829,0.0351266845258173
"anchor_02","HOG:0020076","HJUB","root","T2",14.5,"root::T2",4,147,137,10,0.931972789115646,-0.73361711737833,0.0212111428315637,0.0106055714157818,-0.699510288797115,0.0185771609976917
"anchor_02","HOG:0020076","HJUB","root","T3",28.4898614550509,"root::T3",4,147,137,10,0.931972789115646,-0.719319110422432,0.0343098110573666,0.0171549055286833,-0.741499693596726,0.108687074216613
"anchor_02","HOG:0020076","HJUB","root","T4",42.7313175218636,"root::T4",4,147,137,10,0.931972789115646,-0.661122142053865,0.0219073672928259,0.010953683646413,-0.596879468982172,0.0134450524109739
"anchor_02","HOG:0020076","HJUB","root","T5",56.4998699010652,"root::T5",4,147,137,10,0.931972789115646,-0.672105712288366,0.0146117067538607,0.00730585337693037,-0.638018704734205,0.0271903383731244
"anchor_02","HOG:0020076","BMAX","leaf","T1",7.47957433613505,"leaf::T1",4,147,127,20,0.863945578231292,0.815719324620144,0.0547303111483089,0.0273651555741544,0.832253596889276,0.033712492556466
"anchor_02","HOG:0020076","BMAX","leaf","T2",14.5,"leaf::T2",4,147,127,20,0.863945578231292,0.942215184604583,0.053823375899615,0.0269116879498075,0.92084108127974,0.0779932430384481
"anchor_02","HOG:0020076","BMAX","leaf","T3",28.4898614550509,"leaf::T3",4,147,127,20,0.863945578231292,0.824920369370151,0.0424332062244941,0.0212166031122471,0.836753098804347,0.0264225238264671
"anchor_02","HOG:0020076","BMAX","leaf","T4",42.7313175218636,"leaf::T4",4,147,127,20,0.863945578231292,0.667392414348276,0.096879964787444,0.048439982393722,0.726705227506786,0.125471787934069
"anchor_02","HOG:0020076","BMAX","leaf","T5",56.4998699010652,"leaf::T5",4,147,127,20,0.863945578231292,0.62067705452899,0.13478723034224,0.0673936151711201,0.614675833183912,0.159853463148267
"anchor_02","HOG:0020076","BMAX","root","T1",7.47957433613505,"root::T1",4,147,127,20,0.863945578231292,-0.645203371968777,0.0361219337020382,0.0180609668510191,-0.622173388022162,0.0357707726800905
"anchor_02","HOG:0020076","BMAX","root","T2",14.5,"root::T2",4,147,127,20,0.863945578231292,-0.728760739725406,0.0267715652301126,0.0133857826150563,-0.69141229265967,0.0579682388832771
"anchor_02","HOG:0020076","BMAX","root","T3",28.4898614550509,"root::T3",4,147,127,20,0.863945578231292,-0.654796648746733,0.0267750346282404,0.0133875173141202,-0.628122169413996,0.0440473912196028
"anchor_02","HOG:0020076","BMAX","root","T4",42.7313175218636,"root::T4",4,147,127,20,0.863945578231292,-0.63348140124841,0.0175832020448739,0.00879160102243694,-0.606077706383534,0.0341097612576677
"anchor_02","HOG:0020076","BMAX","root","T5",56.4998699010652,"root::T5",4,147,127,20,0.863945578231292,-0.562540080431807,0.0382689809136352,0.0191344904568176,-0.523854406031739,0.0644997647800126
"anchor_02","HOG:0020076","BMED","leaf","T1",7.47957433613505,"leaf::T1",4,147,130,17,0.884353741496599,0.738357861192014,0.0389257634482886,0.0194628817241443,0.658615488596243,0.036274238292488
"anchor_02","HOG:0020076","BMED","leaf","T2",14.5,"leaf::T2",4,147,130,17,0.884353741496599,0.780531313938383,0.0574272133871582,0.0287136066935791,0.651652779087268,0.0340745992842981
"anchor_02","HOG:0020076","BMED","leaf","T3",28.4898614550509,"leaf::T3",4,147,130,17,0.884353741496599,0.752864392404908,0.0164431303375178,0.00822156516875891,0.618933654562612,0.0205536563486052
"anchor_02","HOG:0020076","BMED","leaf","T4",42.7313175218636,"leaf::T4",4,147,130,17,0.884353741496599,0.794477276040178,0.0646293142281262,0.0323146571140631,0.649481375867124,0.0113454243698669
"anchor_02","HOG:0020076","BMED","leaf","T5",56.4998699010652,"leaf::T5",4,147,130,17,0.884353741496599,0.600872664230387,0.146740105033009,0.0733700525165047,0.580579902928518,0.111481459355214
"anchor_02","HOG:0020076","BMED","root","T1",7.47957433613505,"root::T1",4,147,130,17,0.884353741496599,-0.631136057540037,0.0231135319478762,0.0115567659739381,-0.64850894555333,0.162844645206862
"anchor_02","HOG:0020076","BMED","root","T2",14.5,"root::T2",4,147,130,17,0.884353741496599,-0.602230547595791,0.00545332061220408,0.00272666030610204,-0.706145272440348,0.0457876105108818
"anchor_02","HOG:0020076","BMED","root","T3",28.4898614550509,"root::T3",4,147,130,17,0.884353741496599,-0.649196299031025,0.0184050218854384,0.0092025109427192,-0.740437063395906,0.0382208143187388
"anchor_02","HOG:0020076","BMED","root","T4",42.7313175218636,"root::T4",4,147,130,17,0.884353741496599,-0.644308025305571,0.0272401607476202,0.0136200803738101,-0.753866816599893,0.0262033359956752
"anchor_02","HOG:0020076","BMED","root","T5",56.4998699010652,"root::T5",4,147,130,17,0.884353741496599,-0.671155559682876,0.0331515924906,0.0165757962453,-0.78760287903432,0.0634041264034398
"anchor_02","HOG:0020076","VBRO","leaf","T1",7.47957433613505,"leaf::T1",4,147,124,23,0.843537414965986,0.953568562879766,0.0455023968703209,0.0227511984351604,1.05586247676244,0.0135686328068431
"anchor_02","HOG:0020076","VBRO","leaf","T2",14.5,"leaf::T2",4,147,124,23,0.843537414965986,0.929867334710485,0.0461514354193846,0.0230757177096923,1.05409541768598,0.0797367839684752
"anchor_02","HOG:0020076","VBRO","leaf","T3",28.4898614550509,"leaf::T3",3,147,124,23,0.843537414965986,0.818132713220946,0.235636855267849,0.13604500181989,0.93308144082297,0.260985278502052
"anchor_02","HOG:0020076","VBRO","leaf","T4",42.7313175218636,"leaf::T4",4,147,124,23,0.843537414965986,0.695313479694971,0.231351692570605,0.115675846285303,0.853273732807262,0.266584951165036
"anchor_02","HOG:0020076","VBRO","leaf","T5",56.4998699010652,"leaf::T5",4,147,124,23,0.843537414965986,0.691443718445804,0.0422355207420683,0.0211177603710342,0.870895263390896,0.0331260353423592
"anchor_02","HOG:0020076","VBRO","root","T1",7.47957433613505,"root::T1",4,147,124,23,0.843537414965986,-0.655428432438381,0.0152741833980972,0.00763709169904862,-0.587485636043262,0.0452593055119793
"anchor_02","HOG:0020076","VBRO","root","T2",14.5,"root::T2",4,147,124,23,0.843537414965986,-0.639516451822594,0.0483365349703771,0.0241682674851885,-0.588717647195213,0.0625274996405702
"anchor_02","HOG:0020076","VBRO","root","T3",28.4898614550509,"root::T3",3,147,124,23,0.843537414965986,-0.587734373842129,0.0547107309337071,0.031587255232137,-0.562139842272313,0.0722406394249164
"anchor_02","HOG:0020076","VBRO","root","T4",42.7313175218636,"root::T4",4,147,124,23,0.843537414965986,-0.675619190394375,0.0290380471524622,0.0145190235762311,-0.661205525730661,0.019599226267172
"anchor_02","HOG:0020076","VBRO","root","T5",56.4998699010652,"root::T5",4,147,124,23,0.843537414965986,-0.629008270238781,0.0486331426323553,0.0243165713161776,-0.609366679554638,0.0751399492138485
"anchor_02","HOG:0020076","FPRA","leaf","T1",7.47957433613505,"leaf::T1",4,147,135,12,0.918367346938776,0.886645525729745,0.0736882514079866,0.0368441257039933,0.802870252533706,0.0441392362336862
"anchor_02","HOG:0020076","FPRA","leaf","T2",14.5,"leaf::T2",4,147,135,12,0.918367346938776,0.83980120037714,0.0583572975355987,0.0291786487677994,0.705524112332781,0.0887589482472943
"anchor_02","HOG:0020076","FPRA","leaf","T3",28.4898614550509,"leaf::T3",4,147,135,12,0.918367346938776,0.83828053693361,0.0732927901037563,0.0366463950518782,0.806279022072341,0.0694255195284534
"anchor_02","HOG:0020076","FPRA","leaf","T4",42.7313175218636,"leaf::T4",4,147,135,12,0.918367346938776,0.784595932143779,0.0757776878327183,0.0378888439163591,0.688996344654949,0.0372294561924196
"anchor_02","HOG:0020076","FPRA","leaf","T5",56.4998699010652,"leaf::T5",4,147,135,12,0.918367346938776,0.64490757280589,0.127025135999836,0.0635125679999182,0.647348754489179,0.0703318183999488
"anchor_02","HOG:0020076","FPRA","root","T1",7.47957433613505,"root::T1",4,147,135,12,0.918367346938776,-0.614203059714991,0.0246539571598306,0.0123269785799153,-0.639117182039118,0.0288982321650682
"anchor_02","HOG:0020076","FPRA","root","T2",14.5,"root::T2",4,147,135,12,0.918367346938776,-0.63318109926967,0.0260141482192427,0.0130070741096214,-0.713477846726098,0.0518178731536298
"anchor_02","HOG:0020076","FPRA","root","T3",28.4898614550509,"root::T3",4,147,135,12,0.918367346938776,-0.648448214523417,0.0197940650277273,0.00989703251386367,-0.633400931768441,0.0586416347720512
"anchor_02","HOG:0020076","FPRA","root","T4",42.7313175218636,"root::T4",4,147,135,12,0.918367346938776,-0.639844938681873,0.0623564851527077,0.0311782425763539,-0.657481643132168,0.0345306872399033
"anchor_02","HOG:0020076","FPRA","root","T5",56.4998699010652,"root::T5",4,147,135,12,0.918367346938776,-0.61470294748396,0.0265592933472542,0.0132796466736271,-0.616238808959115,0.0285506915768076
"anchor_03","HOG:0011532","BDIS","leaf","T1",7.47957433613505,"leaf::T1",4,147,120,27,0.816326530612245,0.766968177908983,0.0228425278922388,0.0114212639461194,0.712302258485034,0.0154269428065589
"anchor_03","HOG:0011532","BDIS","leaf","T2",14.5,"leaf::T2",4,147,120,27,0.816326530612245,0.763334865763486,0.034405633209988,0.017202816604994,0.76841608544692,0.0157563316875377
"anchor_03","HOG:0011532","BDIS","leaf","T3",28.4898614550509,"leaf::T3",4,147,120,27,0.816326530612245,0.743846609517408,0.0670492270880867,0.0335246135440434,0.682399787949722,0.0775797739880598
"anchor_03","HOG:0011532","BDIS","leaf","T4",42.7313175218636,"leaf::T4",4,147,120,27,0.816326530612245,0.720642817680121,0.0368889085943837,0.0184444542971919,0.675820025663154,0.0395911535826648
"anchor_03","HOG:0011532","BDIS","leaf","T5",56.4998699010652,"leaf::T5",4,147,120,27,0.816326530612245,0.624747701942028,0.092302208980853,0.0461511044904265,0.588632752079455,0.0788693632024903
"anchor_03","HOG:0011532","BDIS","root","T1",7.47957433613505,"root::T1",4,147,120,27,0.816326530612245,-0.658717457277385,0.0483968542271707,0.0241984271135854,-0.706423561157348,0.159935896162528
"anchor_03","HOG:0011532","BDIS","root","T2",14.5,"root::T2",4,147,120,27,0.816326530612245,-0.668814000282553,0.0168154754751678,0.0084077377375839,-0.695631340043751,0.0556865537091926
"anchor_03","HOG:0011532","BDIS","root","T3",28.4898614550509,"root::T3",4,147,120,27,0.816326530612245,-0.647916490427892,0.0286313120760585,0.0143156560380292,-0.579356168673778,0.0171573537345503
"anchor_03","HOG:0011532","BDIS","root","T4",42.7313175218636,"root::T4",4,147,120,27,0.816326530612245,-0.661224080708342,0.0210374422461529,0.0105187211230764,-0.609062444973302,0.0696830908912104
"anchor_03","HOG:0011532","BDIS","root","T5",56.4998699010652,"root::T5",4,147,120,27,0.816326530612245,-0.631424491993761,0.0307107219570715,0.0153553609785358,-0.745668803903482,0.0953085292100072
"anchor_03","HOG:0011532","BSYL","leaf","T1",7.47957433613505,"leaf::T1",4,147,104,43,0.707482993197279,0.842866395650562,0.0237165644853816,0.0118582822426908,0.693066949726023,0.0484066484808776
"anchor_03","HOG:0011532","BSYL","leaf","T2",14.5,"leaf::T2",4,147,104,43,0.707482993197279,0.847560994914722,0.0383678006240914,0.0191839003120457,0.773922882735782,0.0453869636667196
"anchor_03","HOG:0011532","BSYL","leaf","T3",28.4898614550509,"leaf::T3",4,147,104,43,0.707482993197279,0.734534778131885,0.0917714442066367,0.0458857221033183,0.65088733610808,0.098100548462952
"anchor_03","HOG:0011532","BSYL","leaf","T4",42.7313175218636,"leaf::T4",4,147,104,43,0.707482993197279,0.639660532458147,0.0867224901220994,0.0433612450610497,0.615779822086897,0.0915842630480498
"anchor_03","HOG:0011532","BSYL","leaf","T5",56.4998699010652,"leaf::T5",4,147,104,43,0.707482993197279,0.575614517187417,0.107971185494671,0.0539855927473356,0.605356463414644,0.131840338981504
"anchor_03","HOG:0011532","BSYL","root","T1",7.47957433613505,"root::T1",4,147,104,43,0.707482993197279,-0.694427878833022,0.0224318049609203,0.0112159024804601,-0.721832828783417,0.0392557227261999
"anchor_03","HOG:0011532","BSYL","root","T2",14.5,"root::T2",4,147,104,43,0.707482993197279,-0.715487514225381,0.0145164188229496,0.00725820941147479,-0.649313746040179,0.0255333911533909
"anchor_03","HOG:0011532","BSYL","root","T3",28.4898614550509,"root::T3",4,147,104,43,0.707482993197279,-0.72075392448358,0.0245392832349008,0.0122696416174504,-0.678682567031014,0.0464191055115927
"anchor_03","HOG:0011532","BSYL","root","T4",42.7313175218636,"root::T4",4,147,104,43,0.707482993197279,-0.653596156003397,0.0387623973843698,0.0193811986921849,-0.570213698380362,0.118047653851686
"anchor_03","HOG:0011532","BSYL","root","T5",56.4998699010652,"root::T5",4,147,104,43,0.707482993197279,-0.804198495053711,0.357366554861329,0.178683277430665,-0.766357584547113,0.359593439276264
"anchor_03","HOG:0011532","HVUL","leaf","T1",7.47957433613505,"leaf::T1",4,147,110,37,0.748299319727891,1.01772231200731,0.0234404366258871,0.0117202183129435,0.822006274582847,0.0416611127905613
"anchor_03","HOG:0011532","HVUL","leaf","T2",14.5,"leaf::T2",4,147,110,37,0.748299319727891,0.879191514992923,0.0459152292902943,0.0229576146451472,0.790148861961012,0.0499959278938376
"anchor_03","HOG:0011532","HVUL","leaf","T3",28.4898614550509,"leaf::T3",4,147,110,37,0.748299319727891,0.785356649934378,0.069076415894014,0.034538207947007,0.651496564180668,0.078272684729198
"anchor_03","HOG:0011532","HVUL","leaf","T4",42.7313175218636,"leaf::T4",4,147,110,37,0.748299319727891,0.774002135489372,0.0499254187769909,0.0249627093884955,0.721216813709777,0.0566110167406878
"anchor_03","HOG:0011532","HVUL","leaf","T5",56.4998699010652,"leaf::T5",4,147,110,37,0.748299319727891,0.551984842747161,0.0966453459480976,0.0483226729740488,0.645521149567056,0.0334142696124952
"anchor_03","HOG:0011532","HVUL","root","T1",7.47957433613505,"root::T1",4,147,110,37,0.748299319727891,-0.602368836605889,0.0305663216426689,0.0152831608213345,-0.653179889370782,0.033985552751207
"anchor_03","HOG:0011532","HVUL","root","T2",14.5,"root::T2",4,147,110,37,0.748299319727891,-0.638561376505831,0.0336933729870647,0.0168466864935324,-0.701257974052438,0.0449564462628946
"anchor_03","HOG:0011532","HVUL","root","T3",28.4898614550509,"root::T3",4,147,110,37,0.748299319727891,-0.758008839357931,0.25418940434738,0.12709470217369,-0.861561415392068,0.343516402173949
"anchor_03","HOG:0011532","HVUL","root","T4",42.7313175218636,"root::T4",4,147,110,37,0.748299319727891,-0.666150447973588,0.0591525471391008,0.0295762735695504,-0.702144099265075,0.0976879881249703
"anchor_03","HOG:0011532","HVUL","root","T5",56.4998699010652,"root::T5",4,147,110,37,0.748299319727891,-0.592578993971379,0.043183111627662,0.021591555813831,-0.635796897194116,0.0477993987551599
"anchor_03","HOG:0011532","HJUB","leaf","T1",7.47957433613505,"leaf::T1",4,147,140,7,0.952380952380952,0.717110835995578,0.0174154550269337,0.00870772751346683,0.690922586837948,0.00807949065128246
"anchor_03","HOG:0011532","HJUB","leaf","T2",14.5,"leaf::T2",4,147,140,7,0.952380952380952,0.750766874496065,0.0297277880311054,0.0148638940155527,0.6749908503457,0.0280908419415942
"anchor_03","HOG:0011532","HJUB","leaf","T3",28.4898614550509,"leaf::T3",4,147,140,7,0.952380952380952,0.683664471777538,0.0266922131139694,0.0133461065569847,0.592382896251344,0.0655285080919255
"anchor_03","HOG:0011532","HJUB","leaf","T4",42.7313175218636,"leaf::T4",4,147,140,7,0.952380952380952,0.632209651278224,0.0165272898818031,0.00826364494090157,0.557988543088327,0.0410134643699835
"anchor_03","HOG:0011532","HJUB","leaf","T5",56.4998699010652,"leaf::T5",4,147,140,7,0.952380952380952,0.63191018755717,0.0340962235531012,0.0170481117765506,0.651111986685186,0.0121157326925743
"anchor_03","HOG:0011532","HJUB","root","T1",7.47957433613505,"root::T1",4,147,140,7,0.952380952380952,-0.733276077812336,0.0163084225288361,0.00815421126441805,-0.7184785481758,0.0184745507152135
"anchor_03","HOG:0011532","HJUB","root","T2",14.5,"root::T2",4,147,140,7,0.952380952380952,-0.73642366456954,0.0211667746271344,0.0105833873135672,-0.764194474088716,0.0477249892131333
"anchor_03","HOG:0011532","HJUB","root","T3",28.4898614550509,"root::T3",4,147,140,7,0.952380952380952,-0.717443863786155,0.0295649415533703,0.0147824707766852,-0.748251180675493,0.138900167752705
"anchor_03","HOG:0011532","HJUB","root","T4",42.7313175218636,"root::T4",4,147,140,7,0.952380952380952,-0.660235190004675,0.0235052189537515,0.0117526094768757,-0.633763246740383,0.100330095036895
"anchor_03","HOG:0011532","HJUB","root","T5",56.4998699010652,"root::T5",4,147,140,7,0.952380952380952,-0.675754454622614,0.0162917011276565,0.00814585056382824,-0.733647076965313,0.0530330019103893
"anchor_03","HOG:0011532","BMAX","leaf","T1",7.47957433613505,"leaf::T1",4,147,106,41,0.72108843537415,0.769513943456651,0.0529555262002696,0.0264777631001348,0.591790328919159,0.0624092202756696
"anchor_03","HOG:0011532","BMAX","leaf","T2",14.5,"leaf::T2",4,147,106,41,0.72108843537415,0.87582661243907,0.0488664483814478,0.0244332241907239,0.715258804405276,0.0314231914385331
"anchor_03","HOG:0011532","BMAX","leaf","T3",28.4898614550509,"leaf::T3",4,147,106,41,0.72108843537415,0.793571379085111,0.037957040835887,0.0189785204179435,0.660622574475893,0.038005373365197
"anchor_03","HOG:0011532","BMAX","leaf","T4",42.7313175218636,"leaf::T4",4,147,106,41,0.72108843537415,0.679159627062379,0.0778303394031653,0.0389151697015826,0.559944169947809,0.0443671427138605
"anchor_03","HOG:0011532","BMAX","leaf","T5",56.4998699010652,"leaf::T5",4,147,106,41,0.72108843537415,0.627606430077438,0.123336114636168,0.0616680573180838,0.556954082563173,0.0983409533675542
"anchor_03","HOG:0011532","BMAX","root","T1",7.47957433613505,"root::T1",4,147,106,41,0.72108843537415,-0.68168172966811,0.0467004061963485,0.0233502030981742,-0.989454353759066,0.0603915799241018
"anchor_03","HOG:0011532","BMAX","root","T2",14.5,"root::T2",4,147,106,41,0.72108843537415,-0.75364286159749,0.0308979004947182,0.0154489502473591,-0.98323168638449,0.072363181663282
"anchor_03","HOG:0011532","BMAX","root","T3",28.4898614550509,"root::T3",4,147,106,41,0.72108843537415,-0.6468510739232,0.0247858469433397,0.0123929234716698,-0.719947746948373,0.0730156365472426
"anchor_03","HOG:0011532","BMAX","root","T4",42.7313175218636,"root::T4",4,147,106,41,0.72108843537415,-0.611496220950514,0.0170514565361159,0.00852572826805796,-0.704525605880432,0.0356682964414833
"anchor_03","HOG:0011532","BMAX","root","T5",56.4998699010652,"root::T5",4,147,106,41,0.72108843537415,-0.558039023664592,0.0341516096271399,0.0170758048135699,-0.545307717175854,0.074546727266109
"anchor_03","HOG:0011532","BMED","leaf","T1",7.47957433613505,"leaf::T1",4,147,134,13,0.91156462585034,0.718573825200054,0.037452398420311,0.0187261992101555,0.675647880664718,0.0219842010024166
"anchor_03","HOG:0011532","BMED","leaf","T2",14.5,"leaf::T2",4,147,134,13,0.91156462585034,0.787766259772202,0.0563502488618137,0.0281751244309069,0.788096919721837,0.00570267874814727
"anchor_03","HOG:0011532","BMED","leaf","T3",28.4898614550509,"leaf::T3",4,147,134,13,0.91156462585034,0.764600172466475,0.0106562162767165,0.00532810813835826,0.761236114587681,0.00938937087524088
"anchor_03","HOG:0011532","BMED","leaf","T4",42.7313175218636,"leaf::T4",4,147,134,13,0.91156462585034,0.804711100145247,0.0631921358147749,0.0315960679073874,0.77990184137568,0.0528059333009028
"anchor_03","HOG:0011532","BMED","leaf","T5",56.4998699010652,"leaf::T5",4,147,134,13,0.91156462585034,0.599606099440706,0.146247726969969,0.0731238634849844,0.619257256918115,0.0988588548629349
"anchor_03","HOG:0011532","BMED","root","T1",7.47957433613505,"root::T1",4,147,134,13,0.91156462585034,-0.6577481760983,0.0213478177601698,0.0106739088800849,-0.713987574732197,0.0933945285357239
"anchor_03","HOG:0011532","BMED","root","T2",14.5,"root::T2",4,147,134,13,0.91156462585034,-0.59697759683148,0.0107712795887572,0.00538563979437858,-0.591653778374828,0.0344805802438647
"anchor_03","HOG:0011532","BMED","root","T3",28.4898614550509,"root::T3",4,147,134,13,0.91156462585034,-0.660459173977524,0.0159824822253774,0.00799124111268871,-0.620520183406382,0.0313505940192704
"anchor_03","HOG:0011532","BMED","root","T4",42.7313175218636,"root::T4",4,147,134,13,0.91156462585034,-0.620972849380555,0.024536715467566,0.012268357733783,-0.513941372069795,0.0336222627278267
"anchor_03","HOG:0011532","BMED","root","T5",56.4998699010652,"root::T5",4,147,134,13,0.91156462585034,-0.655055287394598,0.0231455039015446,0.0115727519507723,-0.583615713263213,0.105104620976092
"anchor_03","HOG:0011532","VBRO","leaf","T1",7.47957433613505,"leaf::T1",4,147,117,30,0.795918367346939,0.857513063450082,0.0259589027284144,0.0129794513642072,0.817909292929278,0.00533417011896381
"anchor_03","HOG:0011532","VBRO","leaf","T2",14.5,"leaf::T2",4,147,117,30,0.795918367346939,0.852206424392394,0.0366290453105926,0.0183145226552963,0.811045247749002,0.0261647205681267
"anchor_03","HOG:0011532","VBRO","leaf","T3",28.4898614550509,"leaf::T3",3,147,117,30,0.795918367346939,0.76085476577444,0.166570676761472,0.0961696250673341,0.738959065257823,0.0697023064025624
"anchor_03","HOG:0011532","VBRO","leaf","T4",42.7313175218636,"leaf::T4",4,147,117,30,0.795918367346939,0.636943771408899,0.186020013078435,0.0930100065392173,0.603266874840646,0.15135016980851
"anchor_03","HOG:0011532","VBRO","leaf","T5",56.4998699010652,"leaf::T5",4,147,117,30,0.795918367346939,0.619316092036318,0.0544798056005068,0.0272399028002534,0.609280831948549,0.0261882186463684
"anchor_03","HOG:0011532","VBRO","root","T1",7.47957433613505,"root::T1",4,147,117,30,0.795918367346939,-0.721982546609478,0.0133842007102672,0.00669210035513361,-0.912511842361588,0.0323826982413003
"anchor_03","HOG:0011532","VBRO","root","T2",14.5,"root::T2",4,147,117,30,0.795918367346939,-0.690468731642284,0.043505813495227,0.0217529067476135,-0.73946665467326,0.111989028747621
"anchor_03","HOG:0011532","VBRO","root","T3",28.4898614550509,"root::T3",3,147,117,30,0.795918367346939,-0.587454423836497,0.14517937526579,0.0838193513904856,-0.556508508698003,0.140614099072906
"anchor_03","HOG:0011532","VBRO","root","T4",42.7313175218636,"root::T4",4,147,117,30,0.795918367346939,-0.713853661695434,0.0384965926791553,0.0192482963395776,-0.566076457540013,0.0264639080316272
"anchor_03","HOG:0011532","VBRO","root","T5",56.4998699010652,"root::T5",4,147,117,30,0.795918367346939,-0.647186382137454,0.102458152355076,0.0512290761775378,-0.662486721938852,0.175857802792982
"anchor_03","HOG:0011532","FPRA","leaf","T1",7.47957433613505,"leaf::T1",4,147,142,5,0.965986394557823,0.88182079619333,0.0644364740340403,0.0322182370170202,0.932187662216061,0.0363694047938816
"anchor_03","HOG:0011532","FPRA","leaf","T2",14.5,"leaf::T2",4,147,142,5,0.965986394557823,0.8181745440018,0.0555453452864927,0.0277726726432464,0.884886979206291,0.0555828683999409
"anchor_03","HOG:0011532","FPRA","leaf","T3",28.4898614550509,"leaf::T3",4,147,142,5,0.965986394557823,0.818376380401659,0.0670358859213693,0.0335179429606846,0.887608497941505,0.04453656101145
"anchor_03","HOG:0011532","FPRA","leaf","T4",42.7313175218636,"leaf::T4",4,147,142,5,0.965986394557823,0.768182807861723,0.0860972698072298,0.0430486349036149,0.827270341170429,0.0817311059930606
"anchor_03","HOG:0011532","FPRA","leaf","T5",56.4998699010652,"leaf::T5",4,147,142,5,0.965986394557823,0.627773288001568,0.123585313897806,0.061792656948903,0.731757211650847,0.080794066468258
"anchor_03","HOG:0011532","FPRA","root","T1",7.47957433613505,"root::T1",4,147,142,5,0.965986394557823,-0.63014263737355,0.0265269242858855,0.0132634621429427,-0.655935960627712,0.0216468660095207
"anchor_03","HOG:0011532","FPRA","root","T2",14.5,"root::T2",4,147,142,5,0.965986394557823,-0.633392304004429,0.0397854279260594,0.0198927139630297,-0.667165918399419,0.0146496821543535
"anchor_03","HOG:0011532","FPRA","root","T3",28.4898614550509,"root::T3",4,147,142,5,0.965986394557823,-0.656959757646964,0.0112724662124662,0.00563623310623311,-0.674490759476595,0
"anchor_03","HOG:0011532","FPRA","root","T4",42.7313175218636,"root::T4",4,147,142,5,0.965986394557823,-0.66760193032333,0.065126856501173,0.0325634282505865,-0.6613678857001,0.0165686663234839
"anchor_03","HOG:0011532","FPRA","root","T5",56.4998699010652,"root::T5",4,147,142,5,0.965986394557823,-0.626094172620542,0.0358737895357639,0.017936894767882,-0.651447536467798,0.00622053597662214
"anchor_04","HOG:0019394","BDIS","leaf","T1",7.47957433613505,"leaf::T1",4,156,135,21,0.865384615384615,0.76885446843449,0.0211116808695093,0.0105558404347546,0.752263039528011,0.084426809496747
"anchor_04","HOG:0019394","BDIS","leaf","T2",14.5,"leaf::T2",4,156,135,21,0.865384615384615,0.758903846881419,0.0330606826865149,0.0165303413432575,0.76503195479358,0.0311724362370035
"anchor_04","HOG:0019394","BDIS","leaf","T3",28.4898614550509,"leaf::T3",4,156,135,21,0.865384615384615,0.735805561284638,0.0631248239409963,0.0315624119704982,0.766548744142319,0.0564282116437273
"anchor_04","HOG:0019394","BDIS","leaf","T4",42.7313175218636,"leaf::T4",4,156,135,21,0.865384615384615,0.718864550716762,0.0343178178328987,0.0171589089164493,0.761237664748116,0.0507080149164131
"anchor_04","HOG:0019394","BDIS","leaf","T5",56.4998699010652,"leaf::T5",4,156,135,21,0.865384615384615,0.62865851369694,0.0923257604041779,0.046162880202089,0.689184518375822,0.10661801717441
"anchor_04","HOG:0019394","BDIS","root","T1",7.47957433613505,"root::T1",4,156,135,21,0.865384615384615,-0.662562018199727,0.0500888972083839,0.0250444486041919,-0.58302092609796,0.0173237783991833
"anchor_04","HOG:0019394","BDIS","root","T2",14.5,"root::T2",4,156,135,21,0.865384615384615,-0.679086036596806,0.0129003193785728,0.00645015968928642,-0.645098179470207,0.0756643270142502
"anchor_04","HOG:0019394","BDIS","root","T3",28.4898614550509,"root::T3",4,156,135,21,0.865384615384615,-0.66152187870288,0.0295067295890801,0.01475336479454,-0.636586356564298,0.0256718899060081
"anchor_04","HOG:0019394","BDIS","root","T4",42.7313175218636,"root::T4",4,156,135,21,0.865384615384615,-0.676435384477974,0.0300008336777612,0.0150004168388806,-0.622775300028774,0.0404827480353402
"anchor_04","HOG:0019394","BDIS","root","T5",56.4998699010652,"root::T5",4,156,135,21,0.865384615384615,-0.637379034554372,0.0284674511773744,0.0142337255886872,-0.603309095784109,0.0497657756473106
"anchor_04","HOG:0019394","BSYL","leaf","T1",7.47957433613505,"leaf::T1",4,156,107,49,0.685897435897436,0.858435407127766,0.0198001146213769,0.00990005731068844,0.896198068649792,0.0184885208430406
"anchor_04","HOG:0019394","BSYL","leaf","T2",14.5,"leaf::T2",4,156,107,49,0.685897435897436,0.846883965342592,0.0414159601825371,0.0207079800912686,0.796698337507759,0.0744426343155768
"anchor_04","HOG:0019394","BSYL","leaf","T3",28.4898614550509,"leaf::T3",4,156,107,49,0.685897435897436,0.74778026374192,0.0868487156089879,0.043424357804494,0.754546146270183,0.0726408746108203
"anchor_04","HOG:0019394","BSYL","leaf","T4",42.7313175218636,"leaf::T4",4,156,107,49,0.685897435897436,0.637018664258739,0.0915743851445538,0.0457871925722769,0.68359517268338,0.0486784995390653
"anchor_04","HOG:0019394","BSYL","leaf","T5",56.4998699010652,"leaf::T5",4,156,107,49,0.685897435897436,0.576626005498496,0.109712983422006,0.0548564917110031,0.653600058383031,0.124115062108607
"anchor_04","HOG:0019394","BSYL","root","T1",7.47957433613505,"root::T1",4,156,107,49,0.685897435897436,-0.683480170457636,0.0202616661221915,0.0101308330610958,-0.576233687333208,0.0317930082037431
"anchor_04","HOG:0019394","BSYL","root","T2",14.5,"root::T2",4,156,107,49,0.685897435897436,-0.713185737294452,0.017052447806464,0.00852622390323203,-0.630912195720497,0.047317697203974
"anchor_04","HOG:0019394","BSYL","root","T3",28.4898614550509,"root::T3",4,156,107,49,0.685897435897436,-0.713961188294418,0.0286053468755421,0.0143026734377711,-0.616591735328968,0.0576058997393434
"anchor_04","HOG:0019394","BSYL","root","T4",42.7313175218636,"root::T4",4,156,107,49,0.685897435897436,-0.632353889680397,0.0267469798135636,0.0133734899067818,-0.563867166783454,0.0530722199423311
"anchor_04","HOG:0019394","BSYL","root","T5",56.4998699010652,"root::T5",4,156,107,49,0.685897435897436,-0.747135435207309,0.266641139246891,0.133320569623446,-0.668150504840958,0.177407276571203
"anchor_04","HOG:0019394","HVUL","leaf","T1",7.47957433613505,"leaf::T1",4,156,131,25,0.83974358974359,1.09078431798707,0.0331033112771571,0.0165516556385785,1.02066719518744,0.0267037263955872
"anchor_04","HOG:0019394","HVUL","leaf","T2",14.5,"leaf::T2",4,156,131,25,0.83974358974359,0.930926428533186,0.0505461465184656,0.0252730732592328,0.871469811886286,0.0148264631802999
"anchor_04","HOG:0019394","HVUL","leaf","T3",28.4898614550509,"leaf::T3",4,156,131,25,0.83974358974359,0.818498359301453,0.0878878792458022,0.0439439396229011,0.817801090271369,0.131904843694489
"anchor_04","HOG:0019394","HVUL","leaf","T4",42.7313175218636,"leaf::T4",4,156,131,25,0.83974358974359,0.800421884926763,0.0571795196271557,0.0285897598135779,0.822841865024065,0.0660569547532688
"anchor_04","HOG:0019394","HVUL","leaf","T5",56.4998699010652,"leaf::T5",4,156,131,25,0.83974358974359,0.534365354575779,0.110423685591447,0.0552118427957236,0.590753194072998,0.128278129895903
"anchor_04","HOG:0019394","HVUL","root","T1",7.47957433613505,"root::T1",4,156,131,25,0.83974358974359,-0.589176700530281,0.027447508303367,0.0137237541516835,-0.533522352006156,0.0812903889359779
"anchor_04","HOG:0019394","HVUL","root","T2",14.5,"root::T2",4,156,131,25,0.83974358974359,-0.623912889025392,0.0307581232873431,0.0153790616436715,-0.640042692947595,0.0567128116379017
"anchor_04","HOG:0019394","HVUL","root","T3",28.4898614550509,"root::T3",4,156,131,25,0.83974358974359,-0.737144580447471,0.225263624607622,0.112631812303811,-0.74639952551601,0.291879842451955
"anchor_04","HOG:0019394","HVUL","root","T4",42.7313175218636,"root::T4",4,156,131,25,0.83974358974359,-0.653067471159559,0.0613040982565381,0.0306520491282691,-0.659396893225742,0.0765091603625455
"anchor_04","HOG:0019394","HVUL","root","T5",56.4998699010652,"root::T5",4,156,131,25,0.83974358974359,-0.584475104104196,0.0420366840705038,0.0210183420352519,-0.586880335029791,0.0701575513950948
"anchor_04","HOG:0019394","HJUB","leaf","T1",7.47957433613505,"leaf::T1",4,156,146,10,0.935897435897436,0.722244813027185,0.0176851365700672,0.0088425682850336,0.669658323311579,0.043663026989442
"anchor_04","HOG:0019394","HJUB","leaf","T2",14.5,"leaf::T2",4,156,146,10,0.935897435897436,0.753144655582142,0.0300329153945707,0.0150164576972853,0.681702045577882,0.0254251486935412
"anchor_04","HOG:0019394","HJUB","leaf","T3",28.4898614550509,"leaf::T3",4,156,146,10,0.935897435897436,0.678007764208381,0.0272456813888327,0.0136228406944163,0.629724073661548,0.0686762990686229
"anchor_04","HOG:0019394","HJUB","leaf","T4",42.7313175218636,"leaf::T4",4,156,146,10,0.935897435897436,0.630464335441591,0.0149040050201667,0.00745200251008336,0.675849372019495,0.0153627485508853
"anchor_04","HOG:0019394","HJUB","leaf","T5",56.4998699010652,"leaf::T5",4,156,146,10,0.935897435897436,0.616629005206294,0.0345071882259199,0.01725359411296,0.668811140410613,0.0145550840217346
"anchor_04","HOG:0019394","HJUB","root","T1",7.47957433613505,"root::T1",4,156,146,10,0.935897435897436,-0.731616245677874,0.0156765896944849,0.00783829484724247,-0.661403728228953,0.0152277068415425
"anchor_04","HOG:0019394","HJUB","root","T2",14.5,"root::T2",4,156,146,10,0.935897435897436,-0.738409603567227,0.0266091561136338,0.0133045780568169,-0.674490759476595,0
"anchor_04","HOG:0019394","HJUB","root","T3",28.4898614550509,"root::T3",4,156,146,10,0.935897435897436,-0.719834009795658,0.0318138691575977,0.0159069345787988,-0.662704929408033,0.0235716601371248
"anchor_04","HOG:0019394","HJUB","root","T4",42.7313175218636,"root::T4",4,156,146,10,0.935897435897436,-0.67992840868548,0.0188044526455982,0.00940222632279909,-0.662004177628351,0.0147245881469103
"anchor_04","HOG:0019394","HJUB","root","T5",56.4998699010652,"root::T5",4,156,146,10,0.935897435897436,-0.66570568464417,0.0141822863055761,0.00709114315278803,-0.624927961292987,0.0478944347694636
"anchor_04","HOG:0019394","BMAX","leaf","T1",7.47957433613505,"leaf::T1",4,156,132,24,0.846153846153846,0.806627659695384,0.0546912602215723,0.0273456301107862,0.699706307298606,0.0306054231050759
"anchor_04","HOG:0019394","BMAX","leaf","T2",14.5,"leaf::T2",4,156,132,24,0.846153846153846,0.917892193356487,0.0510601852317799,0.0255300926158899,0.775872987873179,0.0528135621645489
"anchor_04","HOG:0019394","BMAX","leaf","T3",28.4898614550509,"leaf::T3",4,156,132,24,0.846153846153846,0.807314295542153,0.0415030115798209,0.0207515057899105,0.711516918565161,0.036345317961781
"anchor_04","HOG:0019394","BMAX","leaf","T4",42.7313175218636,"leaf::T4",4,156,132,24,0.846153846153846,0.662047053511716,0.0905948474968851,0.0452974237484426,0.613180931972912,0.113301612110057
"anchor_04","HOG:0019394","BMAX","leaf","T5",56.4998699010652,"leaf::T5",4,156,132,24,0.846153846153846,0.628129919230464,0.132098720909477,0.0660493604547387,0.569927392842143,0.0974493029540447
"anchor_04","HOG:0019394","BMAX","root","T1",7.47957433613505,"root::T1",4,156,132,24,0.846153846153846,-0.64578237285849,0.0392600461977521,0.019630023098876,-0.65671841553712,0.0348420814272875
"anchor_04","HOG:0019394","BMAX","root","T2",14.5,"root::T2",4,156,132,24,0.846153846153846,-0.738361718246977,0.0269592080986471,0.0134796040493236,-0.704336218319513,0.0246854075479678
"anchor_04","HOG:0019394","BMAX","root","T3",28.4898614550509,"root::T3",4,156,132,24,0.846153846153846,-0.665203684465433,0.0261191355071818,0.0130595677535909,-0.641862455293864,0.0635666831469499
"anchor_04","HOG:0019394","BMAX","root","T4",42.7313175218636,"root::T4",4,156,132,24,0.846153846153846,-0.646346548892882,0.0202134384595931,0.0101067192297965,-0.640618858222974,0.0347721014245642
"anchor_04","HOG:0019394","BMAX","root","T5",56.4998699010652,"root::T5",4,156,132,24,0.846153846153846,-0.563134651295348,0.0372045399531055,0.0186022699765527,-0.56166688594163,0.0869413953579067
"anchor_04","HOG:0019394","BMED","leaf","T1",7.47957433613505,"leaf::T1",4,156,136,20,0.871794871794872,0.723882497225249,0.0400018418781104,0.0200009209390552,0.722033106990485,0.0238733182500921
"anchor_04","HOG:0019394","BMED","leaf","T2",14.5,"leaf::T2",4,156,136,20,0.871794871794872,0.797005514635919,0.0560859722148135,0.0280429861074068,0.732996221128021,0.0462212759709097
"anchor_04","HOG:0019394","BMED","leaf","T3",28.4898614550509,"leaf::T3",4,156,136,20,0.871794871794872,0.773540437044102,0.0138479722440069,0.00692398612200345,0.788341509481831,0.0627275988458171
"anchor_04","HOG:0019394","BMED","leaf","T4",42.7313175218636,"leaf::T4",4,156,136,20,0.871794871794872,0.810245993871851,0.0680036907672094,0.0340018453836047,0.821847983581702,0.0268659458053504
"anchor_04","HOG:0019394","BMED","leaf","T5",56.4998699010652,"leaf::T5",4,156,136,20,0.871794871794872,0.596344488446773,0.148205290861083,0.0741026454305413,0.589626581773666,0.124282549474313
"anchor_04","HOG:0019394","BMED","root","T1",7.47957433613505,"root::T1",4,156,136,20,0.871794871794872,-0.642847517366581,0.0148912615055225,0.00744563075276126,-0.578563437616291,0.0640293223724891
"anchor_04","HOG:0019394","BMED","root","T2",14.5,"root::T2",4,156,136,20,0.871794871794872,-0.592458238077323,0.0103462268491108,0.00517311342455538,-0.630654319409301,0.0821503895631914
"anchor_04","HOG:0019394","BMED","root","T3",28.4898614550509,"root::T3",4,156,136,20,0.871794871794872,-0.651591938355786,0.0190022960073054,0.00950114800365268,-0.619836556872217,0.0589148073788259
"anchor_04","HOG:0019394","BMED","root","T4",42.7313175218636,"root::T4",4,156,136,20,0.871794871794872,-0.622998515210545,0.021625444649563,0.0108127223247815,-0.567523793270868,0.07439637130556
"anchor_04","HOG:0019394","BMED","root","T5",56.4998699010652,"root::T5",4,156,136,20,0.871794871794872,-0.655709759685603,0.0332492003846943,0.0166246001923472,-0.624941423968094,0.0524635934447318
"anchor_04","HOG:0019394","VBRO","leaf","T1",7.47957433613505,"leaf::T1",4,156,113,43,0.724358974358974,0.980834532243288,0.0397209210634887,0.0198604605317444,0.852633281265902,0.0668989301530723
"anchor_04","HOG:0019394","VBRO","leaf","T2",14.5,"leaf::T2",4,156,113,43,0.724358974358974,0.957557340510147,0.05278151634221,0.026390758171105,0.886123094047743,0.187004927762252
"anchor_04","HOG:0019394","VBRO","leaf","T3",28.4898614550509,"leaf::T3",3,156,113,43,0.724358974358974,0.842438398169653,0.247876652630151,0.143111652121841,0.833870368362842,0.342300095743099
"anchor_04","HOG:0019394","VBRO","leaf","T4",42.7313175218636,"leaf::T4",4,156,113,43,0.724358974358974,0.712718752072923,0.227610247449328,0.113805123724664,0.674818740805438,0.248700727251618
"anchor_04","HOG:0019394","VBRO","leaf","T5",56.4998699010652,"leaf::T5",4,156,113,43,0.724358974358974,0.718670889876053,0.0425049803200771,0.0212524901600385,0.774412997561856,0.0448131632660085
"anchor_04","HOG:0019394","VBRO","root","T1",7.47957433613505,"root::T1",4,156,113,43,0.724358974358974,-0.616511040870225,0.0111372725477983,0.00556863627389915,-0.599583473344644,0.0750082482447552
"anchor_04","HOG:0019394","VBRO","root","T2",14.5,"root::T2",4,156,113,43,0.724358974358974,-0.619699801394853,0.031468106724768,0.015734053362384,-0.579286262461455,0.0573646042299353
"anchor_04","HOG:0019394","VBRO","root","T3",28.4898614550509,"root::T3",3,156,113,43,0.724358974358974,-0.580876315207556,0.041384207379834,0.0238931832709465,-0.67270476071635,0.076440877857937
"anchor_04","HOG:0019394","VBRO","root","T4",42.7313175218636,"root::T4",4,156,113,43,0.724358974358974,-0.634408572199821,0.0194818285425396,0.00974091427126982,-0.479022801436205,0.115651747348904
"anchor_04","HOG:0019394","VBRO","root","T5",56.4998699010652,"root::T5",4,156,113,43,0.724358974358974,-0.61030641670033,0.0462093828191998,0.0231046914095999,-0.550421911863221,0.122849513983794
"anchor_04","HOG:0019394","FPRA","leaf","T1",7.47957433613505,"leaf::T1",4,156,145,11,0.92948717948718,0.880414158606029,0.0629854821871921,0.031492741093596,0.863602772188901,0.0631272799560801
"anchor_04","HOG:0019394","FPRA","leaf","T2",14.5,"leaf::T2",4,156,145,11,0.92948717948718,0.809581028173484,0.0556301297549223,0.0278150648774611,0.762044604866712,0.104433922293702
"anchor_04","HOG:0019394","FPRA","leaf","T3",28.4898614550509,"leaf::T3",4,156,145,11,0.92948717948718,0.81585803822435,0.0712563673944784,0.0356281836972392,0.727264191592807,0.100138385499582
"anchor_04","HOG:0019394","FPRA","leaf","T4",42.7313175218636,"leaf::T4",4,156,145,11,0.92948717948718,0.771130106556849,0.0860558460818859,0.043027923040943,0.790506663913174,0.140255276610566
"anchor_04","HOG:0019394","FPRA","leaf","T5",56.4998699010652,"leaf::T5",4,156,145,11,0.92948717948718,0.617025554619048,0.137745501677378,0.0688727508386892,0.640494613705451,0.112911725364823
"anchor_04","HOG:0019394","FPRA","root","T1",7.47957433613505,"root::T1",4,156,145,11,0.92948717948718,-0.6264189312494,0.0321671228707991,0.0160835614353996,-0.553211806805603,0.0624030645569248
"anchor_04","HOG:0019394","FPRA","root","T2",14.5,"root::T2",4,156,145,11,0.92948717948718,-0.635654952282819,0.0417075057216528,0.0208537528608264,-0.628985172871375,0.0639803447643833
"anchor_04","HOG:0019394","FPRA","root","T3",28.4898614550509,"root::T3",4,156,145,11,0.92948717948718,-0.664158359848269,0.0141865165977617,0.00709325829888086,-0.680853598616739,0.0585418730847949
"anchor_04","HOG:0019394","FPRA","root","T4",42.7313175218636,"root::T4",4,156,145,11,0.92948717948718,-0.664065641305666,0.082153804000463,0.0410769020002315,-0.695840542367934,0.0941339088618607
"anchor_04","HOG:0019394","FPRA","root","T5",56.4998699010652,"root::T5",4,156,145,11,0.92948717948718,-0.621087785247114,0.0342876744700085,0.0171438372350042,-0.6286532645322,0.0279493460193572
"anchor_05","HOG:0006205","BDIS","leaf","T1",7.47957433613505,"leaf::T1",4,144,110,34,0.763888888888889,0.762505948919553,0.0251225275475126,0.0125612637737563,0.791381225729589,0.0703708896717939
"anchor_05","HOG:0006205","BDIS","leaf","T2",14.5,"leaf::T2",4,144,110,34,0.763888888888889,0.715437140850585,0.0191109573926062,0.00955547869630308,0.630051690275624,0.085281287462172
"anchor_05","HOG:0006205","BDIS","leaf","T3",28.4898614550509,"leaf::T3",4,144,110,34,0.763888888888889,0.713946488816586,0.0498696066743441,0.0249348033371721,0.707980770458787,0.137629641422086
"anchor_05","HOG:0006205","BDIS","leaf","T4",42.7313175218636,"leaf::T4",4,144,110,34,0.763888888888889,0.710701831739209,0.0277514566722137,0.0138757283361069,0.693502781012551,0.0626608258198967
"anchor_05","HOG:0006205","BDIS","leaf","T5",56.4998699010652,"leaf::T5",4,144,110,34,0.763888888888889,0.638433100774538,0.0820970795128216,0.0410485397564108,0.617331343890039,0.131464999998271
"anchor_05","HOG:0006205","BDIS","root","T1",7.47957433613505,"root::T1",4,144,110,34,0.763888888888889,-0.674247062435912,0.0558614017325277,0.0279307008662638,-0.702754536627501,0.0707228401362022
"anchor_05","HOG:0006205","BDIS","root","T2",14.5,"root::T2",4,144,110,34,0.763888888888889,-0.689901977453569,0.0161820921235923,0.00809104606179613,-0.661788187871877,0.101317198690228
"anchor_05","HOG:0006205","BDIS","root","T3",28.4898614550509,"root::T3",4,144,110,34,0.763888888888889,-0.655116979773198,0.0391920168337597,0.0195960084168798,-0.618322757290396,0.101355695589076
"anchor_05","HOG:0006205","BDIS","root","T4",42.7313175218636,"root::T4",4,144,110,34,0.763888888888889,-0.672670780783656,0.0369514272990172,0.0184757136495086,-0.535477181526457,0.0698093369968823
"anchor_05","HOG:0006205","BDIS","root","T5",56.4998699010652,"root::T5",4,144,110,34,0.763888888888889,-0.637492382496712,0.0376053170430897,0.0188026585215449,-0.575473574606101,0.113921500247326
"anchor_05","HOG:0006205","BSYL","leaf","T1",7.47957433613505,"leaf::T1",4,144,104,40,0.722222222222222,0.856486613681986,0.0243890799936828,0.0121945399968414,0.88791972117398,0.0356615735541324
"anchor_05","HOG:0006205","BSYL","leaf","T2",14.5,"leaf::T2",4,144,104,40,0.722222222222222,0.855525827988924,0.040256878583499,0.0201284392917495,0.816823850603448,0.0973719887320013
"anchor_05","HOG:0006205","BSYL","leaf","T3",28.4898614550509,"leaf::T3",4,144,104,40,0.722222222222222,0.747229503706438,0.0961776177020162,0.0480888088510081,0.698134193012544,0.0950163846970027
"anchor_05","HOG:0006205","BSYL","leaf","T4",42.7313175218636,"leaf::T4",4,144,104,40,0.722222222222222,0.644706928888891,0.0928018294806677,0.0464009147403339,0.647640642130765,0.112466899695157
"anchor_05","HOG:0006205","BSYL","leaf","T5",56.4998699010652,"leaf::T5",4,144,104,40,0.722222222222222,0.569106787982865,0.109044363289178,0.054522181644589,0.531068404877278,0.0858737994151302
"anchor_05","HOG:0006205","BSYL","root","T1",7.47957433613505,"root::T1",4,144,104,40,0.722222222222222,-0.702899804174266,0.0196694592821159,0.00983472964105793,-0.701032327941726,0.0616904192327926
"anchor_05","HOG:0006205","BSYL","root","T2",14.5,"root::T2",4,144,104,40,0.722222222222222,-0.728813459590251,0.0123887107495579,0.00619435537477895,-0.683963855747106,0.0568800066987144
"anchor_05","HOG:0006205","BSYL","root","T3",28.4898614550509,"root::T3",4,144,104,40,0.722222222222222,-0.697620704563262,0.0325698620235866,0.0162849310117933,-0.64536848571082,0.0682136026890034
"anchor_05","HOG:0006205","BSYL","root","T4",42.7313175218636,"root::T4",4,144,104,40,0.722222222222222,-0.676382721982705,0.0367858939408643,0.0183929469704322,-0.591973114476864,0.0757600961589557
"anchor_05","HOG:0006205","BSYL","root","T5",56.4998699010652,"root::T5",4,144,104,40,0.722222222222222,-0.842603486328843,0.443911951540954,0.221955975770477,-0.782682172183631,0.502877919026949
"anchor_05","HOG:0006205","HVUL","leaf","T1",7.47957433613505,"leaf::T1",4,144,116,28,0.805555555555556,1.10939913246578,0.0272094008464636,0.0136047004232318,1.15316518153883,0.0141976966359688
"anchor_05","HOG:0006205","HVUL","leaf","T2",14.5,"leaf::T2",4,144,116,28,0.805555555555556,0.923302928463625,0.0709410179869162,0.0354705089934581,0.832360544967847,0.0554344146338931
"anchor_05","HOG:0006205","HVUL","leaf","T3",28.4898614550509,"leaf::T3",4,144,116,28,0.805555555555556,0.823603494686357,0.0844999505155445,0.0422499752577722,0.848964669930286,0.106070057310973
"anchor_05","HOG:0006205","HVUL","leaf","T4",42.7313175218636,"leaf::T4",4,144,116,28,0.805555555555556,0.808188703781576,0.058764645018341,0.0293823225091705,0.830922798879378,0.0625758883593747
"anchor_05","HOG:0006205","HVUL","leaf","T5",56.4998699010652,"leaf::T5",4,144,116,28,0.805555555555556,0.549849916279515,0.119118820485622,0.0595594102428109,0.607241215969029,0.172334483002928
"anchor_05","HOG:0006205","HVUL","root","T1",7.47957433613505,"root::T1",4,144,116,28,0.805555555555556,-0.569284717127856,0.0260779088059678,0.0130389544029839,-0.521290274680496,0.0305526117212751
"anchor_05","HOG:0006205","HVUL","root","T2",14.5,"root::T2",4,144,116,28,0.805555555555556,-0.619087347658251,0.0345610927354576,0.0172805463677288,-0.603655776883981,0.124913792273357
"anchor_05","HOG:0006205","HVUL","root","T3",28.4898614550509,"root::T3",4,144,116,28,0.805555555555556,-0.764832002551032,0.293210164713093,0.146605082356547,-0.759701644854872,0.435503174248062
"anchor_05","HOG:0006205","HVUL","root","T4",42.7313175218636,"root::T4",4,144,116,28,0.805555555555556,-0.64618709307357,0.0556905199411445,0.0278452599705722,-0.606388398007917,0.113142370616808
"anchor_05","HOG:0006205","HVUL","root","T5",56.4998699010652,"root::T5",4,144,116,28,0.805555555555556,-0.569310933149267,0.0453715688187475,0.0226857844093737,-0.476684522732875,0.0649580209599843
"anchor_05","HOG:0006205","HJUB","leaf","T1",7.47957433613505,"leaf::T1",4,144,136,8,0.944444444444444,0.733249241339396,0.0179632682908587,0.00898163414542937,0.69236185931152,0.0442437547091805
"anchor_05","HOG:0006205","HJUB","leaf","T2",14.5,"leaf::T2",4,144,136,8,0.944444444444444,0.757686694783336,0.0284365763046185,0.0142182881523092,0.772401811341333,0.0703904080893416
"anchor_05","HOG:0006205","HJUB","leaf","T3",28.4898614550509,"leaf::T3",4,144,136,8,0.944444444444444,0.685953238723152,0.0246213650613803,0.0123106825306901,0.754282060803342,0.11399311254684
"anchor_05","HOG:0006205","HJUB","leaf","T4",42.7313175218636,"leaf::T4",4,144,136,8,0.944444444444444,0.63927997085256,0.0147060816854905,0.00735304084274526,0.622811771737993,0.0420362990531379
"anchor_05","HOG:0006205","HJUB","leaf","T5",56.4998699010652,"leaf::T5",4,144,136,8,0.944444444444444,0.623277002072349,0.0327369867582272,0.0163684933791136,0.632886400461324,0.0205926733340464
"anchor_05","HOG:0006205","HJUB","root","T1",7.47957433613505,"root::T1",4,144,136,8,0.944444444444444,-0.71656308231549,0.0158977311154435,0.00794886555772173,-0.655833247268746,0.0434657436011402
"anchor_05","HOG:0006205","HJUB","root","T2",14.5,"root::T2",4,144,136,8,0.944444444444444,-0.728457283075316,0.019771807306468,0.009885903653234,-0.746959849677163,0.0676086759676954
"anchor_05","HOG:0006205","HJUB","root","T3",28.4898614550509,"root::T3",4,144,136,8,0.944444444444444,-0.716105217075105,0.0299327691566274,0.0149663845783137,-0.714428131275983,0.121484153034406
"anchor_05","HOG:0006205","HJUB","root","T4",42.7313175218636,"root::T4",4,144,136,8,0.944444444444444,-0.659254660524536,0.0210140145016217,0.0105070072508108,-0.648758383813221,0.0681983989686626
"anchor_05","HOG:0006205","HJUB","root","T5",56.4998699010652,"root::T5",4,144,136,8,0.944444444444444,-0.667326311661018,0.0146433644613983,0.00732168223069913,-0.68417545158585,0.0168944075235299
"anchor_05","HOG:0006205","BMAX","leaf","T1",7.47957433613505,"leaf::T1",4,144,116,28,0.805555555555556,0.794515273167546,0.0546067510619338,0.0273033755309669,0.756692318205257,0.102967358249734
"anchor_05","HOG:0006205","BMAX","leaf","T2",14.5,"leaf::T2",4,144,116,28,0.805555555555556,0.914169816898002,0.051257696211778,0.025628848105889,0.809976796118356,0.098184074309103
"anchor_05","HOG:0006205","BMAX","leaf","T3",28.4898614550509,"leaf::T3",4,144,116,28,0.805555555555556,0.836659718224906,0.0446476726840071,0.0223238363420036,0.946726984380616,0.0698886269121794
"anchor_05","HOG:0006205","BMAX","leaf","T4",42.7313175218636,"leaf::T4",4,144,116,28,0.805555555555556,0.684998065193977,0.0854275284602111,0.0427137642301055,0.688366804928957,0.109996369494645
"anchor_05","HOG:0006205","BMAX","leaf","T5",56.4998699010652,"leaf::T5",4,144,116,28,0.805555555555556,0.612934794142941,0.123489993139472,0.0617449965697359,0.589523527201802,0.132202399566017
"anchor_05","HOG:0006205","BMAX","root","T1",7.47957433613505,"root::T1",4,144,116,28,0.805555555555556,-0.650769991855735,0.0398119923808374,0.0199059961904187,-0.622852259591703,0.0456260728133468
"anchor_05","HOG:0006205","BMAX","root","T2",14.5,"root::T2",4,144,116,28,0.805555555555556,-0.735921331110805,0.0287321979964752,0.0143660989982376,-0.730965786025529,0.0572714637253326
"anchor_05","HOG:0006205","BMAX","root","T3",28.4898614550509,"root::T3",4,144,116,28,0.805555555555556,-0.652719305046553,0.0263692857658704,0.0131846428829352,-0.630284835814456,0.0495157320722105
"anchor_05","HOG:0006205","BMAX","root","T4",42.7313175218636,"root::T4",4,144,116,28,0.805555555555556,-0.622025155324945,0.0158199381693152,0.00790996908465759,-0.580465785882573,0.068884082023268
"anchor_05","HOG:0006205","BMAX","root","T5",56.4998699010652,"root::T5",4,144,116,28,0.805555555555556,-0.575639213522231,0.0353967879121835,0.0176983939560917,-0.632989680248314,0.136958484356059
"anchor_05","HOG:0006205","BMED","leaf","T1",7.47957433613505,"leaf::T1",4,144,127,17,0.881944444444444,0.744553471349183,0.0409373448294553,0.0204686724147276,0.779646911730645,0.0585958740047484
"anchor_05","HOG:0006205","BMED","leaf","T2",14.5,"leaf::T2",4,144,127,17,0.881944444444444,0.789818373190439,0.0570667520276277,0.0285333760138139,0.748792710111045,0.123119464186125
"anchor_05","HOG:0006205","BMED","leaf","T3",28.4898614550509,"leaf::T3",4,144,127,17,0.881944444444444,0.765990327747239,0.0116426860280986,0.0058213430140493,0.757625714931343,0.0774871287031601
"anchor_05","HOG:0006205","BMED","leaf","T4",42.7313175218636,"leaf::T4",4,144,127,17,0.881944444444444,0.79508462324655,0.0590916861609644,0.0295458430804822,0.773881874438753,0.0632104160675196
"anchor_05","HOG:0006205","BMED","leaf","T5",56.4998699010652,"leaf::T5",4,144,127,17,0.881944444444444,0.597501046772322,0.145383346942989,0.0726916734714943,0.589406655071421,0.155618505027747
"anchor_05","HOG:0006205","BMED","root","T1",7.47957433613505,"root::T1",4,144,127,17,0.881944444444444,-0.628620135950457,0.0143992751230442,0.00719963756152208,-0.495336422010517,0.0481738219393693
"anchor_05","HOG:0006205","BMED","root","T2",14.5,"root::T2",4,144,127,17,0.881944444444444,-0.602470301321811,0.0118490299337251,0.00592451496686254,-0.563025430342871,0.147214906282187
"anchor_05","HOG:0006205","BMED","root","T3",28.4898614550509,"root::T3",4,144,127,17,0.881944444444444,-0.641218820355219,0.0262061418006198,0.0131030709003099,-0.531254064103403,0.0982875075818187
"anchor_05","HOG:0006205","BMED","root","T4",42.7313175218636,"root::T4",4,144,127,17,0.881944444444444,-0.643198228164228,0.0257311290024484,0.0128655645012242,-0.621029339044571,0.0582477042927358
"anchor_05","HOG:0006205","BMED","root","T5",56.4998699010652,"root::T5",4,144,127,17,0.881944444444444,-0.671665649917721,0.0293588507387516,0.0146794253693758,-0.69173786834628,0.0684531114145771
"anchor_05","HOG:0006205","VBRO","leaf","T1",7.47957433613505,"leaf::T1",4,144,127,17,0.881944444444444,0.898760019667863,0.0219481983881012,0.0109740991940506,1.03714555241579,0.0294773436252547
"anchor_05","HOG:0006205","VBRO","leaf","T2",14.5,"leaf::T2",4,144,127,17,0.881944444444444,0.858204951930155,0.0289182702605242,0.0144591351302621,0.885919954835034,0.0807444600196369
"anchor_05","HOG:0006205","VBRO","leaf","T3",28.4898614550509,"leaf::T3",3,144,127,17,0.881944444444444,0.756914483782385,0.181463705381257,0.104768119150016,0.805755194462968,0.069217979176849
"anchor_05","HOG:0006205","VBRO","leaf","T4",42.7313175218636,"leaf::T4",4,144,127,17,0.881944444444444,0.649092478587301,0.197362869353075,0.0986814346765373,0.701753748444211,0.319405257896185
"anchor_05","HOG:0006205","VBRO","leaf","T5",56.4998699010652,"leaf::T5",4,144,127,17,0.881944444444444,0.636247186374469,0.0499640479955659,0.024982023997783,0.726887326381421,0.0609535689961746
"anchor_05","HOG:0006205","VBRO","root","T1",7.47957433613505,"root::T1",4,144,127,17,0.881944444444444,-0.689771507733484,0.0130450322888601,0.00652251614443005,-0.534462875521375,0.0439683138242611
"anchor_05","HOG:0006205","VBRO","root","T2",14.5,"root::T2",4,144,127,17,0.881944444444444,-0.672377619761237,0.0458097782392281,0.022904889119614,-0.531276966678081,0.0801879517985413
"anchor_05","HOG:0006205","VBRO","root","T3",28.4898614550509,"root::T3",3,144,127,17,0.881944444444444,-0.586534688560378,0.116294558901761,0.0671426948872208,-0.44536173626526,0.125695909464467
"anchor_05","HOG:0006205","VBRO","root","T4",42.7313175218636,"root::T4",4,144,127,17,0.881944444444444,-0.699939896247086,0.0386457854515853,0.0193228927257927,-0.63666989965632,0.084699403925298
"anchor_05","HOG:0006205","VBRO","root","T5",56.4998699010652,"root::T5",4,144,127,17,0.881944444444444,-0.642778213594522,0.100478513134859,0.0502392565674296,-0.506877873577416,0.186871208241593
"anchor_05","HOG:0006205","FPRA","leaf","T1",7.47957433613505,"leaf::T1",4,144,133,11,0.923611111111111,0.875941953089635,0.0582445635631743,0.0291222817815871,0.865013350505403,0.0556782778134029
"anchor_05","HOG:0006205","FPRA","leaf","T2",14.5,"leaf::T2",4,144,133,11,0.923611111111111,0.79935641021531,0.0560459028595144,0.0280229514297572,0.765691953620922,0.080345289003056
"anchor_05","HOG:0006205","FPRA","leaf","T3",28.4898614550509,"leaf::T3",4,144,133,11,0.923611111111111,0.812545356373536,0.0659078729790639,0.032953936489532,0.913558738842117,0.0905676319428929
"anchor_05","HOG:0006205","FPRA","leaf","T4",42.7313175218636,"leaf::T4",4,144,133,11,0.923611111111111,0.770375504279722,0.0680619682479616,0.0340309841239808,0.793250420639267,0.0358563894382897
"anchor_05","HOG:0006205","FPRA","leaf","T5",56.4998699010652,"leaf::T5",4,144,133,11,0.923611111111111,0.633561124873938,0.125936253238834,0.0629681266194169,0.71837726698708,0.124212031925036
"anchor_05","HOG:0006205","FPRA","root","T1",7.47957433613505,"root::T1",4,144,133,11,0.923611111111111,-0.622390725495073,0.0285046106551492,0.0142523053275746,-0.627165218187596,0.0248458003699141
"anchor_05","HOG:0006205","FPRA","root","T2",14.5,"root::T2",4,144,133,11,0.923611111111111,-0.643640365338364,0.0364769575785681,0.0182384787892841,-0.658361031763576,0.0528287329353575
"anchor_05","HOG:0006205","FPRA","root","T3",28.4898614550509,"root::T3",4,144,133,11,0.923611111111111,-0.658085506954125,0.0162644227761001,0.00813221138805004,-0.627310802368725,0.0169837928698592
"anchor_05","HOG:0006205","FPRA","root","T4",42.7313175218636,"root::T4",4,144,133,11,0.923611111111111,-0.655979801935633,0.0734452181168384,0.0367226090584192,-0.607096007975207,0.0410087821179322
"anchor_05","HOG:0006205","FPRA","root","T5",56.4998699010652,"root::T5",4,144,133,11,0.923611111111111,-0.628621473372146,0.0283453529736143,0.0141726764868072,-0.645193236295803,0.031359723313083
"anchor_06","HOG:0028766","BDIS","leaf","T1",7.47957433613505,"leaf::T1",4,149,127,22,0.852348993288591,0.74798316590849,0.0253628334852135,0.0126814167426067,0.69379152617357,0.0181483680976134
"anchor_06","HOG:0028766","BDIS","leaf","T2",14.5,"leaf::T2",4,149,127,22,0.852348993288591,0.723576922964366,0.0259600126008946,0.0129800063004473,0.652239350558581,0.0343205394068802
"anchor_06","HOG:0028766","BDIS","leaf","T3",28.4898614550509,"leaf::T3",4,149,127,22,0.852348993288591,0.723693223836865,0.0601331883853084,0.0300665941926542,0.743872576904105,0.0710016849622526
"anchor_06","HOG:0028766","BDIS","leaf","T4",42.7313175218636,"leaf::T4",4,149,127,22,0.852348993288591,0.712307182363041,0.0243305068815458,0.0121652534407729,0.694955103440049,0.0484979693433022
"anchor_06","HOG:0028766","BDIS","leaf","T5",56.4998699010652,"leaf::T5",4,149,127,22,0.852348993288591,0.630220617855798,0.0807430634965658,0.0403715317482829,0.646284882670262,0.0272773098879999
"anchor_06","HOG:0028766","BDIS","root","T1",7.47957433613505,"root::T1",4,149,127,22,0.852348993288591,-0.671086081183741,0.0514790339839011,0.0257395169919505,-0.674261084264723,0.0161924766050364
"anchor_06","HOG:0028766","BDIS","root","T2",14.5,"root::T2",4,149,127,22,0.852348993288591,-0.678557826221465,0.0158389895478005,0.00791949477390027,-0.660595803841576,0.0213594676273317
"anchor_06","HOG:0028766","BDIS","root","T3",28.4898614550509,"root::T3",4,149,127,22,0.852348993288591,-0.653410733575035,0.0375655875213233,0.0187827937606617,-0.681361991457146,0.017112912958391
"anchor_06","HOG:0028766","BDIS","root","T4",42.7313175218636,"root::T4",4,149,127,22,0.852348993288591,-0.671028029467849,0.0219584785595713,0.0109792392797857,-0.668962503692764,0.0293343053379393
"anchor_06","HOG:0028766","BDIS","root","T5",56.4998699010652,"root::T5",4,149,127,22,0.852348993288591,-0.636029752718115,0.0264428850821508,0.0132214425410754,-0.693161782734032,0.0573062080539427
"anchor_06","HOG:0028766","BSYL","leaf","T1",7.47957433613505,"leaf::T1",4,149,106,43,0.711409395973154,0.897943852719637,0.0271077565462622,0.0135538782731311,0.948515474408943,0.029403788989727
"anchor_06","HOG:0028766","BSYL","leaf","T2",14.5,"leaf::T2",4,149,106,43,0.711409395973154,0.911536697522053,0.0428602423708147,0.0214301211854073,0.994763543026258,0.0545450646649297
"anchor_06","HOG:0028766","BSYL","leaf","T3",28.4898614550509,"leaf::T3",4,149,106,43,0.711409395973154,0.785593102559859,0.0989657410929588,0.0494828705464794,0.895361886205521,0.0467171559006434
"anchor_06","HOG:0028766","BSYL","leaf","T4",42.7313175218636,"leaf::T4",4,149,106,43,0.711409395973154,0.65637730942071,0.100181574605498,0.050090787302749,0.702346965311405,0.0957369920203431
"anchor_06","HOG:0028766","BSYL","leaf","T5",56.4998699010652,"leaf::T5",4,149,106,43,0.711409395973154,0.565756567227152,0.107898883131843,0.0539494415659216,0.583705524942422,0.0669530346134927
"anchor_06","HOG:0028766","BSYL","root","T1",7.47957433613505,"root::T1",4,149,106,43,0.711409395973154,-0.640763585422453,0.0118058118813055,0.00590290594065275,-0.613440672837776,0.0333472101036208
"anchor_06","HOG:0028766","BSYL","root","T2",14.5,"root::T2",4,149,106,43,0.711409395973154,-0.661024506667173,0.0108211109520704,0.0054105554760352,-0.588662218904257,0.0704204647153568
"anchor_06","HOG:0028766","BSYL","root","T3",28.4898614550509,"root::T3",4,149,106,43,0.711409395973154,-0.664230492447526,0.0197034085408051,0.00985170427040254,-0.614382212923926,0.067820391890373
"anchor_06","HOG:0028766","BSYL","root","T4",42.7313175218636,"root::T4",4,149,106,43,0.711409395973154,-0.633602652367819,0.0383226210838529,0.0191613105419264,-0.633416815320233,0.0351099035621477
"anchor_06","HOG:0028766","BSYL","root","T5",56.4998699010652,"root::T5",4,149,106,43,0.711409395973154,-0.808881955543749,0.342059036827879,0.171029518413939,-0.785312454429636,0.346740044178927
"anchor_06","HOG:0028766","HVUL","leaf","T1",7.47957433613505,"leaf::T1",4,149,120,29,0.805369127516778,1.09260102186376,0.0301158139439323,0.0150579069719661,0.946791584985282,0.0129347628742357
"anchor_06","HOG:0028766","HVUL","leaf","T2",14.5,"leaf::T2",4,149,120,29,0.805369127516778,0.929215874522899,0.0598836613638431,0.0299418306819215,0.854867021756751,0.107903880406587
"anchor_06","HOG:0028766","HVUL","leaf","T3",28.4898614550509,"leaf::T3",4,149,120,29,0.805369127516778,0.824007502702144,0.0814518642232697,0.0407259321116349,0.766850936934777,0.086193077761329
"anchor_06","HOG:0028766","HVUL","leaf","T4",42.7313175218636,"leaf::T4",4,149,120,29,0.805369127516778,0.804102401291917,0.0598990071433639,0.029949503571682,0.743555642078369,0.0517894055312922
"anchor_06","HOG:0028766","HVUL","leaf","T5",56.4998699010652,"leaf::T5",4,149,120,29,0.805369127516778,0.546538618129753,0.105176790782769,0.0525883953913844,0.571122068403581,0.0341925286920814
"anchor_06","HOG:0028766","HVUL","root","T1",7.47957433613505,"root::T1",4,149,120,29,0.805369127516778,-0.597894809524729,0.0307052161773485,0.0153526080886742,-0.683280367399366,0.029515083040993
"anchor_06","HOG:0028766","HVUL","root","T2",14.5,"root::T2",4,149,120,29,0.805369127516778,-0.617799271063459,0.0290416338348136,0.0145208169174068,-0.642152169263409,0.0195893345626437
"anchor_06","HOG:0028766","HVUL","root","T3",28.4898614550509,"root::T3",4,149,120,29,0.805369127516778,-0.748431901702892,0.248305429695872,0.124152714847936,-0.786756786547366,0.300493254823484
"anchor_06","HOG:0028766","HVUL","root","T4",42.7313175218636,"root::T4",4,149,120,29,0.805369127516778,-0.640450289824927,0.05286940190794,0.02643470095397,-0.608456655040356,0.0784685301441448
"anchor_06","HOG:0028766","HVUL","root","T5",56.4998699010652,"root::T5",4,149,120,29,0.805369127516778,-0.582212808180688,0.0330224029491232,0.0165112014745616,-0.629783772489196,0.0769019260987734
"anchor_06","HOG:0028766","HJUB","leaf","T1",7.47957433613505,"leaf::T1",4,149,136,13,0.912751677852349,0.778122471547784,0.0208860070140802,0.0104430035070401,0.81761824069168,0.0199376641199807
"anchor_06","HOG:0028766","HJUB","leaf","T2",14.5,"leaf::T2",4,149,136,13,0.912751677852349,0.800158418305779,0.0303984305508215,0.0151992152754108,0.879390780666215,0.0917146050248332
"anchor_06","HOG:0028766","HJUB","leaf","T3",28.4898614550509,"leaf::T3",4,149,136,13,0.912751677852349,0.721363752511584,0.026369060713681,0.0131845303568405,0.8426351459031,0.0369071463755218
"anchor_06","HOG:0028766","HJUB","leaf","T4",42.7313175218636,"leaf::T4",4,149,136,13,0.912751677852349,0.641229223379675,0.0194085915913281,0.00970429579566406,0.668773560822516,0.0864454080408101
"anchor_06","HOG:0028766","HJUB","leaf","T5",56.4998699010652,"leaf::T5",4,149,136,13,0.912751677852349,0.60987731727747,0.0389750316538596,0.0194875158269298,0.623816378955862,0.0430493353719908
"anchor_06","HOG:0028766","HJUB","root","T1",7.47957433613505,"root::T1",4,149,136,13,0.912751677852349,-0.699915699352309,0.00729784767874515,0.00364892383937258,-0.663479459083924,0.0130724141698789
"anchor_06","HOG:0028766","HJUB","root","T2",14.5,"root::T2",4,149,136,13,0.912751677852349,-0.70369996038595,0.0128783553103661,0.00643917765518307,-0.638993271545371,0.0361602293036456
"anchor_06","HOG:0028766","HJUB","root","T3",28.4898614550509,"root::T3",4,149,136,13,0.912751677852349,-0.682251781595433,0.0215475054997516,0.0107737527498758,-0.631134411355076,0.020225949850703
"anchor_06","HOG:0028766","HJUB","root","T4",42.7313175218636,"root::T4",4,149,136,13,0.912751677852349,-0.672477387373994,0.0143424506142073,0.00717122530710367,-0.699905648918539,0.0124759259535749
"anchor_06","HOG:0028766","HJUB","root","T5",56.4998699010652,"root::T5",4,149,136,13,0.912751677852349,-0.652966323283917,0.0138580134882882,0.0069290067441441,-0.646128180673898,0.0633589220896404
"anchor_06","HOG:0028766","BMAX","leaf","T1",7.47957433613505,"leaf::T1",4,149,129,20,0.865771812080537,0.858813398830372,0.0638170502696771,0.0319085251348385,0.832075880278829,0.0291501037903515
"anchor_06","HOG:0028766","BMAX","leaf","T2",14.5,"leaf::T2",4,149,129,20,0.865771812080537,1.00153532630975,0.0581731673621774,0.0290865836810887,1.0281585263272,0.0760706303701165
"anchor_06","HOG:0028766","BMAX","leaf","T3",28.4898614550509,"leaf::T3",4,149,129,20,0.865771812080537,0.861477022981142,0.0434416618285092,0.0217208309142546,0.859122993081382,0.0358266216490023
"anchor_06","HOG:0028766","BMAX","leaf","T4",42.7313175218636,"leaf::T4",4,149,129,20,0.865771812080537,0.678455320190989,0.098356081077436,0.049178040538718,0.664663189693115,0.0614042995682536
"anchor_06","HOG:0028766","BMAX","leaf","T5",56.4998699010652,"leaf::T5",4,149,129,20,0.865771812080537,0.63476799101712,0.151922099474574,0.075961049737287,0.632082870760446,0.126855137949774
"anchor_06","HOG:0028766","BMAX","root","T1",7.47957433613505,"root::T1",4,149,129,20,0.865771812080537,-0.637460656213405,0.0261968671562353,0.0130984335781176,-0.696282518669226,0.0302795018075171
"anchor_06","HOG:0028766","BMAX","root","T2",14.5,"root::T2",4,149,129,20,0.865771812080537,-0.701691101782542,0.025885603331968,0.012942801665984,-0.686436664189619,0.0623268641933326
"anchor_06","HOG:0028766","BMAX","root","T3",28.4898614550509,"root::T3",4,149,129,20,0.865771812080537,-0.637677469384938,0.0241524715231698,0.0120762357615849,-0.581277702857682,0.0419938579444634
"anchor_06","HOG:0028766","BMAX","root","T4",42.7313175218636,"root::T4",4,149,129,20,0.865771812080537,-0.619410100967315,0.0246512289576802,0.0123256144788401,-0.559897670321939,0.0788116132721223
"anchor_06","HOG:0028766","BMAX","root","T5",56.4998699010652,"root::T5",4,149,129,20,0.865771812080537,-0.55228171956506,0.0300133609419411,0.0150066804709706,-0.514909497984932,0.0486289416556845
"anchor_06","HOG:0028766","BMED","leaf","T1",7.47957433613505,"leaf::T1",4,149,132,17,0.885906040268456,0.739223485276799,0.0444504209552099,0.022225210477605,0.731193257196569,0.0678903634269534
"anchor_06","HOG:0028766","BMED","leaf","T2",14.5,"leaf::T2",4,149,132,17,0.885906040268456,0.801658721143597,0.0646633190432759,0.0323316595216379,0.828739727121812,0.06051083197215
"anchor_06","HOG:0028766","BMED","leaf","T3",28.4898614550509,"leaf::T3",4,149,132,17,0.885906040268456,0.775921328252818,0.0181472533462389,0.00907362667311946,0.771655828269068,0.03364900958705
"anchor_06","HOG:0028766","BMED","leaf","T4",42.7313175218636,"leaf::T4",4,149,132,17,0.885906040268456,0.807654544885233,0.0686589540270725,0.0343294770135363,0.741203939003678,0.0563161875917694
"anchor_06","HOG:0028766","BMED","leaf","T5",56.4998699010652,"leaf::T5",4,149,132,17,0.885906040268456,0.596829818639684,0.148587190256407,0.0742935951282036,0.628228175463622,0.169922480327416
"anchor_06","HOG:0028766","BMED","root","T1",7.47957433613505,"root::T1",4,149,132,17,0.885906040268456,-0.633336314023607,0.0185016529423348,0.00925082647116738,-0.543363369497764,0.120035930916164
"anchor_06","HOG:0028766","BMED","root","T2",14.5,"root::T2",4,149,132,17,0.885906040268456,-0.594843680661041,0.0136658459282682,0.00683292296413409,-0.644619636429258,0.0137531339217406
"anchor_06","HOG:0028766","BMED","root","T3",28.4898614550509,"root::T3",4,149,132,17,0.885906040268456,-0.64327857873166,0.0162382115983218,0.00811910579916089,-0.641332559383109,0.0666567703658172
"anchor_06","HOG:0028766","BMED","root","T4",42.7313175218636,"root::T4",4,149,132,17,0.885906040268456,-0.631494877580784,0.0234012759736065,0.0117006379868032,-0.63910907328646,0.0274876983066737
"anchor_06","HOG:0028766","BMED","root","T5",56.4998699010652,"root::T5",4,149,132,17,0.885906040268456,-0.661274826019235,0.028094231988757,0.0140471159943785,-0.607656270440456,0.0511579612403623
"anchor_06","HOG:0028766","VBRO","leaf","T1",7.47957433613505,"leaf::T1",4,149,117,32,0.785234899328859,0.989396482813108,0.0332804155392784,0.0166402077696392,0.978883989324084,0.0534050285252001
"anchor_06","HOG:0028766","VBRO","leaf","T2",14.5,"leaf::T2",4,149,117,32,0.785234899328859,0.952704181400374,0.0427066529649157,0.0213533264824578,0.988498956752675,0.0503289214819669
"anchor_06","HOG:0028766","VBRO","leaf","T3",28.4898614550509,"leaf::T3",3,149,117,32,0.785234899328859,0.837244320553045,0.220098662935447,0.127074022294057,0.903507280902358,0.22353193831497
"anchor_06","HOG:0028766","VBRO","leaf","T4",42.7313175218636,"leaf::T4",4,149,117,32,0.785234899328859,0.693242864020849,0.219403835360908,0.109701917680454,0.72189349617786,0.147734536923204
"anchor_06","HOG:0028766","VBRO","leaf","T5",56.4998699010652,"leaf::T5",4,149,117,32,0.785234899328859,0.697038684392032,0.0382030208115366,0.0191015104057683,0.694466744821531,0.0322447291210477
"anchor_06","HOG:0028766","VBRO","root","T1",7.47957433613505,"root::T1",4,149,117,32,0.785234899328859,-0.620852266993152,0.00790473828333032,0.00395236914166516,-0.621539017303993,0.0462133319216912
"anchor_06","HOG:0028766","VBRO","root","T2",14.5,"root::T2",4,149,117,32,0.785234899328859,-0.620850922947629,0.0339321045369592,0.0169660522684796,-0.620173994918148,0.0338950021011953
"anchor_06","HOG:0028766","VBRO","root","T3",28.4898614550509,"root::T3",3,149,117,32,0.785234899328859,-0.588251299836812,0.0310436066323866,0.0179230346458253,-0.652203481958848,0.132133394798598
"anchor_06","HOG:0028766","VBRO","root","T4",42.7313175218636,"root::T4",4,149,117,32,0.785234899328859,-0.644038867159615,0.017847474150004,0.008923737075002,-0.624564483569628,0.0488415459603109
"anchor_06","HOG:0028766","VBRO","root","T5",56.4998699010652,"root::T5",4,149,117,32,0.785234899328859,-0.617717762974825,0.0444595082742739,0.022229754137137,-0.651129933814283,0.0425601284029892
"anchor_06","HOG:0028766","FPRA","leaf","T1",7.47957433613505,"leaf::T1",4,149,141,8,0.946308724832215,0.899863069606602,0.0765003651082609,0.0382501825541305,0.908059924189494,0.0613842591686707
"anchor_06","HOG:0028766","FPRA","leaf","T2",14.5,"leaf::T2",4,149,141,8,0.946308724832215,0.838552899488229,0.0555198489170067,0.0277599244585033,0.821955120776015,0.0903141616579063
"anchor_06","HOG:0028766","FPRA","leaf","T3",28.4898614550509,"leaf::T3",4,149,141,8,0.946308724832215,0.833492662383164,0.0742698003453472,0.0371349001726736,0.864454127767768,0.0840390310893988
"anchor_06","HOG:0028766","FPRA","leaf","T4",42.7313175218636,"leaf::T4",4,149,141,8,0.946308724832215,0.78382755262037,0.0810818864124444,0.0405409432062222,0.792362921807261,0.0739951154906945
"anchor_06","HOG:0028766","FPRA","leaf","T5",56.4998699010652,"leaf::T5",4,149,141,8,0.946308724832215,0.633102774042027,0.126789552088536,0.0633947760442679,0.700733662954011,0.131802154709492
"anchor_06","HOG:0028766","FPRA","root","T1",7.47957433613505,"root::T1",4,149,141,8,0.946308724832215,-0.615494655891401,0.0255684281585662,0.0127842140792831,-0.608479764867441,0.0214819041868765
"anchor_06","HOG:0028766","FPRA","root","T2",14.5,"root::T2",4,149,141,8,0.946308724832215,-0.629271496222323,0.0247836881492834,0.0123918440746417,-0.646719053471309,0.0767662861648191
"anchor_06","HOG:0028766","FPRA","root","T3",28.4898614550509,"root::T3",4,149,141,8,0.946308724832215,-0.643194420640665,0.0124826986094059,0.00624134930470297,-0.591551293535324,0.00939634650497116
"anchor_06","HOG:0028766","FPRA","root","T4",42.7313175218636,"root::T4",4,149,141,8,0.946308724832215,-0.642620325226214,0.0613379700290273,0.0306689850145137,-0.623005972402743,0.0336602021232195
"anchor_06","HOG:0028766","FPRA","root","T5",56.4998699010652,"root::T5",4,149,141,8,0.946308724832215,-0.618177987781756,0.0291870004803725,0.0145935002401863,-0.649840788301525,0.0238229152190585
"anchor_07","HOG:0011862","BDIS","leaf","T1",7.47957433613505,"leaf::T1",4,151,138,13,0.913907284768212,0.758687665038432,0.0238563021865109,0.0119281510932555,0.737896968346557,0.00836746757523861
"anchor_07","HOG:0011862","BDIS","leaf","T2",14.5,"leaf::T2",4,151,138,13,0.913907284768212,0.754507141566393,0.0352805185861189,0.0176402592930594,0.757655622083636,0.0261570248891394
"anchor_07","HOG:0011862","BDIS","leaf","T3",28.4898614550509,"leaf::T3",4,151,138,13,0.913907284768212,0.73056998023747,0.069867196791897,0.0349335983959485,0.756976556780058,0.0715802747453892
"anchor_07","HOG:0011862","BDIS","leaf","T4",42.7313175218636,"leaf::T4",4,151,138,13,0.913907284768212,0.710905940710186,0.0366885311363045,0.0183442655681522,0.712665924855673,0.0185886809594776
"anchor_07","HOG:0011862","BDIS","leaf","T5",56.4998699010652,"leaf::T5",4,151,138,13,0.913907284768212,0.621025615093741,0.0908330480126062,0.0454165240063031,0.634776406482993,0.0478489483290844
"anchor_07","HOG:0011862","BDIS","root","T1",7.47957433613505,"root::T1",4,151,138,13,0.913907284768212,-0.683388798752863,0.0503064889573167,0.0251532444786583,-0.678043368753841,0.0173719721516469
"anchor_07","HOG:0011862","BDIS","root","T2",14.5,"root::T2",4,151,138,13,0.913907284768212,-0.680154036816439,0.0192597480472623,0.00962987402363114,-0.672969813170381,0.00708184415203093
"anchor_07","HOG:0011862","BDIS","root","T3",28.4898614550509,"root::T3",4,151,138,13,0.913907284768212,-0.659716483455869,0.0344066765741387,0.0172033382870694,-0.641429700268748,0.0390955150781057
"anchor_07","HOG:0011862","BDIS","root","T4",42.7313175218636,"root::T4",4,151,138,13,0.913907284768212,-0.69069564024055,0.0224837467959892,0.0112418733979946,-0.657808728540793,0.0131429683578723
"anchor_07","HOG:0011862","BDIS","root","T5",56.4998699010652,"root::T5",4,151,138,13,0.913907284768212,-0.632924113275072,0.0297042044248955,0.0148521022124478,-0.606778705814023,0.0381655283491947
"anchor_07","HOG:0011862","BSYL","leaf","T1",7.47957433613505,"leaf::T1",4,151,97,54,0.642384105960265,0.871556540975304,0.01960633963974,0.00980316981987,0.830949457909817,0.0192546813569531
"anchor_07","HOG:0011862","BSYL","leaf","T2",14.5,"leaf::T2",4,151,97,54,0.642384105960265,0.86582948570201,0.0481023394443289,0.0240511697221644,0.815130125268756,0.0262660992551246
"anchor_07","HOG:0011862","BSYL","leaf","T3",28.4898614550509,"leaf::T3",4,151,97,54,0.642384105960265,0.756659447110474,0.0916509589619814,0.0458254794809907,0.753277631629712,0.0516854422301953
"anchor_07","HOG:0011862","BSYL","leaf","T4",42.7313175218636,"leaf::T4",4,151,97,54,0.642384105960265,0.63484128468365,0.0910742287327195,0.0455371143663598,0.640284831144638,0.0818148252834759
"anchor_07","HOG:0011862","BSYL","leaf","T5",56.4998699010652,"leaf::T5",4,151,97,54,0.642384105960265,0.568653372210766,0.111453106242474,0.055726553121237,0.574305607555165,0.0993154062863676
"anchor_07","HOG:0011862","BSYL","root","T1",7.47957433613505,"root::T1",4,151,97,54,0.642384105960265,-0.684038002557577,0.0166084519506208,0.00830422597531041,-0.592605160918956,0.109359330526185
"anchor_07","HOG:0011862","BSYL","root","T2",14.5,"root::T2",4,151,97,54,0.642384105960265,-0.710678900510511,0.0151385391337469,0.00756926956687344,-0.670069619684105,0.00884227958498013
"anchor_07","HOG:0011862","BSYL","root","T3",28.4898614550509,"root::T3",4,151,97,54,0.642384105960265,-0.709702154505216,0.0267183494246129,0.0133591747123065,-0.659531581678098,0.0182283313661716
"anchor_07","HOG:0011862","BSYL","root","T4",42.7313175218636,"root::T4",4,151,97,54,0.642384105960265,-0.630462799040871,0.0230612200327098,0.0115306100163549,-0.64160869088369,0.00474339889430383
"anchor_07","HOG:0011862","BSYL","root","T5",56.4998699010652,"root::T5",4,151,97,54,0.642384105960265,-0.70532083385221,0.186116543324295,0.0930582716621475,-0.666266232227865,0.00975974667044947
"anchor_07","HOG:0011862","HVUL","leaf","T1",7.47957433613505,"leaf::T1",4,151,118,33,0.781456953642384,1.08074281955687,0.0351748067534386,0.0175874033767193,1.23717320400117,0.0434313062193254
"anchor_07","HOG:0011862","HVUL","leaf","T2",14.5,"leaf::T2",4,151,118,33,0.781456953642384,0.925210317590052,0.0422974895281278,0.0211487447640639,1.10123241464366,0.029041451118769
"anchor_07","HOG:0011862","HVUL","leaf","T3",28.4898614550509,"leaf::T3",4,151,118,33,0.781456953642384,0.805528525248856,0.0860788579288971,0.0430394289644486,0.997528097510753,0.141398929993052
"anchor_07","HOG:0011862","HVUL","leaf","T4",42.7313175218636,"leaf::T4",4,151,118,33,0.781456953642384,0.784287235855672,0.056380985758587,0.0281904928792935,1.00224694141033,0.063653470589358
"anchor_07","HOG:0011862","HVUL","leaf","T5",56.4998699010652,"leaf::T5",4,151,118,33,0.781456953642384,0.518362691794029,0.105145252312305,0.0525726261561526,0.720773657799796,0.0893256016686744
"anchor_07","HOG:0011862","HVUL","root","T1",7.47957433613505,"root::T1",4,151,118,33,0.781456953642384,-0.60624554867786,0.0272916736888879,0.013645836844444,-0.674490759476595,0
"anchor_07","HOG:0011862","HVUL","root","T2",14.5,"root::T2",4,151,118,33,0.781456953642384,-0.626568838183347,0.0203459081980573,0.0101729540990287,-0.667140007925233,0.0147015031027246
"anchor_07","HOG:0011862","HVUL","root","T3",28.4898614550509,"root::T3",4,151,118,33,0.781456953642384,-0.680546010822914,0.0966841829160002,0.0483420914580001,-0.650325013023315,0.027964688384143
"anchor_07","HOG:0011862","HVUL","root","T4",42.7313175218636,"root::T4",4,151,118,33,0.781456953642384,-0.651830421069269,0.0506580714143405,0.0253290357071703,-0.670232512689501,0.00851649357418843
"anchor_07","HOG:0011862","HVUL","root","T5",56.4998699010652,"root::T5",4,151,118,33,0.781456953642384,-0.58861627289853,0.0372428172756595,0.0186214086378297,-0.674490759476595,0
"anchor_07","HOG:0011862","HJUB","leaf","T1",7.47957433613505,"leaf::T1",4,151,141,10,0.933774834437086,0.7631065250899,0.0204761829966608,0.0102380914983304,0.754687830126624,0.0140990763543479
"anchor_07","HOG:0011862","HJUB","leaf","T2",14.5,"leaf::T2",4,151,141,10,0.933774834437086,0.785949864195067,0.0270545269152998,0.0135272634576499,0.743028183047713,0.038312939734096
"anchor_07","HOG:0011862","HJUB","leaf","T3",28.4898614550509,"leaf::T3",4,151,141,10,0.933774834437086,0.697329967818806,0.0298916210196057,0.0149458105098028,0.639866408005633,0.0312831230738145
"anchor_07","HOG:0011862","HJUB","leaf","T4",42.7313175218636,"leaf::T4",4,151,141,10,0.933774834437086,0.632147446269065,0.0182709413457022,0.00913547067285109,0.544722072586888,0.0202097345340163
"anchor_07","HOG:0011862","HJUB","leaf","T5",56.4998699010652,"leaf::T5",4,151,141,10,0.933774834437086,0.614905455389898,0.0365451450353308,0.0182725725176654,0.553513483611874,0.0201514401299036
"anchor_07","HOG:0011862","HJUB","root","T1",7.47957433613505,"root::T1",4,151,141,10,0.933774834437086,-0.716693823305166,0.0125315051276692,0.00626575256383462,-0.681090771292129,0.0091689468934011
"anchor_07","HOG:0011862","HJUB","root","T2",14.5,"root::T2",4,151,141,10,0.933774834437086,-0.723826015438985,0.0210519084726136,0.0105259542363068,-0.67646657779795,0.0168977203821869
"anchor_07","HOG:0011862","HJUB","root","T3",28.4898614550509,"root::T3",4,151,141,10,0.933774834437086,-0.707681757677113,0.030802219301851,0.0154011096509255,-0.686647712595963,0.00991764010014212
"anchor_07","HOG:0011862","HJUB","root","T4",42.7313175218636,"root::T4",4,151,141,10,0.933774834437086,-0.688331133673088,0.0151348688692081,0.00756743443460404,-0.657476328563739,0.0204485238310994
"anchor_07","HOG:0011862","HJUB","root","T5",56.4998699010652,"root::T5",4,151,141,10,0.933774834437086,-0.654273071910342,0.0123862207598867,0.00619311037994334,-0.595806864888308,0.0720379607839355
"anchor_07","HOG:0011862","BMAX","leaf","T1",7.47957433613505,"leaf::T1",4,151,117,34,0.774834437086093,0.828052795793363,0.060631887292252,0.030315943646126,0.759200749203934,0.0437666283414032
"anchor_07","HOG:0011862","BMAX","leaf","T2",14.5,"leaf::T2",4,151,117,34,0.774834437086093,0.955928351445077,0.0556206186002684,0.0278103093001342,0.891783542439348,0.035957135888655
"anchor_07","HOG:0011862","BMAX","leaf","T3",28.4898614550509,"leaf::T3",4,151,117,34,0.774834437086093,0.805942845824331,0.044555560484477,0.0222777802422385,0.665739200309268,0.0555765770251653
"anchor_07","HOG:0011862","BMAX","leaf","T4",42.7313175218636,"leaf::T4",4,151,117,34,0.774834437086093,0.663479631138302,0.0997894216177282,0.0498947108088641,0.559951866731019,0.115965839773249
"anchor_07","HOG:0011862","BMAX","leaf","T5",56.4998699010652,"leaf::T5",4,151,117,34,0.774834437086093,0.637264083710476,0.143277534676333,0.0716387673381667,0.556953594026969,0.134499314652499
"anchor_07","HOG:0011862","BMAX","root","T1",7.47957433613505,"root::T1",4,151,117,34,0.774834437086093,-0.662127831964912,0.0343784674274471,0.0171892337137235,-0.851728532354297,0.0640815924386531
"anchor_07","HOG:0011862","BMAX","root","T2",14.5,"root::T2",4,151,117,34,0.774834437086093,-0.732279117322057,0.0237486945275348,0.0118743472637674,-0.871515963106912,0.0482031409350046
"anchor_07","HOG:0011862","BMAX","root","T3",28.4898614550509,"root::T3",4,151,117,34,0.774834437086093,-0.641839965301542,0.0275171471760617,0.0137585735880309,-0.63435958182688,0.0579132410671105
"anchor_07","HOG:0011862","BMAX","root","T4",42.7313175218636,"root::T4",4,151,117,34,0.774834437086093,-0.621606852079748,0.0188208918173058,0.00941044590865288,-0.607707633835995,0.0192330573674474
"anchor_07","HOG:0011862","BMAX","root","T5",56.4998699010652,"root::T5",4,151,117,34,0.774834437086093,-0.546294225101468,0.0272390814032658,0.0136195407016329,-0.449177977507465,0.0738652817575983
"anchor_07","HOG:0011862","BMED","leaf","T1",7.47957433613505,"leaf::T1",4,151,121,30,0.801324503311258,0.739095444399889,0.0386001289843516,0.0193000644921758,0.579602576339923,0.0517925047152207
"anchor_07","HOG:0011862","BMED","leaf","T2",14.5,"leaf::T2",4,151,121,30,0.801324503311258,0.795233130448121,0.0586272164646182,0.0293136082323091,0.639991349624031,0.0426793168976795
"anchor_07","HOG:0011862","BMED","leaf","T3",28.4898614550509,"leaf::T3",4,151,121,30,0.801324503311258,0.764254121768218,0.0212134332057819,0.010606716602891,0.587596074281991,0.0432684295121146
"anchor_07","HOG:0011862","BMED","leaf","T4",42.7313175218636,"leaf::T4",4,151,121,30,0.801324503311258,0.796419120641975,0.0707925838529094,0.0353962919264547,0.575367473920187,0.0410800946414361
"anchor_07","HOG:0011862","BMED","leaf","T5",56.4998699010652,"leaf::T5",4,151,121,30,0.801324503311258,0.592690810604308,0.140248844850354,0.070124422425177,0.466351217592057,0.101680581939512
"anchor_07","HOG:0011862","BMED","root","T1",7.47957433613505,"root::T1",4,151,121,30,0.801324503311258,-0.617693220778981,0.0393091907937942,0.0196545953968971,-0.618619382471984,0.19206532721039
"anchor_07","HOG:0011862","BMED","root","T2",14.5,"root::T2",4,151,121,30,0.801324503311258,-0.607332254481811,0.00914378268575535,0.00457189134287767,-0.768430276313713,0.0313857571753027
"anchor_07","HOG:0011862","BMED","root","T3",28.4898614550509,"root::T3",4,151,121,30,0.801324503311258,-0.650676540481013,0.0193270353906381,0.00966351769531905,-0.791816372681619,0.00964153854562967
"anchor_07","HOG:0011862","BMED","root","T4",42.7313175218636,"root::T4",4,151,121,30,0.801324503311258,-0.644464943653915,0.0203610092166755,0.0101805046083377,-0.772932675299095,0.0194452184883535
"anchor_07","HOG:0011862","BMED","root","T5",56.4998699010652,"root::T5",4,151,121,30,0.801324503311258,-0.671546935835065,0.0298814703990177,0.0149407351995088,-0.792013572409711,0.0139564796860668
"anchor_07","HOG:0011862","VBRO","leaf","T1",7.47957433613505,"leaf::T1",4,151,127,24,0.841059602649007,0.978656406304172,0.0421516056888816,0.0210758028444408,1.22967635632538,0.0398255307069535
"anchor_07","HOG:0011862","VBRO","leaf","T2",14.5,"leaf::T2",4,151,127,24,0.841059602649007,0.946218411927714,0.0428601490854595,0.0214300745427298,1.22611140784308,0.043220968309307
"anchor_07","HOG:0011862","VBRO","leaf","T3",28.4898614550509,"leaf::T3",3,151,127,24,0.841059602649007,0.83289690432638,0.228073222454393,0.131678136378989,1.12408225692207,0.188773482623808
"anchor_07","HOG:0011862","VBRO","leaf","T4",42.7313175218636,"leaf::T4",4,151,127,24,0.841059602649007,0.69409355638673,0.225964036951964,0.112982018475982,0.903556221763358,0.254341933775021
"anchor_07","HOG:0011862","VBRO","leaf","T5",56.4998699010652,"leaf::T5",4,151,127,24,0.841059602649007,0.701310585551531,0.0400266436978101,0.020013321848905,0.95843339263157,0.0311659839662006
"anchor_07","HOG:0011862","VBRO","root","T1",7.47957433613505,"root::T1",4,151,127,24,0.841059602649007,-0.632637725380339,0.0127608447311697,0.00638042236558484,-0.627684531607761,0.0160537197035568
"anchor_07","HOG:0011862","VBRO","root","T2",14.5,"root::T2",4,151,127,24,0.841059602649007,-0.629471292624771,0.0297132974947654,0.0148566487473827,-0.608363473998325,0.039232279147929
"anchor_07","HOG:0011862","VBRO","root","T3",28.4898614550509,"root::T3",3,151,127,24,0.841059602649007,-0.597978000983154,0.0334325610574019,0.0193022981261896,-0.629748298826991,0.0404244080382451
"anchor_07","HOG:0011862","VBRO","root","T4",42.7313175218636,"root::T4",4,151,127,24,0.841059602649007,-0.656247016268321,0.0197058000919597,0.00985290004597984,-0.615529405972745,0.0301075063361899
"anchor_07","HOG:0011862","VBRO","root","T5",56.4998699010652,"root::T5",4,151,127,24,0.841059602649007,-0.617432170859199,0.0403213187690228,0.0201606593845114,-0.631113732571513,0.0291769586335885
"anchor_07","HOG:0011862","FPRA","leaf","T1",7.47957433613505,"leaf::T1",4,151,143,8,0.947019867549669,0.893767016374905,0.0757805854059411,0.0378902927029706,0.991626688327224,0.0905447045666427
"anchor_07","HOG:0011862","FPRA","leaf","T2",14.5,"leaf::T2",4,151,143,8,0.947019867549669,0.843563413990103,0.0588409694961822,0.0294204847480911,0.943321073879637,0.087033328493157
"anchor_07","HOG:0011862","FPRA","leaf","T3",28.4898614550509,"leaf::T3",4,151,143,8,0.947019867549669,0.825419042742167,0.076277948874541,0.0381389744372705,0.924876669864297,0.075771410861412
"anchor_07","HOG:0011862","FPRA","leaf","T4",42.7313175218636,"leaf::T4",4,151,143,8,0.947019867549669,0.775747005950395,0.0903342528568708,0.0451671264284354,0.911536184682372,0.0964175436905975
"anchor_07","HOG:0011862","FPRA","leaf","T5",56.4998699010652,"leaf::T5",4,151,143,8,0.947019867549669,0.620288784588714,0.13029408365391,0.065147041826955,0.734250821594623,0.113556704522891
"anchor_07","HOG:0011862","FPRA","root","T1",7.47957433613505,"root::T1",4,151,143,8,0.947019867549669,-0.619926233210621,0.028203934746857,0.0141019673734285,-0.660920165596391,0.00432957973012286
"anchor_07","HOG:0011862","FPRA","root","T2",14.5,"root::T2",4,151,143,8,0.947019867549669,-0.62858529399027,0.0295345930991045,0.0147672965495523,-0.674490759476595,0
"anchor_07","HOG:0011862","FPRA","root","T3",28.4898614550509,"root::T3",4,151,143,8,0.947019867549669,-0.653427567145651,0.0168770130517883,0.00843850652589414,-0.665416131016084,0.0181492569210223
"anchor_07","HOG:0011862","FPRA","root","T4",42.7313175218636,"root::T4",4,151,143,8,0.947019867549669,-0.650536647735748,0.0679187420547136,0.0339593710273568,-0.66419079053796,0.0205999378772707
"anchor_07","HOG:0011862","FPRA","root","T5",56.4998699010652,"root::T5",4,151,143,8,0.947019867549669,-0.613584290053074,0.034466514847685,0.0172332574238425,-0.667165026120458,0.0146514667122749
"anchor_08","HOG:0006123","BDIS","leaf","T1",7.47957433613505,"leaf::T1",4,149,132,17,0.885906040268456,0.747347614797417,0.0266778738124156,0.0133389369062078,0.673420379099884,0.0190863796350439
"anchor_08","HOG:0006123","BDIS","leaf","T2",14.5,"leaf::T2",4,149,132,17,0.885906040268456,0.725447967533704,0.0273076249485463,0.0136538124742731,0.631730235984963,0.0184865391821462
"anchor_08","HOG:0006123","BDIS","leaf","T3",28.4898614550509,"leaf::T3",4,149,132,17,0.885906040268456,0.717666196994696,0.0577967818733936,0.0288983909366968,0.67702146294279,0.0143465097593094
"anchor_08","HOG:0006123","BDIS","leaf","T4",42.7313175218636,"leaf::T4",4,149,132,17,0.885906040268456,0.709303377984153,0.02816601456477,0.014083007282385,0.657076935952983,0.0108553787418704
"anchor_08","HOG:0006123","BDIS","leaf","T5",56.4998699010652,"leaf::T5",4,149,132,17,0.885906040268456,0.632757815354479,0.0804690387436984,0.0402345193718492,0.646222192263979,0.0447057556318197
"anchor_08","HOG:0006123","BDIS","root","T1",7.47957433613505,"root::T1",4,149,132,17,0.885906040268456,-0.685580139657181,0.0507135521430806,0.0253567760715403,-0.704089155174027,0.0182442090134807
"anchor_08","HOG:0006123","BDIS","root","T2",14.5,"root::T2",4,149,132,17,0.885906040268456,-0.695643661849271,0.0179753378705221,0.00898766893526106,-0.710232155927063,0.0184328885552429
"anchor_08","HOG:0006123","BDIS","root","T3",28.4898614550509,"root::T3",4,149,132,17,0.885906040268456,-0.66790570437405,0.0382186945848384,0.0191093472924192,-0.700064520371141,0.00848162996751869
"anchor_08","HOG:0006123","BDIS","root","T4",42.7313175218636,"root::T4",4,149,132,17,0.885906040268456,-0.689157620995824,0.0216453671794737,0.0108226835897369,-0.689572594571501,0.026994091297724
"anchor_08","HOG:0006123","BDIS","root","T5",56.4998699010652,"root::T5",4,149,132,17,0.885906040268456,-0.635331781018399,0.0282597218311744,0.0141298609155872,-0.636251527758518,0.0431111068509905
"anchor_08","HOG:0006123","BSYL","leaf","T1",7.47957433613505,"leaf::T1",4,149,90,59,0.604026845637584,0.832990672396026,0.0186652988986294,0.00933264944931471,0.813324275248825,0.0324501863016111
"anchor_08","HOG:0006123","BSYL","leaf","T2",14.5,"leaf::T2",4,149,90,59,0.604026845637584,0.813508922124835,0.0410007049380018,0.0205003524690009,0.768859232146696,0.0387104031612316
"anchor_08","HOG:0006123","BSYL","leaf","T3",28.4898614550509,"leaf::T3",4,149,90,59,0.604026845637584,0.721636951980271,0.0801761199686248,0.0400880599843124,0.76577272605164,0.038321815729809
"anchor_08","HOG:0006123","BSYL","leaf","T4",42.7313175218636,"leaf::T4",4,149,90,59,0.604026845637584,0.623220222304493,0.0853651757859149,0.0426825878929575,0.686146859744477,0.055703963237697
"anchor_08","HOG:0006123","BSYL","leaf","T5",56.4998699010652,"leaf::T5",4,149,90,59,0.604026845637584,0.574890942520212,0.107361690249609,0.0536808451248043,0.682400537274978,0.0830263184646796
"anchor_08","HOG:0006123","BSYL","root","T1",7.47957433613505,"root::T1",4,149,90,59,0.604026845637584,-0.697471773628559,0.0230420628742118,0.0115210314371059,-0.62762716299324,0.0424607110624423
"anchor_08","HOG:0006123","BSYL","root","T2",14.5,"root::T2",4,149,90,59,0.604026845637584,-0.726701313676428,0.0197162455307944,0.00985812276539718,-0.655879513490359,0.00962412286040268
"anchor_08","HOG:0006123","BSYL","root","T3",28.4898614550509,"root::T3",4,149,90,59,0.604026845637584,-0.721106936292103,0.0308774870792858,0.0154387435396429,-0.637577834318708,0.0374513977724887
"anchor_08","HOG:0006123","BSYL","root","T4",42.7313175218636,"root::T4",4,149,90,59,0.604026845637584,-0.631860556608992,0.021148518636642,0.010574259318321,-0.631049251646597,0.0230537066007806
"anchor_08","HOG:0006123","BSYL","root","T5",56.4998699010652,"root::T5",4,149,90,59,0.604026845637584,-0.703032878922611,0.194072259482919,0.0970361297414595,-0.689205051188936,0.0716420262726817
"anchor_08","HOG:0006123","HVUL","leaf","T1",7.47957433613505,"leaf::T1",4,149,118,31,0.791946308724832,1.03764084195782,0.028691134566874,0.014345567283437,0.983962220340577,0.0135699166332254
"anchor_08","HOG:0006123","HVUL","leaf","T2",14.5,"leaf::T2",4,149,118,31,0.791946308724832,0.871794288328928,0.0489191033607471,0.0244595516803736,0.879429519074075,0.0745470200443491
"anchor_08","HOG:0006123","HVUL","leaf","T3",28.4898614550509,"leaf::T3",4,149,118,31,0.791946308724832,0.786680180591823,0.0778834221448554,0.0389417110724277,0.804944316149199,0.0489045002357415
"anchor_08","HOG:0006123","HVUL","leaf","T4",42.7313175218636,"leaf::T4",4,149,118,31,0.791946308724832,0.776041581611553,0.0520940809540584,0.0260470404770292,0.789594580875455,0.0375388757963102
"anchor_08","HOG:0006123","HVUL","leaf","T5",56.4998699010652,"leaf::T5",4,149,118,31,0.791946308724832,0.527681511099473,0.0978155411188728,0.0489077705594364,0.641899829630046,0.051876288785636
"anchor_08","HOG:0006123","HVUL","root","T1",7.47957433613505,"root::T1",4,149,118,31,0.791946308724832,-0.616912681760198,0.0310396601877537,0.0155198300938768,-0.608056135999008,0.0262665258701697
"anchor_08","HOG:0006123","HVUL","root","T2",14.5,"root::T2",4,149,118,31,0.791946308724832,-0.636004943437825,0.026298485657998,0.013149242828999,-0.60726577978042,0.0247284861385885
"anchor_08","HOG:0006123","HVUL","root","T3",28.4898614550509,"root::T3",4,149,118,31,0.791946308724832,-0.708003179727069,0.125355667058363,0.0626778335291815,-0.651260358668273,0.0963872749700637
"anchor_08","HOG:0006123","HVUL","root","T4",42.7313175218636,"root::T4",4,149,118,31,0.791946308724832,-0.669644610516805,0.0539804756603674,0.0269902378301837,-0.645876325091034,0.0441448768972223
"anchor_08","HOG:0006123","HVUL","root","T5",56.4998699010652,"root::T5",4,149,118,31,0.791946308724832,-0.600394680980856,0.0414297006235076,0.0207148503117538,-0.638942266341559,0.0270543223234858
"anchor_08","HOG:0006123","HJUB","leaf","T1",7.47957433613505,"leaf::T1",4,149,142,7,0.953020134228188,0.733411319806406,0.0172438505916321,0.00862192529581605,0.722843824079456,0.0166005400287142
"anchor_08","HOG:0006123","HJUB","leaf","T2",14.5,"leaf::T2",4,149,142,7,0.953020134228188,0.757242541892303,0.0295725057858532,0.0147862528929266,0.713657960459297,0.0265067578818069
"anchor_08","HOG:0006123","HJUB","leaf","T3",28.4898614550509,"leaf::T3",4,149,142,7,0.953020134228188,0.685098121312672,0.0269455916788025,0.0134727958394012,0.664739273350204,0.0166444952678738
"anchor_08","HOG:0006123","HJUB","leaf","T4",42.7313175218636,"leaf::T4",4,149,142,7,0.953020134228188,0.637707827112224,0.0166684615736144,0.00833423078680722,0.634755438731425,0.0229297684864394
"anchor_08","HOG:0006123","HJUB","leaf","T5",56.4998699010652,"leaf::T5",4,149,142,7,0.953020134228188,0.621913943446037,0.0329162445639393,0.0164581222819696,0.60708070504384,0.0245736789794175
"anchor_08","HOG:0006123","HJUB","root","T1",7.47957433613505,"root::T1",4,149,142,7,0.953020134228188,-0.733775143312506,0.0153267254083962,0.00766336270419809,-0.685364595698565,0.00372500201859979
"anchor_08","HOG:0006123","HJUB","root","T2",14.5,"root::T2",4,149,142,7,0.953020134228188,-0.740226429279415,0.0243028507796996,0.0121514253898498,-0.676117995065013,0.0134085018187754
"anchor_08","HOG:0006123","HJUB","root","T3",28.4898614550509,"root::T3",4,149,142,7,0.953020134228188,-0.728126713858236,0.0320671876809259,0.016033593840463,-0.684737371535899,0.01203305424629
"anchor_08","HOG:0006123","HJUB","root","T4",42.7313175218636,"root::T4",4,149,142,7,0.953020134228188,-0.678821745273181,0.0208500061970675,0.0104250030985337,-0.669580563269666,0.00808724212099434
"anchor_08","HOG:0006123","HJUB","root","T5",56.4998699010652,"root::T5",4,149,142,7,0.953020134228188,-0.668012371642137,0.0125748623678014,0.00628743118390071,-0.615731614225422,0.0327097406856408
"anchor_08","HOG:0006123","BMAX","leaf","T1",7.47957433613505,"leaf::T1",4,149,127,22,0.852348993288591,0.788326734868304,0.0512126819853011,0.0256063409926506,0.684800775767995,0.0205542365174809
"anchor_08","HOG:0006123","BMAX","leaf","T2",14.5,"leaf::T2",4,149,127,22,0.852348993288591,0.891562320906105,0.0466863848279205,0.0233431924139603,0.780765258810197,0.036885652829126
"anchor_08","HOG:0006123","BMAX","leaf","T3",28.4898614550509,"leaf::T3",4,149,127,22,0.852348993288591,0.789351130773672,0.04201332455349,0.021006662276745,0.68340582887307,0.0229055042298397
"anchor_08","HOG:0006123","BMAX","leaf","T4",42.7313175218636,"leaf::T4",4,149,127,22,0.852348993288591,0.670393905632164,0.0829032638099092,0.0414516319049546,0.663528577743315,0.0570615297034823
"anchor_08","HOG:0006123","BMAX","leaf","T5",56.4998699010652,"leaf::T5",4,149,127,22,0.852348993288591,0.629528879525507,0.122207766560205,0.0611038832801025,0.618233299336493,0.0967035605726797
"anchor_08","HOG:0006123","BMAX","root","T1",7.47957433613505,"root::T1",4,149,127,22,0.852348993288591,-0.654306254467964,0.0375335313352691,0.0187667656676346,-0.68607427633126,0.0242666785225264
"anchor_08","HOG:0006123","BMAX","root","T2",14.5,"root::T2",4,149,127,22,0.852348993288591,-0.742715444393497,0.0298507658356409,0.0149253829178204,-0.6892592575249,0.012512339698097
"anchor_08","HOG:0006123","BMAX","root","T3",28.4898614550509,"root::T3",4,149,127,22,0.852348993288591,-0.663628762847601,0.0268548464298139,0.013427423214907,-0.639462735666489,0.0219044883963074
"anchor_08","HOG:0006123","BMAX","root","T4",42.7313175218636,"root::T4",4,149,127,22,0.852348993288591,-0.640864904984017,0.0210370949244031,0.0105185474622015,-0.601689882785503,0.044450778529598
"anchor_08","HOG:0006123","BMAX","root","T5",56.4998699010652,"root::T5",4,149,127,22,0.852348993288591,-0.566235804335504,0.0391004969913427,0.0195502484956713,-0.561090842886922,0.0519148519075762
"anchor_08","HOG:0006123","BMED","leaf","T1",7.47957433613505,"leaf::T1",4,149,131,18,0.879194630872483,0.740593976037078,0.0417082896287858,0.0208541448143929,0.629357957733613,0.0531360320743027
"anchor_08","HOG:0006123","BMED","leaf","T2",14.5,"leaf::T2",4,149,131,18,0.879194630872483,0.79093545721874,0.0588868832400277,0.0294434416200138,0.668001359319968,0.0377301677198466
"anchor_08","HOG:0006123","BMED","leaf","T3",28.4898614550509,"leaf::T3",4,149,131,18,0.879194630872483,0.760611566559007,0.0102569556677418,0.0051284778338709,0.65424585878569,0.0208427224949025
"anchor_08","HOG:0006123","BMED","leaf","T4",42.7313175218636,"leaf::T4",4,149,131,18,0.879194630872483,0.799924091270625,0.0650672952481958,0.0325336476240979,0.655711854368053,0.0137493610056688
"anchor_08","HOG:0006123","BMED","leaf","T5",56.4998699010652,"leaf::T5",4,149,131,18,0.879194630872483,0.59896280573505,0.147836861070433,0.0739184305352167,0.558964151412952,0.0984887088700142
"anchor_08","HOG:0006123","BMED","root","T1",7.47957433613505,"root::T1",4,149,131,18,0.879194630872483,-0.631431824698673,0.023087374744397,0.0115436873721985,-0.680413646925167,0.170697841375392
"anchor_08","HOG:0006123","BMED","root","T2",14.5,"root::T2",4,149,131,18,0.879194630872483,-0.595527759554416,0.00842659821720871,0.00421329910860436,-0.701323094446632,0.0301481599903551
"anchor_08","HOG:0006123","BMED","root","T3",28.4898614550509,"root::T3",4,149,131,18,0.879194630872483,-0.642022945368653,0.0167206638716795,0.00836033193583977,-0.698137818659349,0.0181178591128228
"anchor_08","HOG:0006123","BMED","root","T4",42.7313175218636,"root::T4",4,149,131,18,0.879194630872483,-0.640609425672878,0.0260475578637752,0.0130237789318876,-0.748619564400523,0.0287365881920943
"anchor_08","HOG:0006123","BMED","root","T5",56.4998699010652,"root::T5",4,149,131,18,0.879194630872483,-0.669137034935089,0.0355256458995437,0.0177628229497719,-0.77477352015221,0.0297951210370823
"anchor_08","HOG:0006123","VBRO","leaf","T1",7.47957433613505,"leaf::T1",4,149,126,23,0.845637583892617,0.905999695953661,0.0236146606420807,0.0118073303210403,0.915948376763197,0.039537448523847
"anchor_08","HOG:0006123","VBRO","leaf","T2",14.5,"leaf::T2",4,149,126,23,0.845637583892617,0.877587225957418,0.0354002917039043,0.0177001458519521,0.902068594303834,0.0639776786240071
"anchor_08","HOG:0006123","VBRO","leaf","T3",28.4898614550509,"leaf::T3",3,149,126,23,0.845637583892617,0.768727136523796,0.198083489683952,0.11436355609105,0.816366075005889,0.196798437559255
"anchor_08","HOG:0006123","VBRO","leaf","T4",42.7313175218636,"leaf::T4",4,149,126,23,0.845637583892617,0.675599687000082,0.192394842836521,0.0961974214182605,0.792344418975002,0.100945250585556
"anchor_08","HOG:0006123","VBRO","leaf","T5",56.4998699010652,"leaf::T5",4,149,126,23,0.845637583892617,0.661617044319121,0.0486922111673722,0.0243461055836861,0.754576810206022,0.0308956557977723
"anchor_08","HOG:0006123","VBRO","root","T1",7.47957433613505,"root::T1",4,149,126,23,0.845637583892617,-0.675579251585256,0.00948287953708982,0.00474143976854491,-0.659470678136661,0.0228241944396303
"anchor_08","HOG:0006123","VBRO","root","T2",14.5,"root::T2",4,149,126,23,0.845637583892617,-0.66489700806189,0.039996480071432,0.019998240035716,-0.643747445903617,0.0247898105809738
"anchor_08","HOG:0006123","VBRO","root","T3",28.4898614550509,"root::T3",3,149,126,23,0.845637583892617,-0.597174029732738,0.0898939156387213,0.0519002763925252,-0.611819314206027,0.0138676653925163
"anchor_08","HOG:0006123","VBRO","root","T4",42.7313175218636,"root::T4",4,149,126,23,0.845637583892617,-0.690658763755553,0.0328355147570113,0.0164177573785057,-0.655522342709992,0.0229008095961291
"anchor_08","HOG:0006123","VBRO","root","T5",56.4998699010652,"root::T5",4,149,126,23,0.845637583892617,-0.634805581967922,0.0777048465225765,0.0388524232612883,-0.651795026137615,0.0198458429826573
"anchor_08","HOG:0006123","FPRA","leaf","T1",7.47957433613505,"leaf::T1",4,149,140,9,0.939597315436242,0.877285527710705,0.0600789465886788,0.0300394732943394,0.873101869804734,0.0389476253480441
"anchor_08","HOG:0006123","FPRA","leaf","T2",14.5,"leaf::T2",4,149,140,9,0.939597315436242,0.802201870700655,0.0533797716383943,0.0266898858191971,0.788185025875012,0.0609139752961653
"anchor_08","HOG:0006123","FPRA","leaf","T3",28.4898614550509,"leaf::T3",4,149,140,9,0.939597315436242,0.810422797361382,0.0637675699506741,0.0318837849753371,0.810101093521662,0.0587791809566112
"anchor_08","HOG:0006123","FPRA","leaf","T4",42.7313175218636,"leaf::T4",4,149,140,9,0.939597315436242,0.768766491373445,0.0755115570046691,0.0377557785023345,0.803864225579406,0.0688708214047755
"anchor_08","HOG:0006123","FPRA","leaf","T5",56.4998699010652,"leaf::T5",4,149,140,9,0.939597315436242,0.631255586626817,0.129593530575627,0.0647967652878135,0.696702614169326,0.0758958707779144
"anchor_08","HOG:0006123","FPRA","root","T1",7.47957433613505,"root::T1",4,149,140,9,0.939597315436242,-0.627462262301103,0.0296527864065488,0.0148263932032744,-0.640015507151418,0.0192467122278966
"anchor_08","HOG:0006123","FPRA","root","T2",14.5,"root::T2",4,149,140,9,0.939597315436242,-0.641333549946064,0.0406911797952373,0.0203455898976187,-0.664894597744674,0.0147075824052768
"anchor_08","HOG:0006123","FPRA","root","T3",28.4898614550509,"root::T3",4,149,140,9,0.939597315436242,-0.664786107739514,0.01744165959599,0.00872082979799498,-0.666615826813899,0.0239994701615302
"anchor_08","HOG:0006123","FPRA","root","T4",42.7313175218636,"root::T4",4,149,140,9,0.939597315436242,-0.669301463231781,0.0720116404406747,0.0360058202203373,-0.653931144052241,0.0177354231354645
"anchor_08","HOG:0006123","FPRA","root","T5",56.4998699010652,"root::T5",4,149,140,9,0.939597315436242,-0.628795214150151,0.0353126160384851,0.0176563080192425,-0.661790103940264,0.00972938396783609
"anchor_09","HOG:0029484","BDIS","leaf","T1",7.47957433613505,"leaf::T1",4,140,120,20,0.857142857142857,0.787876305279498,0.0196812823496173,0.00984064117480865,0.819596348165451,0.0296886531570145
"anchor_09","HOG:0029484","BDIS","leaf","T2",14.5,"leaf::T2",4,140,120,20,0.857142857142857,0.78408202648587,0.0314037308391528,0.0157018654195764,0.849576661977445,0.0533366335408258
"anchor_09","HOG:0029484","BDIS","leaf","T3",28.4898614550509,"leaf::T3",4,140,120,20,0.857142857142857,0.759745348416234,0.0668439802163573,0.0334219901081787,0.815866196914523,0.117840864794216
"anchor_09","HOG:0029484","BDIS","leaf","T4",42.7313175218636,"leaf::T4",4,140,120,20,0.857142857142857,0.730021981355651,0.0396052931018239,0.019802646550912,0.740487489546592,0.0652394995784189
"anchor_09","HOG:0029484","BDIS","leaf","T5",56.4998699010652,"leaf::T5",4,140,120,20,0.857142857142857,0.619792998524042,0.100919572591295,0.0504597862956473,0.614118732154646,0.15501578003864
"anchor_09","HOG:0029484","BDIS","root","T1",7.47957433613505,"root::T1",4,140,120,20,0.857142857142857,-0.643561297820399,0.0471965888996496,0.0235982944498248,-0.509421259340925,0.0524085947725428
"anchor_09","HOG:0029484","BDIS","root","T2",14.5,"root::T2",4,140,120,20,0.857142857142857,-0.660730524782265,0.0138197704257104,0.00690988521285518,-0.668797161558726,0.0540619915937313
"anchor_09","HOG:0029484","BDIS","root","T3",28.4898614550509,"root::T3",4,140,120,20,0.857142857142857,-0.645175094214782,0.0276956996685065,0.0138478498342532,-0.57795082554361,0.149432174219073
"anchor_09","HOG:0029484","BDIS","root","T4",42.7313175218636,"root::T4",4,140,120,20,0.857142857142857,-0.653356978869753,0.0321114779791451,0.0160557389895725,-0.544871241902427,0.100327454008182
"anchor_09","HOG:0029484","BDIS","root","T5",56.4998699010652,"root::T5",4,140,120,20,0.857142857142857,-0.632535454404184,0.0284290436176304,0.0142145218088152,-0.584721131630877,0.0681464421772345
"anchor_09","HOG:0029484","BSYL","leaf","T1",7.47957433613505,"leaf::T1",4,140,101,39,0.721428571428571,0.917574190800801,0.0237925822067698,0.0118962911033849,1.20598744711887,0.0297399116289845
"anchor_09","HOG:0029484","BSYL","leaf","T2",14.5,"leaf::T2",4,140,101,39,0.721428571428571,0.912644935098932,0.0468063234097626,0.0234031617048813,1.18039343874383,0.059881377785366
"anchor_09","HOG:0029484","BSYL","leaf","T3",28.4898614550509,"leaf::T3",4,140,101,39,0.721428571428571,0.800933344050299,0.0988323185731812,0.0494161592865906,1.10145983518893,0.105729213594816
"anchor_09","HOG:0029484","BSYL","leaf","T4",42.7313175218636,"leaf::T4",4,140,101,39,0.721428571428571,0.651923028499949,0.10253871060042,0.0512693553002099,0.866927644672275,0.143356846823395
"anchor_09","HOG:0029484","BSYL","leaf","T5",56.4998699010652,"leaf::T5",4,140,101,39,0.721428571428571,0.565756642452048,0.120628834710381,0.0603144173551907,0.713067681542096,0.186881072675625
"anchor_09","HOG:0029484","BSYL","root","T1",7.47957433613505,"root::T1",4,140,101,39,0.721428571428571,-0.645070007536761,0.0144359471329176,0.00721797356645882,-0.537388593177992,0.0186112804762569
"anchor_09","HOG:0029484","BSYL","root","T2",14.5,"root::T2",4,140,101,39,0.721428571428571,-0.677472467137868,0.0118874332254223,0.00594371661271113,-0.597232332194595,0.0452376346822455
"anchor_09","HOG:0029484","BSYL","root","T3",28.4898614550509,"root::T3",4,140,101,39,0.721428571428571,-0.678059297771677,0.0276086782408547,0.0138043391204274,-0.57231865072136,0.0606998033364354
"anchor_09","HOG:0029484","BSYL","root","T4",42.7313175218636,"root::T4",4,140,101,39,0.721428571428571,-0.620262628374704,0.027753028288274,0.013876514144137,-0.553320815083783,0.044920310843019
"anchor_09","HOG:0029484","BSYL","root","T5",56.4998699010652,"root::T5",4,140,101,39,0.721428571428571,-0.747252532146429,0.265769749871555,0.132884874935778,-0.601613614112323,0.215062475539376
"anchor_09","HOG:0029484","HVUL","leaf","T1",7.47957433613505,"leaf::T1",4,140,122,18,0.871428571428571,1.12562017803803,0.0350588445581966,0.0175294222790983,1.09432237843922,0.0455639388087714
"anchor_09","HOG:0029484","HVUL","leaf","T2",14.5,"leaf::T2",4,140,122,18,0.871428571428571,0.94179905396011,0.0630402137530205,0.0315201068765103,0.870763507618817,0.0842088322813489
"anchor_09","HOG:0029484","HVUL","leaf","T3",28.4898614550509,"leaf::T3",4,140,122,18,0.871428571428571,0.81599490872368,0.0958593729025088,0.0479296864512544,0.772912219405763,0.12387613656083
"anchor_09","HOG:0029484","HVUL","leaf","T4",42.7313175218636,"leaf::T4",4,140,122,18,0.871428571428571,0.800138750502766,0.0617431107274161,0.030871555363708,0.777937691464378,0.0737622790745004
"anchor_09","HOG:0029484","HVUL","leaf","T5",56.4998699010652,"leaf::T5",4,140,122,18,0.871428571428571,0.526518312720197,0.125170799004383,0.0625853995021917,0.521042547427234,0.156300095857592
"anchor_09","HOG:0029484","HVUL","root","T1",7.47957433613505,"root::T1",4,140,122,18,0.871428571428571,-0.575247084426161,0.0252535128368225,0.0126267564184112,-0.483895846601463,0.09550784828573
"anchor_09","HOG:0029484","HVUL","root","T2",14.5,"root::T2",4,140,122,18,0.871428571428571,-0.613495579246108,0.0305038261331805,0.0152519130665902,-0.544774762011532,0.074215124043679
"anchor_09","HOG:0029484","HVUL","root","T3",28.4898614550509,"root::T3",4,140,122,18,0.871428571428571,-0.725576233602608,0.206170285648014,0.103085142824007,-0.728063550567001,0.160318185912455
"anchor_09","HOG:0029484","HVUL","root","T4",42.7313175218636,"root::T4",4,140,122,18,0.871428571428571,-0.649904145097136,0.0510016806570071,0.0255008403285035,-0.635261143372772,0.0284625786734591
"anchor_09","HOG:0029484","HVUL","root","T5",56.4998699010652,"root::T5",4,140,122,18,0.871428571428571,-0.577473638614259,0.0472779301495799,0.0236389650747899,-0.646478480716214,0.0572059489616471
"anchor_09","HOG:0029484","HJUB","leaf","T1",7.47957433613505,"leaf::T1",4,140,128,12,0.914285714285714,0.792402438790662,0.0253030096740304,0.0126515048370152,0.854976326299674,0.0314502423998549
"anchor_09","HOG:0029484","HJUB","leaf","T2",14.5,"leaf::T2",4,140,128,12,0.914285714285714,0.81476569888014,0.026184003988735,0.0130920019943675,0.843708133564048,0.0470034386517546
"anchor_09","HOG:0029484","HJUB","leaf","T3",28.4898614550509,"leaf::T3",4,140,128,12,0.914285714285714,0.708233723553179,0.0313976087505328,0.0156988043752664,0.704381018069105,0.0630036051009515
"anchor_09","HOG:0029484","HJUB","leaf","T4",42.7313175218636,"leaf::T4",4,140,128,12,0.914285714285714,0.618103855363105,0.0214658845515525,0.0107329422757762,0.570839296874893,0.018382608849565
"anchor_09","HOG:0029484","HJUB","leaf","T5",56.4998699010652,"leaf::T5",4,140,128,12,0.914285714285714,0.601439089837305,0.0379510949658404,0.0189755474829202,0.623311886510702,0.0393713386267322
"anchor_09","HOG:0029484","HJUB","root","T1",7.47957433613505,"root::T1",4,140,128,12,0.914285714285714,-0.679673409521503,0.0145949583990711,0.00729747919953556,-0.575416136629524,0.0255482491546512
"anchor_09","HOG:0029484","HJUB","root","T2",14.5,"root::T2",4,140,128,12,0.914285714285714,-0.701288760132168,0.0241668672795459,0.0120834336397729,-0.680683499539126,0.0696484695745204
"anchor_09","HOG:0029484","HJUB","root","T3",28.4898614550509,"root::T3",4,140,128,12,0.914285714285714,-0.686038217311281,0.0322980512377716,0.0161490256188858,-0.66554725843374,0.0358237473247447
"anchor_09","HOG:0029484","HJUB","root","T4",42.7313175218636,"root::T4",4,140,128,12,0.914285714285714,-0.693835816089735,0.0144962854543673,0.00724814272718367,-0.717792206283895,0.0571515879682287
"anchor_09","HOG:0029484","HJUB","root","T5",56.4998699010652,"root::T5",4,140,128,12,0.914285714285714,-0.653560408358464,0.0175949700929463,0.00879748504647317,-0.68425463316823,0.0515965664426365
"anchor_09","HOG:0029484","BMAX","leaf","T1",7.47957433613505,"leaf::T1",4,140,123,17,0.878571428571429,0.870922615360938,0.0616426504837774,0.0308213252418887,0.912951050706563,0.04531803973722
"anchor_09","HOG:0029484","BMAX","leaf","T2",14.5,"leaf::T2",4,140,123,17,0.878571428571429,1.00944477499264,0.0607173326202449,0.0303586663101224,1.10727727082716,0.0469059679915273
"anchor_09","HOG:0029484","BMAX","leaf","T3",28.4898614550509,"leaf::T3",4,140,123,17,0.878571428571429,0.824472511397935,0.0540932890568015,0.0270466445284008,0.837642917464588,0.0626286962892788
"anchor_09","HOG:0029484","BMAX","leaf","T4",42.7313175218636,"leaf::T4",4,140,123,17,0.878571428571429,0.664047099845426,0.112879086887231,0.0564395434436154,0.747571911279035,0.192229704209654
"anchor_09","HOG:0029484","BMAX","leaf","T5",56.4998699010652,"leaf::T5",4,140,123,17,0.878571428571429,0.64499685540364,0.148079115943409,0.0740395579717046,0.660220369479106,0.132103321797014
"anchor_09","HOG:0029484","BMAX","root","T1",7.47957433613505,"root::T1",4,140,123,17,0.878571428571429,-0.611099914895573,0.0283820784822937,0.0141910392411468,-0.554742378637996,0.0327534572385676
"anchor_09","HOG:0029484","BMAX","root","T2",14.5,"root::T2",4,140,123,17,0.878571428571429,-0.703594694521085,0.0215125815535416,0.0107562907767708,-0.608672308941329,0.0419625515322256
"anchor_09","HOG:0029484","BMAX","root","T3",28.4898614550509,"root::T3",4,140,123,17,0.878571428571429,-0.651436147859109,0.0248117896043438,0.0124058948021719,-0.66072585896424,0.0391071812648989
"anchor_09","HOG:0029484","BMAX","root","T4",42.7313175218636,"root::T4",4,140,123,17,0.878571428571429,-0.651412831145982,0.022993359310201,0.0114966796551005,-0.719510792038431,0.0826238377737543
"anchor_09","HOG:0029484","BMAX","root","T5",56.4998699010652,"root::T5",4,140,123,17,0.878571428571429,-0.551048555837969,0.0380569625526067,0.0190284812763034,-0.568369701782095,0.114698501999718
"anchor_09","HOG:0029484","BMED","leaf","T1",7.47957433613505,"leaf::T1",4,140,104,36,0.742857142857143,0.768534082501588,0.0466365434767243,0.0233182717383621,0.787729171869371,0.0875441608516777
"anchor_09","HOG:0029484","BMED","leaf","T2",14.5,"leaf::T2",4,140,104,36,0.742857142857143,0.813040359463988,0.0608299050748058,0.0304149525374029,0.864104906134278,0.0452965379347956
"anchor_09","HOG:0029484","BMED","leaf","T3",28.4898614550509,"leaf::T3",4,140,104,36,0.742857142857143,0.782445056891677,0.0276466160270099,0.013823308013505,0.804344292124773,0.0356584213542259
"anchor_09","HOG:0029484","BMED","leaf","T4",42.7313175218636,"leaf::T4",4,140,104,36,0.742857142857143,0.815469115435646,0.0610303786108631,0.0305151893054315,0.805957101106194,0.0593047068318324
"anchor_09","HOG:0029484","BMED","leaf","T5",56.4998699010652,"leaf::T5",4,140,104,36,0.742857142857143,0.594640888695262,0.157819584734317,0.0789097923671586,0.482263969921485,0.229847170778056
"anchor_09","HOG:0029484","BMED","root","T1",7.47957433613505,"root::T1",4,140,104,36,0.742857142857143,-0.597590355746983,0.0368836965436083,0.0184418482718042,-0.457509290864339,0.216580732764143
"anchor_09","HOG:0029484","BMED","root","T2",14.5,"root::T2",4,140,104,36,0.742857142857143,-0.59743919347084,0.0178849066351298,0.00894245331756492,-0.474488037144707,0.142287705887245
"anchor_09","HOG:0029484","BMED","root","T3",28.4898614550509,"root::T3",4,140,104,36,0.742857142857143,-0.620799770268618,0.0261876901514264,0.0130938450757132,-0.360429109138654,0.0921867559941973
"anchor_09","HOG:0029484","BMED","root","T4",42.7313175218636,"root::T4",4,140,104,36,0.742857142857143,-0.632150478535332,0.026376778857785,0.0131883894288925,-0.610442542468505,0.136063797058132
"anchor_09","HOG:0029484","BMED","root","T5",56.4998699010652,"root::T5",4,140,104,36,0.742857142857143,-0.658947679565695,0.0298086998433391,0.0149043499216695,-0.54929285813421,0.13714678813082
"anchor_09","HOG:0029484","VBRO","leaf","T1",7.47957433613505,"leaf::T1",4,140,109,31,0.778571428571429,1.04635793771348,0.0430347210070762,0.0215173605035381,1.51153490142935,0.0537964930819679
"anchor_09","HOG:0029484","VBRO","leaf","T2",14.5,"leaf::T2",4,140,109,31,0.778571428571429,0.99718163034908,0.0524073766144843,0.0262036883072421,1.42982422536513,0.0484689004522385
"anchor_09","HOG:0029484","VBRO","leaf","T3",28.4898614550509,"leaf::T3",3,140,109,31,0.778571428571429,0.865646865050701,0.274729014347144,0.158614870387524,1.15299022209178,0.469614793166999
"anchor_09","HOG:0029484","VBRO","leaf","T4",42.7313175218636,"leaf::T4",4,140,109,31,0.778571428571429,0.720857198084059,0.255517107383942,0.127758553691971,0.964127044907265,0.414909396519762
"anchor_09","HOG:0029484","VBRO","leaf","T5",56.4998699010652,"leaf::T5",4,140,109,31,0.778571428571429,0.727615271786767,0.0329035195538569,0.0164517597769284,1.03230361185039,0.0860597519371491
"anchor_09","HOG:0029484","VBRO","root","T1",7.47957433613505,"root::T1",4,140,109,31,0.778571428571429,-0.578818178476169,0.00990912423171181,0.0049545621158559,-0.460225171618213,0.0403640016911184
"anchor_09","HOG:0029484","VBRO","root","T2",14.5,"root::T2",4,140,109,31,0.778571428571429,-0.600325721673889,0.023546027082157,0.0117730135410785,-0.507175160732272,0.114767674214543
"anchor_09","HOG:0029484","VBRO","root","T3",28.4898614550509,"root::T3",3,140,109,31,0.778571428571429,-0.596887358508793,0.0280140208263079,0.0161739024651526,-0.578065826031409,0.136237364743782
"anchor_09","HOG:0029484","VBRO","root","T4",42.7313175218636,"root::T4",4,140,109,31,0.778571428571429,-0.616658044880848,0.00989611957210008,0.00494805978605004,-0.498319455042743,0.0545897570689883
"anchor_09","HOG:0029484","VBRO","root","T5",56.4998699010652,"root::T5",4,140,109,31,0.778571428571429,-0.606514683629614,0.0147010185235249,0.00735050926176245,-0.631881166591071,0.0904546610704139
"anchor_09","HOG:0029484","FPRA","leaf","T1",7.47957433613505,"leaf::T1",4,140,132,8,0.942857142857143,0.906924730699416,0.0838946235036669,0.0419473117518335,1.26044880588145,0.12314197734784
"anchor_09","HOG:0029484","FPRA","leaf","T2",14.5,"leaf::T2",4,140,132,8,0.942857142857143,0.828464131193713,0.0617273412816803,0.0308636706408401,1.0314054763749,0.148483421170387
"anchor_09","HOG:0029484","FPRA","leaf","T3",28.4898614550509,"leaf::T3",4,140,132,8,0.942857142857143,0.812970927414515,0.0852918217998729,0.0426459108999364,1.03440448477352,0.0978475837014146
"anchor_09","HOG:0029484","FPRA","leaf","T4",42.7313175218636,"leaf::T4",4,140,132,8,0.942857142857143,0.772634393485084,0.0856046234390434,0.0428023117195217,1.07213638447045,0.104540963854166
"anchor_09","HOG:0029484","FPRA","leaf","T5",56.4998699010652,"leaf::T5",4,140,132,8,0.942857142857143,0.600903530780996,0.134803367344966,0.0674016836724829,0.767044552249663,0.224098518282216
"anchor_09","HOG:0029484","FPRA","root","T1",7.47957433613505,"root::T1",4,140,132,8,0.942857142857143,-0.613132384545773,0.0234338446770665,0.0117169223385332,-0.568232514564844,0.0305935803558444
"anchor_09","HOG:0029484","FPRA","root","T2",14.5,"root::T2",4,140,132,8,0.942857142857143,-0.636141340405543,0.0280825885549185,0.0140412942774593,-0.631882695577121,0.0562035862181496
"anchor_09","HOG:0029484","FPRA","root","T3",28.4898614550509,"root::T3",4,140,132,8,0.942857142857143,-0.651365062682021,0.0175228501556564,0.00876142507782821,-0.653719581371127,0.025182302264632
"anchor_09","HOG:0029484","FPRA","root","T4",42.7313175218636,"root::T4",4,140,132,8,0.942857142857143,-0.642250058951564,0.0638908866340368,0.0319454433170184,-0.568509392833089,0.0145396150309214
"anchor_09","HOG:0029484","FPRA","root","T5",56.4998699010652,"root::T5",4,140,132,8,0.942857142857143,-0.619649637243245,0.0250240377294754,0.0125120188647377,-0.617321434003515,0.0681741417016561
"anchor_10","HOG:0023085","BDIS","leaf","T1",7.47957433613505,"leaf::T1",4,142,127,15,0.894366197183099,0.750766662229413,0.0235185437274002,0.0117592718637001,0.768170710627278,0.0147671616061009
"anchor_10","HOG:0023085","BDIS","leaf","T2",14.5,"leaf::T2",4,142,127,15,0.894366197183099,0.726111727093354,0.0314054799838445,0.0157027399919222,0.687602964505727,0.0438783329692776
"anchor_10","HOG:0023085","BDIS","leaf","T3",28.4898614550509,"leaf::T3",4,142,127,15,0.894366197183099,0.71661807511843,0.0609176137617006,0.0304588068808503,0.682898641589743,0.0402978442511097
"anchor_10","HOG:0023085","BDIS","leaf","T4",42.7313175218636,"leaf::T4",4,142,127,15,0.894366197183099,0.709820223512797,0.0277314972138206,0.0138657486069103,0.708373665803081,0.0308787029792903
"anchor_10","HOG:0023085","BDIS","leaf","T5",56.4998699010652,"leaf::T5",4,142,127,15,0.894366197183099,0.638410237759653,0.0792249745336813,0.0396124872668407,0.659442661611935,0.0691877999045403
"anchor_10","HOG:0023085","BDIS","root","T1",7.47957433613505,"root::T1",4,142,127,15,0.894366197183099,-0.67219932961865,0.0501350179150511,0.0250675089575256,-0.65718573922668,0.0166998743031262
"anchor_10","HOG:0023085","BDIS","root","T2",14.5,"root::T2",4,142,127,15,0.894366197183099,-0.683541702984491,0.0118073180230266,0.0059036590115133,-0.681549441494912,0.0161614948053224
"anchor_10","HOG:0023085","BDIS","root","T3",28.4898614550509,"root::T3",4,142,127,15,0.894366197183099,-0.660099075353914,0.042102662792591,0.0210513313962955,-0.639201775116212,0.0683858494995599
"anchor_10","HOG:0023085","BDIS","root","T4",42.7313175218636,"root::T4",4,142,127,15,0.894366197183099,-0.677066365600147,0.0236144662167244,0.0118072331083622,-0.639497096592038,0.0359508636980789
"anchor_10","HOG:0023085","BDIS","root","T5",56.4998699010652,"root::T5",4,142,127,15,0.894366197183099,-0.634965154577299,0.0286148472274808,0.0143074236137404,-0.650070065491047,0.0719544089582722
"anchor_10","HOG:0023085","BSYL","leaf","T1",7.47957433613505,"leaf::T1",4,142,89,53,0.626760563380282,0.832448319496159,0.017606641452678,0.00880332072633901,0.770295807065686,0.0163584713911483
"anchor_10","HOG:0023085","BSYL","leaf","T2",14.5,"leaf::T2",4,142,89,53,0.626760563380282,0.823237265226709,0.0390867179072312,0.0195433589536156,0.711010632969665,0.0290444590037664
"anchor_10","HOG:0023085","BSYL","leaf","T3",28.4898614550509,"leaf::T3",4,142,89,53,0.626760563380282,0.719326753873132,0.0807386254175918,0.0403693127087959,0.653017005454146,0.0576743612571634
"anchor_10","HOG:0023085","BSYL","leaf","T4",42.7313175218636,"leaf::T4",4,142,89,53,0.626760563380282,0.629116729969062,0.0812909367406415,0.0406454683703208,0.67048616997274,0.0495110638525365
"anchor_10","HOG:0023085","BSYL","leaf","T5",56.4998699010652,"leaf::T5",4,142,89,53,0.626760563380282,0.579188688769437,0.100106635036821,0.0500533175184106,0.633466237843983,0.0775624120243548
"anchor_10","HOG:0023085","BSYL","root","T1",7.47957433613505,"root::T1",4,142,89,53,0.626760563380282,-0.688027957171081,0.025225567179603,0.0126127835898015,-0.585943375067733,0.0421015702967672
"anchor_10","HOG:0023085","BSYL","root","T2",14.5,"root::T2",4,142,89,53,0.626760563380282,-0.714275719566385,0.0186788396521889,0.00933941982609444,-0.676468392234569,0.0309243802973895
"anchor_10","HOG:0023085","BSYL","root","T3",28.4898614550509,"root::T3",4,142,89,53,0.626760563380282,-0.734125180186024,0.0309596798026892,0.0154798399013446,-0.661982805031783,0.0305348641722954
"anchor_10","HOG:0023085","BSYL","root","T4",42.7313175218636,"root::T4",4,142,89,53,0.626760563380282,-0.634523403594263,0.020772853275064,0.010386426637532,-0.650698695609653,0.0407765032304087
"anchor_10","HOG:0023085","BSYL","root","T5",56.4998699010652,"root::T5",4,142,89,53,0.626760563380282,-0.740180462173819,0.213110693530184,0.106555346765092,-0.72856759083453,0.101975492193728
"anchor_10","HOG:0023085","HVUL","leaf","T1",7.47957433613505,"leaf::T1",4,142,110,32,0.774647887323944,1.02347920874982,0.0270996290617969,0.0135498145308985,0.825217711106859,0.0209615353492741
"anchor_10","HOG:0023085","HVUL","leaf","T2",14.5,"leaf::T2",4,142,110,32,0.774647887323944,0.853893008549828,0.0490449366654512,0.0245224683327256,0.741247400454995,0.0302401886214284
"anchor_10","HOG:0023085","HVUL","leaf","T3",28.4898614550509,"leaf::T3",4,142,110,32,0.774647887323944,0.786731933443887,0.0763789419587729,0.0381894709793864,0.729996867028365,0.035523194502216
"anchor_10","HOG:0023085","HVUL","leaf","T4",42.7313175218636,"leaf::T4",4,142,110,32,0.774647887323944,0.778948015454367,0.0451970798539468,0.0225985399269734,0.743066782645654,0.011650562365116
"anchor_10","HOG:0023085","HVUL","leaf","T5",56.4998699010652,"leaf::T5",4,142,110,32,0.774647887323944,0.541271487088965,0.093137081699709,0.0465685408498545,0.613495431620698,0.034780498596955
"anchor_10","HOG:0023085","HVUL","root","T1",7.47957433613505,"root::T1",4,142,110,32,0.774647887323944,-0.613814591186154,0.033690922641075,0.0168454613205375,-0.609802279535068,0.0352277241936947
"anchor_10","HOG:0023085","HVUL","root","T2",14.5,"root::T2",4,142,110,32,0.774647887323944,-0.642749260402973,0.0285842674370761,0.014292133718538,-0.653525634750036,0.0203073302953986
"anchor_10","HOG:0023085","HVUL","root","T3",28.4898614550509,"root::T3",4,142,110,32,0.774647887323944,-0.704041210719628,0.111574267350623,0.0557871336753114,-0.662559135118362,0.0669896887231063
"anchor_10","HOG:0023085","HVUL","root","T4",42.7313175218636,"root::T4",4,142,110,32,0.774647887323944,-0.664707628142454,0.0527763735010562,0.0263881867505281,-0.672490485803984,0.0250646352310804
"anchor_10","HOG:0023085","HVUL","root","T5",56.4998699010652,"root::T5",4,142,110,32,0.774647887323944,-0.602103020747097,0.0416456447468217,0.0208228223734108,-0.634693636544568,0.0163170139726549
"anchor_10","HOG:0023085","HJUB","leaf","T1",7.47957433613505,"leaf::T1",4,142,135,7,0.950704225352113,0.721198023377656,0.0161102241525848,0.0080551120762924,0.65332580053637,0.00903532966184306
"anchor_10","HOG:0023085","HJUB","leaf","T2",14.5,"leaf::T2",4,142,135,7,0.950704225352113,0.750896530717015,0.0306035177478849,0.0153017588739424,0.662866319913816,0.0379822186676478
"anchor_10","HOG:0023085","HJUB","leaf","T3",28.4898614550509,"leaf::T3",4,142,135,7,0.950704225352113,0.685782820262019,0.0236345049118241,0.011817252455912,0.679940118769221,0.0103655957988512
"anchor_10","HOG:0023085","HJUB","leaf","T4",42.7313175218636,"leaf::T4",4,142,135,7,0.950704225352113,0.636227046235183,0.0150255933428282,0.00751279667141408,0.681430882095031,0.011347461729193
"anchor_10","HOG:0023085","HJUB","leaf","T5",56.4998699010652,"leaf::T5",4,142,135,7,0.950704225352113,0.62296697364881,0.0312294707378712,0.0156147353689356,0.685360248988861,0.00556516933278423
"anchor_10","HOG:0023085","HJUB","root","T1",7.47957433613505,"root::T1",4,142,135,7,0.950704225352113,-0.741790362133629,0.0184067954399655,0.00920339771998273,-0.686529922660445,0.0176935450821048
"anchor_10","HOG:0023085","HJUB","root","T2",14.5,"root::T2",4,142,135,7,0.950704225352113,-0.74144106755145,0.0205153617212655,0.0102576808606328,-0.687971742931557,0.00759357510938454
"anchor_10","HOG:0023085","HJUB","root","T3",28.4898614550509,"root::T3",4,142,135,7,0.950704225352113,-0.721634970668591,0.0301977735999806,0.0150988867999903,-0.680461193004931,0.033678288202748
"anchor_10","HOG:0023085","HJUB","root","T4",42.7313175218636,"root::T4",4,142,135,7,0.950704225352113,-0.671823768973493,0.0198852778328574,0.00994263891642868,-0.647214774729054,0.0146788025021397
"anchor_10","HOG:0023085","HJUB","root","T5",56.4998699010652,"root::T5",4,142,135,7,0.950704225352113,-0.660219347238427,0.0143686061475254,0.00718430307376269,-0.625421353681913,0.00918750143832368
"anchor_10","HOG:0023085","BMAX","leaf","T1",7.47957433613505,"leaf::T1",4,142,119,23,0.838028169014085,0.797038672271716,0.056050715571322,0.028025357785661,0.664353502662451,0.0385579684749622
"anchor_10","HOG:0023085","BMAX","leaf","T2",14.5,"leaf::T2",4,142,119,23,0.838028169014085,0.906303493537981,0.0509207627753698,0.0254603813876849,0.745651269562166,0.0375409419239655
"anchor_10","HOG:0023085","BMAX","leaf","T3",28.4898614550509,"leaf::T3",4,142,119,23,0.838028169014085,0.80039010274588,0.0430483896195685,0.0215241948097842,0.67944559297062,0.022387775122659
"anchor_10","HOG:0023085","BMAX","leaf","T4",42.7313175218636,"leaf::T4",4,142,119,23,0.838028169014085,0.678269157970959,0.0821398047424712,0.0410699023712356,0.621875538672931,0.055369182357208
"anchor_10","HOG:0023085","BMAX","leaf","T5",56.4998699010652,"leaf::T5",4,142,119,23,0.838028169014085,0.639940136842544,0.126574592592142,0.063287296296071,0.586873508804424,0.0887958237374217
"anchor_10","HOG:0023085","BMAX","root","T1",7.47957433613505,"root::T1",4,142,119,23,0.838028169014085,-0.663079705823461,0.0316835569575554,0.0158417784787777,-0.787766544403278,0.0433467959528169
"anchor_10","HOG:0023085","BMAX","root","T2",14.5,"root::T2",4,142,119,23,0.838028169014085,-0.732227685300143,0.0286904228388618,0.0143452114194309,-0.701056077102856,0.133198164825218
"anchor_10","HOG:0023085","BMAX","root","T3",28.4898614550509,"root::T3",4,142,119,23,0.838028169014085,-0.657568054280143,0.0278413086137811,0.0139206543068906,-0.638769306963378,0.0585178998475851
"anchor_10","HOG:0023085","BMAX","root","T4",42.7313175218636,"root::T4",4,142,119,23,0.838028169014085,-0.630244464301762,0.0212707495830585,0.0106353747915293,-0.689068223147831,0.0306255590557922
"anchor_10","HOG:0023085","BMAX","root","T5",56.4998699010652,"root::T5",4,142,119,23,0.838028169014085,-0.560882948790768,0.0365625734953011,0.0182812867476506,-0.551678122421294,0.0333271157961052
"anchor_10","HOG:0023085","BMED","leaf","T1",7.47957433613505,"leaf::T1",4,142,128,14,0.901408450704225,0.721730433397889,0.037476933910546,0.018738466955273,0.660055528361401,0.0400052182259775
"anchor_10","HOG:0023085","BMED","leaf","T2",14.5,"leaf::T2",4,142,128,14,0.901408450704225,0.783230279501679,0.053998079823902,0.026999039911951,0.687699896579194,0.00756241462372843
"anchor_10","HOG:0023085","BMED","leaf","T3",28.4898614550509,"leaf::T3",4,142,128,14,0.901408450704225,0.754641074194245,0.0111210875312888,0.00556054376564442,0.700980692761484,0.0435980252860754
"anchor_10","HOG:0023085","BMED","leaf","T4",42.7313175218636,"leaf::T4",4,142,128,14,0.901408450704225,0.802631040134201,0.0651237382764329,0.0325618691382165,0.72910442387311,0.0224554702363109
"anchor_10","HOG:0023085","BMED","leaf","T5",56.4998699010652,"leaf::T5",4,142,128,14,0.901408450704225,0.606588028923414,0.148977312742578,0.074488656371289,0.609612047069344,0.0965694600669595
"anchor_10","HOG:0023085","BMED","root","T1",7.47957433613505,"root::T1",4,142,128,14,0.901408450704225,-0.643303569769191,0.0173932408765886,0.00869662043829429,-0.657793136258007,0.125851550587797
"anchor_10","HOG:0023085","BMED","root","T2",14.5,"root::T2",4,142,128,14,0.901408450704225,-0.596005626356818,0.00822058578389475,0.00411029289194737,-0.690506222580355,0.0444737747871015
"anchor_10","HOG:0023085","BMED","root","T3",28.4898614550509,"root::T3",4,142,128,14,0.901408450704225,-0.652999749199984,0.0169286119116472,0.0084643059558236,-0.634775561380505,0.0369705437646428
"anchor_10","HOG:0023085","BMED","root","T4",42.7313175218636,"root::T4",4,142,128,14,0.901408450704225,-0.63018202848271,0.0262429249113268,0.0131214624556634,-0.628017178268591,0.0894182790184704
"anchor_10","HOG:0023085","BMED","root","T5",56.4998699010652,"root::T5",4,142,128,14,0.901408450704225,-0.657743592289651,0.0385590886431337,0.0192795443215668,-0.557266614239332,0.0370742119369874
"anchor_10","HOG:0023085","VBRO","leaf","T1",7.47957433613505,"leaf::T1",4,142,122,20,0.859154929577465,0.899872149484759,0.0252531052396867,0.0126265526198433,0.719247787549248,0.00738335831744543
"anchor_10","HOG:0023085","VBRO","leaf","T2",14.5,"leaf::T2",4,142,122,20,0.859154929577465,0.882006895305967,0.043533983623145,0.0217669918115725,0.704859339181263,0.0427862996400843
"anchor_10","HOG:0023085","VBRO","leaf","T3",28.4898614550509,"leaf::T3",3,142,122,20,0.859154929577465,0.77967423547252,0.200246635990827,0.115612449193621,0.639164484005883,0.154498482843063
"anchor_10","HOG:0023085","VBRO","leaf","T4",42.7313175218636,"leaf::T4",4,142,122,20,0.859154929577465,0.666370844453616,0.19518891174531,0.0975944558726552,0.623385350096015,0.0933420749747699
"anchor_10","HOG:0023085","VBRO","leaf","T5",56.4998699010652,"leaf::T5",4,142,122,20,0.859154929577465,0.658258279270671,0.050042219312645,0.0250211096563225,0.600863431722086,0.0181824414411805
"anchor_10","HOG:0023085","VBRO","root","T1",7.47957433613505,"root::T1",4,142,122,20,0.859154929577465,-0.688352501057504,0.0114179178145019,0.00570895890725096,-0.702415045780864,0.00368874044560161
"anchor_10","HOG:0023085","VBRO","root","T2",14.5,"root::T2",4,142,122,20,0.859154929577465,-0.671700772979006,0.0422392390324279,0.0211196195162139,-0.671677385850086,0.0425155480055511
"anchor_10","HOG:0023085","VBRO","root","T3",28.4898614550509,"root::T3",3,142,122,20,0.859154929577465,-0.596745788082576,0.0960051793271811,0.0554286161281463,-0.618847282943986,0.130631899125543
"anchor_10","HOG:0023085","VBRO","root","T4",42.7313175218636,"root::T4",4,142,122,20,0.859154929577465,-0.693018012542543,0.033292407702802,0.016646203851401,-0.622515596945345,0.0371309322165493
"anchor_10","HOG:0023085","VBRO","root","T5",56.4998699010652,"root::T5",4,142,122,20,0.859154929577465,-0.63633999253976,0.0782220762138626,0.0391110381069313,-0.661448740272352,0.0931083974156822
"anchor_10","HOG:0023085","FPRA","leaf","T1",7.47957433613505,"leaf::T1",4,142,133,9,0.936619718309859,0.873609528631978,0.0638050501807378,0.0319025250903689,0.730462159583041,0.0461303951821276
"anchor_10","HOG:0023085","FPRA","leaf","T2",14.5,"leaf::T2",4,142,133,9,0.936619718309859,0.809499223505512,0.0525540188764437,0.0262770094382218,0.617463970705262,0.0509978755626755
"anchor_10","HOG:0023085","FPRA","leaf","T3",28.4898614550509,"leaf::T3",4,142,133,9,0.936619718309859,0.821892401497739,0.0650460746669772,0.0325230373334886,0.670151296320655,0.0514939731487492
"anchor_10","HOG:0023085","FPRA","leaf","T4",42.7313175218636,"leaf::T4",4,142,133,9,0.936619718309859,0.77269549503328,0.0849389418314319,0.0424694709157159,0.653374558935041,0.0679228762492766
"anchor_10","HOG:0023085","FPRA","leaf","T5",56.4998699010652,"leaf::T5",4,142,133,9,0.936619718309859,0.637693439921437,0.128764854781494,0.0643824273907471,0.578033355668579,0.05888281696961
"anchor_10","HOG:0023085","FPRA","root","T1",7.47957433613505,"root::T1",4,142,133,9,0.936619718309859,-0.621367900170762,0.0281325349586608,0.0140662674793304,-0.678125303036035,0.0228169286504489
"anchor_10","HOG:0023085","FPRA","root","T2",14.5,"root::T2",4,142,133,9,0.936619718309859,-0.639327153457759,0.0347209910914786,0.0173604955457393,-0.690688206706706,0.0355435365457147
"anchor_10","HOG:0023085","FPRA","root","T3",28.4898614550509,"root::T3",4,142,133,9,0.936619718309859,-0.651824744127847,0.0135210937570719,0.00676054687853593,-0.719721606607658,0.0149489226663609
"anchor_10","HOG:0023085","FPRA","root","T4",42.7313175218636,"root::T4",4,142,133,9,0.936619718309859,-0.64866107041119,0.0610130863254611,0.0305065431627306,-0.610009402261249,0.0635956874961288
"anchor_10","HOG:0023085","FPRA","root","T5",56.4998699010652,"root::T5",4,142,133,9,0.936619718309859,-0.621961903287773,0.0290851467358334,0.0145425733679167,-0.702692137114874,0.0415403251538919
"anchor_11","HOG:0026770","BDIS","leaf","T1",7.47957433613505,"leaf::T1",4,142,131,11,0.922535211267606,0.753557856247848,0.0222382968443949,0.0111191484221974,0.687616299360604,0.0306799788002531
"anchor_11","HOG:0026770","BDIS","leaf","T2",14.5,"leaf::T2",4,142,131,11,0.922535211267606,0.742963540783804,0.0314271492652181,0.015713574632609,0.692108830033363,0.0265791638148053
"anchor_11","HOG:0026770","BDIS","leaf","T3",28.4898614550509,"leaf::T3",4,142,131,11,0.922535211267606,0.725606255852892,0.0605497290469068,0.0302748645234534,0.70572090939362,0.0460191661208588
"anchor_11","HOG:0026770","BDIS","leaf","T4",42.7313175218636,"leaf::T4",4,142,131,11,0.922535211267606,0.710501579104555,0.0309492278058503,0.0154746139029251,0.682926439990941,0.0315075531647296
"anchor_11","HOG:0026770","BDIS","leaf","T5",56.4998699010652,"leaf::T5",4,142,131,11,0.922535211267606,0.629667033520973,0.0851827570681597,0.0425913785340798,0.630385427867892,0.08298206405471
"anchor_11","HOG:0026770","BDIS","root","T1",7.47957433613505,"root::T1",4,142,131,11,0.922535211267606,-0.681715363949446,0.051507038989706,0.025753519494853,-0.63514212550031,0.0451525634727955
"anchor_11","HOG:0026770","BDIS","root","T2",14.5,"root::T2",4,142,131,11,0.922535211267606,-0.692510759724859,0.0153821402164361,0.00769107010821805,-0.705818525026827,0.0653145074469959
"anchor_11","HOG:0026770","BDIS","root","T3",28.4898614550509,"root::T3",4,142,131,11,0.922535211267606,-0.66351613820294,0.0375734594839267,0.0187867297419633,-0.656438069528634,0.0560839502424032
"anchor_11","HOG:0026770","BDIS","root","T4",42.7313175218636,"root::T4",4,142,131,11,0.922535211267606,-0.688270801055564,0.0233621737942417,0.0116810868971208,-0.586742514391148,0.0718065117474288
"anchor_11","HOG:0026770","BDIS","root","T5",56.4998699010652,"root::T5",4,142,131,11,0.922535211267606,-0.633887291272947,0.026767914883845,0.0133839574419225,-0.597405288897263,0.0722555687025534
"anchor_11","HOG:0026770","BSYL","leaf","T1",7.47957433613505,"leaf::T1",4,142,94,48,0.661971830985915,0.820317372667436,0.0197643449280005,0.00988217246400027,0.711515913582826,0.0179041578525966
"anchor_11","HOG:0026770","BSYL","leaf","T2",14.5,"leaf::T2",4,142,94,48,0.661971830985915,0.809408692682389,0.0379851323444126,0.0189925661722063,0.695078506575267,0.0242297585948454
"anchor_11","HOG:0026770","BSYL","leaf","T3",28.4898614550509,"leaf::T3",4,142,94,48,0.661971830985915,0.716920522530441,0.0815808397242295,0.0407904198621147,0.615791923754271,0.077534415444671
"anchor_11","HOG:0026770","BSYL","leaf","T4",42.7313175218636,"leaf::T4",4,142,94,48,0.661971830985915,0.62577386643032,0.0844741217692006,0.0422370608846003,0.603850336105083,0.0737723424393796
"anchor_11","HOG:0026770","BSYL","leaf","T5",56.4998699010652,"leaf::T5",4,142,94,48,0.661971830985915,0.569566111537143,0.101389560822582,0.0506947804112909,0.566669959506487,0.0776793101101618
"anchor_11","HOG:0026770","BSYL","root","T1",7.47957433613505,"root::T1",4,142,94,48,0.661971830985915,-0.724674194585758,0.0197635117075482,0.00988175585377409,-0.726211228930902,0.029136073863154
"anchor_11","HOG:0026770","BSYL","root","T2",14.5,"root::T2",4,142,94,48,0.661971830985915,-0.749780428431473,0.0136461350287001,0.00682306751435005,-0.689691799001023,0.0380324260610453
"anchor_11","HOG:0026770","BSYL","root","T3",28.4898614550509,"root::T3",4,142,94,48,0.661971830985915,-0.736105178956406,0.0273139053691914,0.0136569526845957,-0.658701146732548,0.0227253801841651
"anchor_11","HOG:0026770","BSYL","root","T4",42.7313175218636,"root::T4",4,142,94,48,0.661971830985915,-0.653798174616816,0.0167703113545718,0.00838515567728591,-0.643985504968856,0.0398442883447085
"anchor_11","HOG:0026770","BSYL","root","T5",56.4998699010652,"root::T5",4,142,94,48,0.661971830985915,-0.724637643990109,0.235721497888647,0.117860748944324,-0.634644487635115,0.185980347675503
"anchor_11","HOG:0026770","HVUL","leaf","T1",7.47957433613505,"leaf::T1",4,142,111,31,0.78169014084507,1.05686067947249,0.0287265983457463,0.0143632991728731,0.870734065869642,0.0252881068254275
"anchor_11","HOG:0026770","HVUL","leaf","T2",14.5,"leaf::T2",4,142,111,31,0.78169014084507,0.883830316005094,0.0482258370831776,0.0241129185415888,0.749450733959288,0.0176420758049224
"anchor_11","HOG:0026770","HVUL","leaf","T3",28.4898614550509,"leaf::T3",4,142,111,31,0.78169014084507,0.792862561339737,0.0792246439272965,0.0396123219636482,0.696095382180659,0.0704397926089631
"anchor_11","HOG:0026770","HVUL","leaf","T4",42.7313175218636,"leaf::T4",4,142,111,31,0.78169014084507,0.780157905510512,0.0483597881081327,0.0241798940540664,0.696075534702342,0.0570304207110376
"anchor_11","HOG:0026770","HVUL","leaf","T5",56.4998699010652,"leaf::T5",4,142,111,31,0.78169014084507,0.529028761546678,0.107483565697286,0.0537417828486432,0.497953416353763,0.0773030295209403
"anchor_11","HOG:0026770","HVUL","root","T1",7.47957433613505,"root::T1",4,142,111,31,0.78169014084507,-0.598300455169654,0.0303954963477074,0.0151977481738537,-0.580117347875513,0.0859064465427207
"anchor_11","HOG:0026770","HVUL","root","T2",14.5,"root::T2",4,142,111,31,0.78169014084507,-0.635195333074836,0.0288139141480477,0.0144069570740238,-0.663692421666797,0.067242923637684
"anchor_11","HOG:0026770","HVUL","root","T3",28.4898614550509,"root::T3",4,142,111,31,0.78169014084507,-0.69255423562761,0.0981654158053481,0.049082707902674,-0.677365756983846,0.104489836385652
"anchor_11","HOG:0026770","HVUL","root","T4",42.7313175218636,"root::T4",4,142,111,31,0.78169014084507,-0.659546802064315,0.0545440388855461,0.027272019442773,-0.597835870239416,0.135039443132073
"anchor_11","HOG:0026770","HVUL","root","T5",56.4998699010652,"root::T5",4,142,111,31,0.78169014084507,-0.594532582475805,0.0477536158526048,0.0238768079263024,-0.568105810831034,0.0867250005867219
"anchor_11","HOG:0026770","HJUB","leaf","T1",7.47957433613505,"leaf::T1",4,142,133,9,0.936619718309859,0.738474303507869,0.0202952598593986,0.0101476299296993,0.72886470103853,0.0137493582510234
"anchor_11","HOG:0026770","HJUB","leaf","T2",14.5,"leaf::T2",4,142,133,9,0.936619718309859,0.769268264879475,0.0290368513950889,0.0145184256975445,0.760507025687394,0.0223662039778464
"anchor_11","HOG:0026770","HJUB","leaf","T3",28.4898614550509,"leaf::T3",4,142,133,9,0.936619718309859,0.693660388510642,0.0284241214133159,0.0142120607066579,0.694711726210124,0.0190444540940697
"anchor_11","HOG:0026770","HJUB","leaf","T4",42.7313175218636,"leaf::T4",4,142,133,9,0.936619718309859,0.633196987694567,0.0166211333551527,0.00831056667757633,0.634673393199813,0.00792486304281961
"anchor_11","HOG:0026770","HJUB","leaf","T5",56.4998699010652,"leaf::T5",4,142,133,9,0.936619718309859,0.617477014501415,0.0352691688199262,0.0176345844099631,0.614716632494809,0.0196871657392895
"anchor_11","HOG:0026770","HJUB","root","T1",7.47957433613505,"root::T1",4,142,133,9,0.936619718309859,-0.706758931992015,0.0167282522790923,0.00836412613954615,-0.638766520168479,0.0339554017055417
"anchor_11","HOG:0026770","HJUB","root","T2",14.5,"root::T2",4,142,133,9,0.936619718309859,-0.722712017317501,0.0210579085948668,0.0105289542974334,-0.695635760255252,0.0389280577616893
"anchor_11","HOG:0026770","HJUB","root","T3",28.4898614550509,"root::T3",4,142,133,9,0.936619718309859,-0.702258156209945,0.0330597932326412,0.0165298966163206,-0.656158119929922,0.0440293596787936
"anchor_11","HOG:0026770","HJUB","root","T4",42.7313175218636,"root::T4",4,142,133,9,0.936619718309859,-0.660712636266107,0.0188079556551061,0.00940397782755305,-0.669569625196984,0.0273297817221324
"anchor_11","HOG:0026770","HJUB","root","T5",56.4998699010652,"root::T5",4,142,133,9,0.936619718309859,-0.663383615410415,0.0145438452804408,0.00727192264022038,-0.76608344993558,0.066964992551633
"anchor_11","HOG:0026770","BMAX","leaf","T1",7.47957433613505,"leaf::T1",4,142,114,28,0.802816901408451,0.803425664325835,0.0541504967023128,0.0270752483511564,0.721672393652474,0.0363354001675534
"anchor_11","HOG:0026770","BMAX","leaf","T2",14.5,"leaf::T2",4,142,114,28,0.802816901408451,0.931551655176333,0.0505398446858379,0.025269922342919,0.830567169344303,0.0454137046297979
"anchor_11","HOG:0026770","BMAX","leaf","T3",28.4898614550509,"leaf::T3",4,142,114,28,0.802816901408451,0.815732504294901,0.041424428009886,0.020712214004943,0.774594344236778,0.0452778861038182
"anchor_11","HOG:0026770","BMAX","leaf","T4",42.7313175218636,"leaf::T4",4,142,114,28,0.802816901408451,0.66697523530395,0.0942482627872402,0.0471241313936201,0.625692014595826,0.0838673570312626
"anchor_11","HOG:0026770","BMAX","leaf","T5",56.4998699010652,"leaf::T5",4,142,114,28,0.802816901408451,0.619120804798308,0.132511929967171,0.0662559649835853,0.537794369712601,0.112198011057846
"anchor_11","HOG:0026770","BMAX","root","T1",7.47957433613505,"root::T1",4,142,114,28,0.802816901408451,-0.660293136904028,0.0377638892449669,0.0188819446224835,-0.702175274791329,0.0745479279435789
"anchor_11","HOG:0026770","BMAX","root","T2",14.5,"root::T2",4,142,114,28,0.802816901408451,-0.739438287916413,0.0271790935176623,0.0135895467588311,-0.756298719051503,0.0670450186602084
"anchor_11","HOG:0026770","BMAX","root","T3",28.4898614550509,"root::T3",4,142,114,28,0.802816901408451,-0.645324250272801,0.0298685927582603,0.0149342963791301,-0.620842328289098,0.0653530112636393
"anchor_11","HOG:0026770","BMAX","root","T4",42.7313175218636,"root::T4",4,142,114,28,0.802816901408451,-0.619293085008617,0.015517528147851,0.00775876407392549,-0.569594893630701,0.0667875025976979
"anchor_11","HOG:0026770","BMAX","root","T5",56.4998699010652,"root::T5",4,142,114,28,0.802816901408451,-0.556261372973543,0.0336992070400675,0.0168496035200337,-0.427705293494866,0.0699596511114247
"anchor_11","HOG:0026770","BMED","leaf","T1",7.47957433613505,"leaf::T1",4,142,127,15,0.894366197183099,0.739749534677841,0.0409365939400998,0.0204682969700499,0.694672127083991,0.109778303217647
"anchor_11","HOG:0026770","BMED","leaf","T2",14.5,"leaf::T2",4,142,127,15,0.894366197183099,0.784167236577805,0.0580785348111704,0.0290392674055852,0.693780068737052,0.0595536930213011
"anchor_11","HOG:0026770","BMED","leaf","T3",28.4898614550509,"leaf::T3",4,142,127,15,0.894366197183099,0.758331398103147,0.0134994623590478,0.00674973117952391,0.71202564247532,0.0391979562122127
"anchor_11","HOG:0026770","BMED","leaf","T4",42.7313175218636,"leaf::T4",4,142,127,15,0.894366197183099,0.801978516239157,0.0622377783850125,0.0311188891925063,0.725172591274828,0.0389810202750268
"anchor_11","HOG:0026770","BMED","leaf","T5",56.4998699010652,"leaf::T5",4,142,127,15,0.894366197183099,0.6080156361129,0.147475502450611,0.0737377512253055,0.640922709240644,0.141793997980021
"anchor_11","HOG:0026770","BMED","root","T1",7.47957433613505,"root::T1",4,142,127,15,0.894366197183099,-0.642413178653311,0.014831071889798,0.00741553594489901,-0.552916765214074,0.128096643898768
"anchor_11","HOG:0026770","BMED","root","T2",14.5,"root::T2",4,142,127,15,0.894366197183099,-0.596170063497225,0.0108130215530513,0.00540651077652566,-0.595615968260766,0.0772100049203389
"anchor_11","HOG:0026770","BMED","root","T3",28.4898614550509,"root::T3",4,142,127,15,0.894366197183099,-0.646541597129208,0.020413088152754,0.010206544076377,-0.57941052714407,0.0196187421351069
"anchor_11","HOG:0026770","BMED","root","T4",42.7313175218636,"root::T4",4,142,127,15,0.894366197183099,-0.627388980786136,0.0240791417092613,0.0120395708546307,-0.592257504541289,0.0439213550965225
"anchor_11","HOG:0026770","BMED","root","T5",56.4998699010652,"root::T5",4,142,127,15,0.894366197183099,-0.65669391924593,0.0290298074113474,0.0145149037056737,-0.618653816800299,0.0722693756395872
"anchor_11","HOG:0026770","VBRO","leaf","T1",7.47957433613505,"leaf::T1",4,142,118,24,0.830985915492958,0.968783741917558,0.0403097017677374,0.0201548508838687,0.909559256907304,0.0140150830817819
"anchor_11","HOG:0026770","VBRO","leaf","T2",14.5,"leaf::T2",4,142,118,24,0.830985915492958,0.946436477482642,0.0471235151898331,0.0235617575949166,0.892569981833905,0.108176339780025
"anchor_11","HOG:0026770","VBRO","leaf","T3",28.4898614550509,"leaf::T3",3,142,118,24,0.830985915492958,0.829186806867613,0.23980741995898,0.138452878466986,0.793778759740601,0.31156576891973
"anchor_11","HOG:0026770","VBRO","leaf","T4",42.7313175218636,"leaf::T4",4,142,118,24,0.830985915492958,0.697759863375822,0.231244824250899,0.11562241212545,0.697922443368883,0.23272455858627
"anchor_11","HOG:0026770","VBRO","leaf","T5",56.4998699010652,"leaf::T5",4,142,118,24,0.830985915492958,0.698890297581516,0.0440757457759128,0.0220378728879564,0.688386588474886,0.0270682641015374
"anchor_11","HOG:0026770","VBRO","root","T1",7.47957433613505,"root::T1",4,142,118,24,0.830985915492958,-0.635061127413309,0.0126660086822299,0.00633300434111495,-0.588813389037829,0.0132573334803979
"anchor_11","HOG:0026770","VBRO","root","T2",14.5,"root::T2",4,142,118,24,0.830985915492958,-0.623809706871154,0.0511484033932781,0.025574201696639,-0.628370762391551,0.119073649352387
"anchor_11","HOG:0026770","VBRO","root","T3",28.4898614550509,"root::T3",3,142,118,24,0.830985915492958,-0.572653350571644,0.0554339538555177,0.0320048081807284,-0.56646222546764,0.163310268669177
"anchor_11","HOG:0026770","VBRO","root","T4",42.7313175218636,"root::T4",4,142,118,24,0.830985915492958,-0.644990614802338,0.0249119075588,0.0124559537794,-0.509269285541402,0.10384923654152
"anchor_11","HOG:0026770","VBRO","root","T5",56.4998699010652,"root::T5",4,142,118,24,0.830985915492958,-0.625111981154547,0.0528247849593259,0.026412392479663,-0.665589476917177,0.0699703028264256
"anchor_11","HOG:0026770","FPRA","leaf","T1",7.47957433613505,"leaf::T1",4,142,134,8,0.943661971830986,0.877723476983841,0.0722049702838249,0.0361024851419124,0.77979490460102,0.0829183220186173
"anchor_11","HOG:0026770","FPRA","leaf","T2",14.5,"leaf::T2",4,142,134,8,0.943661971830986,0.827094166313162,0.0582024654971834,0.0291012327485917,0.765736135242534,0.111757037312491
"anchor_11","HOG:0026770","FPRA","leaf","T3",28.4898614550509,"leaf::T3",4,142,134,8,0.943661971830986,0.82225135759985,0.069255795567793,0.0346278977838965,0.837980605218311,0.064887512618314
"anchor_11","HOG:0026770","FPRA","leaf","T4",42.7313175218636,"leaf::T4",4,142,134,8,0.943661971830986,0.77727843814581,0.0755284848300374,0.0377642424150187,0.743082587036596,0.0816978555999673
"anchor_11","HOG:0026770","FPRA","leaf","T5",56.4998699010652,"leaf::T5",4,142,134,8,0.943661971830986,0.633702423076956,0.129373970661735,0.0646869853308676,0.604667879319072,0.108528387446286
"anchor_11","HOG:0026770","FPRA","root","T1",7.47957433613505,"root::T1",4,142,134,8,0.943661971830986,-0.61643557402721,0.028470186845832,0.014235093422916,-0.52424283011665,0.0140504792091949
"anchor_11","HOG:0026770","FPRA","root","T2",14.5,"root::T2",4,142,134,8,0.943661971830986,-0.639373828151039,0.0339934628465082,0.0169967314232541,-0.673964656691596,0.0563609700360282
"anchor_11","HOG:0026770","FPRA","root","T3",28.4898614550509,"root::T3",4,142,134,8,0.943661971830986,-0.655815920474285,0.0167270101130987,0.00836350505654934,-0.662703843590245,0.0448410449360489
"anchor_11","HOG:0026770","FPRA","root","T4",42.7313175218636,"root::T4",4,142,134,8,0.943661971830986,-0.644842952535428,0.0746863355359488,0.0373431677679744,-0.58892876306465,0.0615519092457658
"anchor_11","HOG:0026770","FPRA","root","T5",56.4998699010652,"root::T5",4,142,134,8,0.943661971830986,-0.617927856726898,0.0297622110968049,0.0148811055484025,-0.607705474585746,0.0175351617518736
"anchor_12","HOG:0012056","BDIS","leaf","T1",7.47957433613505,"leaf::T1",4,142,125,17,0.880281690140845,0.748030979808887,0.0238330523178684,0.0119165261589342,0.642380002824265,0.0371274256703376
"anchor_12","HOG:0012056","BDIS","leaf","T2",14.5,"leaf::T2",4,142,125,17,0.880281690140845,0.732470065789717,0.0331964614972985,0.0165982307486492,0.720737378305771,0.0180481750711006
"anchor_12","HOG:0012056","BDIS","leaf","T3",28.4898614550509,"leaf::T3",4,142,125,17,0.880281690140845,0.714664806430634,0.058084629501601,0.0290423147508005,0.67931696998458,0.0208459447840551
"anchor_12","HOG:0012056","BDIS","leaf","T4",42.7313175218636,"leaf::T4",4,142,125,17,0.880281690140845,0.7060027760108,0.0302417252948482,0.0151208626474241,0.672962701146018,0.012718538871051
"anchor_12","HOG:0012056","BDIS","leaf","T5",56.4998699010652,"leaf::T5",4,142,125,17,0.880281690140845,0.633663076958107,0.0817939411492652,0.0408969705746326,0.659971916436269,0.0335762496547948
"anchor_12","HOG:0012056","BDIS","root","T1",7.47957433613505,"root::T1",4,142,125,17,0.880281690140845,-0.68973852936659,0.0525604403274372,0.0262802201637186,-0.723147220531256,0.0207953731729241
"anchor_12","HOG:0012056","BDIS","root","T2",14.5,"root::T2",4,142,125,17,0.880281690140845,-0.688071079771937,0.0179878589746602,0.00899392948733012,-0.653920157153327,0.0226460613347423
"anchor_12","HOG:0012056","BDIS","root","T3",28.4898614550509,"root::T3",4,142,125,17,0.880281690140845,-0.667600435892704,0.0354537929417398,0.0177268964708699,-0.646816210149369,0.0580420730636214
"anchor_12","HOG:0012056","BDIS","root","T4",42.7313175218636,"root::T4",4,142,125,17,0.880281690140845,-0.690045449251821,0.0203749234081146,0.0101874617040573,-0.658151154302969,0.0314011895991865
"anchor_12","HOG:0012056","BDIS","root","T5",56.4998699010652,"root::T5",4,142,125,17,0.880281690140845,-0.632666970165959,0.0280368580371727,0.0140184290185863,-0.637653039548614,0.0333048331319657
"anchor_12","HOG:0012056","BSYL","leaf","T1",7.47957433613505,"leaf::T1",4,142,85,57,0.598591549295775,0.808370548226322,0.0194962032649263,0.00974810163246315,0.720377799184815,0.00265741553653553
"anchor_12","HOG:0012056","BSYL","leaf","T2",14.5,"leaf::T2",4,142,85,57,0.598591549295775,0.791523064363459,0.0396187202348131,0.0198093601174065,0.706428130599694,0.0228400635253087
"anchor_12","HOG:0012056","BSYL","leaf","T3",28.4898614550509,"leaf::T3",4,142,85,57,0.598591549295775,0.700823522472334,0.0759586761947077,0.0379793380973538,0.642431024805323,0.0370097471738747
"anchor_12","HOG:0012056","BSYL","leaf","T4",42.7313175218636,"leaf::T4",4,142,85,57,0.598591549295775,0.614424671083457,0.0793963422013331,0.0396981711006665,0.623199058621092,0.0539158071697651
"anchor_12","HOG:0012056","BSYL","leaf","T5",56.4998699010652,"leaf::T5",4,142,85,57,0.598591549295775,0.571367602918626,0.101790201517519,0.0508951007587595,0.610668621325978,0.0770086561003745
"anchor_12","HOG:0012056","BSYL","root","T1",7.47957433613505,"root::T1",4,142,85,57,0.598591549295775,-0.720704181991435,0.022656907470597,0.0113284537352985,-0.651489737185988,0.0836210567200962
"anchor_12","HOG:0012056","BSYL","root","T2",14.5,"root::T2",4,142,85,57,0.598591549295775,-0.74720289251791,0.0158026693376999,0.00790133466884993,-0.683508042091603,0.0210624220469055
"anchor_12","HOG:0012056","BSYL","root","T3",28.4898614550509,"root::T3",4,142,85,57,0.598591549295775,-0.737917389553932,0.0300361919684221,0.015018095984211,-0.673836657228228,0.0321392081902104
"anchor_12","HOG:0012056","BSYL","root","T4",42.7313175218636,"root::T4",4,142,85,57,0.598591549295775,-0.639200886227806,0.0133289049149232,0.0066644524574616,-0.633317470224199,0.0438202547787045
"anchor_12","HOG:0012056","BSYL","root","T5",56.4998699010652,"root::T5",4,142,85,57,0.598591549295775,-0.704966297130134,0.184086967300193,0.0920434836500966,-0.635248863048045,0.0679059836491437
"anchor_12","HOG:0012056","HVUL","leaf","T1",7.47957433613505,"leaf::T1",4,142,108,34,0.76056338028169,1.01855765675421,0.0242053198864325,0.0121026599432163,0.681517125060301,0.0104245818322424
"anchor_12","HOG:0012056","HVUL","leaf","T2",14.5,"leaf::T2",4,142,108,34,0.76056338028169,0.874836196855006,0.0383368984741926,0.0191684492370963,0.70920000122086,0.0431491595899965
"anchor_12","HOG:0012056","HVUL","leaf","T3",28.4898614550509,"leaf::T3",4,142,108,34,0.76056338028169,0.777584605340947,0.070452666973117,0.0352263334865585,0.61338010538842,0.0545571887338167
"anchor_12","HOG:0012056","HVUL","leaf","T4",42.7313175218636,"leaf::T4",4,142,108,34,0.76056338028169,0.766901020979817,0.050936806160663,0.0254684030803315,0.58659140756608,0.0235259391541851
"anchor_12","HOG:0012056","HVUL","leaf","T5",56.4998699010652,"leaf::T5",4,142,108,34,0.76056338028169,0.539228429163946,0.0943076797981889,0.0471538398990944,0.5436143048906,0.0175290354124835
"anchor_12","HOG:0012056","HVUL","root","T1",7.47957433613505,"root::T1",4,142,108,34,0.76056338028169,-0.618007280688394,0.033722237733905,0.0168611188669525,-0.69782991234379,0.0122451235384149
"anchor_12","HOG:0012056","HVUL","root","T2",14.5,"root::T2",4,142,108,34,0.76056338028169,-0.643309092253719,0.0257110736918173,0.0128555368459087,-0.706735491293434,0.0364567178387557
"anchor_12","HOG:0012056","HVUL","root","T3",28.4898614550509,"root::T3",4,142,108,34,0.76056338028169,-0.701755429950957,0.109757095859725,0.0548785479298627,-0.72010952880543,0.0363142473985925
"anchor_12","HOG:0012056","HVUL","root","T4",42.7313175218636,"root::T4",4,142,108,34,0.76056338028169,-0.666720741548014,0.048965045627616,0.024482522813808,-0.708630089657006,0.0372757928406488
"anchor_12","HOG:0012056","HVUL","root","T5",56.4998699010652,"root::T5",4,142,108,34,0.76056338028169,-0.60422753505391,0.0371783104159966,0.0185891552079983,-0.607164245107483,0.0762504603751414
"anchor_12","HOG:0012056","HJUB","leaf","T1",7.47957433613505,"leaf::T1",4,142,138,4,0.971830985915493,0.727093863259892,0.0186458243868923,0.00932291219344617,0.65285806068978,0.0200768106686683
"anchor_12","HOG:0012056","HJUB","leaf","T2",14.5,"leaf::T2",4,142,138,4,0.971830985915493,0.753536149597096,0.0292281419018025,0.0146140709509013,0.664663589353425,0.0114427708471083
"anchor_12","HOG:0012056","HJUB","leaf","T3",28.4898614550509,"leaf::T3",4,142,138,4,0.971830985915493,0.684030126122486,0.0241875344232566,0.0120937672116283,0.653723431466467,0.0168199341690292
"anchor_12","HOG:0012056","HJUB","leaf","T4",42.7313175218636,"leaf::T4",4,142,138,4,0.971830985915493,0.634277815894852,0.0155130903921271,0.00775654519606353,0.665521952649303,0.0127577683244154
"anchor_12","HOG:0012056","HJUB","leaf","T5",56.4998699010652,"leaf::T5",4,142,138,4,0.971830985915493,0.624406577321222,0.032508593533836,0.016254296766918,0.666825217315611,0.0170586633846479
"anchor_12","HOG:0012056","HJUB","root","T1",7.47957433613505,"root::T1",4,142,138,4,0.971830985915493,-0.734082505117229,0.0159893527304486,0.00799467636522429,-0.710772497987561,0.0354771829474448
"anchor_12","HOG:0012056","HJUB","root","T2",14.5,"root::T2",4,142,138,4,0.971830985915493,-0.736954229839402,0.0226194144548412,0.0113097072274206,-0.697157668151174,0.0247626052385236
"anchor_12","HOG:0012056","HJUB","root","T3",28.4898614550509,"root::T3",4,142,138,4,0.971830985915493,-0.716079161420802,0.030574624560494,0.015287312280247,-0.668447452622758,0.0113965456854457
"anchor_12","HOG:0012056","HJUB","root","T4",42.7313175218636,"root::T4",4,142,138,4,0.971830985915493,-0.67758164665867,0.0199258388691679,0.00996291943458396,-0.67354333781101,0.0206713853753871
"anchor_12","HOG:0012056","HJUB","root","T5",56.4998699010652,"root::T5",4,142,138,4,0.971830985915493,-0.662334257427392,0.0158000781616734,0.00790003908083671,-0.661640542219902,0.0229344459730265
"anchor_12","HOG:0012056","BMAX","leaf","T1",7.47957433613505,"leaf::T1",4,142,118,24,0.830985915492958,0.787435769673388,0.0500746385707561,0.025037319285378,0.657599246955938,0.0274816439952457
"anchor_12","HOG:0012056","BMAX","leaf","T2",14.5,"leaf::T2",4,142,118,24,0.830985915492958,0.872091057797827,0.0437846841020429,0.0218923420510214,0.651074348880282,0.029006045697263
"anchor_12","HOG:0012056","BMAX","leaf","T3",28.4898614550509,"leaf::T3",4,142,118,24,0.830985915492958,0.784944604552897,0.0438680288711154,0.0219340144355577,0.65048126822437,0.0429990896581228
"anchor_12","HOG:0012056","BMAX","leaf","T4",42.7313175218636,"leaf::T4",4,142,118,24,0.830985915492958,0.665159832033221,0.0796691802586753,0.0398345901293376,0.591983755823548,0.0677092469697177
"anchor_12","HOG:0012056","BMAX","leaf","T5",56.4998699010652,"leaf::T5",4,142,118,24,0.830985915492958,0.635369823592069,0.117801357507169,0.0589006787535843,0.587486498287295,0.0451797036994895
"anchor_12","HOG:0012056","BMAX","root","T1",7.47957433613505,"root::T1",4,142,118,24,0.830985915492958,-0.636242495376687,0.0393725736816683,0.0196862868408342,-0.673572977931671,0.0215451102277092
"anchor_12","HOG:0012056","BMAX","root","T2",14.5,"root::T2",4,142,118,24,0.830985915492958,-0.736412985215499,0.0294017588226934,0.0147008794113467,-0.793311374562428,0.0256700971947943
"anchor_12","HOG:0012056","BMAX","root","T3",28.4898614550509,"root::T3",4,142,118,24,0.830985915492958,-0.674314755372567,0.0269359176912055,0.0134679588456027,-0.794793608197371,0.0521639125742379
"anchor_12","HOG:0012056","BMAX","root","T4",42.7313175218636,"root::T4",4,142,118,24,0.830985915492958,-0.664944760264364,0.0236416320243823,0.0118208160121912,-0.791972045262476,0.0535893374280838
"anchor_12","HOG:0012056","BMAX","root","T5",56.4998699010652,"root::T5",4,142,118,24,0.830985915492958,-0.564493863110355,0.0434555358182333,0.0217277679091167,-0.713017045646986,0.127373964983006
"anchor_12","HOG:0012056","BMED","leaf","T1",7.47957433613505,"leaf::T1",4,142,120,22,0.845070422535211,0.726434871042162,0.0338559663920925,0.0169279831960463,0.650388498070948,0.0269369631230879
"anchor_12","HOG:0012056","BMED","leaf","T2",14.5,"leaf::T2",4,142,120,22,0.845070422535211,0.773603226960052,0.0500564004190786,0.0250282002095393,0.640574984730504,0.0234971399754698
"anchor_12","HOG:0012056","BMED","leaf","T3",28.4898614550509,"leaf::T3",4,142,120,22,0.845070422535211,0.747529664345802,0.0112142365280457,0.00560711826402283,0.629101283405634,0.0361038846851795
"anchor_12","HOG:0012056","BMED","leaf","T4",42.7313175218636,"leaf::T4",4,142,120,22,0.845070422535211,0.790668446775416,0.0583869733465147,0.0291934866732574,0.659013044246786,0.0163994872402701
"anchor_12","HOG:0012056","BMED","leaf","T5",56.4998699010652,"leaf::T5",4,142,120,22,0.845070422535211,0.607113854717906,0.138363678321355,0.0691818391606776,0.595339399296282,0.0909854620900506
"anchor_12","HOG:0012056","BMED","root","T1",7.47957433613505,"root::T1",4,142,120,22,0.845070422535211,-0.638997913138009,0.0184781327463953,0.00923906637319766,-0.743321674651063,0.188268391499422
"anchor_12","HOG:0012056","BMED","root","T2",14.5,"root::T2",4,142,120,22,0.845070422535211,-0.604934694967795,0.00576699144400917,0.00288349572200458,-0.823690574270591,0.0552576658204884
"anchor_12","HOG:0012056","BMED","root","T3",28.4898614550509,"root::T3",4,142,120,22,0.845070422535211,-0.660027427656023,0.0171812797450002,0.00859063987250012,-0.884186347657124,0.055830944128012
"anchor_12","HOG:0012056","BMED","root","T4",42.7313175218636,"root::T4",4,142,120,22,0.845070422535211,-0.636021814778798,0.0260429226810412,0.0130214613405206,-0.736917041130986,0.0880786737523014
"anchor_12","HOG:0012056","BMED","root","T5",56.4998699010652,"root::T5",4,142,120,22,0.845070422535211,-0.662940795315343,0.0331994122531743,0.0165997061265871,-0.809110845350883,0.0954099077571116
"anchor_12","HOG:0012056","VBRO","leaf","T1",7.47957433613505,"leaf::T1",4,142,109,33,0.767605633802817,0.912933892497846,0.0170064738107802,0.00850323690539008,0.661040608923433,0.012539288426994
"anchor_12","HOG:0012056","VBRO","leaf","T2",14.5,"leaf::T2",4,142,109,33,0.767605633802817,0.891433356629463,0.0424621800617466,0.0212310900308733,0.67108103427265,0.0317141301204313
"anchor_12","HOG:0012056","VBRO","leaf","T3",28.4898614550509,"leaf::T3",3,142,109,33,0.767605633802817,0.787471998603939,0.193342931802465,0.111626593722064,0.650091146745098,0.0998717813190068
"anchor_12","HOG:0012056","VBRO","leaf","T4",42.7313175218636,"leaf::T4",4,142,109,33,0.767605633802817,0.68514737211928,0.185957382660014,0.0929786913300072,0.582275354717486,0.0640939448107271
"anchor_12","HOG:0012056","VBRO","leaf","T5",56.4998699010652,"leaf::T5",4,142,109,33,0.767605633802817,0.672426440444831,0.0549144162448761,0.0274572081224381,0.560167450809657,0.0436033314826608
"anchor_12","HOG:0012056","VBRO","root","T1",7.47957433613505,"root::T1",4,142,109,33,0.767605633802817,-0.673822927837285,0.0129552693416694,0.00647763467083472,-0.750012225607648,0.0297757495230448
"anchor_12","HOG:0012056","VBRO","root","T2",14.5,"root::T2",4,142,109,33,0.767605633802817,-0.663075930257826,0.0377222155432828,0.0188611077716414,-0.774481855612452,0.0521240275520044
"anchor_12","HOG:0012056","VBRO","root","T3",28.4898614550509,"root::T3",3,142,109,33,0.767605633802817,-0.606001633045355,0.0639210446069804,0.0369048323107222,-0.784075827741083,0.0509401188881146
"anchor_12","HOG:0012056","VBRO","root","T4",42.7313175218636,"root::T4",4,142,109,33,0.767605633802817,-0.693997349538022,0.0329364746597659,0.016468237329883,-0.758608607945184,0.109528235899977
"anchor_12","HOG:0012056","VBRO","root","T5",56.4998699010652,"root::T5",4,142,109,33,0.767605633802817,-0.619954058010203,0.0587383342205208,0.0293691671102604,-0.65109137785865,0.109744530866526
"anchor_12","HOG:0012056","FPRA","leaf","T1",7.47957433613505,"leaf::T1",4,142,134,8,0.943661971830986,0.858331093435339,0.0584295298218471,0.0292147649109235,0.682046262815827,0.0148228463023385
"anchor_12","HOG:0012056","FPRA","leaf","T2",14.5,"leaf::T2",4,142,134,8,0.943661971830986,0.805652558702118,0.0520324865486052,0.0260162432743026,0.623857359861439,0.0191470902989703
"anchor_12","HOG:0012056","FPRA","leaf","T3",28.4898614550509,"leaf::T3",4,142,134,8,0.943661971830986,0.814285842091313,0.0605487372548154,0.0302743686274077,0.649215974466876,0.0238608051876903
"anchor_12","HOG:0012056","FPRA","leaf","T4",42.7313175218636,"leaf::T4",4,142,134,8,0.943661971830986,0.766315224814741,0.0755026930717159,0.0377513465358579,0.618997097521743,0.026795094447178
"anchor_12","HOG:0012056","FPRA","leaf","T5",56.4998699010652,"leaf::T5",4,142,134,8,0.943661971830986,0.637439164117689,0.123076926110318,0.0615384630551592,0.627609923030857,0.0420695799676255
"anchor_12","HOG:0012056","FPRA","root","T1",7.47957433613505,"root::T1",4,142,134,8,0.943661971830986,-0.634568823368609,0.027591584305368,0.013795792152684,-0.70057813026188,0.0178649698377948
"anchor_12","HOG:0012056","FPRA","root","T2",14.5,"root::T2",4,142,134,8,0.943661971830986,-0.634678148374155,0.0427465322252999,0.0213732661126499,-0.712313100574787,0.014171126079979
"anchor_12","HOG:0012056","FPRA","root","T3",28.4898614550509,"root::T3",4,142,134,8,0.943661971830986,-0.669919103044268,0.012983715094646,0.00649185754732299,-0.718096927153499,0.041577121522917
"anchor_12","HOG:0012056","FPRA","root","T4",42.7313175218636,"root::T4",4,142,134,8,0.943661971830986,-0.6648820434197,0.0652292264637758,0.0326146132318879,-0.738588266900161,0.0280859235489937
"anchor_12","HOG:0012056","FPRA","root","T5",56.4998699010652,"root::T5",4,142,134,8,0.943661971830986,-0.623371446009202,0.029381113649534,0.014690556824767,-0.644326524494752,0.0714199221024301
