"anchor_id","anchor_hog","species1","species2","scope","comparison_type","n_matched_contexts","deployment_correlation","deployment_mean_abs_distance"
"anchor_01","HOG:0020610","BDIS","BSYL","leaf","tissue_specific",5,0.917605496990932,0.0847754156255679
"anchor_01","HOG:0020610","BDIS","BSYL","root","tissue_specific",5,-0.922198597373655,0.0461301555146778
"anchor_01","HOG:0020610","BDIS","BSYL","within_tissue_centered","combined_sensitivity",10,0.79949955130028,0.0607857395640876
"anchor_01","HOG:0020610","BDIS","HVUL","leaf","tissue_specific",5,0.937760475059882,0.139285305634994
"anchor_01","HOG:0020610","BDIS","HVUL","root","tissue_specific",5,0.432866614479176,0.0460132098161934
"anchor_01","HOG:0020610","BDIS","HVUL","within_tissue_centered","combined_sensitivity",10,0.908414800912574,0.0716457051547223
"anchor_01","HOG:0020610","BDIS","HJUB","leaf","tissue_specific",5,0.880623187445804,0.0319899647695525
"anchor_01","HOG:0020610","BDIS","HJUB","root","tissue_specific",5,0.107470010090889,0.0357884591691546
"anchor_01","HOG:0020610","BDIS","HJUB","within_tissue_centered","combined_sensitivity",10,0.839516486157331,0.0224488687697834
"anchor_01","HOG:0020610","BDIS","BMAX","leaf","tissue_specific",5,0.84120711445435,0.0766377614643741
"anchor_01","HOG:0020610","BDIS","BMAX","root","tissue_specific",5,0.499974395659302,0.0390280407080424
"anchor_01","HOG:0020610","BDIS","BMAX","within_tissue_centered","combined_sensitivity",10,0.795337245322492,0.0494668374205971
"anchor_01","HOG:0020610","BDIS","BMED","leaf","tissue_specific",5,0.82271498465059,0.0402832792043785
"anchor_01","HOG:0020610","BDIS","BMED","root","tissue_specific",5,-0.329605637547221,0.0295876316217669
"anchor_01","HOG:0020610","BDIS","BMED","within_tissue_centered","combined_sensitivity",10,0.750513089283685,0.0326723087886734
"anchor_01","HOG:0020610","BDIS","VBRO","leaf","tissue_specific",5,0.826780958370913,0.102309062939464
"anchor_01","HOG:0020610","BDIS","VBRO","root","tissue_specific",5,0.619388684892158,0.0193250006731384
"anchor_01","HOG:0020610","BDIS","VBRO","within_tissue_centered","combined_sensitivity",10,0.816927173040881,0.0427889558757246
"anchor_01","HOG:0020610","BDIS","FPRA","leaf","tissue_specific",5,0.971654221099966,0.0633971877823261
"anchor_01","HOG:0020610","BDIS","FPRA","root","tissue_specific",5,0.669495705150989,0.0205878040087435
"anchor_01","HOG:0020610","BDIS","FPRA","within_tissue_centered","combined_sensitivity",10,0.962104311972054,0.0201937294726677
"anchor_01","HOG:0020610","BSYL","HVUL","leaf","tissue_specific",5,0.902401529958559,0.0833736613653233
"anchor_01","HOG:0020610","BSYL","HVUL","root","tissue_specific",5,-0.2151287530415,0.0686771735403694
"anchor_01","HOG:0020610","BSYL","HVUL","within_tissue_centered","combined_sensitivity",10,0.80693286691701,0.0705030928117439
"anchor_01","HOG:0020610","BSYL","HJUB","leaf","tissue_specific",5,0.993268184230903,0.0799013028323994
"anchor_01","HOG:0020610","BSYL","HJUB","root","tissue_specific",5,-0.319513301030594,0.047630171710151
"anchor_01","HOG:0020610","BSYL","HJUB","within_tissue_centered","combined_sensitivity",10,0.884601260803866,0.0524532896991899
"anchor_01","HOG:0020610","BSYL","BMAX","leaf","tissue_specific",5,0.935335484127258,0.050109826687647
"anchor_01","HOG:0020610","BSYL","BMAX","root","tissue_specific",5,-0.525196385088857,0.0622609633476525
"anchor_01","HOG:0020610","BSYL","BMAX","within_tissue_centered","combined_sensitivity",10,0.749045331832999,0.0508861377468926
"anchor_01","HOG:0020610","BSYL","BMED","leaf","tissue_specific",5,0.562694989554422,0.0947604133613559
"anchor_01","HOG:0020610","BSYL","BMED","root","tissue_specific",5,0.567473291568995,0.0481845297987362
"anchor_01","HOG:0020610","BSYL","BMED","within_tissue_centered","combined_sensitivity",10,0.563105728127268,0.0613591125157263
"anchor_01","HOG:0020610","BSYL","VBRO","leaf","tissue_specific",5,0.978553112623209,0.0518987402753227
"anchor_01","HOG:0020610","BSYL","VBRO","root","tissue_specific",5,-0.696476094244293,0.0644363154467588
"anchor_01","HOG:0020610","BSYL","VBRO","within_tissue_centered","combined_sensitivity",10,0.854076521370408,0.0427532556694754
"anchor_01","HOG:0020610","BSYL","FPRA","leaf","tissue_specific",5,0.884630940785671,0.0600133477992612
"anchor_01","HOG:0020610","BSYL","FPRA","root","tissue_specific",5,-0.387718809079098,0.0544441929969686
"anchor_01","HOG:0020610","BSYL","FPRA","within_tissue_centered","combined_sensitivity",10,0.816526302020757,0.0453450237681163
"anchor_01","HOG:0020610","HVUL","HJUB","leaf","tissue_specific",5,0.851103964904722,0.163274964197723
"anchor_01","HOG:0020610","HVUL","HJUB","root","tissue_specific",5,0.130113990464709,0.0644063620700003
"anchor_01","HOG:0020610","HVUL","HJUB","within_tissue_centered","combined_sensitivity",10,0.800131601443558,0.0728084704708602
"anchor_01","HOG:0020610","HVUL","BMAX","leaf","tissue_specific",5,0.716031110316995,0.108518203703531
"anchor_01","HOG:0020610","HVUL","BMAX","root","tissue_specific",5,0.363993119773458,0.0499391646480392
"anchor_01","HOG:0020610","HVUL","BMAX","within_tissue_centered","combined_sensitivity",10,0.671366516627899,0.0841039021908199
"anchor_01","HOG:0020610","HVUL","BMED","leaf","tissue_specific",5,0.631775562821492,0.121727294442062
"anchor_01","HOG:0020610","HVUL","BMED","root","tissue_specific",5,0.182676615478017,0.0434629863313168
"anchor_01","HOG:0020610","HVUL","BMED","within_tissue_centered","combined_sensitivity",10,0.594812144346198,0.0832228479384412
"anchor_01","HOG:0020610","HVUL","VBRO","leaf","tissue_specific",5,0.867377030692968,0.0815472043711505
"anchor_01","HOG:0020610","HVUL","VBRO","root","tissue_specific",5,-0.429023756237529,0.0529500729139845
"anchor_01","HOG:0020610","HVUL","VBRO","within_tissue_centered","combined_sensitivity",10,0.785698855934536,0.0692234054428937
"anchor_01","HOG:0020610","HVUL","FPRA","leaf","tissue_specific",5,0.967492601797125,0.0815500791301339
"anchor_01","HOG:0020610","HVUL","FPRA","root","tissue_specific",5,0.913937751997127,0.032139157588431
"anchor_01","HOG:0020610","HVUL","FPRA","within_tissue_centered","combined_sensitivity",10,0.956077289974498,0.0585557452771221
"anchor_01","HOG:0020610","HJUB","BMAX","leaf","tissue_specific",5,0.957979147881904,0.0853234552427902
"anchor_01","HOG:0020610","HJUB","BMAX","root","tissue_specific",5,0.819189524274578,0.0496644119213365
"anchor_01","HOG:0020610","HJUB","BMAX","within_tissue_centered","combined_sensitivity",10,0.933284969153306,0.0410985300599615
"anchor_01","HOG:0020610","HJUB","BMED","leaf","tissue_specific",5,0.524697242680583,0.0584585932740682
"anchor_01","HOG:0020610","HJUB","BMED","root","tissue_specific",5,-0.860926928118304,0.0533316265686931
"anchor_01","HOG:0020610","HJUB","BMED","within_tissue_centered","combined_sensitivity",10,0.415165540542216,0.0490321008049478
"anchor_01","HOG:0020610","HJUB","VBRO","leaf","tissue_specific",5,0.978368464765883,0.1166862742312
"anchor_01","HOG:0020610","HJUB","VBRO","root","tissue_specific",5,-0.139047274082444,0.055113459842293
"anchor_01","HOG:0020610","HJUB","VBRO","within_tissue_centered","combined_sensitivity",10,0.910566995914899,0.0379446392975614
"anchor_01","HOG:0020610","HJUB","FPRA","leaf","tissue_specific",5,0.82742732756207,0.0904959778233132
"anchor_01","HOG:0020610","HJUB","FPRA","root","tissue_specific",5,-0.053598232162435,0.0560269512740456
"anchor_01","HOG:0020610","HJUB","FPRA","within_tissue_centered","combined_sensitivity",10,0.789715281205493,0.0362783563122445
"anchor_01","HOG:0020610","BMAX","BMED","leaf","tissue_specific",5,0.588298029835111,0.0995533168265472
"anchor_01","HOG:0020610","BMAX","BMED","root","tissue_specific",5,-0.798124208685499,0.0502565779669326
"anchor_01","HOG:0020610","BMAX","BMED","within_tissue_centered","combined_sensitivity",10,0.418318890486803,0.061572455147484
"anchor_01","HOG:0020610","BMAX","VBRO","leaf","tissue_specific",5,0.887151141922517,0.0469856434136066
"anchor_01","HOG:0020610","BMAX","VBRO","root","tissue_specific",5,0.080411623941925,0.0518690210127543
"anchor_01","HOG:0020610","BMAX","VBRO","within_tissue_centered","combined_sensitivity",10,0.798912877067754,0.0504335061814806
"anchor_01","HOG:0020610","BMAX","FPRA","leaf","tissue_specific",5,0.74735884880671,0.064600477693404
"anchor_01","HOG:0020610","BMAX","FPRA","root","tissue_specific",5,0.375609089558098,0.0356616528367526
"anchor_01","HOG:0020610","BMAX","FPRA","within_tissue_centered","combined_sensitivity",10,0.699156217519374,0.0500388806984427
"anchor_01","HOG:0020610","BMED","VBRO","leaf","tissue_specific",5,0.384975464123739,0.125224618301637
"anchor_01","HOG:0020610","BMED","VBRO","root","tissue_specific",5,-0.36585301530916,0.0419896743469273
"anchor_01","HOG:0020610","BMED","VBRO","within_tissue_centered","combined_sensitivity",10,0.331701608564703,0.0665769895596685
"anchor_01","HOG:0020610","BMED","FPRA","leaf","tissue_specific",5,0.740045494706421,0.0624307041799172
"anchor_01","HOG:0020610","BMED","FPRA","root","tissue_specific",5,0.178572062422679,0.017292621426944
"anchor_01","HOG:0020610","BMED","FPRA","within_tissue_centered","combined_sensitivity",10,0.706483545585451,0.0336370608981102
"anchor_01","HOG:0020610","VBRO","FPRA","leaf","tissue_specific",5,0.811990781552449,0.0671299475229502
"anchor_01","HOG:0020610","VBRO","FPRA","root","tissue_specific",5,-0.094894381382282,0.0258486702677706
"anchor_01","HOG:0020610","VBRO","FPRA","within_tissue_centered","combined_sensitivity",10,0.78008263850087,0.0430648027474199
"anchor_02","HOG:0020076","BDIS","BSYL","leaf","tissue_specific",5,0.897767037436373,0.0863071849791711
"anchor_02","HOG:0020076","BDIS","BSYL","root","tissue_specific",5,-0.83067778681434,0.0460369018353965
"anchor_02","HOG:0020076","BDIS","BSYL","within_tissue_centered","combined_sensitivity",10,0.705269493146451,0.0656701814903265
"anchor_02","HOG:0020076","BDIS","HVUL","leaf","tissue_specific",5,0.966740390985849,0.135257056454134
"anchor_02","HOG:0020076","BDIS","HVUL","root","tissue_specific",5,0.234022533742041,0.0473919440401456
"anchor_02","HOG:0020076","BDIS","HVUL","within_tissue_centered","combined_sensitivity",10,0.910829351246102,0.0698467420823345
"anchor_02","HOG:0020076","BDIS","HJUB","leaf","tissue_specific",5,0.782353688267418,0.0431018424933063
"anchor_02","HOG:0020076","BDIS","HJUB","root","tissue_specific",5,0.230220039198804,0.0465988107626318
"anchor_02","HOG:0020076","BDIS","HJUB","within_tissue_centered","combined_sensitivity",10,0.695662987176923,0.0262148569268023
"anchor_02","HOG:0020076","BDIS","BMAX","leaf","tissue_specific",5,0.744028432870888,0.081416984585102
"anchor_02","HOG:0020076","BDIS","BMAX","root","tissue_specific",5,0.797783893855363,0.0368920004767837
"anchor_02","HOG:0020076","BDIS","BMAX","within_tissue_centered","combined_sensitivity",10,0.741466941309227,0.0541293869651306
"anchor_02","HOG:0020076","BDIS","BMED","leaf","tissue_specific",5,0.8172351250529,0.039314924564652
"anchor_02","HOG:0020076","BDIS","BMED","root","tissue_specific",5,-0.793577189133421,0.0328419214869172
"anchor_02","HOG:0020076","BDIS","BMED","within_tissue_centered","combined_sensitivity",10,0.679847856504264,0.031811108551423
"anchor_02","HOG:0020076","BDIS","VBRO","leaf","tissue_specific",5,0.794150341593616,0.105703129466194
"anchor_02","HOG:0020076","BDIS","VBRO","root","tissue_specific",5,0.472060947916648,0.0236318941324786
"anchor_02","HOG:0020076","BDIS","VBRO","within_tissue_centered","combined_sensitivity",10,0.771648942314516,0.0467328715270267
"anchor_02","HOG:0020076","BDIS","FPRA","leaf","tissue_specific",5,0.99131800656981,0.0756242389248753
"anchor_02","HOG:0020076","BDIS","FPRA","root","tissue_specific",5,0.494327626544354,0.0296732102074438
"anchor_02","HOG:0020076","BDIS","FPRA","within_tissue_centered","combined_sensitivity",10,0.963135929822179,0.0227349872124899
"anchor_02","HOG:0020076","BSYL","HVUL","leaf","tissue_specific",5,0.904895548318158,0.0749282144751685
"anchor_02","HOG:0020076","BSYL","HVUL","root","tissue_specific",5,-0.273151618769104,0.0695226275024652
"anchor_02","HOG:0020076","BSYL","HVUL","within_tissue_centered","combined_sensitivity",10,0.768375026090301,0.0667082166954323
"anchor_02","HOG:0020076","BSYL","HJUB","leaf","tissue_specific",5,0.97158829634253,0.088296021373493
"anchor_02","HOG:0020076","BSYL","HJUB","root","tissue_specific",5,-0.304339913412174,0.0600536746211427
"anchor_02","HOG:0020076","BSYL","HJUB","within_tissue_centered","combined_sensitivity",10,0.735106307630119,0.0583465152415149
"anchor_02","HOG:0020076","BSYL","BMAX","leaf","tissue_specific",5,0.920404870400238,0.0482194037425118
"anchor_02","HOG:0020076","BSYL","BMAX","root","tissue_specific",5,-0.630580712008198,0.0657720201244327
"anchor_02","HOG:0020076","BSYL","BMAX","within_tissue_centered","combined_sensitivity",10,0.666836121813019,0.0571526399662789
"anchor_02","HOG:0020076","BSYL","BMED","leaf","tissue_specific",5,0.594579949434566,0.0885665568846434
"anchor_02","HOG:0020076","BSYL","BMED","root","tissue_specific",5,0.637208961891393,0.050463978271143
"anchor_02","HOG:0020076","BSYL","BMED","within_tissue_centered","combined_sensitivity",10,0.597550012649256,0.0609458944954599
"anchor_02","HOG:0020076","BSYL","VBRO","leaf","tissue_specific",5,0.972932269051294,0.0625060602559587
"anchor_02","HOG:0020076","BSYL","VBRO","root","tissue_specific",5,-0.451981036034017,0.0685593192290948
"anchor_02","HOG:0020076","BSYL","VBRO","within_tissue_centered","combined_sensitivity",10,0.819281153685173,0.0447079493844352
"anchor_02","HOG:0020076","BSYL","FPRA","leaf","tissue_specific",5,0.909571346836532,0.0628946139826829
"anchor_02","HOG:0020076","BSYL","FPRA","root","tissue_specific",5,-0.365692355638439,0.0590435928440787
"anchor_02","HOG:0020076","BSYL","FPRA","within_tissue_centered","combined_sensitivity",10,0.801999979781187,0.0503904812239699
"anchor_02","HOG:0020076","HVUL","HJUB","leaf","tissue_specific",5,0.803089789716633,0.163224235848661
"anchor_02","HOG:0020076","HVUL","HJUB","root","tissue_specific",5,0.126964760959806,0.0639528653564021
"anchor_02","HOG:0020076","HVUL","HJUB","within_tissue_centered","combined_sensitivity",10,0.699062269588354,0.0705666710336266
"anchor_02","HOG:0020076","HVUL","BMAX","leaf","tissue_specific",5,0.685439793089576,0.10524050666242
"anchor_02","HOG:0020076","HVUL","BMAX","root","tissue_specific",5,0.271886394955958,0.0554706675168041
"anchor_02","HOG:0020076","HVUL","BMAX","within_tissue_centered","combined_sensitivity",10,0.630252996747498,0.0849519521760429
"anchor_02","HOG:0020076","HVUL","BMED","leaf","tissue_specific",5,0.672629689265438,0.111333418978428
"anchor_02","HOG:0020076","HVUL","BMED","root","tissue_specific",5,0.0399546183864234,0.0465789396136429
"anchor_02","HOG:0020076","HVUL","BMED","within_tissue_centered","combined_sensitivity",10,0.616936713355065,0.0772402360251473
"anchor_02","HOG:0020076","HVUL","VBRO","leaf","tissue_specific",5,0.849591570432889,0.082412677515858
"anchor_02","HOG:0020076","HVUL","VBRO","root","tissue_specific",5,-0.549793487502825,0.052154874429617
"anchor_02","HOG:0020076","HVUL","VBRO","within_tissue_centered","combined_sensitivity",10,0.749075407067948,0.0686564113872425
"anchor_02","HOG:0020076","HVUL","FPRA","leaf","tissue_specific",5,0.948024272513735,0.0757585411926474
"anchor_02","HOG:0020076","HVUL","FPRA","root","tissue_specific",5,0.933941780187489,0.0286387636677063
"anchor_02","HOG:0020076","HVUL","FPRA","within_tissue_centered","combined_sensitivity",10,0.940326423240758,0.054389857457175
"anchor_02","HOG:0020076","HJUB","BMAX","leaf","tissue_specific",5,0.945096923204148,0.0877835039278297
"anchor_02","HOG:0020076","HJUB","BMAX","root","tissue_specific",5,0.739430088449953,0.056936780881932
"anchor_02","HOG:0020076","HJUB","BMAX","within_tissue_centered","combined_sensitivity",10,0.903957939984007,0.0456106692671951
"anchor_02","HOG:0020076","HJUB","BMED","leaf","tissue_specific",5,0.489103405188877,0.0541134436781808
"anchor_02","HOG:0020076","HJUB","BMED","root","tissue_specific",5,-0.698753500033056,0.0622879314750983
"anchor_02","HOG:0020076","HJUB","BMED","within_tissue_centered","combined_sensitivity",10,0.310098976669503,0.0489328822742166
"anchor_02","HOG:0020076","HJUB","VBRO","leaf","tissue_specific",5,0.972920406089451,0.131263796223796
"anchor_02","HOG:0020076","HJUB","VBRO","root","tissue_specific",5,-0.398050670321458,0.0702307048951104
"anchor_02","HOG:0020076","HJUB","VBRO","within_tissue_centered","combined_sensitivity",10,0.7855178247514,0.0455113228435312
"anchor_02","HOG:0020076","HJUB","FPRA","leaf","tissue_specific",5,0.790939746440658,0.112444788031433
"anchor_02","HOG:0020076","HJUB","FPRA","root","tissue_specific",5,0.0690669167426406,0.0718171773713763
"anchor_02","HOG:0020076","HJUB","FPRA","within_tissue_centered","combined_sensitivity",10,0.696277794904565,0.0374091555655946
"anchor_02","HOG:0020076","BMAX","BMED","leaf","tissue_specific",5,0.570764118644772,0.0915981126100154
"anchor_02","HOG:0020076","BMAX","BMED","root","tissue_specific",5,-0.946291914894597,0.0531279919164585
"anchor_02","HOG:0020076","BMAX","BMED","within_tissue_centered","combined_sensitivity",10,0.37088774286644,0.0637906423508743
"anchor_02","HOG:0020076","BMAX","VBRO","leaf","tissue_specific",5,0.880806246468324,0.0511344947132869
"anchor_02","HOG:0020076","BMAX","VBRO","root","tissue_specific",5,-0.00690782392808209,0.0550275204459917
"anchor_02","HOG:0020076","BMAX","VBRO","within_tissue_centered","combined_sensitivity",10,0.774046981455715,0.0525943342075942
"anchor_02","HOG:0020076","BMAX","FPRA","leaf","tissue_specific",5,0.777003649600577,0.065626877794581
"anchor_02","HOG:0020076","BMAX","FPRA","root","tissue_specific",5,0.440290541503039,0.0382909582836905
"anchor_02","HOG:0020076","BMAX","FPRA","within_tissue_centered","combined_sensitivity",10,0.72715236088765,0.0471252620857059
"anchor_02","HOG:0020076","BMED","VBRO","leaf","tissue_specific",5,0.395510146547304,0.123909978767303
"anchor_02","HOG:0020076","BMED","VBRO","root","tissue_specific",5,-0.237465554895656,0.0392997317693885
"anchor_02","HOG:0020076","BMED","VBRO","within_tissue_centered","combined_sensitivity",10,0.34437879034436,0.0603411404905968
"anchor_02","HOG:0020076","BMED","FPRA","leaf","tissue_specific",5,0.78508615951808,0.0693779895954182
"anchor_02","HOG:0020076","BMED","FPRA","root","tissue_specific",5,-0.157822818928197,0.0219094665658295
"anchor_02","HOG:0020076","BMED","FPRA","within_tissue_centered","combined_sensitivity",10,0.728203958422405,0.0314360046448244
"anchor_02","HOG:0020076","VBRO","FPRA","leaf","tissue_specific",5,0.811826061471367,0.0625911186569501
"anchor_02","HOG:0020076","VBRO","FPRA","root","tissue_specific",5,-0.343635323232411,0.0316708280849853
"anchor_02","HOG:0020076","VBRO","FPRA","within_tissue_centered","combined_sensitivity",10,0.760437972589035,0.0432434728598997
"anchor_03","HOG:0011532","BDIS","BSYL","leaf","tissue_specific",5,0.890980342160699,0.0599103296509845
"anchor_03","HOG:0011532","BDIS","BSYL","root","tissue_specific",5,-0.806825974911558,0.0671246594638097
"anchor_03","HOG:0011532","BDIS","BSYL","within_tissue_centered","combined_sensitivity",10,0.706477780462562,0.0538619973265014
"anchor_03","HOG:0011532","BDIS","HVUL","leaf","tissue_specific",5,0.926674091217336,0.10684860014977
"anchor_03","HOG:0011532","BDIS","HVUL","root","tissue_specific",5,0.0948224065115813,0.0480930917331772
"anchor_03","HOG:0011532","BDIS","HVUL","within_tissue_centered","combined_sensitivity",10,0.846362285949242,0.0660627594179057
"anchor_03","HOG:0011532","BDIS","HJUB","leaf","tissue_specific",5,0.767860993181186,0.0436406245875473
"anchor_03","HOG:0011532","BDIS","HJUB","root","tissue_specific",5,0.42798762042114,0.0514029023025444
"anchor_03","HOG:0011532","BDIS","HJUB","within_tissue_centered","combined_sensitivity",10,0.67826880491679,0.0269638750295342
"anchor_03","HOG:0011532","BDIS","BMAX","leaf","tissue_specific",5,0.834754582885791,0.0418208401088216
"anchor_03","HOG:0011532","BDIS","BMAX","root","tissue_specific",5,0.820566940819143,0.0463943756594703
"anchor_03","HOG:0011532","BDIS","BMAX","within_tissue_centered","combined_sensitivity",10,0.765742138939846,0.0456640944504849
"anchor_03","HOG:0011532","BDIS","BMED","leaf","tissue_specific",5,0.787991747461101,0.0405578389266316
"anchor_03","HOG:0011532","BDIS","BMED","root","tissue_specific",5,-0.711547694960391,0.0298460789816826
"anchor_03","HOG:0011532","BDIS","BMED","within_tissue_centered","combined_sensitivity",10,0.668514654077212,0.0354314257742365
"anchor_03","HOG:0011532","BDIS","VBRO","leaf","tissue_specific",5,0.834406956196256,0.0571110513207944
"anchor_03","HOG:0011532","BDIS","VBRO","root","tissue_specific",5,0.585696373044606,0.0427546716828007
"anchor_03","HOG:0011532","BDIS","VBRO","within_tissue_centered","combined_sensitivity",10,0.789663045706995,0.0436677466020304
"anchor_03","HOG:0011532","BDIS","FPRA","leaf","tissue_specific",5,0.975219635801461,0.0589575287296104
"anchor_03","HOG:0011532","BDIS","FPRA","root","tissue_specific",5,0.255291664826367,0.0169495904778476
"anchor_03","HOG:0011532","BDIS","FPRA","within_tissue_centered","combined_sensitivity",10,0.941183356674749,0.0227803120805775
"anchor_03","HOG:0011532","BSYL","HVUL","leaf","tissue_specific",5,0.903349105306323,0.0830559171417845
"anchor_03","HOG:0011532","BSYL","HVUL","root","tissue_specific",5,-0.310291328592945,0.0860827775747115
"anchor_03","HOG:0011532","BSYL","HVUL","within_tissue_centered","combined_sensitivity",10,0.719345119190237,0.068823364234988
"anchor_03","HOG:0011532","BSYL","HJUB","leaf","tissue_specific",5,0.959692992433505,0.067433307595533
"anchor_03","HOG:0011532","BSYL","HJUB","root","tissue_specific",5,-0.0457928369870417,0.0396354968906548
"anchor_03","HOG:0011532","BSYL","HJUB","within_tissue_centered","combined_sensitivity",10,0.717698888862392,0.0508105529910874
"anchor_03","HOG:0011532","BSYL","BMAX","leaf","tissue_specific",5,0.899269454190635,0.0504291356331474
"anchor_03","HOG:0011532","BSYL","BMAX","root","tissue_specific",5,-0.398097032707491,0.0826127507078806
"anchor_03","HOG:0011532","BSYL","BMAX","within_tissue_centered","combined_sensitivity",10,0.55389994452033,0.0559603410761837
"anchor_03","HOG:0011532","BSYL","BMED","leaf","tissue_specific",5,0.4790077306112,0.0806389699736012
"anchor_03","HOG:0011532","BSYL","BMED","root","tissue_specific",5,0.365963409628812,0.0794501769833271
"anchor_03","HOG:0011532","BSYL","BMED","within_tissue_centered","combined_sensitivity",10,0.461552016690479,0.0613696344304337
"anchor_03","HOG:0011532","BSYL","VBRO","leaf","tissue_specific",5,0.989622176841307,0.0184060841635795
"anchor_03","HOG:0011532","BSYL","VBRO","root","tissue_specific",5,-0.513581013417702,0.0806285139229859
"anchor_03","HOG:0011532","BSYL","VBRO","within_tissue_centered","combined_sensitivity",10,0.716011540617273,0.0469374254991716
"anchor_03","HOG:0011532","BSYL","FPRA","leaf","tissue_specific",5,0.880629699798298,0.0665726999886382
"anchor_03","HOG:0011532","BSYL","FPRA","root","tissue_specific",5,-0.66251015357961,0.0804569430540285
"anchor_03","HOG:0011532","BSYL","FPRA","within_tissue_centered","combined_sensitivity",10,0.735401416119796,0.0426435808856844
"anchor_03","HOG:0011532","HVUL","HJUB","leaf","tissue_specific",5,0.751167213614342,0.150489224737318
"anchor_03","HOG:0011532","HVUL","HJUB","root","tissue_specific",5,0.064926853569959,0.0716850446924163
"anchor_03","HOG:0011532","HVUL","HJUB","within_tissue_centered","combined_sensitivity",10,0.596587939599382,0.0735874952745534
"anchor_03","HOG:0011532","HVUL","BMAX","leaf","tissue_specific",5,0.688373398836738,0.086050419202503
"anchor_03","HOG:0011532","HVUL","BMAX","root","tissue_specific",5,0.0829466481603623,0.0789492681836945
"anchor_03","HOG:0011532","HVUL","BMAX","within_tissue_centered","combined_sensitivity",10,0.530160239884823,0.0869593007511238
"anchor_03","HOG:0011532","HVUL","BMED","leaf","tissue_specific",5,0.569214713551367,0.0979320881690602
"anchor_03","HOG:0011532","HVUL","BMED","root","tissue_specific",5,0.0936261637174254,0.0604333353126846
"anchor_03","HOG:0011532","HVUL","BMED","within_tissue_centered","combined_sensitivity",10,0.512950052647637,0.0803623079955776
"anchor_03","HOG:0011532","HVUL","VBRO","leaf","tissue_specific",5,0.860015240754011,0.0832171673374648
"anchor_03","HOG:0011532","HVUL","VBRO","root","tissue_specific",5,-0.652462455454043,0.0888772165098795
"anchor_03","HOG:0011532","HVUL","VBRO","within_tissue_centered","combined_sensitivity",10,0.616312120649107,0.0751816286433673
"anchor_03","HOG:0011532","HVUL","FPRA","leaf","tissue_specific",5,0.96192701890868,0.062309198030888
"anchor_03","HOG:0011532","HVUL","FPRA","root","tissue_specific",5,0.739986112062959,0.0337917231957872
"anchor_03","HOG:0011532","HVUL","FPRA","within_tissue_centered","combined_sensitivity",10,0.930859682227351,0.0503400349084969
"anchor_03","HOG:0011532","HJUB","BMAX","leaf","tissue_specific",5,0.933884543407667,0.0677246971951077
"anchor_03","HOG:0011532","HJUB","BMAX","root","tissue_specific",5,0.835599386028094,0.0611721470094627
"anchor_03","HOG:0011532","HJUB","BMAX","within_tissue_centered","combined_sensitivity",10,0.899435525982793,0.036539908253712
"anchor_03","HOG:0011532","HJUB","BMED","leaf","tissue_specific",5,0.372125639856414,0.0648407224306074
"anchor_03","HOG:0011532","HJUB","BMED","root","tissue_specific",5,-0.0481115224082017,0.0663840334225729
"anchor_03","HOG:0011532","HJUB","BMED","within_tissue_centered","combined_sensitivity",10,0.285059574865674,0.0463609755589732
"anchor_03","HOG:0011532","HJUB","VBRO","leaf","tissue_specific",5,0.966147998962994,0.0672720573998528
"anchor_03","HOG:0011532","HJUB","VBRO","root","tissue_specific",5,-0.0267416420902402,0.0538848896511383
"anchor_03","HOG:0011532","HJUB","VBRO","within_tissue_centered","combined_sensitivity",10,0.717450761613533,0.0486796369400892
"anchor_03","HOG:0011532","HJUB","FPRA","leaf","tissue_specific",5,0.722799693276409,0.101387918893342
"anchor_03","HOG:0011532","HJUB","FPRA","root","tissue_specific",5,-0.432742474908215,0.0647351858927632
"anchor_03","HOG:0011532","HJUB","FPRA","within_tissue_centered","combined_sensitivity",10,0.546887619734582,0.0437566739330728
"anchor_03","HOG:0011532","BMAX","BMED","leaf","tissue_specific",5,0.59853608175961,0.0643046962523403
"anchor_03","HOG:0011532","BMAX","BMED","root","tissue_specific",5,-0.556976072604767,0.060139962110038
"anchor_03","HOG:0011532","BMAX","BMED","within_tissue_centered","combined_sensitivity",10,0.343853359692626,0.0592070535978602
"anchor_03","HOG:0011532","BMAX","VBRO","leaf","tissue_specific",5,0.88650461011251,0.0389684230090756
"anchor_03","HOG:0011532","BMAX","VBRO","root","tissue_specific",5,0.270834833972558,0.0708752792402118
"anchor_03","HOG:0011532","BMAX","VBRO","within_tissue_centered","combined_sensitivity",10,0.707516696008796,0.0516065218987879
"anchor_03","HOG:0011532","BMAX","FPRA","leaf","tissue_specific",5,0.748556913565713,0.0567907922427939
"anchor_03","HOG:0011532","BMAX","FPRA","root","tissue_specific",5,-0.155482618274356,0.06121183838803
"anchor_03","HOG:0011532","BMAX","FPRA","within_tissue_centered","combined_sensitivity",10,0.569234201847387,0.058130342110767
"anchor_03","HOG:0011532","BMED","VBRO","leaf","tissue_specific",5,0.36689773434204,0.0789204261788428
"anchor_03","HOG:0011532","BMED","VBRO","root","tissue_specific",5,-0.449162056343763,0.0662959946070061
"anchor_03","HOG:0011532","BMED","VBRO","within_tissue_centered","combined_sensitivity",10,0.248446610271713,0.0681820239474016
"anchor_03","HOG:0011532","BMED","FPRA","leaf","tissue_specific",5,0.675192523136732,0.0624253888004884
"anchor_03","HOG:0011532","BMED","FPRA","root","tissue_specific",5,-0.122977570367599,0.028621971589018
"anchor_03","HOG:0011532","BMED","FPRA","within_tissue_centered","combined_sensitivity",10,0.620116436011348,0.0390495471910965
"anchor_03","HOG:0011532","VBRO","FPRA","leaf","tissue_specific",5,0.83942615392911,0.0511114920358269
"anchor_03","HOG:0011532","VBRO","FPRA","root","tissue_specific",5,-0.135246275152751,0.0571531223146533
"anchor_03","HOG:0011532","VBRO","FPRA","within_tissue_centered","combined_sensitivity",10,0.729735677724033,0.0441756546390703
"anchor_04","HOG:0019394","BDIS","BSYL","leaf","tissue_specific",5,0.901350427218233,0.0646828308536394
"anchor_04","HOG:0019394","BDIS","BSYL","root","tissue_specific",5,-0.67074025804177,0.0522590115995215
"anchor_04","HOG:0019394","BDIS","BSYL","within_tissue_centered","combined_sensitivity",10,0.754955343570239,0.0498168447044131
"anchor_04","HOG:0019394","BDIS","HVUL","leaf","tissue_specific",5,0.954000548052262,0.150499144510465
"anchor_04","HOG:0019394","BDIS","HVUL","root","tissue_specific",5,0.296502504360174,0.0560906021508083
"anchor_04","HOG:0019394","BDIS","HVUL","within_tissue_centered","combined_sensitivity",10,0.899395415615791,0.0744653001624933
"anchor_04","HOG:0019394","BDIS","HJUB","leaf","tissue_specific",5,0.823037561121074,0.0421192735097311
"anchor_04","HOG:0019394","BDIS","HJUB","root","tissue_specific",5,0.545120431221634,0.0437019199677302
"anchor_04","HOG:0019394","BDIS","HJUB","within_tissue_centered","combined_sensitivity",10,0.765104766835741,0.0244068025735391
"anchor_04","HOG:0019394","BDIS","BMAX","leaf","tissue_specific",5,0.803472804820967,0.0651232727329999
"anchor_04","HOG:0019394","BDIS","BMAX","root","tissue_specific",5,0.863772311391773,0.0368140703196155
"anchor_04","HOG:0019394","BDIS","BMAX","within_tissue_centered","combined_sensitivity",10,0.796014434263754,0.0464694093451154
"anchor_04","HOG:0019394","BDIS","BMED","leaf","tissue_specific",5,0.772889667793528,0.0489007966256924
"anchor_04","HOG:0019394","BDIS","BMED","root","tissue_specific",5,-0.813307571333244,0.0376079668196765
"anchor_04","HOG:0019394","BDIS","BMED","within_tissue_centered","combined_sensitivity",10,0.643628142982852,0.0385544213591619
"anchor_04","HOG:0019394","BDIS","VBRO","leaf","tissue_specific",5,0.799813898816013,0.122684913829099
"anchor_04","HOG:0019394","BDIS","VBRO","root","tissue_specific",5,0.391971871927521,0.0510364412317947
"anchor_04","HOG:0019394","BDIS","VBRO","within_tissue_centered","combined_sensitivity",10,0.774814003460896,0.0416278569856174
"anchor_04","HOG:0019394","BDIS","FPRA","leaf","tissue_specific",5,0.977976081170886,0.061237572664259
"anchor_04","HOG:0019394","BDIS","FPRA","root","tissue_specific",5,0.51556130138959,0.0221743289778538
"anchor_04","HOG:0019394","BDIS","FPRA","within_tissue_centered","combined_sensitivity",10,0.947760418766182,0.0231556174539927
"anchor_04","HOG:0019394","BSYL","HVUL","leaf","tissue_specific",5,0.912031978213428,0.118554668240034
"anchor_04","HOG:0019394","BSYL","HVUL","root","tissue_specific",5,-0.143735996857898,0.0780267245863486
"anchor_04","HOG:0019394","BSYL","HVUL","within_tissue_centered","combined_sensitivity",10,0.811139114923676,0.0714568319369144
"anchor_04","HOG:0019394","BSYL","HJUB","leaf","tissue_specific",5,0.968459664828416,0.0692519463839031
"anchor_04","HOG:0019394","BSYL","HJUB","root","tissue_specific",5,0.0129979487668876,0.0416474065124948
"anchor_04","HOG:0019394","BSYL","HJUB","within_tissue_centered","combined_sensitivity",10,0.802628330627996,0.0467316211057191
"anchor_04","HOG:0019394","BSYL","BMAX","leaf","tissue_specific",5,0.919442599762742,0.051776462046291
"anchor_04","HOG:0019394","BSYL","BMAX","root","tissue_specific",5,-0.221474559267609,0.0619249451010206
"anchor_04","HOG:0019394","BSYL","BMAX","within_tissue_centered","combined_sensitivity",10,0.735577028041961,0.0458258787993991
"anchor_04","HOG:0019394","BSYL","BMED","leaf","tissue_specific",5,0.475796085472169,0.0806274692945522
"anchor_04","HOG:0019394","BSYL","BMED","root","tissue_specific",5,0.29268555657262,0.0649020904476748
"anchor_04","HOG:0019394","BSYL","BMED","within_tissue_centered","combined_sensitivity",10,0.45831470421412,0.0560980409108854
"anchor_04","HOG:0019394","BSYL","VBRO","leaf","tissue_specific",5,0.979754663736086,0.10909512138051
"anchor_04","HOG:0019394","BSYL","VBRO","root","tissue_specific",5,-0.58912946720232,0.0864847279200551
"anchor_04","HOG:0019394","BSYL","VBRO","within_tissue_centered","combined_sensitivity",10,0.886040584061633,0.0308486566551375
"anchor_04","HOG:0019394","BSYL","FPRA","leaf","tissue_specific",5,0.868347390853303,0.0603740909096927
"anchor_04","HOG:0019394","BSYL","FPRA","root","tissue_specific",5,-0.561379821444145,0.0684308508502964
"anchor_04","HOG:0019394","BSYL","FPRA","within_tissue_centered","combined_sensitivity",10,0.766292871246833,0.0409369216551877
"anchor_04","HOG:0019394","HVUL","HJUB","leaf","tissue_specific",5,0.811381488579363,0.187806614623937
"anchor_04","HOG:0019394","HVUL","HJUB","root","tissue_specific",5,0.177403956077085,0.0764676696814273
"anchor_04","HOG:0019394","HVUL","HJUB","within_tissue_centered","combined_sensitivity",10,0.703618458728572,0.0762223760496404
"anchor_04","HOG:0019394","HVUL","BMAX","leaf","tissue_specific",5,0.716505451426308,0.108102870659483
"anchor_04","HOG:0019394","HVUL","BMAX","root","tissue_specific",5,0.325814655467988,0.0542113545214714
"anchor_04","HOG:0019394","HVUL","BMAX","within_tissue_centered","combined_sensitivity",10,0.650657234613102,0.084794201892883
"anchor_04","HOG:0019394","HVUL","BMED","leaf","tissue_specific",5,0.585952642876874,0.123516779946504
"anchor_04","HOG:0019394","HVUL","BMED","root","tissue_specific",5,0.0877079441888055,0.0543963442812954
"anchor_04","HOG:0019394","HVUL","BMED","within_tissue_centered","combined_sensitivity",10,0.544273149611006,0.0890011104130154
"anchor_04","HOG:0019394","HVUL","VBRO","leaf","tissue_specific",5,0.85021255227769,0.086505880948611
"anchor_04","HOG:0019394","HVUL","VBRO","root","tissue_specific",5,-0.608487409934364,0.0464611809532542
"anchor_04","HOG:0019394","HVUL","VBRO","within_tissue_centered","combined_sensitivity",10,0.77636584656246,0.0687231382155677
"anchor_04","HOG:0019394","HVUL","FPRA","leaf","tissue_specific",5,0.960027891242183,0.0892615718462057
"anchor_04","HOG:0019394","HVUL","FPRA","root","tissue_specific",5,0.877000728043315,0.0339162731729546
"anchor_04","HOG:0019394","HVUL","FPRA","within_tissue_centered","combined_sensitivity",10,0.951170723264835,0.0594057163230844
"anchor_04","HOG:0019394","HJUB","BMAX","leaf","tissue_specific",5,0.962727002231648,0.0843041095741222
"anchor_04","HOG:0019394","HJUB","BMAX","root","tissue_specific",5,0.809871230774635,0.055332995322256
"anchor_04","HOG:0019394","HJUB","BMAX","within_tissue_centered","combined_sensitivity",10,0.927913350607716,0.040652700515529
"anchor_04","HOG:0019394","HJUB","BMED","leaf","tissue_specific",5,0.446168355803937,0.0682194782554687
"anchor_04","HOG:0019394","HJUB","BMED","root","tissue_specific",5,-0.433486601076899,0.0739775967349143
"anchor_04","HOG:0019394","HJUB","BMED","within_tissue_centered","combined_sensitivity",10,0.313420559565197,0.0483735776988058
"anchor_04","HOG:0019394","HJUB","VBRO","leaf","tissue_specific",5,0.962798485130102,0.162345867881294
"anchor_04","HOG:0019394","HJUB","VBRO","root","tissue_specific",5,-0.228594160716995,0.0947383611995249
"anchor_04","HOG:0019394","HJUB","VBRO","within_tissue_centered","combined_sensitivity",10,0.814800391716074,0.0457906104862094
"anchor_04","HOG:0019394","HJUB","FPRA","leaf","tissue_specific",5,0.743540479072091,0.0987036625428335
"anchor_04","HOG:0019394","HJUB","FPRA","root","tissue_specific",5,-0.0121382307248509,0.0648216564874281
"anchor_04","HOG:0019394","HJUB","FPRA","within_tissue_centered","combined_sensitivity",10,0.635107638276064,0.0437766111639192
"anchor_04","HOG:0019394","BMAX","BMED","leaf","tissue_specific",5,0.531264372352794,0.083478014166516
"anchor_04","HOG:0019394","BMAX","BMED","root","tissue_specific",5,-0.813021322965328,0.0556746447687606
"anchor_04","HOG:0019394","BMAX","BMED","within_tissue_centered","combined_sensitivity",10,0.341768827942965,0.0608719378818544
"anchor_04","HOG:0019394","BMAX","VBRO","leaf","tissue_specific",5,0.890611110695766,0.0780417583071719
"anchor_04","HOG:0019394","BMAX","VBRO","root","tissue_specific",5,0.0508393281135176,0.0582740720392618
"anchor_04","HOG:0019394","BMAX","VBRO","within_tissue_centered","combined_sensitivity",10,0.782309151067559,0.0465685761869224
"anchor_04","HOG:0019394","BMAX","FPRA","leaf","tissue_specific",5,0.715134162068145,0.0621657648864788
"anchor_04","HOG:0019394","BMAX","FPRA","root","tissue_specific",5,0.306115641173019,0.0397575517109921
"anchor_04","HOG:0019394","BMAX","FPRA","within_tissue_centered","combined_sensitivity",10,0.648532707369321,0.0514326662522519
"anchor_04","HOG:0019394","BMED","VBRO","leaf","tissue_specific",5,0.294392770414582,0.141251093049205
"anchor_04","HOG:0019394","BMED","VBRO","root","tissue_specific",5,-0.541532884954474,0.0362214125873329
"anchor_04","HOG:0019394","BMED","VBRO","within_tissue_centered","combined_sensitivity",10,0.254934142918544,0.0626565645137345
"anchor_04","HOG:0019394","BMED","FPRA","leaf","tissue_specific",5,0.702145520063942,0.0542443459171739
"anchor_04","HOG:0019394","BMED","FPRA","root","tissue_specific",5,-0.0840381095772017,0.0295761644697543
"anchor_04","HOG:0019394","BMED","FPRA","within_tissue_centered","combined_sensitivity",10,0.65355111041901,0.0382031443258648
"anchor_04","HOG:0019394","VBRO","FPRA","leaf","tissue_specific",5,0.771012954061829,0.0870067471320313
"anchor_04","HOG:0019394","VBRO","FPRA","root","tissue_specific",5,-0.172091490904194,0.0299167047120968
"anchor_04","HOG:0019394","VBRO","FPRA","within_tissue_centered","combined_sensitivity",10,0.740397277007286,0.0424961490288321
"anchor_05","HOG:0006205","BDIS","BSYL","leaf","tissue_specific",5,0.832395204182295,0.0805347164865227
"anchor_05","HOG:0006205","BDIS","BSYL","root","tissue_specific",5,-0.655289320824689,0.063778198739256
"anchor_05","HOG:0006205","BDIS","BSYL","within_tissue_centered","combined_sensitivity",10,0.550335017920565,0.0658933162388637
"anchor_05","HOG:0006205","BDIS","HVUL","leaf","tissue_specific",5,0.977445520441211,0.170097206713286
"anchor_05","HOG:0006205","BDIS","HVUL","root","tissue_specific",5,-0.0601519673957551,0.0760314269877477
"anchor_05","HOG:0006205","BDIS","HVUL","within_tissue_centered","combined_sensitivity",10,0.819045270625495,0.0865906552299384
"anchor_05","HOG:0006205","BDIS","HJUB","leaf","tissue_specific",5,0.711494567826666,0.037215494239036
"anchor_05","HOG:0006205","BDIS","HJUB","root","tissue_specific",5,0.50879509572691,0.0370219224453315
"anchor_05","HOG:0006205","BDIS","HJUB","within_tissue_centered","combined_sensitivity",10,0.669307165840073,0.0229235880681229
"anchor_05","HOG:0006205","BDIS","BMAX","leaf","tissue_specific",5,0.632045969610872,0.0809314605761116
"anchor_05","HOG:0006205","BDIS","BMAX","root","tissue_specific",5,0.843327219162567,0.0368785786794501
"anchor_05","HOG:0006205","BDIS","BMAX","within_tissue_centered","combined_sensitivity",10,0.669861843599472,0.0562215992417357
"anchor_05","HOG:0006205","BDIS","BMED","leaf","tissue_specific",5,0.748457684321329,0.0539384788700868
"anchor_05","HOG:0006205","BDIS","BMED","root","tissue_specific",5,-0.935497738631962,0.042120516415126
"anchor_05","HOG:0006205","BDIS","BMED","within_tissue_centered","combined_sensitivity",10,0.538286633240757,0.039366278190233
"anchor_05","HOG:0006205","BDIS","VBRO","leaf","tissue_specific",5,0.784439585749319,0.0771570288691312
"anchor_05","HOG:0006205","BDIS","VBRO","root","tissue_specific",5,0.572392758710047,0.0268372081527928
"anchor_05","HOG:0006205","BDIS","VBRO","within_tissue_centered","combined_sensitivity",10,0.751843222294542,0.049327956843563
"anchor_05","HOG:0006205","BDIS","FPRA","leaf","tissue_specific",5,0.986309466608037,0.0720999579065739
"anchor_05","HOG:0006205","BDIS","FPRA","root","tissue_specific",5,0.137854512959023,0.0253296728419117
"anchor_05","HOG:0006205","BDIS","FPRA","within_tissue_centered","combined_sensitivity",10,0.894831129716175,0.0270668127139432
"anchor_05","HOG:0006205","BSYL","HVUL","leaf","tissue_specific",5,0.903026969998741,0.115960451366891
"anchor_05","HOG:0006205","BSYL","HVUL","root","tissue_specific",5,-0.491286825827637,0.122808135810978
"anchor_05","HOG:0006205","BSYL","HVUL","within_tissue_centered","combined_sensitivity",10,0.663174006660881,0.0857483581231512
"anchor_05","HOG:0006205","BSYL","HJUB","leaf","tissue_specific",5,0.979481607833831,0.068389988531456
"anchor_05","HOG:0006205","BSYL","HJUB","root","tissue_specific",5,-0.298999296072602,0.0449818406587991
"anchor_05","HOG:0006205","BSYL","HJUB","within_tissue_centered","combined_sensitivity",10,0.697542960996999,0.0570683024229459
"anchor_05","HOG:0006205","BSYL","BMAX","leaf","tissue_specific",5,0.895564455082708,0.0588329372814297
"anchor_05","HOG:0006205","BSYL","BMAX","root","tissue_specific",5,-0.460454495700426,0.0850921845640332
"anchor_05","HOG:0006205","BSYL","BMAX","within_tissue_centered","combined_sensitivity",10,0.623203455206252,0.0561461956881786
"anchor_05","HOG:0006205","BSYL","BMED","leaf","tissue_specific",5,0.614735188202908,0.0750346748638412
"anchor_05","HOG:0006205","BSYL","BMED","root","tissue_specific",5,0.560319496024751,0.0922294081859784
"anchor_05","HOG:0006205","BSYL","BMED","within_tissue_centered","combined_sensitivity",10,0.597741247532366,0.059683929492309
"anchor_05","HOG:0006205","BSYL","VBRO","leaf","tissue_specific",5,0.97586431708323,0.025232691618614
"anchor_05","HOG:0006205","BSYL","VBRO","root","tissue_specific",5,-0.210423313932963,0.0808065198542763
"anchor_05","HOG:0006205","BSYL","VBRO","within_tissue_centered","combined_sensitivity",10,0.775145430070893,0.0454184819160819
"anchor_05","HOG:0006205","BSYL","FPRA","leaf","tissue_specific",5,0.864191540593658,0.0662127044260532
"anchor_05","HOG:0006205","BSYL","FPRA","root","tissue_specific",5,-0.534505705543817,0.0879204607087972
"anchor_05","HOG:0006205","BSYL","FPRA","within_tissue_centered","combined_sensitivity",10,0.713094026255899,0.050053101049416
"anchor_05","HOG:0006205","HVUL","HJUB","leaf","tissue_specific",5,0.813795805379837,0.184350439898347
"anchor_05","HOG:0006205","HVUL","HJUB","root","tissue_specific",5,0.217623240222827,0.0832916064086688
"anchor_05","HOG:0006205","HVUL","HJUB","within_tissue_centered","combined_sensitivity",10,0.702106273565041,0.0817994086907222
"anchor_05","HOG:0006205","HVUL","BMAX","leaf","tissue_specific",5,0.674570026389154,0.104669742170687
"anchor_05","HOG:0006205","HVUL","BMAX","root","tissue_specific",5,0.185660980517969,0.0681844347613002
"anchor_05","HOG:0006205","HVUL","BMAX","within_tissue_centered","combined_sensitivity",10,0.593864832009919,0.0921235983052715
"anchor_05","HOG:0006205","HVUL","BMED","leaf","tissue_specific",5,0.673956931191379,0.123339718871348
"anchor_05","HOG:0006205","HVUL","BMED","root","tissue_specific",5,-0.0690291626658949,0.06098184580653
"anchor_05","HOG:0006205","HVUL","BMED","within_tissue_centered","combined_sensitivity",10,0.591324172263891,0.0888146803545217
"anchor_05","HOG:0006205","HVUL","VBRO","leaf","tissue_specific",5,0.880840988850819,0.117583919104918
"anchor_05","HOG:0006205","HVUL","VBRO","root","tissue_specific",5,-0.690478668565243,0.095858892063608
"anchor_05","HOG:0006205","HVUL","VBRO","within_tissue_centered","combined_sensitivity",10,0.673643931907557,0.0813045192632645
"anchor_05","HOG:0006205","HVUL","FPRA","leaf","tissue_specific",5,0.957572122360542,0.0979972488067124
"anchor_05","HOG:0006205","HVUL","FPRA","root","tissue_specific",5,0.85368293545058,0.050701754145836
"anchor_05","HOG:0006205","HVUL","FPRA","within_tissue_centered","combined_sensitivity",10,0.931630431450698,0.0686255636781117
"anchor_05","HOG:0006205","HJUB","BMAX","leaf","tissue_specific",5,0.908293375615246,0.0849031871430792
"anchor_05","HOG:0006205","HJUB","BMAX","root","tissue_specific",5,0.812589345000827,0.0531119307724347
"anchor_05","HOG:0006205","HJUB","BMAX","within_tissue_centered","combined_sensitivity",10,0.887121917103697,0.0432288319252329
"anchor_05","HOG:0006205","HJUB","BMED","leaf","tissue_specific",5,0.537818933098822,0.0610107210269988
"anchor_05","HOG:0006205","HJUB","BMED","root","tissue_specific",5,-0.762599942378735,0.0618424190910872
"anchor_05","HOG:0006205","HJUB","BMED","within_tissue_centered","combined_sensitivity",10,0.342837471694681,0.0485874674154616
"anchor_05","HOG:0006205","HJUB","VBRO","leaf","tissue_specific",5,0.961882230661227,0.0719545945142764
"anchor_05","HOG:0006205","HJUB","VBRO","root","tissue_specific",5,-0.245615129711988,0.0555350200399714
"anchor_05","HOG:0006205","HJUB","VBRO","within_tissue_centered","combined_sensitivity",10,0.745437444368565,0.0458496373547273
"anchor_05","HOG:0006205","HJUB","FPRA","leaf","tissue_specific",5,0.748014117564532,0.09046684021227
"anchor_05","HOG:0006205","HJUB","FPRA","root","tissue_specific",5,-0.0761898226582777,0.0557977363112247
"anchor_05","HOG:0006205","HJUB","FPRA","within_tissue_centered","combined_sensitivity",10,0.639474249697181,0.0397191235871303
"anchor_05","HOG:0006205","BMAX","BMED","leaf","tissue_specific",5,0.683028800491538,0.074100588285357
"anchor_05","HOG:0006205","BMAX","BMED","root","tissue_specific",5,-0.972538644329283,0.0568601759240756
"anchor_05","HOG:0006205","BMAX","BMED","within_tissue_centered","combined_sensitivity",10,0.461524023668157,0.0583889989011432
"anchor_05","HOG:0006205","BMAX","VBRO","leaf","tissue_specific",5,0.8091907093363,0.0598345649497776
"anchor_05","HOG:0006205","BMAX","VBRO","root","tissue_specific",5,0.0964082385468834,0.0627567169415848
"anchor_05","HOG:0006205","BMAX","VBRO","within_tissue_centered","combined_sensitivity",10,0.694461561623797,0.0593279314192485
"anchor_05","HOG:0006205","BMAX","FPRA","leaf","tissue_specific",5,0.722297764143971,0.0652716436545785
"anchor_05","HOG:0006205","BMAX","FPRA","root","tissue_specific",5,0.206216537014926,0.0425926681002555
"anchor_05","HOG:0006205","BMAX","FPRA","within_tissue_centered","combined_sensitivity",10,0.655232141385221,0.0535292447286202
"anchor_05","HOG:0006205","BMED","VBRO","leaf","tissue_specific",5,0.438362238859777,0.0832814510569292
"anchor_05","HOG:0006205","BMED","VBRO","root","tissue_specific",5,-0.291152630181168,0.0542743852846701
"anchor_05","HOG:0006205","BMED","VBRO","within_tissue_centered","combined_sensitivity",10,0.360412989017989,0.0645679168063254
"anchor_05","HOG:0006205","BMED","FPRA","leaf","tissue_specific",5,0.773068839193249,0.049650148892013
"anchor_05","HOG:0006205","BMED","FPRA","root","tissue_specific",5,-0.125395253636709,0.0240183822775648
"anchor_05","HOG:0006205","BMED","FPRA","within_tissue_centered","combined_sensitivity",10,0.720837018234023,0.0312603979423015
"anchor_05","HOG:0006205","VBRO","FPRA","leaf","tissue_specific",5,0.804507580850594,0.0522533136154353
"anchor_05","HOG:0006205","VBRO","FPRA","root","tissue_specific",5,-0.329201709073487,0.045157137917772
"anchor_05","HOG:0006205","VBRO","FPRA","within_tissue_centered","combined_sensitivity",10,0.718855778542296,0.0460714212359004
"anchor_06","HOG:0028766","BDIS","BSYL","leaf","tissue_specific",5,0.842104588494453,0.104042852732561
"anchor_06","HOG:0028766","BDIS","BSYL","root","tissue_specific",5,-0.863860998637795,0.053790630822747
"anchor_06","HOG:0028766","BDIS","BSYL","within_tissue_centered","combined_sensitivity",10,0.576575818067344,0.0770677078296895
"anchor_06","HOG:0028766","BDIS","HVUL","leaf","tissue_specific",5,0.940390720288791,0.1652096610068
"anchor_06","HOG:0028766","BDIS","HVUL","root","tissue_specific",5,-0.0389063036175355,0.0626731358250449
"anchor_06","HOG:0028766","BDIS","HVUL","within_tissue_centered","combined_sensitivity",10,0.830123011854983,0.081293784396559
"anchor_06","HOG:0028766","BDIS","HJUB","leaf","tissue_specific",5,0.785670879450211,0.0400943063735364
"anchor_06","HOG:0028766","BDIS","HJUB","root","tissue_specific",5,0.83032285249486,0.0202397457650796
"anchor_06","HOG:0028766","BDIS","HJUB","within_tissue_centered","combined_sensitivity",10,0.783912131255104,0.0247252672002855
"anchor_06","HOG:0028766","BDIS","BMAX","leaf","tissue_specific",5,0.695149835818207,0.112994334148984
"anchor_06","HOG:0028766","BDIS","BMAX","root","tissue_specific",5,0.845868377544328,0.0415715852750198
"anchor_06","HOG:0028766","BDIS","BMAX","within_tissue_centered","combined_sensitivity",10,0.713026896139117,0.0600496458086428
"anchor_06","HOG:0028766","BDIS","BMED","leaf","tissue_specific",5,0.825590057419524,0.0535615489930362
"anchor_06","HOG:0028766","BDIS","BMED","root","tissue_specific",5,-0.87482836768046,0.0392748585504236
"anchor_06","HOG:0028766","BDIS","BMED","within_tissue_centered","combined_sensitivity",10,0.658599922593144,0.0378039541746661
"anchor_06","HOG:0028766","BDIS","VBRO","leaf","tissue_specific",5,0.725539602283494,0.133994811387046
"anchor_06","HOG:0028766","BDIS","VBRO","root","tissue_specific",5,0.417216309317335,0.0436802606508346
"anchor_06","HOG:0028766","BDIS","VBRO","within_tissue_centered","combined_sensitivity",10,0.692139201903164,0.0519723552980862
"anchor_06","HOG:0028766","BDIS","FPRA","leaf","tissue_specific",5,0.98977023836504,0.0902115690423664
"anchor_06","HOG:0028766","BDIS","FPRA","root","tissue_specific",5,0.181856057241734,0.032270707480769
"anchor_06","HOG:0028766","BDIS","FPRA","within_tissue_centered","combined_sensitivity",10,0.925436859339326,0.0292713903942235
"anchor_06","HOG:0028766","BSYL","HVUL","leaf","tissue_specific",5,0.902095473396764,0.0835387574511714
"anchor_06","HOG:0028766","BSYL","HVUL","root","tissue_specific",5,-0.372208724667942,0.0807624411153946
"anchor_06","HOG:0028766","BSYL","HVUL","within_tissue_centered","combined_sensitivity",10,0.722302750687202,0.0746010860647116
"anchor_06","HOG:0028766","BSYL","HJUB","leaf","tissue_specific",5,0.994886119635065,0.0709395693055507
"anchor_06","HOG:0028766","BSYL","HJUB","root","tissue_specific",5,-0.736304154541928,0.0629278448125094
"anchor_06","HOG:0028766","BSYL","HJUB","within_tissue_centered","combined_sensitivity",10,0.793407991949561,0.0584064853497078
"anchor_06","HOG:0028766","BSYL","BMAX","leaf","tissue_specific",5,0.938345301111816,0.0592204875316986
"anchor_06","HOG:0028766","BSYL","BMAX","root","tissue_specific",5,-0.731720229083173,0.0682630669532396
"anchor_06","HOG:0028766","BSYL","BMAX","within_tissue_centered","combined_sensitivity",10,0.690890488004426,0.0617585724285135
"anchor_06","HOG:0028766","BSYL","BMED","leaf","tissue_specific",5,0.590109241536917,0.092124121001078
"anchor_06","HOG:0028766","BSYL","BMED","root","tissue_specific",5,0.60676201662331,0.0488549830864784
"anchor_06","HOG:0028766","BSYL","BMED","within_tissue_centered","combined_sensitivity",10,0.583195950825299,0.0692616961356941
"anchor_06","HOG:0028766","BSYL","VBRO","leaf","tissue_specific",5,0.96487290149434,0.0704838007459993
"anchor_06","HOG:0028766","BSYL","VBRO","root","tissue_specific",5,-0.164403944983578,0.0675329004240558
"anchor_06","HOG:0028766","BSYL","VBRO","within_tissue_centered","combined_sensitivity",10,0.851288793526978,0.0444387403862632
"anchor_06","HOG:0028766","BSYL","FPRA","leaf","tissue_specific",5,0.897331165814223,0.0635198049517259
"anchor_06","HOG:0028766","BSYL","FPRA","root","tissue_specific",5,-0.458251240634718,0.0555559304806299
"anchor_06","HOG:0028766","BSYL","FPRA","within_tissue_centered","combined_sensitivity",10,0.777086725519913,0.0556944518095945
"anchor_06","HOG:0028766","HVUL","HJUB","leaf","tissue_specific",5,0.857284771410484,0.154478326756722
"anchor_06","HOG:0028766","HVUL","HJUB","root","tissue_specific",5,0.0856237285969386,0.0713764623819653
"anchor_06","HOG:0028766","HVUL","HJUB","within_tissue_centered","combined_sensitivity",10,0.796408510172728,0.0686055770538598
"anchor_06","HOG:0028766","HVUL","BMAX","leaf","tissue_specific",5,0.70859735929012,0.111490609817506
"anchor_06","HOG:0028766","HVUL","BMAX","root","tissue_specific",5,0.242500347693038,0.0570366774397909
"anchor_06","HOG:0028766","HVUL","BMAX","within_tissue_centered","combined_sensitivity",10,0.659371267607022,0.0867266101646016
"anchor_06","HOG:0028766","HVUL","BMED","leaf","tissue_specific",5,0.640198134446212,0.116572841703767
"anchor_06","HOG:0028766","HVUL","BMED","root","tissue_specific",5,0.0485718211785925,0.0503135695910436
"anchor_06","HOG:0028766","HVUL","BMED","within_tissue_centered","combined_sensitivity",10,0.589547941362938,0.0828783050981793
"anchor_06","HOG:0028766","HVUL","VBRO","leaf","tissue_specific",5,0.858762473241378,0.0802578534624742
"anchor_06","HOG:0028766","HVUL","VBRO","root","tissue_specific",5,-0.645566202029775,0.0450566486694995
"anchor_06","HOG:0028766","HVUL","VBRO","within_tissue_centered","combined_sensitivity",10,0.778646576897988,0.0688987063956879
"anchor_06","HOG:0028766","HVUL","FPRA","leaf","tissue_specific",5,0.96466929951363,0.0799450183113334
"anchor_06","HOG:0028766","HVUL","FPRA","root","tissue_specific",5,0.796953474413493,0.0344889535180238
"anchor_06","HOG:0028766","HVUL","FPRA","within_tissue_centered","combined_sensitivity",10,0.94064497479213,0.0595963570598308
"anchor_06","HOG:0028766","HJUB","BMAX","leaf","tissue_specific",5,0.959295874145651,0.0968595752614163
"anchor_06","HOG:0028766","HJUB","BMAX","root","tissue_specific",5,0.912756751772552,0.0525580208156684
"anchor_06","HOG:0028766","HJUB","BMAX","within_tissue_centered","combined_sensitivity",10,0.950924156150131,0.0412607797536263
"anchor_06","HOG:0028766","HJUB","BMED","leaf","tissue_specific",5,0.540692422941078,0.054885936998676
"anchor_06","HOG:0028766","HJUB","BMED","root","tissue_specific",5,-0.805153246380584,0.0527399760891824
"anchor_06","HOG:0028766","HJUB","BMED","within_tissue_centered","combined_sensitivity",10,0.452443481082607,0.0458741452479916
"anchor_06","HOG:0028766","HJUB","VBRO","leaf","tissue_specific",5,0.970241407116423,0.123775070031423
"anchor_06","HOG:0028766","HJUB","VBRO","root","tissue_specific",5,-0.0816408363807518,0.0639200064159142
"anchor_06","HOG:0028766","HJUB","VBRO","within_tissue_centered","combined_sensitivity",10,0.928987553351675,0.0360845133210859
"anchor_06","HOG:0028766","HJUB","FPRA","leaf","tissue_specific",5,0.84933662656994,0.0876175550236196
"anchor_06","HOG:0028766","HJUB","FPRA","root","tissue_specific",5,-0.0450935916890104,0.0525104532458486
"anchor_06","HOG:0028766","HJUB","FPRA","within_tissue_centered","combined_sensitivity",10,0.815774860213564,0.033488754646614
"anchor_06","HOG:0028766","BMAX","BMED","leaf","tissue_specific",5,0.575182968959205,0.114431922103946
"anchor_06","HOG:0028766","BMAX","BMED","root","tissue_specific",5,-0.931415728179783,0.0475301511451331
"anchor_06","HOG:0028766","BMAX","BMED","within_tissue_centered","combined_sensitivity",10,0.43721122604736,0.0668040343443664
"anchor_06","HOG:0028766","BMAX","VBRO","leaf","tissue_specific",5,0.879522319741998,0.0561410337049966
"anchor_06","HOG:0028766","BMAX","VBRO","root","tissue_specific",5,-0.0603359558685638,0.0473879094410713
"anchor_06","HOG:0028766","BMAX","VBRO","within_tissue_centered","combined_sensitivity",10,0.817159500943059,0.050362313724038
"anchor_06","HOG:0028766","BMAX","FPRA","leaf","tissue_specific",5,0.750431430792536,0.0678107815200406
"anchor_06","HOG:0028766","BMAX","FPRA","root","tissue_specific",5,0.259833136517087,0.037801809922709
"anchor_06","HOG:0028766","BMAX","FPRA","within_tissue_centered","combined_sensitivity",10,0.712183844873263,0.0533926975931541
"anchor_06","HOG:0028766","BMED","VBRO","leaf","tissue_specific",5,0.36204093410986,0.135432399342009
"anchor_06","HOG:0028766","BMED","VBRO","root","tissue_specific",5,-0.238405783303901,0.0299239241670267
"anchor_06","HOG:0028766","BMED","VBRO","within_tissue_centered","combined_sensitivity",10,0.335944959711722,0.0604003243308418
"anchor_06","HOG:0028766","BMED","FPRA","leaf","tissue_specific",5,0.753404806002387,0.0630410088943976
"anchor_06","HOG:0028766","BMED","FPRA","root","tissue_specific",5,-0.153332682674597,0.0213151835334785
"anchor_06","HOG:0028766","BMED","FPRA","within_tissue_centered","combined_sensitivity",10,0.714099553956668,0.0331882468702684
"anchor_06","HOG:0028766","VBRO","FPRA","leaf","tissue_specific",5,0.811094114693319,0.0723913904476113
"anchor_06","HOG:0028766","VBRO","FPRA","root","tissue_specific",5,-0.0996999799784625,0.0141200143841261
"anchor_06","HOG:0028766","VBRO","FPRA","within_tissue_centered","combined_sensitivity",10,0.79440175939171,0.0405363256158068
"anchor_07","HOG:0011862","BDIS","BSYL","leaf","tissue_specific",5,0.903414710179705,0.0757435171710006
"anchor_07","HOG:0011862","BDIS","BSYL","root","tissue_specific",5,-0.591312307456177,0.0427578600649899
"anchor_07","HOG:0011862","BDIS","BSYL","within_tissue_centered","combined_sensitivity",10,0.753568455986124,0.0548174997378209
"anchor_07","HOG:0011862","BDIS","HVUL","leaf","tissue_specific",5,0.944056784073236,0.148752218799737
"anchor_07","HOG:0011862","BDIS","HVUL","root","tissue_specific",5,0.327057931312923,0.0469462071245927
"anchor_07","HOG:0011862","BDIS","HVUL","within_tissue_centered","combined_sensitivity",10,0.879834250492845,0.0673656310254435
"anchor_07","HOG:0011862","BDIS","HJUB","leaf","tissue_specific",5,0.842548338219385,0.0307960498487539
"anchor_07","HOG:0011862","BDIS","HJUB","root","tissue_specific",5,0.702480223732814,0.0297311485197651
"anchor_07","HOG:0011862","BDIS","HJUB","within_tissue_centered","combined_sensitivity",10,0.823158019481313,0.0235363826048287
"anchor_07","HOG:0011862","BDIS","BMAX","leaf","tissue_specific",5,0.799627975892482,0.0819647968818187
"anchor_07","HOG:0011862","BDIS","BMAX","root","tissue_specific",5,0.684332767385144,0.0493962483564603
"anchor_07","HOG:0011862","BDIS","BMAX","within_tissue_centered","combined_sensitivity",10,0.776582104919931,0.0511605262174518
"anchor_07","HOG:0011862","BDIS","BMED","leaf","tissue_specific",5,0.852889789019204,0.0415700670944483
"anchor_07","HOG:0011862","BDIS","BMED","root","tissue_specific",5,-0.75243290338717,0.0464821644859988
"anchor_07","HOG:0011862","BDIS","BMED","within_tissue_centered","combined_sensitivity",10,0.667459059235898,0.0368748979447265
"anchor_07","HOG:0011862","BDIS","VBRO","leaf","tissue_specific",5,0.798353997233323,0.122220858099443
"anchor_07","HOG:0011862","BDIS","VBRO","root","tissue_specific",5,0.679219940971162,0.0426225732850018
"anchor_07","HOG:0011862","BDIS","VBRO","within_tissue_centered","combined_sensitivity",10,0.768928666845536,0.0431985566137683
"anchor_07","HOG:0011862","BDIS","FPRA","leaf","tissue_specific",5,0.988518045790744,0.0769125164020234
"anchor_07","HOG:0011862","BDIS","FPRA","root","tissue_specific",5,0.38859173865282,0.0361638080810859
"anchor_07","HOG:0011862","BDIS","FPRA","within_tissue_centered","combined_sensitivity",10,0.92439110096463,0.0271660420589596
"anchor_07","HOG:0011862","BSYL","HVUL","leaf","tissue_specific",5,0.913113210209414,0.103434564039351
"anchor_07","HOG:0011862","BSYL","HVUL","root","tissue_specific",5,-0.173624409180412,0.0658261685742518
"anchor_07","HOG:0011862","BSYL","HVUL","within_tissue_centered","combined_sensitivity",10,0.865144517770841,0.0597530727760325
"anchor_07","HOG:0011862","BSYL","HJUB","leaf","tissue_specific",5,0.985156330483697,0.0593210076555465
"anchor_07","HOG:0011862","BSYL","HJUB","root","tissue_specific",5,0.137359259178132,0.0313478858156501
"anchor_07","HOG:0011862","BSYL","HJUB","within_tissue_centered","combined_sensitivity",10,0.908888585003291,0.0397015993835258
"anchor_07","HOG:0011862","BSYL","BMAX","leaf","tissue_specific",5,0.926671883802343,0.0560270135186452
"anchor_07","HOG:0011862","BSYL","BMAX","root","tissue_specific",5,0.161898335226703,0.05585102646395
"anchor_07","HOG:0011862","BSYL","BMAX","within_tissue_centered","combined_sensitivity",10,0.816699786973478,0.0449166696189558
"anchor_07","HOG:0011862","BSYL","BMED","leaf","tissue_specific",5,0.57856867097458,0.0792534801677828
"anchor_07","HOG:0011862","BSYL","BMED","root","tissue_specific",5,-0.0372422352862444,0.0552986168923372
"anchor_07","HOG:0011862","BSYL","BMED","within_tissue_centered","combined_sensitivity",10,0.533985293385504,0.055748443078313
"anchor_07","HOG:0011862","BSYL","VBRO","leaf","tissue_specific",5,0.977169851198812,0.0911271467628645
"anchor_07","HOG:0011862","BSYL","VBRO","root","tissue_specific",5,-0.842245538711983,0.0716009837611
"anchor_07","HOG:0011862","BSYL","VBRO","within_tissue_centered","combined_sensitivity",10,0.903565866838536,0.0308922637868711
"anchor_07","HOG:0011862","BSYL","FPRA","leaf","tissue_specific",5,0.905894529816056,0.0611554552775787
"anchor_07","HOG:0011862","BSYL","FPRA","root","tissue_specific",5,-0.389343035942044,0.0628580711441547
"anchor_07","HOG:0011862","BSYL","FPRA","within_tissue_centered","combined_sensitivity",10,0.850240270419023,0.0360139288147774
"anchor_07","HOG:0011862","HVUL","HJUB","leaf","tissue_specific",5,0.850255472521567,0.162755571694897
"anchor_07","HOG:0011862","HVUL","HJUB","root","tissue_specific",5,0.381948542090883,0.0673997420705546
"anchor_07","HOG:0011862","HVUL","HJUB","within_tissue_centered","combined_sensitivity",10,0.80905406853015,0.0619054212841506
"anchor_07","HOG:0011862","HVUL","BMAX","leaf","tissue_specific",5,0.722151205564213,0.104706274965566
"anchor_07","HOG:0011862","HVUL","BMAX","root","tissue_specific",5,0.277477773384458,0.0545688449467434
"anchor_07","HOG:0011862","HVUL","BMAX","within_tissue_centered","combined_sensitivity",10,0.653920333652373,0.0851136556011894
"anchor_07","HOG:0011862","HVUL","BMED","leaf","tissue_specific",5,0.682085079338561,0.119871793875227
"anchor_07","HOG:0011862","HVUL","BMED","root","tissue_specific",5,-0.00532940434321013,0.0301699732992894
"anchor_07","HOG:0011862","HVUL","BMED","within_tissue_centered","combined_sensitivity",10,0.641952352980158,0.0760529182063675
"anchor_07","HOG:0011862","HVUL","VBRO","leaf","tissue_specific",5,0.859569683194143,0.0847208919788666
"anchor_07","HOG:0011862","HVUL","VBRO","root","tissue_specific",5,-0.18416599825498,0.0290190268286766
"anchor_07","HOG:0011862","HVUL","VBRO","within_tissue_centered","combined_sensitivity",10,0.830737027852725,0.0572915270469189
"anchor_07","HOG:0011862","HVUL","FPRA","leaf","tissue_specific",5,0.966666118837122,0.0797959093950385
"anchor_07","HOG:0011862","HVUL","FPRA","root","tissue_specific",5,0.97052323832437,0.0138154749010025
"anchor_07","HOG:0011862","HVUL","FPRA","within_tissue_centered","combined_sensitivity",10,0.966770028087497,0.0480463403432334
"anchor_07","HOG:0011862","HJUB","BMAX","leaf","tissue_specific",5,0.960517727655856,0.0794456898297626
"anchor_07","HOG:0011862","HJUB","BMAX","root","tissue_specific",5,0.943422338676577,0.0607128028002223
"anchor_07","HOG:0011862","HJUB","BMAX","within_tissue_centered","combined_sensitivity",10,0.950226395958886,0.0376500440465628
"anchor_07","HOG:0011862","HJUB","BMED","leaf","tissue_specific",5,0.517784216832643,0.0573409640101955
"anchor_07","HOG:0011862","HJUB","BMED","root","tissue_specific",5,-0.892343575772314,0.0667279269246711
"anchor_07","HOG:0011862","HJUB","BMED","within_tissue_centered","combined_sensitivity",10,0.374806804241076,0.0498704162912414
"anchor_07","HOG:0011862","HJUB","VBRO","leaf","tissue_specific",5,0.976383007557592,0.131947321146758
"anchor_07","HOG:0011862","HJUB","VBRO","root","tissue_specific",5,0.0100664506793346,0.071407919177782
"anchor_07","HOG:0011862","HJUB","VBRO","within_tissue_centered","combined_sensitivity",10,0.905716624779049,0.0378868443827749
"anchor_07","HOG:0011862","HJUB","FPRA","leaf","tissue_specific",5,0.829610133820203,0.0930692009767095
"anchor_07","HOG:0011862","HJUB","FPRA","root","tissue_specific",5,0.258495514395117,0.064949153973866
"anchor_07","HOG:0011862","HJUB","FPRA","within_tissue_centered","combined_sensitivity",10,0.782797766245883,0.0370503053110189
"anchor_07","HOG:0011862","BMAX","BMED","leaf","tissue_specific",5,0.562432525841979,0.0937708118112765
"anchor_07","HOG:0011862","BMAX","BMED","root","tissue_specific",5,-0.93547079216781,0.0652657703026823
"anchor_07","HOG:0011862","BMAX","BMED","within_tissue_centered","combined_sensitivity",10,0.351765251838088,0.0675884681848161
"anchor_07","HOG:0011862","BMAX","VBRO","leaf","tissue_specific",5,0.893621434218364,0.0563856071239406
"anchor_07","HOG:0011862","BMAX","VBRO","root","tissue_specific",5,0.114535048950549,0.0563876011093103
"anchor_07","HOG:0011862","BMAX","VBRO","within_tissue_centered","combined_sensitivity",10,0.79215985359195,0.0487155347851508
"anchor_07","HOG:0011862","BMAX","FPRA","leaf","tissue_specific",5,0.755518811476083,0.0653596057776416
"anchor_07","HOG:0011862","BMAX","FPRA","root","tissue_specific",5,0.172935961731519,0.0507405769075582
"anchor_07","HOG:0011862","BMAX","FPRA","within_tissue_centered","combined_sensitivity",10,0.67495166351419,0.0574494994205924
"anchor_07","HOG:0011862","BMED","VBRO","leaf","tissue_specific",5,0.393455321374302,0.134026873028901
"anchor_07","HOG:0011862","BMED","VBRO","root","tissue_specific",5,-0.311670556787692,0.0311357839664897
"anchor_07","HOG:0011862","BMED","VBRO","within_tissue_centered","combined_sensitivity",10,0.356880075137078,0.0607020610356828
"anchor_07","HOG:0011862","BMED","FPRA","leaf","tissue_specific",5,0.790208328623038,0.0624873730333863
"anchor_07","HOG:0011862","BMED","FPRA","root","tissue_specific",5,0.0652923115648374,0.0180542856937123
"anchor_07","HOG:0011862","BMED","FPRA","within_tissue_centered","combined_sensitivity",10,0.747830458898301,0.0320462623596726
"anchor_07","HOG:0011862","VBRO","FPRA","leaf","tissue_specific",5,0.817665372602422,0.071539499995515
"anchor_07","HOG:0011862","VBRO","FPRA","root","tissue_specific",5,0.0139669340432071,0.0157210612610827
"anchor_07","HOG:0011862","VBRO","FPRA","within_tissue_centered","combined_sensitivity",10,0.796040560248253,0.0401845258556262
"anchor_08","HOG:0006123","BDIS","BSYL","leaf","tissue_specific",5,0.849339867432849,0.0643249591378486
"anchor_08","HOG:0006123","BDIS","BSYL","root","tissue_specific",5,-0.19441153450623,0.0442297360015262
"anchor_08","HOG:0006123","BDIS","BSYL","within_tissue_centered","combined_sensitivity",10,0.673875434816917,0.0496482735268454
"anchor_08","HOG:0006123","BDIS","HVUL","leaf","tissue_specific",5,0.960387301908883,0.135493607887031
"anchor_08","HOG:0006123","BDIS","HVUL","root","tissue_specific",5,0.284110826201526,0.0445707524356023
"anchor_08","HOG:0006123","BDIS","HVUL","within_tissue_centered","combined_sensitivity",10,0.848313492921688,0.0654722730096712
"anchor_08","HOG:0006123","BDIS","HJUB","leaf","tissue_specific",5,0.769456693487644,0.032147673562401
"anchor_08","HOG:0006123","BDIS","HJUB","root","tissue_specific",5,0.601674984929855,0.0392030493832071
"anchor_08","HOG:0006123","BDIS","HJUB","within_tissue_centered","combined_sensitivity",10,0.728685273439581,0.022619324440647
"anchor_08","HOG:0006123","BDIS","BMAX","leaf","tissue_specific",5,0.731397722428597,0.0641833630806451
"anchor_08","HOG:0006123","BDIS","BMAX","root","tissue_specific",5,0.82750132148538,0.0400022603909187
"anchor_08","HOG:0006123","BDIS","BMAX","within_tissue_centered","combined_sensitivity",10,0.755120256899344,0.0456570446598179
"anchor_08","HOG:0006123","BDIS","BMED","leaf","tissue_specific",5,0.830962687368416,0.0479204441831175
"anchor_08","HOG:0006123","BDIS","BMED","root","tissue_specific",5,-0.844051102042957,0.0525000850996794
"anchor_08","HOG:0006123","BDIS","BMED","within_tissue_centered","combined_sensitivity",10,0.562653294333896,0.0379658160038977
"anchor_08","HOG:0006123","BDIS","VBRO","leaf","tissue_specific",5,0.782080417798551,0.0848830398115541
"anchor_08","HOG:0006123","BDIS","VBRO","root","tissue_specific",5,0.591435176879955,0.0227013116621647
"anchor_08","HOG:0006123","BDIS","VBRO","within_tissue_centered","combined_sensitivity",10,0.73897044250054,0.0450529664112503
"anchor_08","HOG:0006123","BDIS","FPRA","leaf","tissue_specific",5,0.988002834075324,0.0720827517127759
"anchor_08","HOG:0006123","BDIS","FPRA","root","tissue_specific",5,0.306168272117798,0.0283880621052226
"anchor_08","HOG:0006123","BDIS","FPRA","within_tissue_centered","combined_sensitivity",10,0.874930967938805,0.0281309401661264
"anchor_08","HOG:0006123","BSYL","HVUL","leaf","tissue_specific",5,0.897075701598445,0.105601911021047
"anchor_08","HOG:0006123","BSYL","HVUL","root","tissue_specific",5,-0.0965321325234066,0.0649562941043131
"anchor_08","HOG:0006123","BSYL","HVUL","within_tissue_centered","combined_sensitivity",10,0.821911370130229,0.0616801788777004
"anchor_08","HOG:0006123","BSYL","HJUB","leaf","tissue_specific",5,0.975819549497664,0.0507790338446614
"anchor_08","HOG:0006123","BSYL","HJUB","root","tissue_specific",5,0.611618276881259,0.0277659917595456
"anchor_08","HOG:0006123","BSYL","HJUB","within_tissue_centered","combined_sensitivity",10,0.899026416544822,0.0339218338978914
"anchor_08","HOG:0006123","BSYL","BMAX","leaf","tissue_specific",5,0.902086546596598,0.0584486270870717
"anchor_08","HOG:0006123","BSYL","BMAX","root","tissue_specific",5,0.334747483103627,0.0524918492568594
"anchor_08","HOG:0006123","BSYL","BMAX","within_tissue_centered","combined_sensitivity",10,0.788036960040394,0.0390468767871685
"anchor_08","HOG:0006123","BSYL","BMED","leaf","tissue_specific",5,0.526098364521084,0.07094410160495
"anchor_08","HOG:0006123","BSYL","BMED","root","tissue_specific",5,-0.288813684926033,0.0637884414053512
"anchor_08","HOG:0006123","BSYL","BMED","within_tissue_centered","combined_sensitivity",10,0.446267429640313,0.0522394443965922
"anchor_08","HOG:0006123","BSYL","VBRO","leaf","tissue_specific",5,0.990126046876779,0.0646566156856479
"anchor_08","HOG:0006123","BSYL","VBRO","root","tissue_specific",5,-0.630330379542075,0.066931047663691
"anchor_08","HOG:0006123","BSYL","VBRO","within_tissue_centered","combined_sensitivity",10,0.829286352248361,0.0308302217397278
"anchor_08","HOG:0006123","BSYL","FPRA","leaf","tissue_specific",5,0.863267281755372,0.0692597330591055
"anchor_08","HOG:0006123","BSYL","FPRA","root","tissue_specific",5,-0.439797183172308,0.0646753350011315
"anchor_08","HOG:0006123","BSYL","FPRA","within_tissue_centered","combined_sensitivity",10,0.770964606026325,0.0383996336892001
"anchor_08","HOG:0006123","HVUL","HJUB","leaf","tissue_specific",5,0.80761980040453,0.150585902942616
"anchor_08","HOG:0006123","HVUL","HJUB","root","tissue_specific",5,0.22518347507644,0.0636004613885444
"anchor_08","HOG:0006123","HVUL","HJUB","within_tissue_centered","combined_sensitivity",10,0.707429205826404,0.0632672973929877
"anchor_08","HOG:0006123","HVUL","BMAX","leaf","tissue_specific",5,0.691051656038183,0.0958496268507927
"anchor_08","HOG:0006123","HVUL","BMAX","root","tissue_specific",5,0.312876283703879,0.0502834145442091
"anchor_08","HOG:0006123","HVUL","BMAX","within_tissue_centered","combined_sensitivity",10,0.613420364781233,0.0784158508272944
"anchor_08","HOG:0006123","HVUL","BMED","leaf","tissue_specific",5,0.673387425567357,0.0998276230716784
"anchor_08","HOG:0006123","HVUL","BMED","root","tissue_specific",5,-0.10741782800475,0.0437508199956921
"anchor_08","HOG:0006123","HVUL","BMED","within_tissue_centered","combined_sensitivity",10,0.615933209106749,0.0717070867386432
"anchor_08","HOG:0006123","HVUL","VBRO","leaf","tissue_specific",5,0.865834596602814,0.0779529111063584
"anchor_08","HOG:0006123","HVUL","VBRO","root","tissue_specific",5,-0.393100679547566,0.0507625677338535
"anchor_08","HOG:0006123","HVUL","VBRO","within_tissue_centered","combined_sensitivity",10,0.772497217812422,0.0610440105623745
"anchor_08","HOG:0006123","HVUL","FPRA","leaf","tissue_specific",5,0.967910626979354,0.0729079028820792
"anchor_08","HOG:0006123","HVUL","FPRA","root","tissue_specific",5,0.907418770372515,0.0175677878982036
"anchor_08","HOG:0006123","HVUL","FPRA","within_tissue_centered","combined_sensitivity",10,0.964880329157058,0.0459665799199345
"anchor_08","HOG:0006123","HJUB","BMAX","leaf","tissue_specific",5,0.953335387460162,0.0667578436272218
"anchor_08","HOG:0006123","HJUB","BMAX","root","tissue_specific",5,0.820296743531412,0.0572378525130111
"anchor_08","HOG:0006123","HJUB","BMAX","within_tissue_centered","combined_sensitivity",10,0.919004077905954,0.0364147537960067
"anchor_08","HOG:0006123","HJUB","BMED","leaf","tissue_specific",5,0.513005730029194,0.0603112837345662
"anchor_08","HOG:0006123","HJUB","BMED","root","tissue_specific",5,-0.771432098013399,0.074496547944334
"anchor_08","HOG:0006123","HJUB","BMED","within_tissue_centered","combined_sensitivity",10,0.30379379279421,0.0492947522102697
"anchor_08","HOG:0006123","HJUB","VBRO","leaf","tissue_specific",5,0.971110091876629,0.0908314072368871
"anchor_08","HOG:0006123","HJUB","VBRO","root","tissue_specific",5,-0.105099391212468,0.0619043610453718
"anchor_08","HOG:0006123","HJUB","VBRO","within_tissue_centered","combined_sensitivity",10,0.782964318053277,0.0408479163703195
"anchor_08","HOG:0006123","HJUB","FPRA","leaf","tissue_specific",5,0.761456111387733,0.0909117040406725
"anchor_08","HOG:0006123","HJUB","FPRA","root","tissue_specific",5,-0.0921413649004533,0.0634567611993723
"anchor_08","HOG:0006123","HJUB","FPRA","within_tissue_centered","combined_sensitivity",10,0.635504372330392,0.0411629348076442
"anchor_08","HOG:0006123","BMAX","BMED","leaf","tissue_specific",5,0.595755462910255,0.0674390892324347
"anchor_08","HOG:0006123","BMAX","BMED","root","tissue_specific",5,-0.974135676147474,0.0589649283996089
"anchor_08","HOG:0006123","BMAX","BMED","within_tissue_centered","combined_sensitivity",10,0.329942261526827,0.0566823648447015
"anchor_08","HOG:0006123","BMAX","VBRO","leaf","tissue_specific",5,0.868154735494851,0.0379131992890906
"anchor_08","HOG:0006123","BMAX","VBRO","root","tissue_specific",5,0.173976652493235,0.0567819605935427
"anchor_08","HOG:0006123","BMAX","VBRO","within_tissue_centered","combined_sensitivity",10,0.734584677921403,0.048806510747204
"anchor_08","HOG:0006123","BMAX","FPRA","leaf","tissue_specific",5,0.706610112767515,0.0598980404956306
"anchor_08","HOG:0006123","BMAX","FPRA","root","tissue_specific",5,0.194523655666462,0.0440758399137234
"anchor_08","HOG:0006123","BMAX","FPRA","within_tissue_centered","combined_sensitivity",10,0.613106465694754,0.0505641029814175
"anchor_08","HOG:0006123","BMED","VBRO","leaf","tissue_specific",5,0.416899444257252,0.0894303402949326
"anchor_08","HOG:0006123","BMED","VBRO","root","tissue_specific",5,-0.342809884495642,0.0485492764159629
"anchor_08","HOG:0006123","BMED","VBRO","within_tissue_centered","combined_sensitivity",10,0.342956554076462,0.0617089236063454
"anchor_08","HOG:0006123","BMED","FPRA","leaf","tissue_specific",5,0.746344295775492,0.0522439153493727
"anchor_08","HOG:0006123","BMED","FPRA","root","tissue_specific",5,-0.0361144512066881,0.0283144747007841
"anchor_08","HOG:0006123","BMED","FPRA","within_tissue_centered","combined_sensitivity",10,0.69111280732674,0.034486451546614
"anchor_08","HOG:0006123","VBRO","FPRA","leaf","tissue_specific",5,0.803771882729051,0.0538646892805942
"anchor_08","HOG:0006123","VBRO","FPRA","root","tissue_specific",5,-0.113179838323882,0.0333320387496594
"anchor_08","HOG:0006123","VBRO","FPRA","within_tissue_centered","combined_sensitivity",10,0.738247890714491,0.0417755993772563
"anchor_09","HOG:0029484","BDIS","BSYL","leaf","tissue_specific",5,0.913781207111488,0.0863168197392252
"anchor_09","HOG:0029484","BDIS","BSYL","root","tissue_specific",5,-0.620390203780888,0.0397892567732306
"anchor_09","HOG:0029484","BDIS","BSYL","within_tissue_centered","combined_sensitivity",10,0.836651781773857,0.0587117898825412
"anchor_09","HOG:0029484","BDIS","HVUL","leaf","tissue_specific",5,0.920525649302088,0.143020383098235
"anchor_09","HOG:0029484","BDIS","HVUL","root","tissue_specific",5,0.253949830294742,0.0508929895761524
"anchor_09","HOG:0029484","BDIS","HVUL","within_tissue_centered","combined_sensitivity",10,0.885691283303835,0.0796906511873254
"anchor_09","HOG:0029484","BDIS","HJUB","leaf","tissue_specific",5,0.833293782032861,0.0433986930895545
"anchor_09","HOG:0029484","BDIS","HJUB","root","tissue_specific",5,0.96501720959716,0.0358074522643535
"anchor_09","HOG:0029484","BDIS","HJUB","within_tissue_centered","combined_sensitivity",10,0.836546378758969,0.0239165415421828
"anchor_09","HOG:0029484","BDIS","BMAX","leaf","tissue_specific",5,0.790869142465837,0.0928629919919462
"anchor_09","HOG:0029484","BDIS","BMAX","root","tissue_specific",5,0.95822772634149,0.0330035305195919
"anchor_09","HOG:0029484","BDIS","BMAX","within_tissue_centered","combined_sensitivity",10,0.783237847360061,0.052540875794174
"anchor_09","HOG:0029484","BDIS","BMED","leaf","tissue_specific",5,0.883788602937609,0.0363199016280491
"anchor_09","HOG:0029484","BDIS","BMED","root","tissue_specific",5,-0.6555808717045,0.0362512645653874
"anchor_09","HOG:0029484","BDIS","BMED","within_tissue_centered","combined_sensitivity",10,0.813795574831976,0.0278856388321421
"anchor_09","HOG:0029484","BDIS","VBRO","leaf","tissue_specific",5,0.78692680036521,0.138893961893194
"anchor_09","HOG:0029484","BDIS","VBRO","root","tissue_specific",5,0.159457788885567,0.0472310725844141
"anchor_09","HOG:0029484","BDIS","VBRO","within_tissue_centered","combined_sensitivity",10,0.776656490123779,0.0465735159066852
"anchor_09","HOG:0029484","BDIS","FPRA","leaf","tissue_specific",5,0.973071565525879,0.055631597799704
"anchor_09","HOG:0029484","BDIS","FPRA","root","tissue_specific",5,0.489093045259908,0.0170401606395429
"anchor_09","HOG:0029484","BDIS","FPRA","within_tissue_centered","combined_sensitivity",10,0.962790892290347,0.020402426831856
"anchor_09","HOG:0029484","BSYL","HVUL","leaf","tissue_specific",5,0.904568258738057,0.0879431445012902
"anchor_09","HOG:0029484","BSYL","HVUL","root","tissue_specific",5,-0.252450930248877,0.0761474314175786
"anchor_09","HOG:0029484","BSYL","HVUL","within_tissue_centered","combined_sensitivity",10,0.812427383547451,0.0758985274737541
"anchor_09","HOG:0029484","BSYL","HJUB","leaf","tissue_specific",5,0.981259045000212,0.0770504458496305
"anchor_09","HOG:0029484","BSYL","HJUB","root","tissue_specific",5,-0.734684371032592,0.0467327852043282
"anchor_09","HOG:0029484","BSYL","HJUB","within_tissue_centered","combined_sensitivity",10,0.883301013855566,0.0463286567332226
"anchor_09","HOG:0029484","BSYL","BMAX","leaf","tissue_specific",5,0.932010049520219,0.0516709733956549
"anchor_09","HOG:0029484","BSYL","BMAX","root","tissue_specific",5,-0.557656051323488,0.0628139298033421
"anchor_09","HOG:0029484","BSYL","BMAX","within_tissue_centered","combined_sensitivity",10,0.778490139990235,0.0532636769945588
"anchor_09","HOG:0029484","BSYL","BMED","leaf","tissue_specific",5,0.63708847820022,0.0919126608543382
"anchor_09","HOG:0029484","BSYL","BMED","root","tissue_specific",5,0.562926432055904,0.0569930311402453
"anchor_09","HOG:0029484","BSYL","BMED","within_tissue_centered","combined_sensitivity",10,0.631110741769557,0.0582390737734594
"anchor_09","HOG:0029484","BSYL","VBRO","leaf","tissue_specific",5,0.963485488590907,0.101765352416411
"anchor_09","HOG:0029484","BSYL","VBRO","root","tissue_specific",5,0.0687116060692843,0.0737825891596252
"anchor_09","HOG:0029484","BSYL","VBRO","within_tissue_centered","combined_sensitivity",10,0.919742417263786,0.0329640874358751
"anchor_09","HOG:0029484","BSYL","FPRA","leaf","tissue_specific",5,0.89845098380145,0.0525452201369809
"anchor_09","HOG:0029484","BSYL","FPRA","root","tissue_specific",5,-0.26953687480923,0.0499106620586027
"anchor_09","HOG:0029484","BSYL","FPRA","within_tissue_centered","combined_sensitivity",10,0.840553304608261,0.0426669332450395
"anchor_09","HOG:0029484","HVUL","HJUB","leaf","tissue_specific",5,0.842283276288536,0.164993590350921
"anchor_09","HOG:0029484","HVUL","HJUB","root","tissue_specific",5,0.423414626191484,0.0703551926019063
"anchor_09","HOG:0029484","HVUL","HJUB","within_tissue_centered","combined_sensitivity",10,0.817629975335669,0.0699776785696696
"anchor_09","HOG:0029484","HVUL","BMAX","leaf","tissue_specific",5,0.714050387101871,0.11707821594493
"anchor_09","HOG:0029484","HVUL","BMAX","root","tissue_specific",5,0.457877571351135,0.0456051600626048
"anchor_09","HOG:0029484","HVUL","BMAX","within_tissue_centered","combined_sensitivity",10,0.687188220163476,0.0855016069983512
"anchor_09","HOG:0029484","HVUL","BMED","leaf","tissue_specific",5,0.707906473064858,0.120569516554502
"anchor_09","HOG:0029484","HVUL","BMED","root","tissue_specific",5,-0.0181158035124901,0.0484807655886641
"anchor_09","HOG:0029484","HVUL","BMED","within_tissue_centered","combined_sensitivity",10,0.654124503360543,0.0858386206563385
"anchor_09","HOG:0029484","HVUL","VBRO","leaf","tissue_specific",5,0.86728253913232,0.092935056905163
"anchor_09","HOG:0029484","HVUL","VBRO","root","tissue_specific",5,0.24291124793198,0.0415433943895369
"anchor_09","HOG:0029484","HVUL","VBRO","within_tissue_centered","combined_sensitivity",10,0.836791631971676,0.0645033540284593
"anchor_09","HOG:0029484","HVUL","FPRA","leaf","tissue_specific",5,0.971683505434445,0.0873887852985305
"anchor_09","HOG:0029484","HVUL","FPRA","root","tissue_specific",5,0.929354563112973,0.0369144633948383
"anchor_09","HOG:0029484","HVUL","FPRA","within_tissue_centered","combined_sensitivity",10,0.960801953016327,0.0613925904318986
"anchor_09","HOG:0029484","HJUB","BMAX","leaf","tissue_specific",5,0.966581699993963,0.0957878101152372
"anchor_09","HOG:0029484","HJUB","BMAX","root","tissue_specific",5,0.972011905281451,0.0500832671862535
"anchor_09","HOG:0029484","HJUB","BMAX","within_tissue_centered","combined_sensitivity",10,0.952647798865754,0.0384211608023661
"anchor_09","HOG:0029484","HJUB","BMED","leaf","tissue_specific",5,0.531353446125738,0.0607936980516618
"anchor_09","HOG:0029484","HJUB","BMED","root","tissue_specific",5,-0.714327209910796,0.0636487352480292
"anchor_09","HOG:0029484","HJUB","BMED","within_tissue_centered","combined_sensitivity",10,0.466980606245171,0.0485567625515798
"anchor_09","HOG:0029484","HJUB","VBRO","leaf","tissue_specific",5,0.977208471830515,0.164542819311939
"anchor_09","HOG:0029484","HJUB","VBRO","root","tissue_specific",5,0.0544507999605531,0.0830385248487676
"anchor_09","HOG:0029484","HJUB","VBRO","within_tissue_centered","combined_sensitivity",10,0.957213025517685,0.0298278691055351
"anchor_09","HOG:0029484","HJUB","FPRA","leaf","tissue_specific",5,0.806042366440355,0.0776048050523901
"anchor_09","HOG:0029484","HJUB","FPRA","root","tissue_specific",5,0.579752243240697,0.0503716255170011
"anchor_09","HOG:0029484","HJUB","FPRA","within_tissue_centered","combined_sensitivity",10,0.799379268735685,0.0347555229783984
"anchor_09","HOG:0029484","BMAX","BMED","leaf","tissue_specific",5,0.54671091783238,0.108519677038571
"anchor_09","HOG:0029484","BMAX","BMED","root","tissue_specific",5,-0.69344236452314,0.0554925828255405
"anchor_09","HOG:0029484","BMAX","BMED","within_tissue_centered","combined_sensitivity",10,0.427161340091444,0.065105671950221
"anchor_09","HOG:0029484","BMAX","VBRO","leaf","tissue_specific",5,0.895313600872194,0.0736602670541243
"anchor_09","HOG:0029484","BMAX","VBRO","root","tissue_specific",5,0.0641457845870009,0.056064082534739
"anchor_09","HOG:0029484","BMAX","VBRO","within_tissue_centered","combined_sensitivity",10,0.837088666603058,0.0422966749101331
"anchor_09","HOG:0029484","BMAX","FPRA","leaf","tissue_specific",5,0.706514379161876,0.0762329922766248
"anchor_09","HOG:0029484","BMAX","FPRA","root","tissue_specific",5,0.629373313617909,0.0294641525085049
"anchor_09","HOG:0029484","BMAX","FPRA","within_tissue_centered","combined_sensitivity",10,0.685885040585805,0.0524948346376318
"anchor_09","HOG:0029484","BMED","VBRO","leaf","tissue_specific",5,0.426684233682421,0.154550646939819
"anchor_09","HOG:0029484","BMED","VBRO","root","tissue_specific",5,0.640042433713745,0.0226993093648507
"anchor_09","HOG:0029484","BMED","VBRO","within_tissue_centered","combined_sensitivity",10,0.425034049048881,0.0556155761439153
"anchor_09","HOG:0029484","BMED","FPRA","leaf","tissue_specific",5,0.808917885895828,0.0466875308973374
"anchor_09","HOG:0029484","BMED","FPRA","root","tissue_specific",5,-0.00923818279496853,0.0268414181771157
"anchor_09","HOG:0029484","BMED","FPRA","within_tissue_centered","combined_sensitivity",10,0.770855563136129,0.0322504197777859
"anchor_09","HOG:0029484","VBRO","FPRA","leaf","tissue_specific",5,0.807690072962195,0.107863116042482
"anchor_09","HOG:0029484","VBRO","FPRA","root","tissue_specific",5,0.487939002560889,0.0326668993317665
"anchor_09","HOG:0029484","VBRO","FPRA","within_tissue_centered","combined_sensitivity",10,0.802745767011503,0.0400025129016337
"anchor_10","HOG:0023085","BDIS","BSYL","leaf","tissue_specific",5,0.855843956335298,0.064288183337751
"anchor_10","HOG:0023085","BDIS","BSYL","root","tissue_specific",5,-0.605331094921896,0.0536694037137679
"anchor_10","HOG:0023085","BDIS","BSYL","within_tissue_centered","combined_sensitivity",10,0.639378929527978,0.0536215674715123
"anchor_10","HOG:0023085","BDIS","HVUL","leaf","tissue_specific",5,0.972812209181574,0.127374845782918
"anchor_10","HOG:0023085","BDIS","HVUL","root","tissue_specific",5,0.309498782997173,0.0376680375335244
"anchor_10","HOG:0023085","BDIS","HVUL","within_tissue_centered","combined_sensitivity",10,0.891221512528561,0.0590441803260178
"anchor_10","HOG:0023085","BDIS","HJUB","leaf","tissue_specific",5,0.761559563426688,0.0348450277440571
"anchor_10","HOG:0023085","BDIS","HJUB","root","tissue_specific",5,0.604118461983832,0.0439046163368792
"anchor_10","HOG:0023085","BDIS","HJUB","within_tissue_centered","combined_sensitivity",10,0.709638760924091,0.024561462287993
"anchor_10","HOG:0023085","BDIS","BMAX","leaf","tissue_specific",5,0.712975900421818,0.0686633537478218
"anchor_10","HOG:0023085","BDIS","BMAX","root","tissue_specific",5,0.84921759498386,0.0362481468539058
"anchor_10","HOG:0023085","BDIS","BMAX","within_tissue_centered","combined_sensitivity",10,0.737821601892906,0.047846907647906
"anchor_10","HOG:0023085","BDIS","BMED","leaf","tissue_specific",5,0.732627849622529,0.0497621611546612
"anchor_10","HOG:0023085","BDIS","BMED","root","tissue_specific",5,-0.789539085610879,0.0386387874921702
"anchor_10","HOG:0023085","BDIS","BMED","within_tissue_centered","combined_sensitivity",10,0.535524723904398,0.0374123197547053
"anchor_10","HOG:0023085","BDIS","VBRO","leaf","tissue_specific",5,0.790949544801554,0.0862708472784496
"anchor_10","HOG:0023085","BDIS","VBRO","root","tissue_specific",5,0.59629039413139,0.0217347747241071
"anchor_10","HOG:0023085","BDIS","VBRO","within_tissue_centered","combined_sensitivity",10,0.761064805361727,0.0451453714123966
"anchor_10","HOG:0023085","BDIS","FPRA","leaf","tissue_specific",5,0.987864095703459,0.0750193517105459
"anchor_10","HOG:0023085","BDIS","FPRA","root","tissue_specific",5,0.409014562974033,0.0289457713358338
"anchor_10","HOG:0023085","BDIS","FPRA","within_tissue_centered","combined_sensitivity",10,0.914654659056127,0.0248922455542408
"anchor_10","HOG:0023085","BSYL","HVUL","leaf","tissue_specific",5,0.877761286680356,0.0953680598626614
"anchor_10","HOG:0023085","BSYL","HVUL","root","tissue_specific",5,-0.0943494164287909,0.0688170921179296
"anchor_10","HOG:0023085","BSYL","HVUL","within_tissue_centered","combined_sensitivity",10,0.791103730994252,0.0588093752074236
"anchor_10","HOG:0023085","BSYL","HJUB","leaf","tissue_specific",5,0.972919173216082,0.053604713076961
"anchor_10","HOG:0023085","BSYL","HJUB","root","tissue_specific",5,0.148829049692397,0.0421358885559334
"anchor_10","HOG:0023085","BSYL","HJUB","within_tissue_centered","combined_sensitivity",10,0.771264580727142,0.0440298376770905
"anchor_10","HOG:0023085","BSYL","BMAX","leaf","tissue_specific",5,0.904082659447606,0.0618886200966935
"anchor_10","HOG:0023085","BSYL","BMAX","root","tissue_specific",5,-0.0938540114584669,0.0606067591325622
"anchor_10","HOG:0023085","BSYL","BMAX","within_tissue_centered","combined_sensitivity",10,0.714246802559915,0.0464274204084347
"anchor_10","HOG:0023085","BSYL","BMED","leaf","tissue_specific",5,0.438926650074792,0.0773905684927059
"anchor_10","HOG:0023085","BSYL","BMED","root","tissue_specific",5,0.276446504317855,0.0661796313186436
"anchor_10","HOG:0023085","BSYL","BMED","within_tissue_centered","combined_sensitivity",10,0.420753705085346,0.0536439222947833
"anchor_10","HOG:0023085","BSYL","VBRO","leaf","tissue_specific",5,0.991040938142122,0.0605729293306065
"anchor_10","HOG:0023085","BSYL","VBRO","root","tissue_specific",5,-0.777855654732278,0.068522792231918
"anchor_10","HOG:0023085","BSYL","VBRO","within_tissue_centered","combined_sensitivity",10,0.781705929980677,0.0353154322740108
"anchor_10","HOG:0023085","BSYL","FPRA","leaf","tissue_specific",5,0.850936114077561,0.0719096829395681
"anchor_10","HOG:0023085","BSYL","FPRA","root","tissue_specific",5,-0.257223674970456,0.0712530569740189
"anchor_10","HOG:0023085","BSYL","FPRA","within_tissue_centered","combined_sensitivity",10,0.770765664578073,0.0386102274501643
"anchor_10","HOG:0023085","HVUL","HJUB","leaf","tissue_specific",5,0.758913736825935,0.146128646433174
"anchor_10","HOG:0023085","HVUL","HJUB","root","tissue_specific",5,0.159591035500042,0.0618987610734568
"anchor_10","HOG:0023085","HVUL","HJUB","within_tissue_centered","combined_sensitivity",10,0.622657507792657,0.0641942613843823
"anchor_10","HOG:0023085","HVUL","BMAX","leaf","tissue_specific",5,0.65577597916155,0.0983713396010468
"anchor_10","HOG:0023085","HVUL","BMAX","root","tissue_specific",5,0.325040731297967,0.0521799863541966
"anchor_10","HOG:0023085","HVUL","BMAX","within_tissue_centered","combined_sensitivity",10,0.589406021288549,0.0788550477219368
"anchor_10","HOG:0023085","HVUL","BMED","leaf","tissue_specific",5,0.580332649582734,0.0987003860328001
"anchor_10","HOG:0023085","HVUL","BMED","root","tissue_specific",5,-0.0448589756358596,0.0434880490702268
"anchor_10","HOG:0023085","HVUL","BMED","within_tissue_centered","combined_sensitivity",10,0.534870487860731,0.0700424787422949
"anchor_10","HOG:0023085","HVUL","VBRO","leaf","tissue_specific",5,0.832258505773604,0.0776685214350041
"anchor_10","HOG:0023085","HVUL","VBRO","root","tissue_specific",5,-0.448937760579207,0.0546664402554374
"anchor_10","HOG:0023085","HVUL","VBRO","within_tissue_centered","combined_sensitivity",10,0.729423534541245,0.0631942848767491
"anchor_10","HOG:0023085","HVUL","FPRA","leaf","tissue_specific",5,0.955595846370584,0.0664196812939134
"anchor_10","HOG:0023085","HVUL","FPRA","root","tissue_specific",5,0.947141364051175,0.0198194645587086
"anchor_10","HOG:0023085","HVUL","FPRA","within_tissue_centered","combined_sensitivity",10,0.952884884552793,0.0434487775418486
"anchor_10","HOG:0023085","HJUB","BMAX","leaf","tissue_specific",5,0.968493266509209,0.0809740338256794
"anchor_10","HOG:0023085","HJUB","BMAX","root","tissue_specific",5,0.859543475209043,0.0585813316138626
"anchor_10","HOG:0023085","HJUB","BMAX","within_tissue_centered","combined_sensitivity",10,0.932506874173987,0.0348872307916311
"anchor_10","HOG:0023085","HJUB","BMED","leaf","tissue_specific",5,0.437247888067547,0.0569014702723076
"anchor_10","HOG:0023085","HJUB","BMED","root","tissue_specific",5,-0.438877179759204,0.0713349900934472
"anchor_10","HOG:0023085","HJUB","BMED","within_tissue_centered","combined_sensitivity",10,0.261461350345505,0.0471629432878244
"anchor_10","HOG:0023085","HJUB","VBRO","leaf","tissue_specific",5,0.967109862482054,0.0938222019493698
"anchor_10","HOG:0023085","HJUB","VBRO","root","tissue_specific",5,0.0658773807016522,0.05862818730046
"anchor_10","HOG:0023085","HJUB","VBRO","within_tissue_centered","combined_sensitivity",10,0.755135471515408,0.0439650337349018
"anchor_10","HOG:0023085","HJUB","FPRA","leaf","tissue_specific",5,0.752022737670451,0.0996637388698524
"anchor_10","HOG:0023085","HJUB","FPRA","root","tissue_specific",5,0.0211074866358246,0.0707533490220515
"anchor_10","HOG:0023085","HJUB","FPRA","within_tissue_centered","combined_sensitivity",10,0.606348520759546,0.0414055993382071
"anchor_10","HOG:0023085","BMAX","BMED","leaf","tissue_specific",5,0.523911489783509,0.0803688943088271
"anchor_10","HOG:0023085","BMAX","BMED","root","tissue_specific",5,-0.798058884145802,0.0514979158791378
"anchor_10","HOG:0023085","BMAX","BMED","within_tissue_centered","combined_sensitivity",10,0.309446957808726,0.0570953803290396
"anchor_10","HOG:0023085","BMAX","VBRO","leaf","tissue_specific",5,0.887413066248034,0.0356124797327775
"anchor_10","HOG:0023085","BMAX","VBRO","root","tissue_specific",5,0.228969935617312,0.0569705131485043
"anchor_10","HOG:0023085","BMAX","VBRO","within_tissue_centered","combined_sensitivity",10,0.761847269403605,0.0467332290789077
"anchor_10","HOG:0023085","BMAX","FPRA","leaf","tissue_specific",5,0.71465560530404,0.0583100918256036
"anchor_10","HOG:0023085","BMAX","FPRA","root","tissue_specific",5,0.338241462440391,0.0439702416507622
"anchor_10","HOG:0023085","BMAX","FPRA","within_tissue_centered","combined_sensitivity",10,0.637209756556927,0.0493397359441253
"anchor_10","HOG:0023085","BMED","VBRO","leaf","tissue_specific",5,0.317507213579606,0.0979763878394549
"anchor_10","HOG:0023085","BMED","VBRO","root","tissue_specific",5,-0.509786797565483,0.0522475245675268
"anchor_10","HOG:0023085","BMED","VBRO","within_tissue_centered","combined_sensitivity",10,0.233397411773689,0.0636396429690531
"anchor_10","HOG:0023085","BMED","FPRA","leaf","tissue_specific",5,0.683061099610525,0.061288064528072
"anchor_10","HOG:0023085","BMED","FPRA","root","tissue_specific",5,-0.245345075087388,0.0241385865403731
"anchor_10","HOG:0023085","BMED","FPRA","within_tissue_centered","combined_sensitivity",10,0.630273866657154,0.0362280032897611
"anchor_10","HOG:0023085","VBRO","FPRA","leaf","tissue_specific",5,0.795471848707392,0.0535755897214705
"anchor_10","HOG:0023085","VBRO","FPRA","root","tissue_specific",5,-0.26483146153001,0.0426344415673199
"anchor_10","HOG:0023085","VBRO","FPRA","within_tissue_centered","combined_sensitivity",10,0.726236949783545,0.0437532655711249
"anchor_11","HOG:0026770","BDIS","BSYL","leaf","tissue_specific",5,0.895257061427136,0.0573438072597376
"anchor_11","HOG:0026770","BDIS","BSYL","root","tissue_specific",5,-0.205430041984682,0.0596081038504601
"anchor_11","HOG:0026770","BDIS","BSYL","within_tissue_centered","combined_sensitivity",10,0.733493544440232,0.0448960901070935
"anchor_11","HOG:0026770","BDIS","HVUL","leaf","tissue_specific",5,0.94390568743125,0.136344100462606
"anchor_11","HOG:0026770","BDIS","HVUL","root","tissue_specific",5,0.276226351652916,0.0475694281285753
"anchor_11","HOG:0026770","BDIS","HVUL","within_tissue_centered","combined_sensitivity",10,0.854504729903605,0.0648428983701984
"anchor_11","HOG:0026770","BDIS","HJUB","leaf","tissue_specific",5,0.822337834483346,0.0325657509214891
"anchor_11","HOG:0026770","BDIS","HJUB","root","tissue_specific",5,0.477380860201932,0.0302082665138283
"anchor_11","HOG:0026770","BDIS","HJUB","within_tissue_centered","combined_sensitivity",10,0.762149352233588,0.0223811803146598
"anchor_11","HOG:0026770","BDIS","BMAX","leaf","tissue_specific",5,0.796941552024891,0.0765309486871589
"anchor_11","HOG:0026770","BDIS","BMAX","root","tissue_specific",5,0.790543491168228,0.0466290555026924
"anchor_11","HOG:0026770","BDIS","BMAX","within_tissue_centered","combined_sensitivity",10,0.795167466375907,0.0519596138746091
"anchor_11","HOG:0026770","BDIS","BMED","leaf","tissue_specific",5,0.821693837144643,0.0401730988313873
"anchor_11","HOG:0026770","BDIS","BMED","root","tissue_specific",5,-0.784326982138757,0.0472611741679821
"anchor_11","HOG:0026770","BDIS","BMED","within_tissue_centered","combined_sensitivity",10,0.604715450970857,0.0339094548630439
"anchor_11","HOG:0026770","BDIS","VBRO","leaf","tissue_specific",5,0.79777226236706,0.120848870634509
"anchor_11","HOG:0026770","BDIS","VBRO","root","tissue_specific",5,0.311857573203059,0.0516547146785529
"anchor_11","HOG:0026770","BDIS","VBRO","within_tissue_centered","combined_sensitivity",10,0.729533108002782,0.0486897729620822
"anchor_11","HOG:0026770","BDIS","FPRA","leaf","tissue_specific",5,0.990874583396167,0.0751507193219097
"anchor_11","HOG:0026770","BDIS","FPRA","root","tissue_specific",5,0.328887766460166,0.0371008444581792
"anchor_11","HOG:0026770","BDIS","FPRA","within_tissue_centered","combined_sensitivity",10,0.90168622145651,0.0260062453376469
"anchor_11","HOG:0026770","BSYL","HVUL","leaf","tissue_specific",5,0.902755973336774,0.116365671601543
"anchor_11","HOG:0026770","BSYL","HVUL","root","tissue_specific",5,-0.168195325675291,0.0840726934126679
"anchor_11","HOG:0026770","BSYL","HVUL","within_tissue_centered","combined_sensitivity",10,0.824701829294202,0.0632740103321149
"anchor_11","HOG:0026770","BSYL","HJUB","leaf","tissue_specific",5,0.975139144077094,0.0401155310421597
"anchor_11","HOG:0026770","BSYL","HJUB","root","tissue_specific",5,0.747002325891906,0.0293998373366318
"anchor_11","HOG:0026770","BSYL","HJUB","within_tissue_centered","combined_sensitivity",10,0.944046296061976,0.0267130342678805
"anchor_11","HOG:0026770","BSYL","BMAX","leaf","tissue_specific",5,0.901655640377167,0.06572054294696
"anchor_11","HOG:0026770","BSYL","BMAX","root","tissue_specific",5,0.420967744901075,0.073677097501032
"anchor_11","HOG:0026770","BSYL","BMAX","within_tissue_centered","combined_sensitivity",10,0.817645683873559,0.0429660459471742
"anchor_11","HOG:0026770","BSYL","BMED","leaf","tissue_specific",5,0.524442820143888,0.0723748688102959
"anchor_11","HOG:0026770","BSYL","BMED","root","tissue_specific",5,-0.0981020571587005,0.0839575762537504
"anchor_11","HOG:0026770","BSYL","BMED","within_tissue_centered","combined_sensitivity",10,0.465936349725576,0.0482340781386744
"anchor_11","HOG:0026770","BSYL","VBRO","leaf","tissue_specific",5,0.982070500931052,0.119814124275484
"anchor_11","HOG:0026770","BSYL","VBRO","root","tissue_specific",5,-0.529058436782466,0.097473767953514
"anchor_11","HOG:0026770","BSYL","VBRO","within_tissue_centered","combined_sensitivity",10,0.87423910712195,0.030380575237679
"anchor_11","HOG:0026770","BSYL","FPRA","leaf","tissue_specific",5,0.888575312207146,0.0792126592543782
"anchor_11","HOG:0026770","BSYL","FPRA","root","tissue_specific",5,-0.137807978089031,0.0829198977331403
"anchor_11","HOG:0026770","BSYL","FPRA","within_tissue_centered","combined_sensitivity",10,0.820057842151471,0.0350010806357831
"anchor_11","HOG:0026770","HVUL","HJUB","leaf","tissue_specific",5,0.795034525705627,0.153511954138004
"anchor_11","HOG:0026770","HVUL","HJUB","root","tissue_specific",5,0.0977595919094853,0.0551391897567529
"anchor_11","HOG:0026770","HVUL","HJUB","within_tissue_centered","combined_sensitivity",10,0.723731681875399,0.0656981225195457
"anchor_11","HOG:0026770","HVUL","BMAX","leaf","tissue_specific",5,0.676808064117785,0.10546020214625
"anchor_11","HOG:0026770","HVUL","BMAX","root","tissue_specific",5,0.221013161313046,0.0583981096977438
"anchor_11","HOG:0026770","HVUL","BMAX","within_tissue_centered","combined_sensitivity",10,0.606089297286945,0.0868574576147644
"anchor_11","HOG:0026770","HVUL","BMED","leaf","tissue_specific",5,0.648955786552284,0.110422574550679
"anchor_11","HOG:0026770","HVUL","BMED","root","tissue_specific",5,-0.172408608297867,0.0446939579215945
"anchor_11","HOG:0026770","HVUL","BMED","within_tissue_centered","combined_sensitivity",10,0.595558087851802,0.0774435582500839
"anchor_11","HOG:0026770","HVUL","VBRO","leaf","tissue_specific",5,0.841208327935991,0.0878533845459769
"anchor_11","HOG:0026770","HVUL","VBRO","root","tissue_specific",5,-0.617959841743622,0.0426365538888042
"anchor_11","HOG:0026770","HVUL","VBRO","within_tissue_centered","combined_sensitivity",10,0.776047495667345,0.0628004249131998
"anchor_11","HOG:0026770","HVUL","FPRA","leaf","tissue_specific",5,0.955727002886657,0.074563055467135
"anchor_11","HOG:0026770","HVUL","FPRA","root","tissue_specific",5,0.984125769960643,0.0194302105734127
"anchor_11","HOG:0026770","HVUL","FPRA","within_tissue_centered","combined_sensitivity",10,0.956368661143887,0.0486292123123785
"anchor_11","HOG:0026770","HJUB","BMAX","leaf","tissue_specific",5,0.958230127339035,0.0769457809610718
"anchor_11","HOG:0026770","HJUB","BMAX","root","tissue_specific",5,0.879371291968233,0.053733553063681
"anchor_11","HOG:0026770","HJUB","BMAX","within_tissue_centered","combined_sensitivity",10,0.940078536467554,0.0400868005769514
"anchor_11","HOG:0026770","HJUB","BMED","leaf","tissue_specific",5,0.478607926965846,0.0518176238787822
"anchor_11","HOG:0026770","HJUB","BMED","root","tissue_specific",5,-0.519033275814749,0.0573235235768348
"anchor_11","HOG:0026770","HJUB","BMED","within_tissue_centered","combined_sensitivity",10,0.362139834746618,0.0427254106191308
"anchor_11","HOG:0026770","HJUB","VBRO","leaf","tissue_specific",5,0.969913610432796,0.137796045626237
"anchor_11","HOG:0026770","HJUB","VBRO","root","tissue_specific",5,-0.346570525633154,0.0708397152765984
"anchor_11","HOG:0026770","HJUB","VBRO","within_tissue_centered","combined_sensitivity",10,0.844922717697621,0.0439142669187884
"anchor_11","HOG:0026770","HJUB","FPRA","leaf","tissue_specific",5,0.794887052738693,0.0971945806051302
"anchor_11","HOG:0026770","HJUB","FPRA","root","tissue_specific",5,0.133328637237438,0.0562858450562248
"anchor_11","HOG:0026770","HJUB","FPRA","within_tissue_centered","combined_sensitivity",10,0.7294067601356,0.0362855416439703
"anchor_11","HOG:0026770","BMAX","BMED","leaf","tissue_specific",5,0.559195603090869,0.0829140208117781
"anchor_11","HOG:0026770","BMAX","BMED","root","tissue_specific",5,-0.843818025818973,0.0541787943152437
"anchor_11","HOG:0026770","BMAX","BMED","within_tissue_centered","combined_sensitivity",10,0.355908176780479,0.0644621508579318
"anchor_11","HOG:0026770","BMAX","VBRO","leaf","tissue_specific",5,0.873476835963628,0.0608502646651648
"anchor_11","HOG:0026770","BMAX","VBRO","root","tissue_specific",5,-0.0698411033112858,0.061615925642372
"anchor_11","HOG:0026770","BMAX","VBRO","within_tissue_centered","combined_sensitivity",10,0.747160795846932,0.0531137039848581
"anchor_11","HOG:0026770","BMAX","FPRA","leaf","tissue_specific",5,0.756532637085045,0.0620317951893271
"anchor_11","HOG:0026770","BMAX","FPRA","root","tissue_specific",5,0.305193257825585,0.0483260088247684
"anchor_11","HOG:0026770","BMAX","FPRA","within_tissue_centered","combined_sensitivity",10,0.682995416242096,0.053907967677945
"anchor_11","HOG:0026770","BMED","VBRO","leaf","tissue_specific",5,0.356001279146517,0.131450434248194
"anchor_11","HOG:0026770","BMED","VBRO","root","tissue_specific",5,-0.250435014284486,0.0316127026558162
"anchor_11","HOG:0026770","BMED","VBRO","within_tissue_centered","combined_sensitivity",10,0.317211420243104,0.0582653983108018
"anchor_11","HOG:0026770","BMED","FPRA","leaf","tissue_specific",5,0.77114519813815,0.0590415393190925
"anchor_11","HOG:0026770","BMED","FPRA","root","tissue_specific",5,-0.31651431778073,0.026935145378663
"anchor_11","HOG:0026770","BMED","FPRA","within_tissue_centered","combined_sensitivity",10,0.708020927787813,0.0340779819651096
"anchor_11","HOG:0026770","VBRO","FPRA","leaf","tissue_specific",5,0.798416614878539,0.0724088949291016
"anchor_11","HOG:0026770","VBRO","FPRA","root","tissue_specific",5,-0.565393769485271,0.0249368062526366
"anchor_11","HOG:0026770","VBRO","FPRA","within_tissue_centered","combined_sensitivity",10,0.745840792684616,0.0446810012572433
"anchor_12","HOG:0012056","BDIS","BSYL","leaf","tissue_specific",5,0.882124918485277,0.05742148598326
"anchor_12","HOG:0012056","BDIS","BSYL","root","tissue_specific",5,-0.0979059797426936,0.0567116618040468
"anchor_12","HOG:0012056","BDIS","BSYL","within_tissue_centered","combined_sensitivity",10,0.693996935196885,0.0462696137905615
"anchor_12","HOG:0012056","BDIS","HVUL","leaf","tissue_specific",5,0.966353460348828,0.126229099936821
"anchor_12","HOG:0012056","BDIS","HVUL","root","tissue_specific",5,0.317609366106397,0.0404824746141045
"anchor_12","HOG:0012056","BDIS","HVUL","within_tissue_centered","combined_sensitivity",10,0.856206636781942,0.0600907133416703
"anchor_12","HOG:0012056","BDIS","HJUB","leaf","tissue_specific",5,0.800819334590918,0.0307238680834711
"anchor_12","HOG:0012056","BDIS","HJUB","root","tissue_specific",5,0.64615744683552,0.036767388240157
"anchor_12","HOG:0012056","BDIS","HJUB","within_tissue_centered","combined_sensitivity",10,0.761588495796415,0.0208250042081134
"anchor_12","HOG:0012056","BDIS","BMAX","leaf","tissue_specific",5,0.781509926904517,0.0583710541212831
"anchor_12","HOG:0012056","BDIS","BMAX","root","tissue_specific",5,0.7472508663038,0.0403652109912777
"anchor_12","HOG:0012056","BDIS","BMAX","within_tissue_centered","combined_sensitivity",10,0.771055908691907,0.0435149408074221
"anchor_12","HOG:0012056","BDIS","BMED","leaf","tissue_specific",5,0.78678485319261,0.041361804171409
"anchor_12","HOG:0012056","BDIS","BMED","root","tissue_specific",5,-0.714253201676403,0.0451494937783623
"anchor_12","HOG:0012056","BDIS","BMED","within_tissue_centered","combined_sensitivity",10,0.545924444736752,0.0362266837788248
"anchor_12","HOG:0012056","BDIS","VBRO","leaf","tissue_specific",5,0.826885218777146,0.0912584326160509
"anchor_12","HOG:0012056","BDIS","VBRO","root","tissue_specific",5,0.75977221274576,0.0238348732665444
"anchor_12","HOG:0012056","BDIS","VBRO","within_tissue_centered","combined_sensitivity",10,0.801340889470558,0.0400238774934304
"anchor_12","HOG:0012056","BDIS","FPRA","leaf","tissue_specific",5,0.982429749890028,0.069438435632611
"anchor_12","HOG:0012056","BDIS","FPRA","root","tissue_specific",5,0.365109289050561,0.029068046907241
"anchor_12","HOG:0012056","BDIS","FPRA","within_tissue_centered","combined_sensitivity",10,0.874505296062349,0.0254139625208465
"anchor_12","HOG:0012056","BSYL","HVUL","leaf","tissue_specific",5,0.909415638175092,0.110975369507817
"anchor_12","HOG:0012056","BSYL","HVUL","root","tissue_specific",5,-0.0149959620666489,0.0742022557133276
"anchor_12","HOG:0012056","BSYL","HVUL","within_tissue_centered","combined_sensitivity",10,0.820745335460582,0.0568341162600155
"anchor_12","HOG:0012056","BSYL","HJUB","leaf","tissue_specific",5,0.971422424918416,0.0417898230593263
"anchor_12","HOG:0012056","BSYL","HJUB","root","tissue_specific",5,0.686473209330277,0.0252956028142074
"anchor_12","HOG:0012056","BSYL","HJUB","within_tissue_centered","combined_sensitivity",10,0.904872260399917,0.0318202184602394
"anchor_12","HOG:0012056","BSYL","BMAX","leaf","tissue_specific",5,0.913157226782059,0.0600722471382144
"anchor_12","HOG:0012056","BSYL","BMAX","root","tissue_specific",5,0.29153305854477,0.0650141072309721
"anchor_12","HOG:0012056","BSYL","BMAX","within_tissue_centered","combined_sensitivity",10,0.770789836267632,0.0395966742008194
"anchor_12","HOG:0012056","BSYL","BMED","leaf","tissue_specific",5,0.468116705275049,0.0717103367904548
"anchor_12","HOG:0012056","BSYL","BMED","root","tissue_specific",5,-0.147997776806105,0.0694138003130494
"anchor_12","HOG:0012056","BSYL","BMED","within_tissue_centered","combined_sensitivity",10,0.39550127596021,0.0514029607721447
"anchor_12","HOG:0012056","BSYL","VBRO","leaf","tissue_specific",5,0.993900919959768,0.0925807302462319
"anchor_12","HOG:0012056","BSYL","VBRO","root","tissue_specific",5,-0.543799109884836,0.0805465350705912
"anchor_12","HOG:0012056","BSYL","VBRO","within_tissue_centered","combined_sensitivity",10,0.809087524092826,0.0305922783948227
"anchor_12","HOG:0012056","BSYL","FPRA","leaf","tissue_specific",5,0.858077504478292,0.0791028948194002
"anchor_12","HOG:0012056","BSYL","FPRA","root","tissue_specific",5,-0.311718957859593,0.0747868795178137
"anchor_12","HOG:0012056","BSYL","FPRA","within_tissue_centered","combined_sensitivity",10,0.743811520941244,0.0394685315088823
"anchor_12","HOG:0012056","HVUL","HJUB","leaf","tissue_specific",5,0.805179763184784,0.144823934642586
"anchor_12","HOG:0012056","HVUL","HJUB","root","tissue_specific",5,0.176767849528088,0.0586023441937002
"anchor_12","HOG:0012056","HVUL","HJUB","within_tissue_centered","combined_sensitivity",10,0.694007686705868,0.0611289386650565
"anchor_12","HOG:0012056","HVUL","BMAX","leaf","tissue_specific",5,0.721553764545717,0.0878219217449336
"anchor_12","HOG:0012056","HVUL","BMAX","root","tissue_specific",5,0.550909849194956,0.0360578870911338
"anchor_12","HOG:0012056","HVUL","BMAX","within_tissue_centered","combined_sensitivity",10,0.657153292978987,0.0668807886323777
"anchor_12","HOG:0012056","HVUL","BMED","leaf","tissue_specific",5,0.632109319015008,0.103012709590341
"anchor_12","HOG:0012056","HVUL","BMED","root","tissue_specific",5,0.0539687736015167,0.0381010438122243
"anchor_12","HOG:0012056","HVUL","BMED","within_tissue_centered","combined_sensitivity",10,0.591001161560602,0.0705590967345248
"anchor_12","HOG:0012056","HVUL","VBRO","leaf","tissue_specific",5,0.87382901997161,0.0694119954870464
"anchor_12","HOG:0012056","HVUL","VBRO","root","tissue_specific",5,-0.171963130912942,0.0428678826009803
"anchor_12","HOG:0012056","HVUL","VBRO","within_tissue_centered","combined_sensitivity",10,0.798069835082434,0.0553239268683629
"anchor_12","HOG:0012056","HVUL","FPRA","leaf","tissue_specific",5,0.944674228235694,0.0729815938681884
"anchor_12","HOG:0012056","HVUL","FPRA","root","tissue_specific",5,0.941402468324166,0.0156022845100148
"anchor_12","HOG:0012056","HVUL","FPRA","within_tissue_centered","combined_sensitivity",10,0.944296579127193,0.0459444501691596
"anchor_12","HOG:0012056","HJUB","BMAX","leaf","tissue_specific",5,0.964310804293549,0.0643313110907713
"anchor_12","HOG:0012056","HJUB","BMAX","root","tissue_specific",5,0.693558099121742,0.0501245882248047
"anchor_12","HOG:0012056","HJUB","BMAX","within_tissue_centered","combined_sensitivity",10,0.888604460934753,0.037247598411514
"anchor_12","HOG:0012056","HJUB","BMED","leaf","tissue_specific",5,0.439961146862733,0.0515817922575762
"anchor_12","HOG:0012056","HJUB","BMED","root","tissue_specific",5,-0.571452946736941,0.0650644460766855
"anchor_12","HOG:0012056","HJUB","BMED","within_tissue_centered","combined_sensitivity",10,0.269410438816474,0.0457096842906759
"anchor_12","HOG:0012056","HJUB","VBRO","leaf","tissue_specific",5,0.972368320506871,0.105213705619962
"anchor_12","HOG:0012056","HJUB","VBRO","root","tissue_specific",5,0.138921548063396,0.0606022615067014
"anchor_12","HOG:0012056","HJUB","VBRO","within_tissue_centered","combined_sensitivity",10,0.814357752038522,0.0390834578404961
"anchor_12","HOG:0012056","HJUB","FPRA","leaf","tissue_specific",5,0.754905046699673,0.0917358701931306
"anchor_12","HOG:0012056","HJUB","FPRA","root","tissue_specific",5,0.00703302126844571,0.059922447249512
"anchor_12","HOG:0012056","HJUB","FPRA","within_tissue_centered","combined_sensitivity",10,0.629958473872911,0.0400535226399226
"anchor_12","HOG:0012056","BMAX","BMED","leaf","tissue_specific",5,0.522666279429727,0.0701336506584908
"anchor_12","HOG:0012056","BMAX","BMED","root","tissue_specific",5,-0.783291394059476,0.0551781826832249
"anchor_12","HOG:0012056","BMAX","BMED","within_tissue_centered","combined_sensitivity",10,0.288883105588715,0.0552891139687353
"anchor_12","HOG:0012056","BMAX","VBRO","leaf","tissue_specific",5,0.900543058650881,0.040882394529191
"anchor_12","HOG:0012056","BMAX","VBRO","root","tissue_specific",5,0.315011149354224,0.0527486787837979
"anchor_12","HOG:0012056","BMAX","VBRO","within_tissue_centered","combined_sensitivity",10,0.772694948244617,0.0436886242639678
"anchor_12","HOG:0012056","BMAX","FPRA","leaf","tissue_specific",5,0.754481720412292,0.0539799587406426
"anchor_12","HOG:0012056","BMAX","FPRA","root","tissue_specific",5,0.386329030327785,0.0333488921842464
"anchor_12","HOG:0012056","BMAX","FPRA","within_tissue_centered","combined_sensitivity",10,0.666128577357046,0.0422230509182888
"anchor_12","HOG:0012056","BMED","VBRO","leaf","tissue_specific",5,0.370327704248566,0.103021029153259
"anchor_12","HOG:0012056","BMED","VBRO","root","tissue_specific",5,-0.645523368855622,0.049590863332868
"anchor_12","HOG:0012056","BMED","VBRO","within_tissue_centered","combined_sensitivity",10,0.272573128870628,0.0611576344057011
"anchor_12","HOG:0012056","BMED","FPRA","leaf","tissue_specific",5,0.741473238154434,0.0570760526482425
"anchor_12","HOG:0012056","BMED","FPRA","root","tissue_specific",5,0.153479705650783,0.0224987593022095
"anchor_12","HOG:0012056","BMED","FPRA","within_tissue_centered","combined_sensitivity",10,0.696831672486598,0.0315560157660541
"anchor_12","HOG:0012056","VBRO","FPRA","leaf","tissue_specific",5,0.803086186988909,0.0566705138999659
"anchor_12","HOG:0012056","VBRO","FPRA","root","tissue_specific",5,0.0135494923504238,0.0328204100937164
"anchor_12","HOG:0012056","VBRO","FPRA","within_tissue_centered","combined_sensitivity",10,0.741603142387913,0.0428090317647029
