"anchor_id","anchor_hog","feature","interpretation","median_annual_minus_perennial","n_annual_higher","n_perennial_higher","n_equal","majority_direction","n_agreeing_with_majority","pair_consistency","absolute_median_contrast","discovery_rank"
"anchor_143","HOG:0006346","anchor_module_mean_strength_ratio","mean threshold-normalized anchor strength over present recurrent HOGs",-0.309986390719831,0,4,0,"perennial_higher",4,1,0.309986390719831,1
"anchor_143","HOG:0006346","recurrent_coverage","fraction of recurrent HOGs resolved as anchor neighbors",-0.303571428571429,0,4,0,"perennial_higher",4,1,0.303571428571429,2
"anchor_269","HOG:0016116","anchor_module_mean_strength_ratio","mean threshold-normalized anchor strength over present recurrent HOGs",-0.299432486044256,0,4,0,"perennial_higher",4,1,0.299432486044256,3
"anchor_269","HOG:0016116","recurrent_coverage","fraction of recurrent HOGs resolved as anchor neighbors",-0.282051282051282,0,4,0,"perennial_higher",4,1,0.282051282051282,4
"anchor_323","HOG:0026451","anchor_module_mean_strength_ratio","mean threshold-normalized anchor strength over present recurrent HOGs",0.235085916096027,4,0,0,"annual_higher",4,1,0.235085916096027,5
"anchor_172","HOG:0007645","anchor_module_mean_strength_ratio","mean threshold-normalized anchor strength over present recurrent HOGs",-0.23222374716632,0,4,0,"perennial_higher",4,1,0.23222374716632,6
"anchor_172","HOG:0007645","recurrent_coverage","fraction of recurrent HOGs resolved as anchor neighbors",-0.224489795918367,0,4,0,"perennial_higher",4,1,0.224489795918367,7
"anchor_165","HOG:0027303","anchor_module_mean_strength_ratio","mean threshold-normalized anchor strength over present recurrent HOGs",-0.203440472795518,0,4,0,"perennial_higher",4,1,0.203440472795518,8
"anchor_322","HOG:0003621","anchor_module_mean_strength_ratio","mean threshold-normalized anchor strength over present recurrent HOGs",0.198564984573606,4,0,0,"annual_higher",4,1,0.198564984573606,9
"anchor_77","HOG:0024401","anchor_module_mean_strength_ratio","mean threshold-normalized anchor strength over present recurrent HOGs",-0.197981949787895,0,4,0,"perennial_higher",4,1,0.197981949787895,10
"anchor_322","HOG:0003621","recurrent_coverage","fraction of recurrent HOGs resolved as anchor neighbors",0.195121951219512,4,0,0,"annual_higher",4,1,0.195121951219512,11
"anchor_165","HOG:0027303","recurrent_coverage","fraction of recurrent HOGs resolved as anchor neighbors",-0.193877551020408,0,4,0,"perennial_higher",4,1,0.193877551020408,12
"anchor_77","HOG:0024401","recurrent_coverage","fraction of recurrent HOGs resolved as anchor neighbors",-0.191176470588235,0,4,0,"perennial_higher",4,1,0.191176470588235,13
"anchor_193","HOG:0027905","anchor_module_mean_strength_ratio","mean threshold-normalized anchor strength over present recurrent HOGs",0.179565963185497,4,0,0,"annual_higher",4,1,0.179565963185497,14
"anchor_224","HOG:0020382","internal_edge_density","edge density among anchor-resolved recurrent-HOG copies",-0.17865589694858,0,4,0,"perennial_higher",4,1,0.17865589694858,15
"anchor_193","HOG:0027905","recurrent_coverage","fraction of recurrent HOGs resolved as anchor neighbors",0.172413793103448,4,0,0,"annual_higher",4,1,0.172413793103448,16
"anchor_295","HOG:0031418","anchor_module_mean_strength_ratio","mean threshold-normalized anchor strength over present recurrent HOGs",0.165504846486561,4,0,0,"annual_higher",4,1,0.165504846486561,17
"anchor_236","HOG:0003795","anchor_module_mean_strength_ratio","mean threshold-normalized anchor strength over present recurrent HOGs",0.162486480710432,4,0,0,"annual_higher",4,1,0.162486480710432,18
"anchor_327","HOG:0026946","anchor_module_mean_strength_ratio","mean threshold-normalized anchor strength over present recurrent HOGs",0.161238277015195,4,0,0,"annual_higher",4,1,0.161238277015195,19
"anchor_295","HOG:0031418","recurrent_coverage","fraction of recurrent HOGs resolved as anchor neighbors",0.16,4,0,0,"annual_higher",4,1,0.16,20
"anchor_104","HOG:0021825","anchor_module_mean_strength_ratio","mean threshold-normalized anchor strength over present recurrent HOGs",0.158254777217326,4,0,0,"annual_higher",4,1,0.158254777217326,21
"anchor_104","HOG:0021825","recurrent_coverage","fraction of recurrent HOGs resolved as anchor neighbors",0.153846153846154,4,0,0,"annual_higher",4,1,0.153846153846154,22
"anchor_164","HOG:0027054","anchor_module_mean_strength_ratio","mean threshold-normalized anchor strength over present recurrent HOGs",0.15082445386018,4,0,0,"annual_higher",4,1,0.15082445386018,23
"anchor_272","HOG:0027413","anchor_module_mean_strength_ratio","mean threshold-normalized anchor strength over present recurrent HOGs",-0.144990638637087,0,4,0,"perennial_higher",4,1,0.144990638637087,24
"anchor_164","HOG:0027054","recurrent_coverage","fraction of recurrent HOGs resolved as anchor neighbors",0.144736842105263,4,0,0,"annual_higher",4,1,0.144736842105263,25
"anchor_200","HOG:0005639","anchor_module_mean_strength_ratio","mean threshold-normalized anchor strength over present recurrent HOGs",-0.143629969145996,0,4,0,"perennial_higher",4,1,0.143629969145996,26
"anchor_200","HOG:0005639","recurrent_coverage","fraction of recurrent HOGs resolved as anchor neighbors",-0.140625,0,4,0,"perennial_higher",4,1,0.140625,27
"anchor_322","HOG:0003621","internal_edge_density","edge density among anchor-resolved recurrent-HOG copies",-0.140375495025596,0,4,0,"perennial_higher",4,1,0.140375495025596,28
"anchor_272","HOG:0027413","recurrent_coverage","fraction of recurrent HOGs resolved as anchor neighbors",-0.137254901960784,0,4,0,"perennial_higher",4,1,0.137254901960784,29
"anchor_288","HOG:0026637","internal_edge_density","edge density among anchor-resolved recurrent-HOG copies",-0.125798191129999,0,4,0,"perennial_higher",4,1,0.125798191129999,30
"anchor_293","HOG:0027601","anchor_module_mean_strength_ratio","mean threshold-normalized anchor strength over present recurrent HOGs",0.124985673042144,4,0,0,"annual_higher",4,1,0.124985673042144,31
"anchor_293","HOG:0027601","recurrent_coverage","fraction of recurrent HOGs resolved as anchor neighbors",0.122641509433962,4,0,0,"annual_higher",4,1,0.122641509433962,32
"anchor_330","HOG:0025801","anchor_module_mean_strength_ratio","mean threshold-normalized anchor strength over present recurrent HOGs",0.120191667751508,4,0,0,"annual_higher",4,1,0.120191667751508,33
"anchor_330","HOG:0025801","recurrent_coverage","fraction of recurrent HOGs resolved as anchor neighbors",0.118421052631579,4,0,0,"annual_higher",4,1,0.118421052631579,34
"anchor_204","HOG:0012261","internal_edge_density","edge density among anchor-resolved recurrent-HOG copies",-0.113966447804851,0,4,0,"perennial_higher",4,1,0.113966447804851,35
"anchor_263","HOG:0024905","internal_edge_density","edge density among anchor-resolved recurrent-HOG copies",-0.107242478093497,0,4,0,"perennial_higher",4,1,0.107242478093497,36
"anchor_230","HOG:0012102","anchor_module_mean_strength_ratio","mean threshold-normalized anchor strength over present recurrent HOGs",0.102227104203515,4,0,0,"annual_higher",4,1,0.102227104203515,37
"anchor_316","HOG:0000079","internal_edge_density","edge density among anchor-resolved recurrent-HOG copies",-0.101354141985069,0,4,0,"perennial_higher",4,1,0.101354141985069,38
"anchor_230","HOG:0012102","recurrent_coverage","fraction of recurrent HOGs resolved as anchor neighbors",0.1,4,0,0,"annual_higher",4,1,0.1,39
"anchor_295","HOG:0031418","internal_edge_density","edge density among anchor-resolved recurrent-HOG copies",-0.0977897102897103,0,4,0,"perennial_higher",4,1,0.0977897102897103,40
"anchor_100","HOG:0012035","anchor_module_mean_strength_ratio","mean threshold-normalized anchor strength over present recurrent HOGs",-0.096791343286209,0,4,0,"perennial_higher",4,1,0.096791343286209,41
"anchor_42","HOG:0032893","internal_edge_density","edge density among anchor-resolved recurrent-HOG copies",-0.0945071128055328,0,4,0,"perennial_higher",4,1,0.0945071128055328,42
"anchor_116","HOG:0023564","internal_edge_density","edge density among anchor-resolved recurrent-HOG copies",-0.0936578530252986,0,4,0,"perennial_higher",4,1,0.0936578530252986,43
"anchor_238","HOG:0031127","internal_edge_density","edge density among anchor-resolved recurrent-HOG copies",-0.0902235124558174,0,4,0,"perennial_higher",4,1,0.0902235124558174,44
"anchor_100","HOG:0012035","recurrent_coverage","fraction of recurrent HOGs resolved as anchor neighbors",-0.0894308943089431,0,4,0,"perennial_higher",4,1,0.0894308943089431,45
"anchor_171","HOG:0008585","internal_edge_density","edge density among anchor-resolved recurrent-HOG copies",-0.0893164958411172,0,4,0,"perennial_higher",4,1,0.0893164958411172,46
"anchor_159","HOG:0028145","internal_edge_density","edge density among anchor-resolved recurrent-HOG copies",0.0890612653493482,4,0,0,"annual_higher",4,1,0.0890612653493482,47
"anchor_68","HOG:0000537","internal_edge_density","edge density among anchor-resolved recurrent-HOG copies",-0.0886301128101546,0,4,0,"perennial_higher",4,1,0.0886301128101546,48
"anchor_291","HOG:0027706","internal_edge_density","edge density among anchor-resolved recurrent-HOG copies",-0.0873705195797839,0,4,0,"perennial_higher",4,1,0.0873705195797839,49
"anchor_39","HOG:0007936","anchor_module_mean_strength_ratio","mean threshold-normalized anchor strength over present recurrent HOGs",-0.0863181834693315,0,4,0,"perennial_higher",4,1,0.0863181834693315,50
"anchor_279","HOG:0033476","internal_edge_density","edge density among anchor-resolved recurrent-HOG copies",0.0846399692947007,4,0,0,"annual_higher",4,1,0.0846399692947007,51
"anchor_251","HOG:0011497","internal_edge_density","edge density among anchor-resolved recurrent-HOG copies",-0.0834278495463053,0,4,0,"perennial_higher",4,1,0.0834278495463053,52
"anchor_97","HOG:0011541","recurrent_coverage","fraction of recurrent HOGs resolved as anchor neighbors",0.0833333333333333,4,0,0,"annual_higher",4,1,0.0833333333333333,53
"anchor_49","HOG:0020408","anchor_module_mean_strength_ratio","mean threshold-normalized anchor strength over present recurrent HOGs",-0.0827302331648201,0,4,0,"perennial_higher",4,1,0.0827302331648201,54
"anchor_312","HOG:0023825","internal_edge_density","edge density among anchor-resolved recurrent-HOG copies",-0.0815488278163391,0,4,0,"perennial_higher",4,1,0.0815488278163391,55
"anchor_97","HOG:0011541","anchor_module_mean_strength_ratio","mean threshold-normalized anchor strength over present recurrent HOGs",0.081464792097402,4,0,0,"annual_higher",4,1,0.081464792097402,56
"anchor_39","HOG:0007936","recurrent_coverage","fraction of recurrent HOGs resolved as anchor neighbors",-0.0801526717557252,0,4,0,"perennial_higher",4,1,0.0801526717557252,57
"anchor_49","HOG:0020408","recurrent_coverage","fraction of recurrent HOGs resolved as anchor neighbors",-0.0789473684210526,0,4,0,"perennial_higher",4,1,0.0789473684210526,58
"anchor_333","HOG:0008696","internal_edge_density","edge density among anchor-resolved recurrent-HOG copies",-0.0723300718888955,0,4,0,"perennial_higher",4,1,0.0723300718888955,59
"anchor_176","HOG:0018009","internal_edge_density","edge density among anchor-resolved recurrent-HOG copies",-0.0722680204653082,0,4,0,"perennial_higher",4,1,0.0722680204653082,60
"anchor_182","HOG:0027090","internal_edge_density","edge density among anchor-resolved recurrent-HOG copies",-0.0716545531762923,0,4,0,"perennial_higher",4,1,0.0716545531762923,61
"anchor_128","HOG:0024976","internal_edge_density","edge density among anchor-resolved recurrent-HOG copies",-0.0711987185091604,0,4,0,"perennial_higher",4,1,0.0711987185091604,62
"anchor_210","HOG:0012540","internal_edge_density","edge density among anchor-resolved recurrent-HOG copies",-0.0674083261674667,0,4,0,"perennial_higher",4,1,0.0674083261674667,63
"anchor_211","HOG:0027975","internal_edge_density","edge density among anchor-resolved recurrent-HOG copies",-0.0671754394931873,0,4,0,"perennial_higher",4,1,0.0671754394931873,64
"anchor_253","HOG:0006149","internal_edge_density","edge density among anchor-resolved recurrent-HOG copies",-0.0651357929933868,0,4,0,"perennial_higher",4,1,0.0651357929933868,65
"anchor_102","HOG:0006009","internal_edge_density","edge density among anchor-resolved recurrent-HOG copies",-0.064971807243523,0,4,0,"perennial_higher",4,1,0.064971807243523,66
"anchor_233","HOG:0016200","internal_edge_density","edge density among anchor-resolved recurrent-HOG copies",-0.0644172475145684,0,4,0,"perennial_higher",4,1,0.0644172475145684,67
"anchor_152","HOG:0028198","internal_edge_density","edge density among anchor-resolved recurrent-HOG copies",-0.0608556549476977,0,4,0,"perennial_higher",4,1,0.0608556549476977,68
"anchor_110","HOG:0028395","internal_edge_density","edge density among anchor-resolved recurrent-HOG copies",-0.0606761679128381,0,4,0,"perennial_higher",4,1,0.0606761679128381,69
"anchor_115","HOG:0024562","internal_edge_density","edge density among anchor-resolved recurrent-HOG copies",-0.059969839266969,0,4,0,"perennial_higher",4,1,0.059969839266969,70
"anchor_183","HOG:0031530","internal_edge_density","edge density among anchor-resolved recurrent-HOG copies",-0.0586234357633146,0,4,0,"perennial_higher",4,1,0.0586234357633146,71
"anchor_194","HOG:0030883","internal_edge_density","edge density among anchor-resolved recurrent-HOG copies",-0.0564267595718677,0,4,0,"perennial_higher",4,1,0.0564267595718677,72
"anchor_74","HOG:0010710","internal_edge_density","edge density among anchor-resolved recurrent-HOG copies",-0.0529643159702523,0,4,0,"perennial_higher",4,1,0.0529643159702523,73
"anchor_106","HOG:0012511","internal_edge_density","edge density among anchor-resolved recurrent-HOG copies",-0.0487338712370405,0,4,0,"perennial_higher",4,1,0.0487338712370405,74
"anchor_113","HOG:0024337","internal_edge_density","edge density among anchor-resolved recurrent-HOG copies",0.0465590561180638,4,0,0,"annual_higher",4,1,0.0465590561180638,75
"anchor_92","HOG:0028695","anchor_module_mean_strength_ratio","mean threshold-normalized anchor strength over present recurrent HOGs",0.0448215925399545,4,0,0,"annual_higher",4,1,0.0448215925399545,76
"anchor_92","HOG:0028695","recurrent_coverage","fraction of recurrent HOGs resolved as anchor neighbors",0.0406976744186047,4,0,0,"annual_higher",4,1,0.0406976744186047,77
"anchor_272","HOG:0027413","internal_edge_density","edge density among anchor-resolved recurrent-HOG copies",-0.0397552840384056,0,4,0,"perennial_higher",4,1,0.0397552840384056,78
"anchor_75","HOG:0016636","internal_edge_density","edge density among anchor-resolved recurrent-HOG copies",-0.0357884721528377,0,4,0,"perennial_higher",4,1,0.0357884721528377,79
"anchor_268","HOG:0004116","internal_edge_density","edge density among anchor-resolved recurrent-HOG copies",-0.0325144338399905,0,4,0,"perennial_higher",4,1,0.0325144338399905,80
"anchor_304","HOG:0027032","internal_edge_density","edge density among anchor-resolved recurrent-HOG copies",-0.0309094236605713,0,4,0,"perennial_higher",4,1,0.0309094236605713,81
"anchor_248","HOG:0028647","internal_edge_density","edge density among anchor-resolved recurrent-HOG copies",-0.0279389269948215,0,4,0,"perennial_higher",4,1,0.0279389269948215,82
"anchor_178","HOG:0010551","internal_edge_density","edge density among anchor-resolved recurrent-HOG copies",0.0275093181598732,4,0,0,"annual_higher",4,1,0.0275093181598732,83
"anchor_118","HOG:0028661","internal_edge_density","edge density among anchor-resolved recurrent-HOG copies",-0.0214423634766116,0,4,0,"perennial_higher",4,1,0.0214423634766116,84
"anchor_262","HOG:0023896","anchor_module_mean_strength_ratio","mean threshold-normalized anchor strength over present recurrent HOGs",-0.386364828199638,1,3,0,"perennial_higher",3,0.75,0.386364828199638,85
"anchor_262","HOG:0023896","recurrent_coverage","fraction of recurrent HOGs resolved as anchor neighbors",-0.371428571428571,1,3,0,"perennial_higher",3,0.75,0.371428571428571,86
"anchor_289","HOG:0012227","anchor_module_mean_strength_ratio","mean threshold-normalized anchor strength over present recurrent HOGs",-0.356127810246464,1,3,0,"perennial_higher",3,0.75,0.356127810246464,87
"anchor_289","HOG:0012227","recurrent_coverage","fraction of recurrent HOGs resolved as anchor neighbors",-0.346153846153846,1,3,0,"perennial_higher",3,0.75,0.346153846153846,88
"anchor_315","HOG:0008733","anchor_module_mean_strength_ratio","mean threshold-normalized anchor strength over present recurrent HOGs",0.345333667019546,3,1,0,"annual_higher",3,0.75,0.345333667019546,89
"anchor_315","HOG:0008733","recurrent_coverage","fraction of recurrent HOGs resolved as anchor neighbors",0.339285714285714,3,1,0,"annual_higher",3,0.75,0.339285714285714,90
"anchor_102","HOG:0006009","anchor_module_mean_strength_ratio","mean threshold-normalized anchor strength over present recurrent HOGs",-0.329667367511771,1,3,0,"perennial_higher",3,0.75,0.329667367511771,91
"anchor_78","HOG:0028720","anchor_module_mean_strength_ratio","mean threshold-normalized anchor strength over present recurrent HOGs",-0.329069234688276,1,3,0,"perennial_higher",3,0.75,0.329069234688276,92
"anchor_153","HOG:0028065","anchor_module_mean_strength_ratio","mean threshold-normalized anchor strength over present recurrent HOGs",-0.328068648592143,1,3,0,"perennial_higher",3,0.75,0.328068648592143,93
"anchor_102","HOG:0006009","recurrent_coverage","fraction of recurrent HOGs resolved as anchor neighbors",-0.31858407079646,1,3,0,"perennial_higher",3,0.75,0.31858407079646,94
"anchor_153","HOG:0028065","recurrent_coverage","fraction of recurrent HOGs resolved as anchor neighbors",-0.318181818181818,1,3,0,"perennial_higher",3,0.75,0.318181818181818,95
"anchor_78","HOG:0028720","recurrent_coverage","fraction of recurrent HOGs resolved as anchor neighbors",-0.318181818181818,1,3,0,"perennial_higher",3,0.75,0.318181818181818,96
"anchor_187","HOG:0010929","anchor_module_mean_strength_ratio","mean threshold-normalized anchor strength over present recurrent HOGs",-0.306445999147703,1,3,0,"perennial_higher",3,0.75,0.306445999147703,97
"anchor_148","HOG:0020549","anchor_module_mean_strength_ratio","mean threshold-normalized anchor strength over present recurrent HOGs",0.300938795808687,3,1,0,"annual_higher",3,0.75,0.300938795808687,98
"anchor_187","HOG:0010929","recurrent_coverage","fraction of recurrent HOGs resolved as anchor neighbors",-0.3,1,3,0,"perennial_higher",3,0.75,0.3,99
"anchor_99","HOG:0031473","anchor_module_mean_strength_ratio","mean threshold-normalized anchor strength over present recurrent HOGs",-0.296008869323291,1,3,0,"perennial_higher",3,0.75,0.296008869323291,100
"anchor_47","HOG:0020310","anchor_module_mean_strength_ratio","mean threshold-normalized anchor strength over present recurrent HOGs",-0.294184080517536,1,3,0,"perennial_higher",3,0.75,0.294184080517536,101
"anchor_252","HOG:0022123","anchor_module_mean_strength_ratio","mean threshold-normalized anchor strength over present recurrent HOGs",0.289379073502636,3,1,0,"annual_higher",3,0.75,0.289379073502636,102
"anchor_148","HOG:0020549","recurrent_coverage","fraction of recurrent HOGs resolved as anchor neighbors",0.288461538461538,3,1,0,"annual_higher",3,0.75,0.288461538461538,103
"anchor_249","HOG:0016944","anchor_module_mean_strength_ratio","mean threshold-normalized anchor strength over present recurrent HOGs",0.287144457701553,3,1,0,"annual_higher",3,0.75,0.287144457701553,104
"anchor_119","HOG:0006139","anchor_module_mean_strength_ratio","mean threshold-normalized anchor strength over present recurrent HOGs",-0.286129177132089,1,3,0,"perennial_higher",3,0.75,0.286129177132089,105
"anchor_99","HOG:0031473","recurrent_coverage","fraction of recurrent HOGs resolved as anchor neighbors",-0.285714285714286,1,3,0,"perennial_higher",3,0.75,0.285714285714286,106
"anchor_257","HOG:0011942","anchor_module_mean_strength_ratio","mean threshold-normalized anchor strength over present recurrent HOGs",-0.282769082249149,1,3,0,"perennial_higher",3,0.75,0.282769082249149,107
"anchor_119","HOG:0006139","recurrent_coverage","fraction of recurrent HOGs resolved as anchor neighbors",-0.278947368421053,1,3,0,"perennial_higher",3,0.75,0.278947368421053,108
"anchor_47","HOG:0020310","recurrent_coverage","fraction of recurrent HOGs resolved as anchor neighbors",-0.277777777777778,1,3,0,"perennial_higher",3,0.75,0.277777777777778,109
"anchor_257","HOG:0011942","recurrent_coverage","fraction of recurrent HOGs resolved as anchor neighbors",-0.275,1,3,0,"perennial_higher",3,0.75,0.275,110
"anchor_252","HOG:0022123","recurrent_coverage","fraction of recurrent HOGs resolved as anchor neighbors",0.274193548387097,3,1,0,"annual_higher",3,0.75,0.274193548387097,111
"anchor_305","HOG:0006008","anchor_module_mean_strength_ratio","mean threshold-normalized anchor strength over present recurrent HOGs",-0.271520709660419,1,3,0,"perennial_higher",3,0.75,0.271520709660419,112
"anchor_249","HOG:0016944","recurrent_coverage","fraction of recurrent HOGs resolved as anchor neighbors",0.271428571428571,3,1,0,"annual_higher",3,0.75,0.271428571428571,113
"anchor_305","HOG:0006008","recurrent_coverage","fraction of recurrent HOGs resolved as anchor neighbors",-0.262820512820513,1,3,0,"perennial_higher",3,0.75,0.262820512820513,114
"anchor_258","HOG:0027091","anchor_module_mean_strength_ratio","mean threshold-normalized anchor strength over present recurrent HOGs",-0.25987845004381,1,3,0,"perennial_higher",3,0.75,0.25987845004381,115
"anchor_325","HOG:0011775","anchor_module_mean_strength_ratio","mean threshold-normalized anchor strength over present recurrent HOGs",0.257014028259799,3,1,0,"annual_higher",3,0.75,0.257014028259799,116
"anchor_67","HOG:0031129","anchor_module_mean_strength_ratio","mean threshold-normalized anchor strength over present recurrent HOGs",0.252369959671133,3,1,0,"annual_higher",3,0.75,0.252369959671133,117
"anchor_278","HOG:0024629","anchor_module_mean_strength_ratio","mean threshold-normalized anchor strength over present recurrent HOGs",0.250247196477641,3,1,0,"annual_higher",3,0.75,0.250247196477641,118
"anchor_325","HOG:0011775","recurrent_coverage","fraction of recurrent HOGs resolved as anchor neighbors",0.25,3,1,0,"annual_higher",3,0.75,0.25,119
"anchor_258","HOG:0027091","recurrent_coverage","fraction of recurrent HOGs resolved as anchor neighbors",-0.25,1,3,0,"perennial_higher",3,0.75,0.25,120
"anchor_278","HOG:0024629","recurrent_coverage","fraction of recurrent HOGs resolved as anchor neighbors",0.243243243243243,3,1,0,"annual_higher",3,0.75,0.243243243243243,121
"anchor_67","HOG:0031129","recurrent_coverage","fraction of recurrent HOGs resolved as anchor neighbors",0.242424242424242,3,1,0,"annual_higher",3,0.75,0.242424242424242,122
"anchor_237","HOG:0026838","anchor_module_mean_strength_ratio","mean threshold-normalized anchor strength over present recurrent HOGs",0.236155553226825,3,1,0,"annual_higher",3,0.75,0.236155553226825,123
"anchor_86","HOG:0026902","anchor_module_mean_strength_ratio","mean threshold-normalized anchor strength over present recurrent HOGs",-0.232514336356236,1,3,0,"perennial_higher",3,0.75,0.232514336356236,124
"anchor_323","HOG:0026451","recurrent_coverage","fraction of recurrent HOGs resolved as anchor neighbors",0.227272727272727,3,0,1,"annual_higher",3,0.75,0.227272727272727,125
"anchor_175","HOG:0003782","anchor_module_mean_strength_ratio","mean threshold-normalized anchor strength over present recurrent HOGs",0.225916325566242,3,1,0,"annual_higher",3,0.75,0.225916325566242,126
"anchor_222","HOG:0032963","anchor_module_mean_strength_ratio","mean threshold-normalized anchor strength over present recurrent HOGs",0.224388569094455,3,1,0,"annual_higher",3,0.75,0.224388569094455,127
"anchor_291","HOG:0027706","anchor_module_mean_strength_ratio","mean threshold-normalized anchor strength over present recurrent HOGs",0.223845574315632,3,1,0,"annual_higher",3,0.75,0.223845574315632,128
"anchor_244","HOG:0027351","anchor_module_mean_strength_ratio","mean threshold-normalized anchor strength over present recurrent HOGs",0.223230214727976,3,1,0,"annual_higher",3,0.75,0.223230214727976,129
"anchor_86","HOG:0026902","recurrent_coverage","fraction of recurrent HOGs resolved as anchor neighbors",-0.223214285714286,1,3,0,"perennial_higher",3,0.75,0.223214285714286,130
"anchor_52","HOG:0012253","anchor_module_mean_strength_ratio","mean threshold-normalized anchor strength over present recurrent HOGs",-0.221784826088429,1,3,0,"perennial_higher",3,0.75,0.221784826088429,131
"anchor_66","HOG:0027281","anchor_module_mean_strength_ratio","mean threshold-normalized anchor strength over present recurrent HOGs",-0.220461011589979,1,3,0,"perennial_higher",3,0.75,0.220461011589979,132
"anchor_242","HOG:0017189","anchor_module_mean_strength_ratio","mean threshold-normalized anchor strength over present recurrent HOGs",0.220369763408401,3,1,0,"annual_higher",3,0.75,0.220369763408401,133
"anchor_175","HOG:0003782","recurrent_coverage","fraction of recurrent HOGs resolved as anchor neighbors",0.220238095238095,3,1,0,"annual_higher",3,0.75,0.220238095238095,134
"anchor_239","HOG:0028636","anchor_module_mean_strength_ratio","mean threshold-normalized anchor strength over present recurrent HOGs",0.219912947094603,3,1,0,"annual_higher",3,0.75,0.219912947094603,135
"anchor_221","HOG:0028333","anchor_module_mean_strength_ratio","mean threshold-normalized anchor strength over present recurrent HOGs",0.216995647522189,3,1,0,"annual_higher",3,0.75,0.216995647522189,136
"anchor_222","HOG:0032963","recurrent_coverage","fraction of recurrent HOGs resolved as anchor neighbors",0.216981132075472,3,1,0,"annual_higher",3,0.75,0.216981132075472,137
"anchor_26","HOG:0020311","anchor_module_mean_strength_ratio","mean threshold-normalized anchor strength over present recurrent HOGs",-0.216712854530044,1,3,0,"perennial_higher",3,0.75,0.216712854530044,138
"anchor_244","HOG:0027351","recurrent_coverage","fraction of recurrent HOGs resolved as anchor neighbors",0.213333333333333,3,1,0,"annual_higher",3,0.75,0.213333333333333,139
"anchor_291","HOG:0027706","recurrent_coverage","fraction of recurrent HOGs resolved as anchor neighbors",0.213333333333333,3,1,0,"annual_higher",3,0.75,0.213333333333333,140
"anchor_239","HOG:0028636","recurrent_coverage","fraction of recurrent HOGs resolved as anchor neighbors",0.211340206185567,3,1,0,"annual_higher",3,0.75,0.211340206185567,141
"anchor_283","HOG:0026360","anchor_module_mean_strength_ratio","mean threshold-normalized anchor strength over present recurrent HOGs",0.21083568893076,3,1,0,"annual_higher",3,0.75,0.21083568893076,142
"anchor_66","HOG:0027281","recurrent_coverage","fraction of recurrent HOGs resolved as anchor neighbors",-0.209677419354839,1,3,0,"perennial_higher",3,0.75,0.209677419354839,143
"anchor_242","HOG:0017189","recurrent_coverage","fraction of recurrent HOGs resolved as anchor neighbors",0.209302325581395,3,1,0,"annual_higher",3,0.75,0.209302325581395,144
"anchor_221","HOG:0028333","recurrent_coverage","fraction of recurrent HOGs resolved as anchor neighbors",0.209090909090909,3,1,0,"annual_higher",3,0.75,0.209090909090909,145
"anchor_52","HOG:0012253","recurrent_coverage","fraction of recurrent HOGs resolved as anchor neighbors",-0.20703125,1,3,0,"perennial_higher",3,0.75,0.20703125,146
"anchor_184","HOG:0026019","anchor_module_mean_strength_ratio","mean threshold-normalized anchor strength over present recurrent HOGs",0.203289480653381,3,1,0,"annual_higher",3,0.75,0.203289480653381,147
"anchor_283","HOG:0026360","recurrent_coverage","fraction of recurrent HOGs resolved as anchor neighbors",0.202898550724638,3,1,0,"annual_higher",3,0.75,0.202898550724638,148
"anchor_296","HOG:0032348","anchor_module_mean_strength_ratio","mean threshold-normalized anchor strength over present recurrent HOGs",0.202610848657743,3,1,0,"annual_higher",3,0.75,0.202610848657743,149
"anchor_241","HOG:0026507","anchor_module_mean_strength_ratio","mean threshold-normalized anchor strength over present recurrent HOGs",0.202074959533632,3,1,0,"annual_higher",3,0.75,0.202074959533632,150
"anchor_26","HOG:0020311","recurrent_coverage","fraction of recurrent HOGs resolved as anchor neighbors",-0.199275362318841,1,3,0,"perennial_higher",3,0.75,0.199275362318841,151
"anchor_184","HOG:0026019","recurrent_coverage","fraction of recurrent HOGs resolved as anchor neighbors",0.19811320754717,3,1,0,"annual_higher",3,0.75,0.19811320754717,152
"anchor_303","HOG:0027639","anchor_module_mean_strength_ratio","mean threshold-normalized anchor strength over present recurrent HOGs",0.196526808818743,3,1,0,"annual_higher",3,0.75,0.196526808818743,153
"anchor_03","HOG:0011532","anchor_module_mean_strength_ratio","mean threshold-normalized anchor strength over present recurrent HOGs",-0.195215992519989,1,3,0,"perennial_higher",3,0.75,0.195215992519989,154
"anchor_241","HOG:0026507","recurrent_coverage","fraction of recurrent HOGs resolved as anchor neighbors",0.194444444444444,3,1,0,"annual_higher",3,0.75,0.194444444444444,155
"anchor_62","HOG:0024791","anchor_module_mean_strength_ratio","mean threshold-normalized anchor strength over present recurrent HOGs",-0.19330145260022,1,3,0,"perennial_higher",3,0.75,0.19330145260022,156
"anchor_296","HOG:0032348","recurrent_coverage","fraction of recurrent HOGs resolved as anchor neighbors",0.192982456140351,3,1,0,"annual_higher",3,0.75,0.192982456140351,157
"anchor_90","HOG:0032320","anchor_module_mean_strength_ratio","mean threshold-normalized anchor strength over present recurrent HOGs",-0.190079462879828,1,3,0,"perennial_higher",3,0.75,0.190079462879828,158
"anchor_303","HOG:0027639","recurrent_coverage","fraction of recurrent HOGs resolved as anchor neighbors",0.189189189189189,3,1,0,"annual_higher",3,0.75,0.189189189189189,159
"anchor_62","HOG:0024791","recurrent_coverage","fraction of recurrent HOGs resolved as anchor neighbors",-0.183206106870229,1,3,0,"perennial_higher",3,0.75,0.183206106870229,160
"anchor_43","HOG:0006505","anchor_module_mean_strength_ratio","mean threshold-normalized anchor strength over present recurrent HOGs",-0.181009581740015,1,3,0,"perennial_higher",3,0.75,0.181009581740015,161
"anchor_90","HOG:0032320","recurrent_coverage","fraction of recurrent HOGs resolved as anchor neighbors",-0.180555555555556,1,3,0,"perennial_higher",3,0.75,0.180555555555556,162
"anchor_03","HOG:0011532","recurrent_coverage","fraction of recurrent HOGs resolved as anchor neighbors",-0.180272108843537,1,3,0,"perennial_higher",3,0.75,0.180272108843537,163
"anchor_268","HOG:0004116","anchor_module_mean_strength_ratio","mean threshold-normalized anchor strength over present recurrent HOGs",0.178547524275188,3,1,0,"annual_higher",3,0.75,0.178547524275188,164
"anchor_319","HOG:0006661","anchor_module_mean_strength_ratio","mean threshold-normalized anchor strength over present recurrent HOGs",0.171098580517357,3,1,0,"annual_higher",3,0.75,0.171098580517357,165
"anchor_129","HOG:0029472","anchor_module_mean_strength_ratio","mean threshold-normalized anchor strength over present recurrent HOGs",-0.170978855384911,1,3,0,"perennial_higher",3,0.75,0.170978855384911,166
"anchor_310","HOG:0007835","anchor_module_mean_strength_ratio","mean threshold-normalized anchor strength over present recurrent HOGs",0.170905929234815,3,1,0,"annual_higher",3,0.75,0.170905929234815,167
"anchor_43","HOG:0006505","recurrent_coverage","fraction of recurrent HOGs resolved as anchor neighbors",-0.170289855072464,1,3,0,"perennial_higher",3,0.75,0.170289855072464,168
"anchor_95","HOG:0026142","anchor_module_mean_strength_ratio","mean threshold-normalized anchor strength over present recurrent HOGs",-0.16919931780117,1,3,0,"perennial_higher",3,0.75,0.16919931780117,169
"anchor_268","HOG:0004116","recurrent_coverage","fraction of recurrent HOGs resolved as anchor neighbors",0.169117647058824,3,1,0,"annual_higher",3,0.75,0.169117647058824,170
"anchor_319","HOG:0006661","recurrent_coverage","fraction of recurrent HOGs resolved as anchor neighbors",0.168674698795181,3,1,0,"annual_higher",3,0.75,0.168674698795181,171
"anchor_301","HOG:0018459","anchor_module_mean_strength_ratio","mean threshold-normalized anchor strength over present recurrent HOGs",0.168583848836352,3,1,0,"annual_higher",3,0.75,0.168583848836352,172
"anchor_303","HOG:0027639","internal_edge_density","edge density among anchor-resolved recurrent-HOG copies",0.166977804274006,3,1,0,"annual_higher",3,0.75,0.166977804274006,173
"anchor_255","HOG:0032961","anchor_module_mean_strength_ratio","mean threshold-normalized anchor strength over present recurrent HOGs",0.166828462120801,3,1,0,"annual_higher",3,0.75,0.166828462120801,174
"anchor_301","HOG:0018459","recurrent_coverage","fraction of recurrent HOGs resolved as anchor neighbors",0.166666666666667,3,1,0,"annual_higher",3,0.75,0.166666666666667,175
"anchor_306","HOG:0010549","anchor_module_mean_strength_ratio","mean threshold-normalized anchor strength over present recurrent HOGs",0.165411192294364,3,1,0,"annual_higher",3,0.75,0.165411192294364,176
"anchor_95","HOG:0026142","recurrent_coverage","fraction of recurrent HOGs resolved as anchor neighbors",-0.164473684210526,1,3,0,"perennial_higher",3,0.75,0.164473684210526,177
"anchor_255","HOG:0032961","recurrent_coverage","fraction of recurrent HOGs resolved as anchor neighbors",0.16304347826087,3,1,0,"annual_higher",3,0.75,0.16304347826087,178
"anchor_129","HOG:0029472","recurrent_coverage","fraction of recurrent HOGs resolved as anchor neighbors",-0.162280701754386,1,3,0,"perennial_higher",3,0.75,0.162280701754386,179
"anchor_127","HOG:0007713","anchor_module_mean_strength_ratio","mean threshold-normalized anchor strength over present recurrent HOGs",-0.161087645269119,1,3,0,"perennial_higher",3,0.75,0.161087645269119,180
"anchor_286","HOG:0028717","anchor_module_mean_strength_ratio","mean threshold-normalized anchor strength over present recurrent HOGs",0.160806106672227,3,1,0,"annual_higher",3,0.75,0.160806106672227,181
"anchor_310","HOG:0007835","recurrent_coverage","fraction of recurrent HOGs resolved as anchor neighbors",0.160377358490566,3,1,0,"annual_higher",3,0.75,0.160377358490566,182
"anchor_236","HOG:0003795","recurrent_coverage","fraction of recurrent HOGs resolved as anchor neighbors",0.16,3,0,1,"annual_higher",3,0.75,0.16,183
"anchor_306","HOG:0010549","recurrent_coverage","fraction of recurrent HOGs resolved as anchor neighbors",0.158333333333333,3,1,0,"annual_higher",3,0.75,0.158333333333333,184
"anchor_327","HOG:0026946","recurrent_coverage","fraction of recurrent HOGs resolved as anchor neighbors",0.157894736842105,3,0,1,"annual_higher",3,0.75,0.157894736842105,185
"anchor_201","HOG:0027005","anchor_module_mean_strength_ratio","mean threshold-normalized anchor strength over present recurrent HOGs",0.152995511265038,3,1,0,"annual_higher",3,0.75,0.152995511265038,186
"anchor_127","HOG:0007713","recurrent_coverage","fraction of recurrent HOGs resolved as anchor neighbors",-0.152482269503546,1,3,0,"perennial_higher",3,0.75,0.152482269503546,187
"anchor_72","HOG:0029544","anchor_module_mean_strength_ratio","mean threshold-normalized anchor strength over present recurrent HOGs",-0.152411183842977,1,3,0,"perennial_higher",3,0.75,0.152411183842977,188
"anchor_34","HOG:0000226","anchor_module_mean_strength_ratio","mean threshold-normalized anchor strength over present recurrent HOGs",-0.152083116277132,1,3,0,"perennial_higher",3,0.75,0.152083116277132,189
"anchor_260","HOG:0012011","anchor_module_mean_strength_ratio","mean threshold-normalized anchor strength over present recurrent HOGs",0.151209928477134,3,1,0,"annual_higher",3,0.75,0.151209928477134,190
"anchor_286","HOG:0028717","recurrent_coverage","fraction of recurrent HOGs resolved as anchor neighbors",0.150537634408602,3,1,0,"annual_higher",3,0.75,0.150537634408602,191
"anchor_67","HOG:0031129","internal_edge_density","edge density among anchor-resolved recurrent-HOG copies",-0.148968084459057,1,3,0,"perennial_higher",3,0.75,0.148968084459057,192
"anchor_260","HOG:0012011","recurrent_coverage","fraction of recurrent HOGs resolved as anchor neighbors",0.148936170212766,3,1,0,"annual_higher",3,0.75,0.148936170212766,193
"anchor_201","HOG:0027005","recurrent_coverage","fraction of recurrent HOGs resolved as anchor neighbors",0.148514851485149,3,1,0,"annual_higher",3,0.75,0.148514851485149,194
"anchor_210","HOG:0012540","anchor_module_mean_strength_ratio","mean threshold-normalized anchor strength over present recurrent HOGs",-0.147974487296963,1,3,0,"perennial_higher",3,0.75,0.147974487296963,195
"anchor_84","HOG:0030062","anchor_module_mean_strength_ratio","mean threshold-normalized anchor strength over present recurrent HOGs",-0.147555806796592,1,3,0,"perennial_higher",3,0.75,0.147555806796592,196
"anchor_179","HOG:0031227","anchor_module_mean_strength_ratio","mean threshold-normalized anchor strength over present recurrent HOGs",-0.146178799437847,1,3,0,"perennial_higher",3,0.75,0.146178799437847,197
"anchor_72","HOG:0029544","recurrent_coverage","fraction of recurrent HOGs resolved as anchor neighbors",-0.145669291338583,1,3,0,"perennial_higher",3,0.75,0.145669291338583,198
"anchor_84","HOG:0030062","recurrent_coverage","fraction of recurrent HOGs resolved as anchor neighbors",-0.145454545454545,1,3,0,"perennial_higher",3,0.75,0.145454545454545,199
"anchor_329","HOG:0014208","anchor_module_mean_strength_ratio","mean threshold-normalized anchor strength over present recurrent HOGs",0.143230443826685,3,1,0,"annual_higher",3,0.75,0.143230443826685,200
"anchor_34","HOG:0000226","recurrent_coverage","fraction of recurrent HOGs resolved as anchor neighbors",-0.142857142857143,1,3,0,"perennial_higher",3,0.75,0.142857142857143,201
"anchor_179","HOG:0031227","recurrent_coverage","fraction of recurrent HOGs resolved as anchor neighbors",-0.141791044776119,1,3,0,"perennial_higher",3,0.75,0.141791044776119,202
"anchor_246","HOG:0027495","internal_edge_density","edge density among anchor-resolved recurrent-HOG copies",-0.140776924437275,1,3,0,"perennial_higher",3,0.75,0.140776924437275,203
"anchor_48","HOG:0023400","anchor_module_mean_strength_ratio","mean threshold-normalized anchor strength over present recurrent HOGs",-0.140151019661834,1,3,0,"perennial_higher",3,0.75,0.140151019661834,204
"anchor_266","HOG:0028440","anchor_module_mean_strength_ratio","mean threshold-normalized anchor strength over present recurrent HOGs",-0.139921090936184,1,3,0,"perennial_higher",3,0.75,0.139921090936184,205
"anchor_210","HOG:0012540","recurrent_coverage","fraction of recurrent HOGs resolved as anchor neighbors",-0.139784946236559,1,3,0,"perennial_higher",3,0.75,0.139784946236559,206
"anchor_138","HOG:0025231","internal_edge_density","edge density among anchor-resolved recurrent-HOG copies",-0.138397803586306,1,3,0,"perennial_higher",3,0.75,0.138397803586306,207
"anchor_238","HOG:0031127","anchor_module_mean_strength_ratio","mean threshold-normalized anchor strength over present recurrent HOGs",0.137095939395065,3,1,0,"annual_higher",3,0.75,0.137095939395065,208
"anchor_176","HOG:0018009","anchor_module_mean_strength_ratio","mean threshold-normalized anchor strength over present recurrent HOGs",-0.136703540381847,1,3,0,"perennial_higher",3,0.75,0.136703540381847,209
"anchor_48","HOG:0023400","recurrent_coverage","fraction of recurrent HOGs resolved as anchor neighbors",-0.136363636363636,1,3,0,"perennial_higher",3,0.75,0.136363636363636,210
"anchor_21","HOG:0022504","anchor_module_mean_strength_ratio","mean threshold-normalized anchor strength over present recurrent HOGs",-0.135534286787764,1,3,0,"perennial_higher",3,0.75,0.135534286787764,211
"anchor_59","HOG:0023358","anchor_module_mean_strength_ratio","mean threshold-normalized anchor strength over present recurrent HOGs",-0.135226540348645,1,3,0,"perennial_higher",3,0.75,0.135226540348645,212
"anchor_292","HOG:0018454","anchor_module_mean_strength_ratio","mean threshold-normalized anchor strength over present recurrent HOGs",0.134840373799722,3,1,0,"annual_higher",3,0.75,0.134840373799722,213
"anchor_329","HOG:0014208","recurrent_coverage","fraction of recurrent HOGs resolved as anchor neighbors",0.134615384615385,3,1,0,"annual_higher",3,0.75,0.134615384615385,214
"anchor_157","HOG:0029921","anchor_module_mean_strength_ratio","mean threshold-normalized anchor strength over present recurrent HOGs",0.134496996137656,3,1,0,"annual_higher",3,0.75,0.134496996137656,215
"anchor_176","HOG:0018009","recurrent_coverage","fraction of recurrent HOGs resolved as anchor neighbors",-0.134259259259259,1,3,0,"perennial_higher",3,0.75,0.134259259259259,216
"anchor_200","HOG:0005639","internal_edge_density","edge density among anchor-resolved recurrent-HOG copies",-0.132595526248777,1,3,0,"perennial_higher",3,0.75,0.132595526248777,217
"anchor_157","HOG:0029921","recurrent_coverage","fraction of recurrent HOGs resolved as anchor neighbors",0.132352941176471,3,1,0,"annual_higher",3,0.75,0.132352941176471,218
"anchor_223","HOG:0013389","internal_edge_density","edge density among anchor-resolved recurrent-HOG copies",0.131423255107466,3,1,0,"annual_higher",3,0.75,0.131423255107466,219
"anchor_266","HOG:0028440","recurrent_coverage","fraction of recurrent HOGs resolved as anchor neighbors",-0.13125,1,3,0,"perennial_higher",3,0.75,0.13125,220
"anchor_302","HOG:0011628","anchor_module_mean_strength_ratio","mean threshold-normalized anchor strength over present recurrent HOGs",0.130996550054297,3,1,0,"annual_higher",3,0.75,0.130996550054297,221
"anchor_36","HOG:0018221","anchor_module_mean_strength_ratio","mean threshold-normalized anchor strength over present recurrent HOGs",-0.130838164756138,1,3,0,"perennial_higher",3,0.75,0.130838164756138,222
"anchor_333","HOG:0008696","anchor_module_mean_strength_ratio","mean threshold-normalized anchor strength over present recurrent HOGs",-0.130644819910364,1,3,0,"perennial_higher",3,0.75,0.130644819910364,223
"anchor_284","HOG:0022810","anchor_module_mean_strength_ratio","mean threshold-normalized anchor strength over present recurrent HOGs",-0.13036636337521,1,3,0,"perennial_higher",3,0.75,0.13036636337521,224
"anchor_264","HOG:0003561","anchor_module_mean_strength_ratio","mean threshold-normalized anchor strength over present recurrent HOGs",0.129724573927106,3,1,0,"annual_higher",3,0.75,0.129724573927106,225
"anchor_24","HOG:0031321","anchor_module_mean_strength_ratio","mean threshold-normalized anchor strength over present recurrent HOGs",-0.129696830337952,1,3,0,"perennial_higher",3,0.75,0.129696830337952,226
"anchor_140","HOG:0032765","recurrent_coverage","fraction of recurrent HOGs resolved as anchor neighbors",0.12962962962963,3,1,0,"annual_higher",3,0.75,0.12962962962963,227
"anchor_238","HOG:0031127","recurrent_coverage","fraction of recurrent HOGs resolved as anchor neighbors",0.129411764705882,3,0,1,"annual_higher",3,0.75,0.129411764705882,228
"anchor_140","HOG:0032765","anchor_module_mean_strength_ratio","mean threshold-normalized anchor strength over present recurrent HOGs",0.129367102768549,3,1,0,"annual_higher",3,0.75,0.129367102768549,229
"anchor_302","HOG:0011628","recurrent_coverage","fraction of recurrent HOGs resolved as anchor neighbors",0.128571428571429,3,1,0,"annual_higher",3,0.75,0.128571428571429,230
"anchor_264","HOG:0003561","recurrent_coverage","fraction of recurrent HOGs resolved as anchor neighbors",0.128205128205128,3,1,0,"annual_higher",3,0.75,0.128205128205128,231
"anchor_333","HOG:0008696","recurrent_coverage","fraction of recurrent HOGs resolved as anchor neighbors",-0.127906976744186,1,3,0,"perennial_higher",3,0.75,0.127906976744186,232
"anchor_21","HOG:0022504","recurrent_coverage","fraction of recurrent HOGs resolved as anchor neighbors",-0.126865671641791,1,3,0,"perennial_higher",3,0.75,0.126865671641791,233
"anchor_292","HOG:0018454","recurrent_coverage","fraction of recurrent HOGs resolved as anchor neighbors",0.126582278481013,3,1,0,"annual_higher",3,0.75,0.126582278481013,234
"anchor_290","HOG:0031056","internal_edge_density","edge density among anchor-resolved recurrent-HOG copies",-0.124828847622965,1,3,0,"perennial_higher",3,0.75,0.124828847622965,235
"anchor_265","HOG:0016371","anchor_module_mean_strength_ratio","mean threshold-normalized anchor strength over present recurrent HOGs",-0.124806366546438,1,3,0,"perennial_higher",3,0.75,0.124806366546438,236
"anchor_31","HOG:0011086","anchor_module_mean_strength_ratio","mean threshold-normalized anchor strength over present recurrent HOGs",-0.124762206618194,1,3,0,"perennial_higher",3,0.75,0.124762206618194,237
"anchor_59","HOG:0023358","recurrent_coverage","fraction of recurrent HOGs resolved as anchor neighbors",-0.123287671232877,1,3,0,"perennial_higher",3,0.75,0.123287671232877,238
"anchor_265","HOG:0016371","recurrent_coverage","fraction of recurrent HOGs resolved as anchor neighbors",-0.123076923076923,1,3,0,"perennial_higher",3,0.75,0.123076923076923,239
"anchor_41","HOG:0028089","anchor_module_mean_strength_ratio","mean threshold-normalized anchor strength over present recurrent HOGs",-0.122060388315488,1,3,0,"perennial_higher",3,0.75,0.122060388315488,240
"anchor_281","HOG:0011064","anchor_module_mean_strength_ratio","mean threshold-normalized anchor strength over present recurrent HOGs",-0.121835812759282,1,3,0,"perennial_higher",3,0.75,0.121835812759282,241
"anchor_79","HOG:0017159","anchor_module_mean_strength_ratio","mean threshold-normalized anchor strength over present recurrent HOGs",-0.121367855141984,1,3,0,"perennial_higher",3,0.75,0.121367855141984,242
"anchor_24","HOG:0031321","recurrent_coverage","fraction of recurrent HOGs resolved as anchor neighbors",-0.120689655172414,1,3,0,"perennial_higher",3,0.75,0.120689655172414,243
"anchor_256","HOG:0006332","anchor_module_mean_strength_ratio","mean threshold-normalized anchor strength over present recurrent HOGs",0.120442572940645,3,1,0,"annual_higher",3,0.75,0.120442572940645,244
"anchor_256","HOG:0006332","recurrent_coverage","fraction of recurrent HOGs resolved as anchor neighbors",0.12037037037037,3,0,1,"annual_higher",3,0.75,0.12037037037037,245
"anchor_231","HOG:0023138","anchor_module_mean_strength_ratio","mean threshold-normalized anchor strength over present recurrent HOGs",0.119731337343463,3,1,0,"annual_higher",3,0.75,0.119731337343463,246
"anchor_36","HOG:0018221","recurrent_coverage","fraction of recurrent HOGs resolved as anchor neighbors",-0.119565217391304,1,3,0,"perennial_higher",3,0.75,0.119565217391304,247
"anchor_231","HOG:0023138","recurrent_coverage","fraction of recurrent HOGs resolved as anchor neighbors",0.119565217391304,3,1,0,"annual_higher",3,0.75,0.119565217391304,248
"anchor_297","HOG:0028197","anchor_module_mean_strength_ratio","mean threshold-normalized anchor strength over present recurrent HOGs",0.117003481951578,3,1,0,"annual_higher",3,0.75,0.117003481951578,249
"anchor_31","HOG:0011086","recurrent_coverage","fraction of recurrent HOGs resolved as anchor neighbors",-0.116935483870968,1,3,0,"perennial_higher",3,0.75,0.116935483870968,250
"anchor_284","HOG:0022810","recurrent_coverage","fraction of recurrent HOGs resolved as anchor neighbors",-0.116666666666667,1,3,0,"perennial_higher",3,0.75,0.116666666666667,251
"anchor_32","HOG:0005788","anchor_module_mean_strength_ratio","mean threshold-normalized anchor strength over present recurrent HOGs",-0.115432900090716,1,3,0,"perennial_higher",3,0.75,0.115432900090716,252
"anchor_23","HOG:0028394","anchor_module_mean_strength_ratio","mean threshold-normalized anchor strength over present recurrent HOGs",-0.114480645715933,1,3,0,"perennial_higher",3,0.75,0.114480645715933,253
"anchor_137","HOG:0012334","anchor_module_mean_strength_ratio","mean threshold-normalized anchor strength over present recurrent HOGs",-0.113974698818944,1,3,0,"perennial_higher",3,0.75,0.113974698818944,254
"anchor_240","HOG:0007813","anchor_module_mean_strength_ratio","mean threshold-normalized anchor strength over present recurrent HOGs",-0.113946654859914,1,3,0,"perennial_higher",3,0.75,0.113946654859914,255
"anchor_81","HOG:0023669","anchor_module_mean_strength_ratio","mean threshold-normalized anchor strength over present recurrent HOGs",0.113584739776364,3,1,0,"annual_higher",3,0.75,0.113584739776364,256
"anchor_218","HOG:0029429","anchor_module_mean_strength_ratio","mean threshold-normalized anchor strength over present recurrent HOGs",0.112900289434501,3,1,0,"annual_higher",3,0.75,0.112900289434501,257
"anchor_74","HOG:0010710","anchor_module_mean_strength_ratio","mean threshold-normalized anchor strength over present recurrent HOGs",-0.112137078032822,1,3,0,"perennial_higher",3,0.75,0.112137078032822,258
"anchor_79","HOG:0017159","recurrent_coverage","fraction of recurrent HOGs resolved as anchor neighbors",-0.111888111888112,1,3,0,"perennial_higher",3,0.75,0.111888111888112,259
"anchor_12","HOG:0026770","anchor_module_mean_strength_ratio","mean threshold-normalized anchor strength over present recurrent HOGs",-0.111625237630352,1,3,0,"perennial_higher",3,0.75,0.111625237630352,260
"anchor_281","HOG:0011064","recurrent_coverage","fraction of recurrent HOGs resolved as anchor neighbors",-0.111111111111111,1,3,0,"perennial_higher",3,0.75,0.111111111111111,261
"anchor_205","HOG:0025863","anchor_module_mean_strength_ratio","mean threshold-normalized anchor strength over present recurrent HOGs",-0.110774279198939,1,3,0,"perennial_higher",3,0.75,0.110774279198939,262
"anchor_297","HOG:0028197","recurrent_coverage","fraction of recurrent HOGs resolved as anchor neighbors",0.11,3,1,0,"annual_higher",3,0.75,0.11,263
"anchor_116","HOG:0023564","anchor_module_mean_strength_ratio","mean threshold-normalized anchor strength over present recurrent HOGs",-0.109849958428212,1,3,0,"perennial_higher",3,0.75,0.109849958428212,264
"anchor_218","HOG:0029429","recurrent_coverage","fraction of recurrent HOGs resolved as anchor neighbors",0.109756097560976,3,1,0,"annual_higher",3,0.75,0.109756097560976,265
"anchor_41","HOG:0028089","recurrent_coverage","fraction of recurrent HOGs resolved as anchor neighbors",-0.10948905109489,1,3,0,"perennial_higher",3,0.75,0.10948905109489,266
"anchor_81","HOG:0023669","recurrent_coverage","fraction of recurrent HOGs resolved as anchor neighbors",0.109154929577465,3,1,0,"annual_higher",3,0.75,0.109154929577465,267
"anchor_240","HOG:0007813","recurrent_coverage","fraction of recurrent HOGs resolved as anchor neighbors",-0.108695652173913,1,3,0,"perennial_higher",3,0.75,0.108695652173913,268
"anchor_144","HOG:0028381","anchor_module_mean_strength_ratio","mean threshold-normalized anchor strength over present recurrent HOGs",-0.108038709666994,1,3,0,"perennial_higher",3,0.75,0.108038709666994,269
"anchor_115","HOG:0024562","anchor_module_mean_strength_ratio","mean threshold-normalized anchor strength over present recurrent HOGs",0.107349430204155,3,1,0,"annual_higher",3,0.75,0.107349430204155,270
"anchor_74","HOG:0010710","recurrent_coverage","fraction of recurrent HOGs resolved as anchor neighbors",-0.107142857142857,1,3,0,"perennial_higher",3,0.75,0.107142857142857,271
"anchor_23","HOG:0028394","recurrent_coverage","fraction of recurrent HOGs resolved as anchor neighbors",-0.107142857142857,1,3,0,"perennial_higher",3,0.75,0.107142857142857,272
"anchor_240","HOG:0007813","internal_edge_density","edge density among anchor-resolved recurrent-HOG copies",-0.106829959172549,1,3,0,"perennial_higher",3,0.75,0.106829959172549,273
"anchor_137","HOG:0012334","recurrent_coverage","fraction of recurrent HOGs resolved as anchor neighbors",-0.106382978723404,1,3,0,"perennial_higher",3,0.75,0.106382978723404,274
"anchor_115","HOG:0024562","recurrent_coverage","fraction of recurrent HOGs resolved as anchor neighbors",0.105882352941176,3,1,0,"annual_higher",3,0.75,0.105882352941176,275
"anchor_190","HOG:0032397","anchor_module_mean_strength_ratio","mean threshold-normalized anchor strength over present recurrent HOGs",-0.105137565403612,1,3,0,"perennial_higher",3,0.75,0.105137565403612,276
"anchor_32","HOG:0005788","recurrent_coverage","fraction of recurrent HOGs resolved as anchor neighbors",-0.104575163398693,1,3,0,"perennial_higher",3,0.75,0.104575163398693,277
"anchor_116","HOG:0023564","recurrent_coverage","fraction of recurrent HOGs resolved as anchor neighbors",-0.104347826086956,1,3,0,"perennial_higher",3,0.75,0.104347826086956,278
"anchor_257","HOG:0011942","internal_edge_density","edge density among anchor-resolved recurrent-HOG copies",-0.103863634176188,1,3,0,"perennial_higher",3,0.75,0.103863634176188,279
"anchor_14","HOG:0012056","anchor_module_mean_strength_ratio","mean threshold-normalized anchor strength over present recurrent HOGs",-0.10377204490121,1,3,0,"perennial_higher",3,0.75,0.10377204490121,280
"anchor_144","HOG:0028381","recurrent_coverage","fraction of recurrent HOGs resolved as anchor neighbors",-0.103092783505155,1,3,0,"perennial_higher",3,0.75,0.103092783505155,281
"anchor_270","HOG:0007636","anchor_module_mean_strength_ratio","mean threshold-normalized anchor strength over present recurrent HOGs",0.1023202756265,3,1,0,"annual_higher",3,0.75,0.1023202756265,282
"anchor_12","HOG:0026770","recurrent_coverage","fraction of recurrent HOGs resolved as anchor neighbors",-0.102112676056338,1,3,0,"perennial_higher",3,0.75,0.102112676056338,283
"anchor_205","HOG:0025863","recurrent_coverage","fraction of recurrent HOGs resolved as anchor neighbors",-0.1015625,1,3,0,"perennial_higher",3,0.75,0.1015625,284
"anchor_208","HOG:0027147","anchor_module_mean_strength_ratio","mean threshold-normalized anchor strength over present recurrent HOGs",-0.101268255233628,1,3,0,"perennial_higher",3,0.75,0.101268255233628,285
"anchor_301","HOG:0018459","largest_component_fraction","fraction of resolved HOGs in the largest connected component",0.100961538461538,3,0,1,"annual_higher",3,0.75,0.100961538461538,286
"anchor_111","HOG:0016913","anchor_module_mean_strength_ratio","mean threshold-normalized anchor strength over present recurrent HOGs",-0.100768984100395,1,3,0,"perennial_higher",3,0.75,0.100768984100395,287
"anchor_190","HOG:0032397","recurrent_coverage","fraction of recurrent HOGs resolved as anchor neighbors",-0.1,1,3,0,"perennial_higher",3,0.75,0.1,288
"anchor_334","HOG:0023048","recurrent_coverage","fraction of recurrent HOGs resolved as anchor neighbors",0.1,3,1,0,"annual_higher",3,0.75,0.1,289
"anchor_219","HOG:0025848","anchor_module_mean_strength_ratio","mean threshold-normalized anchor strength over present recurrent HOGs",0.0994181588737751,3,1,0,"annual_higher",3,0.75,0.0994181588737751,290
"anchor_296","HOG:0032348","internal_edge_density","edge density among anchor-resolved recurrent-HOG copies",-0.0993244739756368,1,3,0,"perennial_higher",3,0.75,0.0993244739756368,291
"anchor_71","HOG:0025186","anchor_module_mean_strength_ratio","mean threshold-normalized anchor strength over present recurrent HOGs",-0.0991416141852458,1,3,0,"perennial_higher",3,0.75,0.0991416141852458,292
"anchor_334","HOG:0023048","anchor_module_mean_strength_ratio","mean threshold-normalized anchor strength over present recurrent HOGs",0.0989978585301894,3,1,0,"annual_higher",3,0.75,0.0989978585301894,293
"anchor_214","HOG:0017319","internal_edge_density","edge density among anchor-resolved recurrent-HOG copies",-0.0989813899196305,1,3,0,"perennial_higher",3,0.75,0.0989813899196305,294
"anchor_133","HOG:0020711","internal_edge_density","edge density among anchor-resolved recurrent-HOG copies",-0.0979981619710423,1,3,0,"perennial_higher",3,0.75,0.0979981619710423,295
"anchor_178","HOG:0010551","anchor_module_mean_strength_ratio","mean threshold-normalized anchor strength over present recurrent HOGs",0.0979486807258821,3,1,0,"annual_higher",3,0.75,0.0979486807258821,296
"anchor_287","HOG:0028018","anchor_module_mean_strength_ratio","mean threshold-normalized anchor strength over present recurrent HOGs",-0.0978461886579965,1,3,0,"perennial_higher",3,0.75,0.0978461886579965,297
"anchor_37","HOG:0007638","anchor_module_mean_strength_ratio","mean threshold-normalized anchor strength over present recurrent HOGs",0.0978433803365757,3,1,0,"annual_higher",3,0.75,0.0978433803365757,298
"anchor_220","HOG:0011715","anchor_module_mean_strength_ratio","mean threshold-normalized anchor strength over present recurrent HOGs",0.0975310215349864,3,1,0,"annual_higher",3,0.75,0.0975310215349864,299
"anchor_17","HOG:0026834","anchor_module_mean_strength_ratio","mean threshold-normalized anchor strength over present recurrent HOGs",-0.0969161473761315,1,3,0,"perennial_higher",3,0.75,0.0969161473761315,300
"anchor_219","HOG:0025848","recurrent_coverage","fraction of recurrent HOGs resolved as anchor neighbors",0.0967741935483871,3,0,1,"annual_higher",3,0.75,0.0967741935483871,301
"anchor_191","HOG:0022918","anchor_module_mean_strength_ratio","mean threshold-normalized anchor strength over present recurrent HOGs",-0.0963712535800896,1,3,0,"perennial_higher",3,0.75,0.0963712535800896,302
"anchor_270","HOG:0007636","recurrent_coverage","fraction of recurrent HOGs resolved as anchor neighbors",0.0961538461538461,3,1,0,"annual_higher",3,0.75,0.0961538461538461,303
"anchor_87","HOG:0005589","internal_edge_density","edge density among anchor-resolved recurrent-HOG copies",-0.0961496892640246,1,3,0,"perennial_higher",3,0.75,0.0961496892640246,304
"anchor_287","HOG:0028018","recurrent_coverage","fraction of recurrent HOGs resolved as anchor neighbors",-0.0958904109589041,1,3,0,"perennial_higher",3,0.75,0.0958904109589041,305
"anchor_199","HOG:0017178","internal_edge_density","edge density among anchor-resolved recurrent-HOG copies",-0.0958487022895143,1,3,0,"perennial_higher",3,0.75,0.0958487022895143,306
"anchor_273","HOG:0006057","internal_edge_density","edge density among anchor-resolved recurrent-HOG copies",-0.0957987664509404,1,3,0,"perennial_higher",3,0.75,0.0957987664509404,307
"anchor_81","HOG:0023669","internal_edge_density","edge density among anchor-resolved recurrent-HOG copies",-0.0952250610540336,1,3,0,"perennial_higher",3,0.75,0.0952250610540336,308
"anchor_14","HOG:0012056","recurrent_coverage","fraction of recurrent HOGs resolved as anchor neighbors",-0.0950704225352113,1,3,0,"perennial_higher",3,0.75,0.0950704225352113,309
"anchor_212","HOG:0018037","anchor_module_mean_strength_ratio","mean threshold-normalized anchor strength over present recurrent HOGs",-0.0950123081917578,1,3,0,"perennial_higher",3,0.75,0.0950123081917578,310
"anchor_208","HOG:0027147","recurrent_coverage","fraction of recurrent HOGs resolved as anchor neighbors",-0.0945945945945946,1,3,0,"perennial_higher",3,0.75,0.0945945945945946,311
"anchor_212","HOG:0018037","recurrent_coverage","fraction of recurrent HOGs resolved as anchor neighbors",-0.0940594059405941,1,3,0,"perennial_higher",3,0.75,0.0940594059405941,312
"anchor_40","HOG:0028012","internal_edge_density","edge density among anchor-resolved recurrent-HOG copies",-0.0935359280227573,1,3,0,"perennial_higher",3,0.75,0.0935359280227573,313
"anchor_175","HOG:0003782","internal_edge_density","edge density among anchor-resolved recurrent-HOG copies",-0.0934712931995541,1,3,0,"perennial_higher",3,0.75,0.0934712931995541,314
"anchor_37","HOG:0007638","recurrent_coverage","fraction of recurrent HOGs resolved as anchor neighbors",0.0928571428571429,3,1,0,"annual_higher",3,0.75,0.0928571428571429,315
"anchor_138","HOG:0025231","anchor_module_mean_strength_ratio","mean threshold-normalized anchor strength over present recurrent HOGs",-0.0917404456092826,1,3,0,"perennial_higher",3,0.75,0.0917404456092826,316
"anchor_09","HOG:0029484","internal_edge_density","edge density among anchor-resolved recurrent-HOG copies",-0.0911287432753458,1,3,0,"perennial_higher",3,0.75,0.0911287432753458,317
"anchor_191","HOG:0022918","recurrent_coverage","fraction of recurrent HOGs resolved as anchor neighbors",-0.0909090909090909,1,3,0,"perennial_higher",3,0.75,0.0909090909090909,318
"anchor_71","HOG:0025186","recurrent_coverage","fraction of recurrent HOGs resolved as anchor neighbors",-0.0909090909090909,1,3,0,"perennial_higher",3,0.75,0.0909090909090909,319
"anchor_178","HOG:0010551","recurrent_coverage","fraction of recurrent HOGs resolved as anchor neighbors",0.0909090909090909,3,1,0,"annual_higher",3,0.75,0.0909090909090909,320
"anchor_30","HOG:0024452","anchor_module_mean_strength_ratio","mean threshold-normalized anchor strength over present recurrent HOGs",-0.0902332162142219,1,3,0,"perennial_higher",3,0.75,0.0902332162142219,321
"anchor_111","HOG:0016913","recurrent_coverage","fraction of recurrent HOGs resolved as anchor neighbors",-0.08984375,1,3,0,"perennial_higher",3,0.75,0.08984375,322
"anchor_215","HOG:0012403","internal_edge_density","edge density among anchor-resolved recurrent-HOG copies",-0.0895971004045016,1,3,0,"perennial_higher",3,0.75,0.0895971004045016,323
"anchor_138","HOG:0025231","recurrent_coverage","fraction of recurrent HOGs resolved as anchor neighbors",-0.0895522388059701,1,3,0,"perennial_higher",3,0.75,0.0895522388059701,324
"anchor_292","HOG:0018454","internal_edge_density","edge density among anchor-resolved recurrent-HOG copies",-0.0894451089989645,1,3,0,"perennial_higher",3,0.75,0.0894451089989645,325
"anchor_69","HOG:0033359","internal_edge_density","edge density among anchor-resolved recurrent-HOG copies",-0.0888341881367593,1,3,0,"perennial_higher",3,0.75,0.0888341881367593,326
"anchor_17","HOG:0026834","recurrent_coverage","fraction of recurrent HOGs resolved as anchor neighbors",-0.0882352941176471,1,3,0,"perennial_higher",3,0.75,0.0882352941176471,327
"anchor_329","HOG:0014208","internal_edge_density","edge density among anchor-resolved recurrent-HOG copies",-0.0876984126984128,1,3,0,"perennial_higher",3,0.75,0.0876984126984128,328
"anchor_109","HOG:0011640","anchor_module_mean_strength_ratio","mean threshold-normalized anchor strength over present recurrent HOGs",-0.0872134008144437,1,3,0,"perennial_higher",3,0.75,0.0872134008144437,329
"anchor_186","HOG:0027918","internal_edge_density","edge density among anchor-resolved recurrent-HOG copies",0.0869312483882445,3,1,0,"annual_higher",3,0.75,0.0869312483882445,330
"anchor_53","HOG:0016795","anchor_module_mean_strength_ratio","mean threshold-normalized anchor strength over present recurrent HOGs",-0.0869126785070671,1,3,0,"perennial_higher",3,0.75,0.0869126785070671,331
"anchor_99","HOG:0031473","internal_edge_density","edge density among anchor-resolved recurrent-HOG copies",-0.0860363951524757,1,3,0,"perennial_higher",3,0.75,0.0860363951524757,332
"anchor_203","HOG:0018504","internal_edge_density","edge density among anchor-resolved recurrent-HOG copies",0.085991661032229,3,1,0,"annual_higher",3,0.75,0.085991661032229,333
"anchor_44","HOG:0000178","internal_edge_density","edge density among anchor-resolved recurrent-HOG copies",-0.085946478870952,1,3,0,"perennial_higher",3,0.75,0.085946478870952,334
"anchor_33","HOG:0016909","anchor_module_mean_strength_ratio","mean threshold-normalized anchor strength over present recurrent HOGs",-0.0858261806297433,1,3,0,"perennial_higher",3,0.75,0.0858261806297433,335
"anchor_316","HOG:0000079","anchor_module_mean_strength_ratio","mean threshold-normalized anchor strength over present recurrent HOGs",-0.0855436530830312,1,3,0,"perennial_higher",3,0.75,0.0855436530830312,336
"anchor_80","HOG:0025232","internal_edge_density","edge density among anchor-resolved recurrent-HOG copies",-0.0854447928823147,1,3,0,"perennial_higher",3,0.75,0.0854447928823147,337
"anchor_234","HOG:0024574","internal_edge_density","edge density among anchor-resolved recurrent-HOG copies",-0.0853539175940067,1,3,0,"perennial_higher",3,0.75,0.0853539175940067,338
"anchor_282","HOG:0008732","anchor_module_mean_strength_ratio","mean threshold-normalized anchor strength over present recurrent HOGs",-0.0853073512434039,1,3,0,"perennial_higher",3,0.75,0.0853073512434039,339
"anchor_318","HOG:0005960","internal_edge_density","edge density among anchor-resolved recurrent-HOG copies",0.0846574881057639,3,1,0,"annual_higher",3,0.75,0.0846574881057639,340
"anchor_109","HOG:0011640","internal_edge_density","edge density among anchor-resolved recurrent-HOG copies",-0.0843520415845471,1,3,0,"perennial_higher",3,0.75,0.0843520415845471,341
"anchor_78","HOG:0028720","internal_edge_density","edge density among anchor-resolved recurrent-HOG copies",-0.0841510610745285,1,3,0,"perennial_higher",3,0.75,0.0841510610745285,342
"anchor_65","HOG:0018364","internal_edge_density","edge density among anchor-resolved recurrent-HOG copies",-0.0841156056138036,1,3,0,"perennial_higher",3,0.75,0.0841156056138036,343
"anchor_310","HOG:0007835","internal_edge_density","edge density among anchor-resolved recurrent-HOG copies",-0.0840433847957788,1,3,0,"perennial_higher",3,0.75,0.0840433847957788,344
"anchor_30","HOG:0024452","recurrent_coverage","fraction of recurrent HOGs resolved as anchor neighbors",-0.083969465648855,1,3,0,"perennial_higher",3,0.75,0.083969465648855,345
"anchor_01","HOG:0020610","internal_edge_density","edge density among anchor-resolved recurrent-HOG copies",-0.0834523724866996,1,3,0,"perennial_higher",3,0.75,0.0834523724866996,346
"anchor_132","HOG:0030886","anchor_module_mean_strength_ratio","mean threshold-normalized anchor strength over present recurrent HOGs",-0.0826863233492294,1,3,0,"perennial_higher",3,0.75,0.0826863233492294,347
"anchor_311","HOG:0022963","internal_edge_density","edge density among anchor-resolved recurrent-HOG copies",-0.0823620823620824,1,3,0,"perennial_higher",3,0.75,0.0823620823620824,348
"anchor_157","HOG:0029921","internal_edge_density","edge density among anchor-resolved recurrent-HOG copies",-0.0816478849471152,1,3,0,"perennial_higher",3,0.75,0.0816478849471152,349
"anchor_267","HOG:0026549","internal_edge_density","edge density among anchor-resolved recurrent-HOG copies",-0.0812544473070789,1,3,0,"perennial_higher",3,0.75,0.0812544473070789,350
"anchor_33","HOG:0016909","recurrent_coverage","fraction of recurrent HOGs resolved as anchor neighbors",-0.0808823529411765,1,3,0,"perennial_higher",3,0.75,0.0808823529411765,351
"anchor_58","HOG:0032593","anchor_module_mean_strength_ratio","mean threshold-normalized anchor strength over present recurrent HOGs",-0.0804938229566795,1,3,0,"perennial_higher",3,0.75,0.0804938229566795,352
"anchor_109","HOG:0011640","recurrent_coverage","fraction of recurrent HOGs resolved as anchor neighbors",-0.0795454545454545,1,3,0,"perennial_higher",3,0.75,0.0795454545454545,353
"anchor_45","HOG:0007725","internal_edge_density","edge density among anchor-resolved recurrent-HOG copies",-0.0793808461952112,1,3,0,"perennial_higher",3,0.75,0.0793808461952112,354
"anchor_308","HOG:0014354","internal_edge_density","edge density among anchor-resolved recurrent-HOG copies",-0.0792429792429792,1,3,0,"perennial_higher",3,0.75,0.0792429792429792,355
"anchor_76","HOG:0016566","anchor_module_mean_strength_ratio","mean threshold-normalized anchor strength over present recurrent HOGs",-0.079037215193269,1,3,0,"perennial_higher",3,0.75,0.079037215193269,356
"anchor_132","HOG:0030886","recurrent_coverage","fraction of recurrent HOGs resolved as anchor neighbors",-0.0789473684210527,1,3,0,"perennial_higher",3,0.75,0.0789473684210527,357
"anchor_10","HOG:0023085","anchor_module_mean_strength_ratio","mean threshold-normalized anchor strength over present recurrent HOGs",-0.0787443290306145,1,3,0,"perennial_higher",3,0.75,0.0787443290306145,358
"anchor_153","HOG:0028065","internal_edge_density","edge density among anchor-resolved recurrent-HOG copies",-0.0778343787696256,1,3,0,"perennial_higher",3,0.75,0.0778343787696256,359
"anchor_316","HOG:0000079","recurrent_coverage","fraction of recurrent HOGs resolved as anchor neighbors",-0.0774647887323943,1,3,0,"perennial_higher",3,0.75,0.0774647887323943,360
"anchor_53","HOG:0016795","recurrent_coverage","fraction of recurrent HOGs resolved as anchor neighbors",-0.0771812080536912,1,3,0,"perennial_higher",3,0.75,0.0771812080536912,361
"anchor_103","HOG:0011510","anchor_module_mean_strength_ratio","mean threshold-normalized anchor strength over present recurrent HOGs",0.077170643291587,3,1,0,"annual_higher",3,0.75,0.077170643291587,362
"anchor_51","HOG:0023192","anchor_module_mean_strength_ratio","mean threshold-normalized anchor strength over present recurrent HOGs",-0.0770808806930042,1,3,0,"perennial_higher",3,0.75,0.0770808806930042,363
"anchor_25","HOG:0016389","anchor_module_mean_strength_ratio","mean threshold-normalized anchor strength over present recurrent HOGs",-0.0770683760087142,1,3,0,"perennial_higher",3,0.75,0.0770683760087142,364
"anchor_282","HOG:0008732","recurrent_coverage","fraction of recurrent HOGs resolved as anchor neighbors",-0.0769230769230769,1,3,0,"perennial_higher",3,0.75,0.0769230769230769,365
"anchor_167","HOG:0027529","internal_edge_density","edge density among anchor-resolved recurrent-HOG copies",-0.0768092132701504,1,3,0,"perennial_higher",3,0.75,0.0768092132701504,366
"anchor_108","HOG:0033256","internal_edge_density","edge density among anchor-resolved recurrent-HOG copies",-0.0765614985079043,1,3,0,"perennial_higher",3,0.75,0.0765614985079043,367
"anchor_07","HOG:0011862","anchor_module_mean_strength_ratio","mean threshold-normalized anchor strength over present recurrent HOGs",-0.0758608674809576,1,3,0,"perennial_higher",3,0.75,0.0758608674809576,368
"anchor_323","HOG:0026451","internal_edge_density","edge density among anchor-resolved recurrent-HOG copies",-0.0757936507936507,1,3,0,"perennial_higher",3,0.75,0.0757936507936507,369
"anchor_82","HOG:0029401","internal_edge_density","edge density among anchor-resolved recurrent-HOG copies",-0.0756421703430744,1,3,0,"perennial_higher",3,0.75,0.0756421703430744,370
"anchor_19","HOG:0019927","anchor_module_mean_strength_ratio","mean threshold-normalized anchor strength over present recurrent HOGs",-0.0746635734668036,1,3,0,"perennial_higher",3,0.75,0.0746635734668036,371
"anchor_119","HOG:0006139","internal_edge_density","edge density among anchor-resolved recurrent-HOG copies",-0.0744034119573505,1,3,0,"perennial_higher",3,0.75,0.0744034119573505,372
"anchor_328","HOG:0021943","anchor_module_mean_strength_ratio","mean threshold-normalized anchor strength over present recurrent HOGs",0.074290547344934,3,1,0,"annual_higher",3,0.75,0.074290547344934,373
"anchor_66","HOG:0027281","internal_edge_density","edge density among anchor-resolved recurrent-HOG copies",-0.0742509874295494,1,3,0,"perennial_higher",3,0.75,0.0742509874295494,374
"anchor_128","HOG:0024976","anchor_module_mean_strength_ratio","mean threshold-normalized anchor strength over present recurrent HOGs",-0.0740664353426292,1,3,0,"perennial_higher",3,0.75,0.0740664353426292,375
"anchor_20","HOG:0023601","internal_edge_density","edge density among anchor-resolved recurrent-HOG copies",-0.0739374931284187,1,3,0,"perennial_higher",3,0.75,0.0739374931284187,376
"anchor_89","HOG:0028008","internal_edge_density","edge density among anchor-resolved recurrent-HOG copies",-0.0738684795313247,1,3,0,"perennial_higher",3,0.75,0.0738684795313247,377
"anchor_51","HOG:0023192","recurrent_coverage","fraction of recurrent HOGs resolved as anchor neighbors",-0.0738255033557047,1,3,0,"perennial_higher",3,0.75,0.0738255033557047,378
"anchor_103","HOG:0011510","recurrent_coverage","fraction of recurrent HOGs resolved as anchor neighbors",0.0737704918032787,3,1,0,"annual_higher",3,0.75,0.0737704918032787,379
"anchor_02","HOG:0020076","internal_edge_density","edge density among anchor-resolved recurrent-HOG copies",-0.0737173336866186,1,3,0,"perennial_higher",3,0.75,0.0737173336866186,380
"anchor_112","HOG:0026556","anchor_module_mean_strength_ratio","mean threshold-normalized anchor strength over present recurrent HOGs",-0.0736950763050377,1,3,0,"perennial_higher",3,0.75,0.0736950763050377,381
"anchor_58","HOG:0032593","recurrent_coverage","fraction of recurrent HOGs resolved as anchor neighbors",-0.0733333333333333,1,3,0,"perennial_higher",3,0.75,0.0733333333333333,382
"anchor_76","HOG:0016566","recurrent_coverage","fraction of recurrent HOGs resolved as anchor neighbors",-0.0729166666666667,1,3,0,"perennial_higher",3,0.75,0.0729166666666667,383
"anchor_250","HOG:0006334","anchor_module_mean_strength_ratio","mean threshold-normalized anchor strength over present recurrent HOGs",-0.072832317048694,1,3,0,"perennial_higher",3,0.75,0.072832317048694,384
"anchor_49","HOG:0020408","internal_edge_density","edge density among anchor-resolved recurrent-HOG copies",-0.0728048819531971,1,3,0,"perennial_higher",3,0.75,0.0728048819531971,385
"anchor_113","HOG:0024337","anchor_module_mean_strength_ratio","mean threshold-normalized anchor strength over present recurrent HOGs",-0.0727746941466946,1,3,0,"perennial_higher",3,0.75,0.0727746941466946,386
"anchor_301","HOG:0018459","internal_edge_density","edge density among anchor-resolved recurrent-HOG copies",0.0725412014885699,3,1,0,"annual_higher",3,0.75,0.0725412014885699,387
"anchor_228","HOG:0006131","anchor_module_mean_strength_ratio","mean threshold-normalized anchor strength over present recurrent HOGs",0.0722861964287757,3,1,0,"annual_higher",3,0.75,0.0722861964287757,388
"anchor_307","HOG:0010703","internal_edge_density","edge density among anchor-resolved recurrent-HOG copies",0.0721139971139972,3,1,0,"annual_higher",3,0.75,0.0721139971139972,389
"anchor_276","HOG:0007697","internal_edge_density","edge density among anchor-resolved recurrent-HOG copies",0.0719896736123916,3,1,0,"annual_higher",3,0.75,0.0719896736123916,390
"anchor_05","HOG:0006205","internal_edge_density","edge density among anchor-resolved recurrent-HOG copies",-0.0719742152016693,1,3,0,"perennial_higher",3,0.75,0.0719742152016693,391
"anchor_155","HOG:0008637","anchor_module_mean_strength_ratio","mean threshold-normalized anchor strength over present recurrent HOGs",-0.0717085311068523,1,3,0,"perennial_higher",3,0.75,0.0717085311068523,392
"anchor_37","HOG:0007638","internal_edge_density","edge density among anchor-resolved recurrent-HOG copies",-0.0715727119209607,1,3,0,"perennial_higher",3,0.75,0.0715727119209607,393
"anchor_250","HOG:0006334","recurrent_coverage","fraction of recurrent HOGs resolved as anchor neighbors",-0.0714285714285715,1,3,0,"perennial_higher",3,0.75,0.0714285714285715,394
"anchor_19","HOG:0019927","recurrent_coverage","fraction of recurrent HOGs resolved as anchor neighbors",-0.0714285714285714,1,3,0,"perennial_higher",3,0.75,0.0714285714285714,395
"anchor_326","HOG:0031982","internal_edge_density","edge density among anchor-resolved recurrent-HOG copies",-0.0713340299547196,1,3,0,"perennial_higher",3,0.75,0.0713340299547196,396
"anchor_11","HOG:0021930","internal_edge_density","edge density among anchor-resolved recurrent-HOG copies",-0.0709107977258331,1,3,0,"perennial_higher",3,0.75,0.0709107977258331,397
"anchor_10","HOG:0023085","recurrent_coverage","fraction of recurrent HOGs resolved as anchor neighbors",-0.0704225352112676,1,3,0,"perennial_higher",3,0.75,0.0704225352112676,398
"anchor_165","HOG:0027303","internal_edge_density","edge density among anchor-resolved recurrent-HOG copies",-0.0703936761159278,1,3,0,"perennial_higher",3,0.75,0.0703936761159278,399
"anchor_202","HOG:0010482","internal_edge_density","edge density among anchor-resolved recurrent-HOG copies",0.0700798466693824,3,1,0,"annual_higher",3,0.75,0.0700798466693824,400
"anchor_94","HOG:0008605","anchor_module_mean_strength_ratio","mean threshold-normalized anchor strength over present recurrent HOGs",0.0699444170127796,3,1,0,"annual_higher",3,0.75,0.0699444170127796,401
"anchor_25","HOG:0016389","recurrent_coverage","fraction of recurrent HOGs resolved as anchor neighbors",-0.0699300699300699,1,3,0,"perennial_higher",3,0.75,0.0699300699300699,402
"anchor_112","HOG:0026556","recurrent_coverage","fraction of recurrent HOGs resolved as anchor neighbors",-0.0698924731182796,1,3,0,"perennial_higher",3,0.75,0.0698924731182796,403
"anchor_122","HOG:0012297","anchor_module_mean_strength_ratio","mean threshold-normalized anchor strength over present recurrent HOGs",0.0696311519602919,3,1,0,"annual_higher",3,0.75,0.0696311519602919,404
"anchor_328","HOG:0021943","recurrent_coverage","fraction of recurrent HOGs resolved as anchor neighbors",0.069620253164557,3,1,0,"annual_higher",3,0.75,0.069620253164557,405
"anchor_103","HOG:0011510","internal_edge_density","edge density among anchor-resolved recurrent-HOG copies",0.0694886531093428,3,1,0,"annual_higher",3,0.75,0.0694886531093428,406
"anchor_228","HOG:0006131","recurrent_coverage","fraction of recurrent HOGs resolved as anchor neighbors",0.0694444444444445,3,1,0,"annual_higher",3,0.75,0.0694444444444445,407
"anchor_94","HOG:0008605","recurrent_coverage","fraction of recurrent HOGs resolved as anchor neighbors",0.0691056910569106,3,1,0,"annual_higher",3,0.75,0.0691056910569106,408
"anchor_06","HOG:0028766","anchor_module_mean_strength_ratio","mean threshold-normalized anchor strength over present recurrent HOGs",-0.0690532803405746,1,3,0,"perennial_higher",3,0.75,0.0690532803405746,409
"anchor_08","HOG:0006123","anchor_module_mean_strength_ratio","mean threshold-normalized anchor strength over present recurrent HOGs",-0.069006306537078,1,3,0,"perennial_higher",3,0.75,0.069006306537078,410
"anchor_06","HOG:0028766","internal_edge_density","edge density among anchor-resolved recurrent-HOG copies",-0.0688700113328304,1,3,0,"perennial_higher",3,0.75,0.0688700113328304,411
"anchor_128","HOG:0024976","recurrent_coverage","fraction of recurrent HOGs resolved as anchor neighbors",-0.06875,1,3,0,"perennial_higher",3,0.75,0.06875,412
"anchor_61","HOG:0016166","internal_edge_density","edge density among anchor-resolved recurrent-HOG copies",-0.0685237955034483,1,3,0,"perennial_higher",3,0.75,0.0685237955034483,413
"anchor_56","HOG:0004085","anchor_module_mean_strength_ratio","mean threshold-normalized anchor strength over present recurrent HOGs",-0.0684631415478952,1,3,0,"perennial_higher",3,0.75,0.0684631415478952,414
"anchor_13","HOG:0006264","internal_edge_density","edge density among anchor-resolved recurrent-HOG copies",-0.0679642725515188,1,3,0,"perennial_higher",3,0.75,0.0679642725515188,415
"anchor_212","HOG:0018037","internal_edge_density","edge density among anchor-resolved recurrent-HOG copies",-0.0678135845264156,1,3,0,"perennial_higher",3,0.75,0.0678135845264156,416
"anchor_05","HOG:0006205","anchor_module_mean_strength_ratio","mean threshold-normalized anchor strength over present recurrent HOGs",-0.0674147754405255,1,3,0,"perennial_higher",3,0.75,0.0674147754405255,417
"anchor_105","HOG:0027704","recurrent_coverage","fraction of recurrent HOGs resolved as anchor neighbors",0.0673076923076923,3,1,0,"annual_higher",3,0.75,0.0673076923076923,418
"anchor_55","HOG:0021036","anchor_module_mean_strength_ratio","mean threshold-normalized anchor strength over present recurrent HOGs",-0.0671070967585271,1,3,0,"perennial_higher",3,0.75,0.0671070967585271,419
"anchor_209","HOG:0024277","internal_edge_density","edge density among anchor-resolved recurrent-HOG copies",-0.0670585949997715,1,3,0,"perennial_higher",3,0.75,0.0670585949997715,420
"anchor_111","HOG:0016913","internal_edge_density","edge density among anchor-resolved recurrent-HOG copies",-0.0668087625074142,1,3,0,"perennial_higher",3,0.75,0.0668087625074142,421
"anchor_70","HOG:0032161","internal_edge_density","edge density among anchor-resolved recurrent-HOG copies",-0.0667569748697585,1,3,0,"perennial_higher",3,0.75,0.0667569748697585,422
"anchor_56","HOG:0004085","internal_edge_density","edge density among anchor-resolved recurrent-HOG copies",-0.0665866522081762,1,3,0,"perennial_higher",3,0.75,0.0665866522081762,423
"anchor_64","HOG:0006263","anchor_module_mean_strength_ratio","mean threshold-normalized anchor strength over present recurrent HOGs",-0.066434931453419,1,3,0,"perennial_higher",3,0.75,0.066434931453419,424
"anchor_07","HOG:0011862","recurrent_coverage","fraction of recurrent HOGs resolved as anchor neighbors",-0.0662251655629139,1,3,0,"perennial_higher",3,0.75,0.0662251655629139,425
"anchor_04","HOG:0019394","anchor_module_mean_strength_ratio","mean threshold-normalized anchor strength over present recurrent HOGs",-0.0660686347345867,1,3,0,"perennial_higher",3,0.75,0.0660686347345867,426
"anchor_181","HOG:0011544","recurrent_coverage","fraction of recurrent HOGs resolved as anchor neighbors",0.0659340659340659,3,1,0,"annual_higher",3,0.75,0.0659340659340659,427
"anchor_162","HOG:0005857","internal_edge_density","edge density among anchor-resolved recurrent-HOG copies",0.0658493349030433,3,1,0,"annual_higher",3,0.75,0.0658493349030433,428
"anchor_105","HOG:0027704","anchor_module_mean_strength_ratio","mean threshold-normalized anchor strength over present recurrent HOGs",0.0658274786046793,3,1,0,"annual_higher",3,0.75,0.0658274786046793,429
"anchor_107","HOG:0020293","internal_edge_density","edge density among anchor-resolved recurrent-HOG copies",-0.0658207696433241,1,3,0,"perennial_higher",3,0.75,0.0658207696433241,430
"anchor_143","HOG:0006346","internal_edge_density","edge density among anchor-resolved recurrent-HOG copies",-0.0657719776201601,1,3,0,"perennial_higher",3,0.75,0.0657719776201601,431
"anchor_181","HOG:0011544","anchor_module_mean_strength_ratio","mean threshold-normalized anchor strength over present recurrent HOGs",0.0656497572925259,3,1,0,"annual_higher",3,0.75,0.0656497572925259,432
"anchor_261","HOG:0028718","internal_edge_density","edge density among anchor-resolved recurrent-HOG copies",-0.0655431899057254,1,3,0,"perennial_higher",3,0.75,0.0655431899057254,433
"anchor_118","HOG:0028661","anchor_module_mean_strength_ratio","mean threshold-normalized anchor strength over present recurrent HOGs",0.0653836129325647,3,1,0,"annual_higher",3,0.75,0.0653836129325647,434
"anchor_118","HOG:0028661","recurrent_coverage","fraction of recurrent HOGs resolved as anchor neighbors",0.0652173913043478,3,1,0,"annual_higher",3,0.75,0.0652173913043478,435
"anchor_155","HOG:0008637","recurrent_coverage","fraction of recurrent HOGs resolved as anchor neighbors",-0.064935064935065,1,3,0,"perennial_higher",3,0.75,0.064935064935065,436
"anchor_122","HOG:0012297","recurrent_coverage","fraction of recurrent HOGs resolved as anchor neighbors",0.0648148148148148,3,1,0,"annual_higher",3,0.75,0.0648148148148148,437
"anchor_86","HOG:0026902","internal_edge_density","edge density among anchor-resolved recurrent-HOG copies",-0.0646931806576002,1,3,0,"perennial_higher",3,0.75,0.0646931806576002,438
"anchor_114","HOG:0027098","recurrent_coverage","fraction of recurrent HOGs resolved as anchor neighbors",-0.0643939393939394,1,3,0,"perennial_higher",3,0.75,0.0643939393939394,439
"anchor_130","HOG:0024495","internal_edge_density","edge density among anchor-resolved recurrent-HOG copies",-0.0641888429073068,1,3,0,"perennial_higher",3,0.75,0.0641888429073068,440
"anchor_35","HOG:0012402","anchor_module_mean_strength_ratio","mean threshold-normalized anchor strength over present recurrent HOGs",-0.0639380475776775,1,3,0,"perennial_higher",3,0.75,0.0639380475776775,441
"anchor_114","HOG:0027098","anchor_module_mean_strength_ratio","mean threshold-normalized anchor strength over present recurrent HOGs",-0.0638971451295689,1,3,0,"perennial_higher",3,0.75,0.0638971451295689,442
"anchor_50","HOG:0010736","internal_edge_density","edge density among anchor-resolved recurrent-HOG copies",-0.0637955659340982,1,3,0,"perennial_higher",3,0.75,0.0637955659340982,443
"anchor_06","HOG:0028766","recurrent_coverage","fraction of recurrent HOGs resolved as anchor neighbors",-0.063758389261745,1,3,0,"perennial_higher",3,0.75,0.063758389261745,444
"anchor_251","HOG:0011497","recurrent_coverage","fraction of recurrent HOGs resolved as anchor neighbors",-0.0633802816901409,1,3,0,"perennial_higher",3,0.75,0.0633802816901409,445
"anchor_251","HOG:0011497","anchor_module_mean_strength_ratio","mean threshold-normalized anchor strength over present recurrent HOGs",-0.0631529446171347,1,3,0,"perennial_higher",3,0.75,0.0631529446171347,446
"anchor_72","HOG:0029544","internal_edge_density","edge density among anchor-resolved recurrent-HOG copies",-0.0630888845221834,1,3,0,"perennial_higher",3,0.75,0.0630888845221834,447
"anchor_50","HOG:0010736","anchor_module_mean_strength_ratio","mean threshold-normalized anchor strength over present recurrent HOGs",-0.0625329231330945,1,3,0,"perennial_higher",3,0.75,0.0625329231330945,448
"anchor_173","HOG:0011717","anchor_module_mean_strength_ratio","mean threshold-normalized anchor strength over present recurrent HOGs",-0.0625043785854286,1,3,0,"perennial_higher",3,0.75,0.0625043785854286,449
"anchor_50","HOG:0010736","recurrent_coverage","fraction of recurrent HOGs resolved as anchor neighbors",-0.0625,1,3,0,"perennial_higher",3,0.75,0.0625,450
"anchor_83","HOG:0023230","internal_edge_density","edge density among anchor-resolved recurrent-HOG copies",-0.06222085957436,1,3,0,"perennial_higher",3,0.75,0.06222085957436,451
"anchor_18","HOG:0000191","internal_edge_density","edge density among anchor-resolved recurrent-HOG copies",-0.0621498282172696,1,3,0,"perennial_higher",3,0.75,0.0621498282172696,452
"anchor_25","HOG:0016389","internal_edge_density","edge density among anchor-resolved recurrent-HOG copies",-0.0620961907111149,1,3,0,"perennial_higher",3,0.75,0.0620961907111149,453
"anchor_56","HOG:0004085","recurrent_coverage","fraction of recurrent HOGs resolved as anchor neighbors",-0.0620915032679739,1,3,0,"perennial_higher",3,0.75,0.0620915032679739,454
"anchor_22","HOG:0011649","internal_edge_density","edge density among anchor-resolved recurrent-HOG copies",-0.0619302275841687,1,3,0,"perennial_higher",3,0.75,0.0619302275841687,455
"anchor_64","HOG:0006263","recurrent_coverage","fraction of recurrent HOGs resolved as anchor neighbors",-0.0614754098360656,1,3,0,"perennial_higher",3,0.75,0.0614754098360656,456
"anchor_04","HOG:0019394","recurrent_coverage","fraction of recurrent HOGs resolved as anchor neighbors",-0.0608974358974359,1,3,0,"perennial_higher",3,0.75,0.0608974358974359,457
"anchor_282","HOG:0008732","internal_edge_density","edge density among anchor-resolved recurrent-HOG copies",-0.0608585858585858,1,3,0,"perennial_higher",3,0.75,0.0608585858585858,458
"anchor_29","HOG:0010571","internal_edge_density","edge density among anchor-resolved recurrent-HOG copies",-0.0606830886771285,1,3,0,"perennial_higher",3,0.75,0.0606830886771285,459
"anchor_08","HOG:0006123","recurrent_coverage","fraction of recurrent HOGs resolved as anchor neighbors",-0.0604026845637584,1,3,0,"perennial_higher",3,0.75,0.0604026845637584,460
"anchor_173","HOG:0011717","recurrent_coverage","fraction of recurrent HOGs resolved as anchor neighbors",-0.060344827586207,1,3,0,"perennial_higher",3,0.75,0.060344827586207,461
"anchor_136","HOG:0012101","recurrent_coverage","fraction of recurrent HOGs resolved as anchor neighbors",0.060344827586207,3,1,0,"annual_higher",3,0.75,0.060344827586207,462
"anchor_229","HOG:0000322","internal_edge_density","edge density among anchor-resolved recurrent-HOG copies",0.0602739324918807,3,1,0,"annual_higher",3,0.75,0.0602739324918807,463
"anchor_220","HOG:0011715","internal_edge_density","edge density among anchor-resolved recurrent-HOG copies",-0.0601370851370852,1,3,0,"perennial_higher",3,0.75,0.0601370851370852,464
"anchor_208","HOG:0027147","internal_edge_density","edge density among anchor-resolved recurrent-HOG copies",-0.0599202252859654,1,3,0,"perennial_higher",3,0.75,0.0599202252859654,465
"anchor_43","HOG:0006505","internal_edge_density","edge density among anchor-resolved recurrent-HOG copies",-0.0598782221317813,1,3,0,"perennial_higher",3,0.75,0.0598782221317813,466
"anchor_199","HOG:0017178","anchor_module_mean_strength_ratio","mean threshold-normalized anchor strength over present recurrent HOGs",0.0597665082257441,3,1,0,"annual_higher",3,0.75,0.0597665082257441,467
"anchor_55","HOG:0021036","recurrent_coverage","fraction of recurrent HOGs resolved as anchor neighbors",-0.0597014925373134,1,3,0,"perennial_higher",3,0.75,0.0597014925373134,468
"anchor_300","HOG:0023036","internal_edge_density","edge density among anchor-resolved recurrent-HOG copies",-0.0596182305900976,1,3,0,"perennial_higher",3,0.75,0.0596182305900976,469
"anchor_46","HOG:0021895","anchor_module_mean_strength_ratio","mean threshold-normalized anchor strength over present recurrent HOGs",-0.0596159540284015,1,3,0,"perennial_higher",3,0.75,0.0596159540284015,470
"anchor_57","HOG:0031653","internal_edge_density","edge density among anchor-resolved recurrent-HOG copies",-0.0594558256240872,1,3,0,"perennial_higher",3,0.75,0.0594558256240872,471
"anchor_236","HOG:0003795","internal_edge_density","edge density among anchor-resolved recurrent-HOG copies",0.0591864276074802,3,1,0,"annual_higher",3,0.75,0.0591864276074802,472
"anchor_05","HOG:0006205","recurrent_coverage","fraction of recurrent HOGs resolved as anchor neighbors",-0.0590277777777778,1,3,0,"perennial_higher",3,0.75,0.0590277777777778,473
"anchor_276","HOG:0007697","anchor_module_mean_strength_ratio","mean threshold-normalized anchor strength over present recurrent HOGs",-0.0590089174571566,1,3,0,"perennial_higher",3,0.75,0.0590089174571566,474
"anchor_136","HOG:0012101","anchor_module_mean_strength_ratio","mean threshold-normalized anchor strength over present recurrent HOGs",0.058680998565919,3,1,0,"annual_higher",3,0.75,0.058680998565919,475
"anchor_16","HOG:0007637","internal_edge_density","edge density among anchor-resolved recurrent-HOG copies",-0.0586736288874321,1,3,0,"perennial_higher",3,0.75,0.0586736288874321,476
"anchor_147","HOG:0032849","internal_edge_density","edge density among anchor-resolved recurrent-HOG copies",0.0583943833943834,3,1,0,"annual_higher",3,0.75,0.0583943833943834,477
"anchor_233","HOG:0016200","anchor_module_mean_strength_ratio","mean threshold-normalized anchor strength over present recurrent HOGs",-0.05833338174632,1,3,0,"perennial_higher",3,0.75,0.05833338174632,478
"anchor_93","HOG:0028978","internal_edge_density","edge density among anchor-resolved recurrent-HOG copies",0.0581957151497717,3,1,0,"annual_higher",3,0.75,0.0581957151497717,479
"anchor_247","HOG:0013148","internal_edge_density","edge density among anchor-resolved recurrent-HOG copies",0.0581751581751582,3,1,0,"annual_higher",3,0.75,0.0581751581751582,480
"anchor_63","HOG:0020349","anchor_module_mean_strength_ratio","mean threshold-normalized anchor strength over present recurrent HOGs",-0.0580612539320917,1,3,0,"perennial_higher",3,0.75,0.0580612539320917,481
"anchor_35","HOG:0012402","recurrent_coverage","fraction of recurrent HOGs resolved as anchor neighbors",-0.0578231292517007,1,3,0,"perennial_higher",3,0.75,0.0578231292517007,482
"anchor_276","HOG:0007697","recurrent_coverage","fraction of recurrent HOGs resolved as anchor neighbors",-0.0576923076923077,1,3,0,"perennial_higher",3,0.75,0.0576923076923077,483
"anchor_141","HOG:0026234","anchor_module_mean_strength_ratio","mean threshold-normalized anchor strength over present recurrent HOGs",0.0569931363324374,3,1,0,"annual_higher",3,0.75,0.0569931363324374,484
"anchor_189","HOG:0027641","internal_edge_density","edge density among anchor-resolved recurrent-HOG copies",-0.0566595466439236,1,3,0,"perennial_higher",3,0.75,0.0566595466439236,485
"anchor_277","HOG:0007857","internal_edge_density","edge density among anchor-resolved recurrent-HOG copies",-0.0564009394738844,1,3,0,"perennial_higher",3,0.75,0.0564009394738844,486
"anchor_134","HOG:0030881","internal_edge_density","edge density among anchor-resolved recurrent-HOG copies",-0.0562926153003372,1,3,0,"perennial_higher",3,0.75,0.0562926153003372,487
"anchor_330","HOG:0025801","internal_edge_density","edge density among anchor-resolved recurrent-HOG copies",0.0560869314716075,3,1,0,"annual_higher",3,0.75,0.0560869314716075,488
"anchor_331","HOG:0027285","internal_edge_density","edge density among anchor-resolved recurrent-HOG copies",-0.0560222025739266,1,3,0,"perennial_higher",3,0.75,0.0560222025739266,489
"anchor_46","HOG:0021895","recurrent_coverage","fraction of recurrent HOGs resolved as anchor neighbors",-0.0559701492537314,1,3,0,"perennial_higher",3,0.75,0.0559701492537314,490
"anchor_302","HOG:0011628","internal_edge_density","edge density among anchor-resolved recurrent-HOG copies",0.0559594436065024,3,1,0,"annual_higher",3,0.75,0.0559594436065024,491
"anchor_32","HOG:0005788","internal_edge_density","edge density among anchor-resolved recurrent-HOG copies",-0.0558890200364108,1,3,0,"perennial_higher",3,0.75,0.0558890200364108,492
"anchor_63","HOG:0020349","recurrent_coverage","fraction of recurrent HOGs resolved as anchor neighbors",-0.0555555555555556,1,3,0,"perennial_higher",3,0.75,0.0555555555555556,493
"anchor_233","HOG:0016200","recurrent_coverage","fraction of recurrent HOGs resolved as anchor neighbors",-0.0555555555555555,1,3,0,"perennial_higher",3,0.75,0.0555555555555555,494
"anchor_171","HOG:0008585","anchor_module_mean_strength_ratio","mean threshold-normalized anchor strength over present recurrent HOGs",-0.0549217530142134,1,3,0,"perennial_higher",3,0.75,0.0549217530142134,495
"anchor_141","HOG:0026234","internal_edge_density","edge density among anchor-resolved recurrent-HOG copies",-0.0546666425555382,1,3,0,"perennial_higher",3,0.75,0.0546666425555382,496
"anchor_65","HOG:0018364","anchor_module_mean_strength_ratio","mean threshold-normalized anchor strength over present recurrent HOGs",-0.0543612169216834,1,3,0,"perennial_higher",3,0.75,0.0543612169216834,497
"anchor_287","HOG:0028018","internal_edge_density","edge density among anchor-resolved recurrent-HOG copies",-0.0543263807335053,1,3,0,"perennial_higher",3,0.75,0.0543263807335053,498
"anchor_51","HOG:0023192","internal_edge_density","edge density among anchor-resolved recurrent-HOG copies",-0.0542472656168122,1,3,0,"perennial_higher",3,0.75,0.0542472656168122,499
"anchor_117","HOG:0021123","internal_edge_density","edge density among anchor-resolved recurrent-HOG copies",0.054218480914633,3,1,0,"annual_higher",3,0.75,0.054218480914633,500
"anchor_95","HOG:0026142","internal_edge_density","edge density among anchor-resolved recurrent-HOG copies",-0.0541748936106439,1,3,0,"perennial_higher",3,0.75,0.0541748936106439,501
"anchor_27","HOG:0004192","internal_edge_density","edge density among anchor-resolved recurrent-HOG copies",-0.054119899982652,1,3,0,"perennial_higher",3,0.75,0.054119899982652,502
"anchor_02","HOG:0020076","anchor_module_mean_strength_ratio","mean threshold-normalized anchor strength over present recurrent HOGs",-0.0538951016411653,1,3,0,"perennial_higher",3,0.75,0.0538951016411653,503
"anchor_120","HOG:0027421","internal_edge_density","edge density among anchor-resolved recurrent-HOG copies",0.0538578317134799,3,1,0,"annual_higher",3,0.75,0.0538578317134799,504
"anchor_82","HOG:0029401","anchor_module_mean_strength_ratio","mean threshold-normalized anchor strength over present recurrent HOGs",0.053827977232894,3,1,0,"annual_higher",3,0.75,0.053827977232894,505
"anchor_44","HOG:0000178","anchor_module_mean_strength_ratio","mean threshold-normalized anchor strength over present recurrent HOGs",-0.0537431955239578,1,3,0,"perennial_higher",3,0.75,0.0537431955239578,506
"anchor_124","HOG:0008697","internal_edge_density","edge density among anchor-resolved recurrent-HOG copies",-0.0534291899807641,1,3,0,"perennial_higher",3,0.75,0.0534291899807641,507
"anchor_232","HOG:0019459","internal_edge_density","edge density among anchor-resolved recurrent-HOG copies",-0.0530799981279112,1,3,0,"perennial_higher",3,0.75,0.0530799981279112,508
"anchor_48","HOG:0023400","internal_edge_density","edge density among anchor-resolved recurrent-HOG copies",-0.0529497300051942,1,3,0,"perennial_higher",3,0.75,0.0529497300051942,509
"anchor_141","HOG:0026234","recurrent_coverage","fraction of recurrent HOGs resolved as anchor neighbors",0.0528455284552845,3,1,0,"annual_higher",3,0.75,0.0528455284552845,510
"anchor_254","HOG:0024990","anchor_module_mean_strength_ratio","mean threshold-normalized anchor strength over present recurrent HOGs",-0.0528058715799038,1,3,0,"perennial_higher",3,0.75,0.0528058715799038,511
"anchor_284","HOG:0022810","internal_edge_density","edge density among anchor-resolved recurrent-HOG copies",-0.0527073879258354,1,3,0,"perennial_higher",3,0.75,0.0527073879258354,512
"anchor_139","HOG:0005689","internal_edge_density","edge density among anchor-resolved recurrent-HOG copies",-0.0521703851144898,1,3,0,"perennial_higher",3,0.75,0.0521703851144898,513
"anchor_76","HOG:0016566","internal_edge_density","edge density among anchor-resolved recurrent-HOG copies",-0.0521523466175413,1,3,0,"perennial_higher",3,0.75,0.0521523466175413,514
"anchor_65","HOG:0018364","recurrent_coverage","fraction of recurrent HOGs resolved as anchor neighbors",-0.0520833333333334,1,3,0,"perennial_higher",3,0.75,0.0520833333333334,515
"anchor_186","HOG:0027918","anchor_module_mean_strength_ratio","mean threshold-normalized anchor strength over present recurrent HOGs",-0.051851485385793,1,3,0,"perennial_higher",3,0.75,0.051851485385793,516
"anchor_93","HOG:0028978","anchor_module_mean_strength_ratio","mean threshold-normalized anchor strength over present recurrent HOGs",-0.0516931207674044,1,3,0,"perennial_higher",3,0.75,0.0516931207674044,517
"anchor_121","HOG:0030887","internal_edge_density","edge density among anchor-resolved recurrent-HOG copies",-0.0515440173502677,1,3,0,"perennial_higher",3,0.75,0.0515440173502677,518
"anchor_230","HOG:0012102","internal_edge_density","edge density among anchor-resolved recurrent-HOG copies",-0.0511185355974029,1,3,0,"perennial_higher",3,0.75,0.0511185355974029,519
"anchor_315","HOG:0008733","internal_edge_density","edge density among anchor-resolved recurrent-HOG copies",0.050955776249894,3,1,0,"annual_higher",3,0.75,0.050955776249894,520
"anchor_60","HOG:0000465","internal_edge_density","edge density among anchor-resolved recurrent-HOG copies",-0.05069252170592,1,3,0,"perennial_higher",3,0.75,0.05069252170592,521
"anchor_35","HOG:0012402","internal_edge_density","edge density among anchor-resolved recurrent-HOG copies",-0.0506686309080397,1,3,0,"perennial_higher",3,0.75,0.0506686309080397,522
"anchor_286","HOG:0028717","internal_edge_density","edge density among anchor-resolved recurrent-HOG copies",-0.0505435688096472,1,3,0,"perennial_higher",3,0.75,0.0505435688096472,523
"anchor_58","HOG:0032593","internal_edge_density","edge density among anchor-resolved recurrent-HOG copies",-0.0504197223216291,1,3,0,"perennial_higher",3,0.75,0.0504197223216291,524
"anchor_27","HOG:0004192","anchor_module_mean_strength_ratio","mean threshold-normalized anchor strength over present recurrent HOGs",-0.0500418936495953,1,3,0,"perennial_higher",3,0.75,0.0500418936495953,525
"anchor_82","HOG:0029401","recurrent_coverage","fraction of recurrent HOGs resolved as anchor neighbors",0.05,3,1,0,"annual_higher",3,0.75,0.05,526
"anchor_44","HOG:0000178","recurrent_coverage","fraction of recurrent HOGs resolved as anchor neighbors",-0.0496453900709219,1,3,0,"perennial_higher",3,0.75,0.0496453900709219,527
"anchor_46","HOG:0021895","internal_edge_density","edge density among anchor-resolved recurrent-HOG copies",-0.0494535290879621,1,3,0,"perennial_higher",3,0.75,0.0494535290879621,528
"anchor_254","HOG:0024990","recurrent_coverage","fraction of recurrent HOGs resolved as anchor neighbors",-0.0494505494505494,1,3,0,"perennial_higher",3,0.75,0.0494505494505494,529
"anchor_309","HOG:0011540","internal_edge_density","edge density among anchor-resolved recurrent-HOG copies",-0.0494171108449723,1,3,0,"perennial_higher",3,0.75,0.0494171108449723,530
"anchor_186","HOG:0027918","recurrent_coverage","fraction of recurrent HOGs resolved as anchor neighbors",-0.0490196078431373,1,3,0,"perennial_higher",3,0.75,0.0490196078431373,531
"anchor_237","HOG:0026838","internal_edge_density","edge density among anchor-resolved recurrent-HOG copies",-0.0488416452340181,1,3,0,"perennial_higher",3,0.75,0.0488416452340181,532
"anchor_39","HOG:0007936","internal_edge_density","edge density among anchor-resolved recurrent-HOG copies",-0.0488013194857521,1,3,0,"perennial_higher",3,0.75,0.0488013194857521,533
"anchor_160","HOG:0024444","anchor_module_mean_strength_ratio","mean threshold-normalized anchor strength over present recurrent HOGs",-0.0480532409637856,1,3,0,"perennial_higher",3,0.75,0.0480532409637856,534
"anchor_298","HOG:0003541","internal_edge_density","edge density among anchor-resolved recurrent-HOG copies",-0.0480158730158731,1,3,0,"perennial_higher",3,0.75,0.0480158730158731,535
"anchor_227","HOG:0032920","internal_edge_density","edge density among anchor-resolved recurrent-HOG copies",-0.0479974893138104,1,3,0,"perennial_higher",3,0.75,0.0479974893138104,536
"anchor_02","HOG:0020076","recurrent_coverage","fraction of recurrent HOGs resolved as anchor neighbors",-0.0476190476190476,1,3,0,"perennial_higher",3,0.75,0.0476190476190476,537
"anchor_160","HOG:0024444","recurrent_coverage","fraction of recurrent HOGs resolved as anchor neighbors",-0.0476190476190476,1,3,0,"perennial_higher",3,0.75,0.0476190476190476,538
"anchor_28","HOG:0023914","anchor_module_mean_strength_ratio","mean threshold-normalized anchor strength over present recurrent HOGs",-0.0472578118859826,1,3,0,"perennial_higher",3,0.75,0.0472578118859826,539
"anchor_166","HOG:0016397","internal_edge_density","edge density among anchor-resolved recurrent-HOG copies",-0.0470139206989397,1,3,0,"perennial_higher",3,0.75,0.0470139206989397,540
"anchor_08","HOG:0006123","internal_edge_density","edge density among anchor-resolved recurrent-HOG copies",-0.0467446523728241,1,3,0,"perennial_higher",3,0.75,0.0467446523728241,541
"anchor_04","HOG:0019394","internal_edge_density","edge density among anchor-resolved recurrent-HOG copies",-0.0465737901965332,1,3,0,"perennial_higher",3,0.75,0.0465737901965332,542
"anchor_93","HOG:0028978","recurrent_coverage","fraction of recurrent HOGs resolved as anchor neighbors",-0.0465116279069768,1,3,0,"perennial_higher",3,0.75,0.0465116279069768,543
"anchor_31","HOG:0011086","internal_edge_density","edge density among anchor-resolved recurrent-HOG copies",-0.0465050632901288,1,3,0,"perennial_higher",3,0.75,0.0465050632901288,544
"anchor_297","HOG:0028197","internal_edge_density","edge density among anchor-resolved recurrent-HOG copies",0.0464031707934147,3,1,0,"annual_higher",3,0.75,0.0464031707934147,545
"anchor_27","HOG:0004192","recurrent_coverage","fraction of recurrent HOGs resolved as anchor neighbors",-0.0463576158940397,1,3,0,"perennial_higher",3,0.75,0.0463576158940397,546
"anchor_192","HOG:0010481","recurrent_coverage","fraction of recurrent HOGs resolved as anchor neighbors",0.0462962962962963,3,1,0,"annual_higher",3,0.75,0.0462962962962963,547
"anchor_156","HOG:0026499","anchor_module_mean_strength_ratio","mean threshold-normalized anchor strength over present recurrent HOGs",-0.0461792491446524,1,3,0,"perennial_higher",3,0.75,0.0461792491446524,548
"anchor_98","HOG:0018100","internal_edge_density","edge density among anchor-resolved recurrent-HOG copies",-0.0455163748068673,1,3,0,"perennial_higher",3,0.75,0.0455163748068673,549
"anchor_07","HOG:0011862","internal_edge_density","edge density among anchor-resolved recurrent-HOG copies",-0.0454597328974863,1,3,0,"perennial_higher",3,0.75,0.0454597328974863,550
"anchor_192","HOG:0010481","internal_edge_density","edge density among anchor-resolved recurrent-HOG copies",-0.0447734503798577,1,3,0,"perennial_higher",3,0.75,0.0447734503798577,551
"anchor_28","HOG:0023914","internal_edge_density","edge density among anchor-resolved recurrent-HOG copies",-0.0447276105979478,1,3,0,"perennial_higher",3,0.75,0.0447276105979478,552
"anchor_161","HOG:0025959","recurrent_coverage","fraction of recurrent HOGs resolved as anchor neighbors",0.0446428571428572,3,1,0,"annual_higher",3,0.75,0.0446428571428572,553
"anchor_259","HOG:0026742","internal_edge_density","edge density among anchor-resolved recurrent-HOG copies",-0.0446000420200192,1,3,0,"perennial_higher",3,0.75,0.0446000420200192,554
"anchor_53","HOG:0016795","internal_edge_density","edge density among anchor-resolved recurrent-HOG copies",-0.0445212034622979,1,3,0,"perennial_higher",3,0.75,0.0445212034622979,555
"anchor_254","HOG:0024990","internal_edge_density","edge density among anchor-resolved recurrent-HOG copies",-0.044515656837629,1,3,0,"perennial_higher",3,0.75,0.044515656837629,556
"anchor_270","HOG:0007636","internal_edge_density","edge density among anchor-resolved recurrent-HOG copies",-0.0442600858361532,1,3,0,"perennial_higher",3,0.75,0.0442600858361532,557
"anchor_192","HOG:0010481","anchor_module_mean_strength_ratio","mean threshold-normalized anchor strength over present recurrent HOGs",0.0441208287377275,3,1,0,"annual_higher",3,0.75,0.0441208287377275,558
"anchor_59","HOG:0023358","internal_edge_density","edge density among anchor-resolved recurrent-HOG copies",-0.0440022956360343,1,3,0,"perennial_higher",3,0.75,0.0440022956360343,559
"anchor_23","HOG:0028394","internal_edge_density","edge density among anchor-resolved recurrent-HOG copies",-0.043941437430281,1,3,0,"perennial_higher",3,0.75,0.043941437430281,560
"anchor_336","HOG:0032436","internal_edge_density","edge density among anchor-resolved recurrent-HOG copies",0.0433914265810818,3,1,0,"annual_higher",3,0.75,0.0433914265810818,561
"anchor_156","HOG:0026499","recurrent_coverage","fraction of recurrent HOGs resolved as anchor neighbors",-0.0423076923076923,1,3,0,"perennial_higher",3,0.75,0.0423076923076923,562
"anchor_161","HOG:0025959","anchor_module_mean_strength_ratio","mean threshold-normalized anchor strength over present recurrent HOGs",0.041400202686579,3,1,0,"annual_higher",3,0.75,0.041400202686579,563
"anchor_187","HOG:0010929","internal_edge_density","edge density among anchor-resolved recurrent-HOG copies",-0.0411388457464382,1,3,0,"perennial_higher",3,0.75,0.0411388457464382,564
"anchor_239","HOG:0028636","internal_edge_density","edge density among anchor-resolved recurrent-HOG copies",0.0406764855462654,3,1,0,"annual_higher",3,0.75,0.0406764855462654,565
"anchor_313","HOG:0007849","internal_edge_density","edge density among anchor-resolved recurrent-HOG copies",-0.0401736654257663,1,3,0,"perennial_higher",3,0.75,0.0401736654257663,566
"anchor_41","HOG:0028089","internal_edge_density","edge density among anchor-resolved recurrent-HOG copies",-0.0400151943602495,1,3,0,"perennial_higher",3,0.75,0.0400151943602495,567
"anchor_28","HOG:0023914","recurrent_coverage","fraction of recurrent HOGs resolved as anchor neighbors",-0.04,1,3,0,"perennial_higher",3,0.75,0.04,568
"anchor_235","HOG:0017160","internal_edge_density","edge density among anchor-resolved recurrent-HOG copies",0.0399407455289809,3,1,0,"annual_higher",3,0.75,0.0399407455289809,569
"anchor_17","HOG:0026834","internal_edge_density","edge density among anchor-resolved recurrent-HOG copies",-0.0397982580939956,1,3,0,"perennial_higher",3,0.75,0.0397982580939956,570
"anchor_235","HOG:0017160","anchor_module_mean_strength_ratio","mean threshold-normalized anchor strength over present recurrent HOGs",0.0393825906670223,3,1,0,"annual_higher",3,0.75,0.0393825906670223,571
"anchor_107","HOG:0020293","anchor_module_mean_strength_ratio","mean threshold-normalized anchor strength over present recurrent HOGs",0.0381077130935876,3,1,0,"annual_higher",3,0.75,0.0381077130935876,572
"anchor_73","HOG:0029110","internal_edge_density","edge density among anchor-resolved recurrent-HOG copies",-0.037764814554622,1,3,0,"perennial_higher",3,0.75,0.037764814554622,573
"anchor_91","HOG:0023227","recurrent_coverage","fraction of recurrent HOGs resolved as anchor neighbors",-0.0375,1,3,0,"perennial_higher",3,0.75,0.0375,574
"anchor_298","HOG:0003541","anchor_module_mean_strength_ratio","mean threshold-normalized anchor strength over present recurrent HOGs",0.0374452830829375,3,1,0,"annual_higher",3,0.75,0.0374452830829375,575
"anchor_13","HOG:0006264","anchor_module_mean_strength_ratio","mean threshold-normalized anchor strength over present recurrent HOGs",-0.0373657141030512,1,3,0,"perennial_higher",3,0.75,0.0373657141030512,576
"anchor_280","HOG:0026707","anchor_module_mean_strength_ratio","mean threshold-normalized anchor strength over present recurrent HOGs",-0.037341832747931,1,3,0,"perennial_higher",3,0.75,0.037341832747931,577
"anchor_79","HOG:0017159","internal_edge_density","edge density among anchor-resolved recurrent-HOG copies",-0.037174565684898,1,3,0,"perennial_higher",3,0.75,0.037174565684898,578
"anchor_123","HOG:0005690","internal_edge_density","edge density among anchor-resolved recurrent-HOG copies",-0.037166539492766,1,3,0,"perennial_higher",3,0.75,0.037166539492766,579
"anchor_209","HOG:0024277","recurrent_coverage","fraction of recurrent HOGs resolved as anchor neighbors",0.0370370370370371,3,1,0,"annual_higher",3,0.75,0.0370370370370371,580
"anchor_91","HOG:0023227","anchor_module_mean_strength_ratio","mean threshold-normalized anchor strength over present recurrent HOGs",-0.0365576315480153,1,3,0,"perennial_higher",3,0.75,0.0365576315480153,581
"anchor_293","HOG:0027601","internal_edge_density","edge density among anchor-resolved recurrent-HOG copies",-0.0360781730346948,1,3,0,"perennial_higher",3,0.75,0.0360781730346948,582
"anchor_19","HOG:0019927","internal_edge_density","edge density among anchor-resolved recurrent-HOG copies",-0.035379773807758,1,3,0,"perennial_higher",3,0.75,0.035379773807758,583
"anchor_280","HOG:0026707","recurrent_coverage","fraction of recurrent HOGs resolved as anchor neighbors",-0.0348837209302325,1,3,0,"perennial_higher",3,0.75,0.0348837209302325,584
"anchor_218","HOG:0029429","internal_edge_density","edge density among anchor-resolved recurrent-HOG copies",-0.0346269532623225,1,3,0,"perennial_higher",3,0.75,0.0346269532623225,585
"anchor_107","HOG:0020293","recurrent_coverage","fraction of recurrent HOGs resolved as anchor neighbors",0.0344827586206896,3,1,0,"annual_higher",3,0.75,0.0344827586206896,586
"anchor_15","HOG:0022830","internal_edge_density","edge density among anchor-resolved recurrent-HOG copies",-0.0343165798924251,1,3,0,"perennial_higher",3,0.75,0.0343165798924251,587
"anchor_88","HOG:0025219","internal_edge_density","edge density among anchor-resolved recurrent-HOG copies",-0.0342270814695349,1,3,0,"perennial_higher",3,0.75,0.0342270814695349,588
"anchor_87","HOG:0005589","anchor_module_mean_strength_ratio","mean threshold-normalized anchor strength over present recurrent HOGs",-0.0341668748229712,1,3,0,"perennial_higher",3,0.75,0.0341668748229712,589
"anchor_13","HOG:0006264","recurrent_coverage","fraction of recurrent HOGs resolved as anchor neighbors",-0.0337837837837838,1,3,0,"perennial_higher",3,0.75,0.0337837837837838,590
"anchor_253","HOG:0006149","anchor_module_mean_strength_ratio","mean threshold-normalized anchor strength over present recurrent HOGs",0.0330187403134782,3,1,0,"annual_higher",3,0.75,0.0330187403134782,591
"anchor_126","HOG:0000096","internal_edge_density","edge density among anchor-resolved recurrent-HOG copies",0.032903573601248,3,1,0,"annual_higher",3,0.75,0.032903573601248,592
"anchor_285","HOG:0025342","recurrent_coverage","fraction of recurrent HOGs resolved as anchor neighbors",0.0326086956521739,3,1,0,"annual_higher",3,0.75,0.0326086956521739,593
"anchor_253","HOG:0006149","recurrent_coverage","fraction of recurrent HOGs resolved as anchor neighbors",0.0324675324675325,3,1,0,"annual_higher",3,0.75,0.0324675324675325,594
"anchor_12","HOG:0026770","internal_edge_density","edge density among anchor-resolved recurrent-HOG copies",-0.0317003375339673,1,3,0,"perennial_higher",3,0.75,0.0317003375339673,595
"anchor_188","HOG:0005666","anchor_module_mean_strength_ratio","mean threshold-normalized anchor strength over present recurrent HOGs",-0.0315628160967295,1,3,0,"perennial_higher",3,0.75,0.0315628160967295,596
"anchor_87","HOG:0005589","recurrent_coverage","fraction of recurrent HOGs resolved as anchor neighbors",-0.0314685314685315,1,3,0,"perennial_higher",3,0.75,0.0314685314685315,597
"anchor_10","HOG:0023085","internal_edge_density","edge density among anchor-resolved recurrent-HOG copies",-0.0314210418926679,1,3,0,"perennial_higher",3,0.75,0.0314210418926679,598
"anchor_209","HOG:0024277","anchor_module_mean_strength_ratio","mean threshold-normalized anchor strength over present recurrent HOGs",0.0311346087056499,3,1,0,"annual_higher",3,0.75,0.0311346087056499,599
"anchor_91","HOG:0023227","internal_edge_density","edge density among anchor-resolved recurrent-HOG copies",0.0307296191919824,3,1,0,"annual_higher",3,0.75,0.0307296191919824,600
"anchor_245","HOG:0026703","internal_edge_density","edge density among anchor-resolved recurrent-HOG copies",-0.0300265094382742,1,3,0,"perennial_higher",3,0.75,0.0300265094382742,601
"anchor_142","HOG:0029540","anchor_module_mean_strength_ratio","mean threshold-normalized anchor strength over present recurrent HOGs",0.0299947077724502,3,1,0,"annual_higher",3,0.75,0.0299947077724502,602
"anchor_180","HOG:0030884","internal_edge_density","edge density among anchor-resolved recurrent-HOG copies",-0.0299651724639526,1,3,0,"perennial_higher",3,0.75,0.0299651724639526,603
"anchor_101","HOG:0007833","internal_edge_density","edge density among anchor-resolved recurrent-HOG copies",0.0295862474729503,3,1,0,"annual_higher",3,0.75,0.0295862474729503,604
"anchor_94","HOG:0008605","internal_edge_density","edge density among anchor-resolved recurrent-HOG copies",-0.0295855926481549,1,3,0,"perennial_higher",3,0.75,0.0295855926481549,605
"anchor_269","HOG:0016116","internal_edge_density","edge density among anchor-resolved recurrent-HOG copies",0.0294072936541176,3,1,0,"annual_higher",3,0.75,0.0294072936541176,606
"anchor_243","HOG:0012390","internal_edge_density","edge density among anchor-resolved recurrent-HOG copies",-0.0293309631544926,1,3,0,"perennial_higher",3,0.75,0.0293309631544926,607
"anchor_132","HOG:0030886","internal_edge_density","edge density among anchor-resolved recurrent-HOG copies",-0.0292767367899637,1,3,0,"perennial_higher",3,0.75,0.0292767367899637,608
"anchor_16","HOG:0007637","anchor_module_mean_strength_ratio","mean threshold-normalized anchor strength over present recurrent HOGs",-0.0285573194392025,1,3,0,"perennial_higher",3,0.75,0.0285573194392025,609
"anchor_188","HOG:0005666","recurrent_coverage","fraction of recurrent HOGs resolved as anchor neighbors",-0.0283018867924528,1,3,0,"perennial_higher",3,0.75,0.0283018867924528,610
"anchor_191","HOG:0022918","internal_edge_density","edge density among anchor-resolved recurrent-HOG copies",0.0278137428203247,3,1,0,"annual_higher",3,0.75,0.0278137428203247,611
"anchor_198","HOG:0005877","internal_edge_density","edge density among anchor-resolved recurrent-HOG copies",-0.027715189730036,1,3,0,"perennial_higher",3,0.75,0.027715189730036,612
"anchor_42","HOG:0032893","anchor_module_mean_strength_ratio","mean threshold-normalized anchor strength over present recurrent HOGs",-0.0270335782479236,1,3,0,"perennial_higher",3,0.75,0.0270335782479236,613
"anchor_112","HOG:0026556","internal_edge_density","edge density among anchor-resolved recurrent-HOG copies",0.0263015381864376,3,1,0,"annual_higher",3,0.75,0.0263015381864376,614
"anchor_285","HOG:0025342","anchor_module_mean_strength_ratio","mean threshold-normalized anchor strength over present recurrent HOGs",0.0259919196295389,3,1,0,"annual_higher",3,0.75,0.0259919196295389,615
"anchor_319","HOG:0006661","internal_edge_density","edge density among anchor-resolved recurrent-HOG copies",0.0251590209732704,3,1,0,"annual_higher",3,0.75,0.0251590209732704,616
"anchor_264","HOG:0003561","internal_edge_density","edge density among anchor-resolved recurrent-HOG copies",-0.0246912183269005,1,3,0,"perennial_higher",3,0.75,0.0246912183269005,617
"anchor_71","HOG:0025186","internal_edge_density","edge density among anchor-resolved recurrent-HOG copies",-0.0246136695287175,1,3,0,"perennial_higher",3,0.75,0.0246136695287175,618
"anchor_324","HOG:0023427","internal_edge_density","edge density among anchor-resolved recurrent-HOG copies",0.0244650958360635,3,1,0,"annual_higher",3,0.75,0.0244650958360635,619
"anchor_281","HOG:0011064","internal_edge_density","edge density among anchor-resolved recurrent-HOG copies",-0.0243728340243724,1,3,0,"perennial_higher",3,0.75,0.0243728340243724,620
"anchor_16","HOG:0007637","recurrent_coverage","fraction of recurrent HOGs resolved as anchor neighbors",-0.0243055555555556,1,3,0,"perennial_higher",3,0.75,0.0243055555555556,621
"anchor_42","HOG:0032893","recurrent_coverage","fraction of recurrent HOGs resolved as anchor neighbors",-0.0243055555555555,1,3,0,"perennial_higher",3,0.75,0.0243055555555555,622
"anchor_179","HOG:0031227","internal_edge_density","edge density among anchor-resolved recurrent-HOG copies",-0.0229457085790779,1,3,0,"perennial_higher",3,0.75,0.0229457085790779,623
"anchor_334","HOG:0023048","internal_edge_density","edge density among anchor-resolved recurrent-HOG copies",-0.0223081788546685,1,3,0,"perennial_higher",3,0.75,0.0223081788546685,624
"anchor_38","HOG:0011023","internal_edge_density","edge density among anchor-resolved recurrent-HOG copies",-0.0213393626013836,1,3,0,"perennial_higher",3,0.75,0.0213393626013836,625
"anchor_195","HOG:0029148","anchor_module_mean_strength_ratio","mean threshold-normalized anchor strength over present recurrent HOGs",-0.0206867486087979,1,3,0,"perennial_higher",3,0.75,0.0206867486087979,626
"anchor_217","HOG:0025124","internal_edge_density","edge density among anchor-resolved recurrent-HOG copies",0.0202955506065834,3,1,0,"annual_higher",3,0.75,0.0202955506065834,627
"anchor_108","HOG:0033256","anchor_module_mean_strength_ratio","mean threshold-normalized anchor strength over present recurrent HOGs",-0.019651130379021,1,3,0,"perennial_higher",3,0.75,0.019651130379021,628
"anchor_195","HOG:0029148","recurrent_coverage","fraction of recurrent HOGs resolved as anchor neighbors",-0.0192307692307692,1,3,0,"perennial_higher",3,0.75,0.0192307692307692,629
"anchor_154","HOG:0023439","internal_edge_density","edge density among anchor-resolved recurrent-HOG copies",0.0190098926773143,3,1,0,"annual_higher",3,0.75,0.0190098926773143,630
"anchor_108","HOG:0033256","recurrent_coverage","fraction of recurrent HOGs resolved as anchor neighbors",-0.0189873417721519,1,3,0,"perennial_higher",3,0.75,0.0189873417721519,631
"anchor_130","HOG:0024495","recurrent_coverage","fraction of recurrent HOGs resolved as anchor neighbors",0.018867924528302,3,1,0,"annual_higher",3,0.75,0.018867924528302,632
"anchor_130","HOG:0024495","anchor_module_mean_strength_ratio","mean threshold-normalized anchor strength over present recurrent HOGs",0.0187023060567553,3,1,0,"annual_higher",3,0.75,0.0187023060567553,633
"anchor_201","HOG:0027005","internal_edge_density","edge density among anchor-resolved recurrent-HOG copies",-0.0181373401619639,1,3,0,"perennial_higher",3,0.75,0.0181373401619639,634
"anchor_205","HOG:0025863","internal_edge_density","edge density among anchor-resolved recurrent-HOG copies",-0.0179725300860464,1,3,0,"perennial_higher",3,0.75,0.0179725300860464,635
"anchor_54","HOG:0022739","internal_edge_density","edge density among anchor-resolved recurrent-HOG copies",-0.0157334498771382,1,3,0,"perennial_higher",3,0.75,0.0157334498771382,636
"anchor_231","HOG:0023138","internal_edge_density","edge density among anchor-resolved recurrent-HOG copies",0.0154466627301941,3,1,0,"annual_higher",3,0.75,0.0154466627301941,637
"anchor_33","HOG:0016909","internal_edge_density","edge density among anchor-resolved recurrent-HOG copies",-0.0151302806519821,1,3,0,"perennial_higher",3,0.75,0.0151302806519821,638
"anchor_152","HOG:0028198","recurrent_coverage","fraction of recurrent HOGs resolved as anchor neighbors",0.0147058823529412,3,1,0,"annual_higher",3,0.75,0.0147058823529412,639
"anchor_11","HOG:0021930","anchor_module_mean_strength_ratio","mean threshold-normalized anchor strength over present recurrent HOGs",-0.0146717499546852,1,3,0,"perennial_higher",3,0.75,0.0146717499546852,640
"anchor_11","HOG:0021930","recurrent_coverage","fraction of recurrent HOGs resolved as anchor neighbors",-0.0142857142857142,1,3,0,"perennial_higher",3,0.75,0.0142857142857142,641
"anchor_160","HOG:0024444","internal_edge_density","edge density among anchor-resolved recurrent-HOG copies",0.0139626553587336,3,1,0,"annual_higher",3,0.75,0.0139626553587336,642
"anchor_146","HOG:0032629","internal_edge_density","edge density among anchor-resolved recurrent-HOG copies",-0.0137475737697902,1,3,0,"perennial_higher",3,0.75,0.0137475737697902,643
"anchor_84","HOG:0030062","internal_edge_density","edge density among anchor-resolved recurrent-HOG copies",-0.0137364287721786,1,3,0,"perennial_higher",3,0.75,0.0137364287721786,644
"anchor_96","HOG:0012012","internal_edge_density","edge density among anchor-resolved recurrent-HOG copies",-0.0135264206230469,1,3,0,"perennial_higher",3,0.75,0.0135264206230469,645
"anchor_225","HOG:0032904","internal_edge_density","edge density among anchor-resolved recurrent-HOG copies",-0.013436512065475,1,3,0,"perennial_higher",3,0.75,0.013436512065475,646
"anchor_152","HOG:0028198","anchor_module_mean_strength_ratio","mean threshold-normalized anchor strength over present recurrent HOGs",0.0132685774379612,3,1,0,"annual_higher",3,0.75,0.0132685774379612,647
"anchor_278","HOG:0024629","internal_edge_density","edge density among anchor-resolved recurrent-HOG copies",0.012935021543902,3,1,0,"annual_higher",3,0.75,0.012935021543902,648
"anchor_149","HOG:0032060","internal_edge_density","edge density among anchor-resolved recurrent-HOG copies",0.0125826369629927,3,1,0,"annual_higher",3,0.75,0.0125826369629927,649
"anchor_196","HOG:0006523","internal_edge_density","edge density among anchor-resolved recurrent-HOG copies",-0.0114684578326059,1,3,0,"perennial_higher",3,0.75,0.0114684578326059,650
"anchor_26","HOG:0020311","internal_edge_density","edge density among anchor-resolved recurrent-HOG copies",-0.0114534868752609,1,3,0,"perennial_higher",3,0.75,0.0114534868752609,651
"anchor_126","HOG:0000096","anchor_module_mean_strength_ratio","mean threshold-normalized anchor strength over present recurrent HOGs",-0.0108427344343657,1,3,0,"perennial_higher",3,0.75,0.0108427344343657,652
"anchor_256","HOG:0006332","internal_edge_density","edge density among anchor-resolved recurrent-HOG copies",-0.0105393757346219,1,3,0,"perennial_higher",3,0.75,0.0105393757346219,653
"anchor_63","HOG:0020349","internal_edge_density","edge density among anchor-resolved recurrent-HOG copies",-0.0103654369012946,1,3,0,"perennial_higher",3,0.75,0.0103654369012946,654
"anchor_174","HOG:0026397","internal_edge_density","edge density among anchor-resolved recurrent-HOG copies",0.010113260084498,3,1,0,"annual_higher",3,0.75,0.010113260084498,655
"anchor_262","HOG:0023896","internal_edge_density","edge density among anchor-resolved recurrent-HOG copies",-0.00997486240152329,1,3,0,"perennial_higher",3,0.75,0.00997486240152329,656
"anchor_181","HOG:0011544","internal_edge_density","edge density among anchor-resolved recurrent-HOG copies",-0.0097410004895373,1,3,0,"perennial_higher",3,0.75,0.0097410004895373,657
"anchor_280","HOG:0026707","internal_edge_density","edge density among anchor-resolved recurrent-HOG copies",-0.00908590775804347,1,3,0,"perennial_higher",3,0.75,0.00908590775804347,658
"anchor_96","HOG:0012012","anchor_module_mean_strength_ratio","mean threshold-normalized anchor strength over present recurrent HOGs",-0.0088709556134432,1,3,0,"perennial_higher",3,0.75,0.0088709556134432,659
"anchor_244","HOG:0027351","internal_edge_density","edge density among anchor-resolved recurrent-HOG copies",0.00684513324449174,3,1,0,"annual_higher",3,0.75,0.00684513324449174,660
"anchor_226","HOG:0025149","internal_edge_density","edge density among anchor-resolved recurrent-HOG copies",0.00614943016984781,3,1,0,"annual_higher",3,0.75,0.00614943016984781,661
"anchor_34","HOG:0000226","internal_edge_density","edge density among anchor-resolved recurrent-HOG copies",-0.00571528733180598,1,3,0,"perennial_higher",3,0.75,0.00571528733180598,662
"anchor_21","HOG:0022504","internal_edge_density","edge density among anchor-resolved recurrent-HOG copies",-0.00502552706023768,1,3,0,"perennial_higher",3,0.75,0.00502552706023768,663
"anchor_170","HOG:0025923","internal_edge_density","edge density among anchor-resolved recurrent-HOG copies",0.00214144445202211,3,1,0,"annual_higher",3,0.75,0.00214144445202211,664
"anchor_241","HOG:0026507","internal_edge_density","edge density among anchor-resolved recurrent-HOG copies",0.00186844575783018,3,1,0,"annual_higher",3,0.75,0.00186844575783018,665
"anchor_237","HOG:0026838","recurrent_coverage","fraction of recurrent HOGs resolved as anchor neighbors",0.225490196078431,2,1,1,"annual_higher",2,0.5,0.225490196078431,666
"anchor_267","HOG:0026549","anchor_module_mean_strength_ratio","mean threshold-normalized anchor strength over present recurrent HOGs",-0.19845024696414,2,2,0,"mixed_or_tied",2,0.5,0.19845024696414,667
"anchor_206","HOG:0007920","anchor_module_mean_strength_ratio","mean threshold-normalized anchor strength over present recurrent HOGs",0.193219627089855,2,2,0,"mixed_or_tied",2,0.5,0.193219627089855,668
"anchor_267","HOG:0026549","recurrent_coverage","fraction of recurrent HOGs resolved as anchor neighbors",-0.193181818181818,2,2,0,"mixed_or_tied",2,0.5,0.193181818181818,669
"anchor_206","HOG:0007920","recurrent_coverage","fraction of recurrent HOGs resolved as anchor neighbors",0.191919191919192,2,1,1,"annual_higher",2,0.5,0.191919191919192,670
"anchor_98","HOG:0018100","anchor_module_mean_strength_ratio","mean threshold-normalized anchor strength over present recurrent HOGs",-0.191702411174954,2,2,0,"mixed_or_tied",2,0.5,0.191702411174954,671
"anchor_335","HOG:0027282","anchor_module_mean_strength_ratio","mean threshold-normalized anchor strength over present recurrent HOGs",0.187261739161562,2,2,0,"mixed_or_tied",2,0.5,0.187261739161562,672
"anchor_98","HOG:0018100","recurrent_coverage","fraction of recurrent HOGs resolved as anchor neighbors",-0.181481481481481,2,2,0,"mixed_or_tied",2,0.5,0.181481481481481,673
"anchor_335","HOG:0027282","recurrent_coverage","fraction of recurrent HOGs resolved as anchor neighbors",0.18,2,2,0,"mixed_or_tied",2,0.5,0.18,674
"anchor_263","HOG:0024905","anchor_module_mean_strength_ratio","mean threshold-normalized anchor strength over present recurrent HOGs",0.154459202696354,2,2,0,"mixed_or_tied",2,0.5,0.154459202696354,675
"anchor_263","HOG:0024905","recurrent_coverage","fraction of recurrent HOGs resolved as anchor neighbors",0.145833333333333,2,2,0,"mixed_or_tied",2,0.5,0.145833333333333,676
"anchor_331","HOG:0027285","anchor_module_mean_strength_ratio","mean threshold-normalized anchor strength over present recurrent HOGs",-0.138672783085432,2,2,0,"mixed_or_tied",2,0.5,0.138672783085432,677
"anchor_70","HOG:0032161","anchor_module_mean_strength_ratio","mean threshold-normalized anchor strength over present recurrent HOGs",0.13554163186683,2,2,0,"mixed_or_tied",2,0.5,0.13554163186683,678
"anchor_331","HOG:0027285","recurrent_coverage","fraction of recurrent HOGs resolved as anchor neighbors",-0.135135135135135,2,2,0,"mixed_or_tied",2,0.5,0.135135135135135,679
"anchor_214","HOG:0017319","anchor_module_mean_strength_ratio","mean threshold-normalized anchor strength over present recurrent HOGs",-0.132773093864007,2,2,0,"mixed_or_tied",2,0.5,0.132773093864007,680
"anchor_312","HOG:0023825","anchor_module_mean_strength_ratio","mean threshold-normalized anchor strength over present recurrent HOGs",-0.131810881090881,2,2,0,"mixed_or_tied",2,0.5,0.131810881090881,681
"anchor_70","HOG:0032161","recurrent_coverage","fraction of recurrent HOGs resolved as anchor neighbors",0.130769230769231,2,2,0,"mixed_or_tied",2,0.5,0.130769230769231,682
"anchor_312","HOG:0023825","recurrent_coverage","fraction of recurrent HOGs resolved as anchor neighbors",-0.127450980392157,2,2,0,"mixed_or_tied",2,0.5,0.127450980392157,683
"anchor_214","HOG:0017319","recurrent_coverage","fraction of recurrent HOGs resolved as anchor neighbors",-0.127358490566038,2,2,0,"mixed_or_tied",2,0.5,0.127358490566038,684
"anchor_321","HOG:0028005","anchor_module_mean_strength_ratio","mean threshold-normalized anchor strength over present recurrent HOGs",0.12496221154704,2,2,0,"mixed_or_tied",2,0.5,0.12496221154704,685
"anchor_321","HOG:0028005","recurrent_coverage","fraction of recurrent HOGs resolved as anchor neighbors",0.118421052631579,2,2,0,"mixed_or_tied",2,0.5,0.118421052631579,686
"anchor_226","HOG:0025149","recurrent_coverage","fraction of recurrent HOGs resolved as anchor neighbors",0.116666666666667,2,2,0,"mixed_or_tied",2,0.5,0.116666666666667,687
"anchor_309","HOG:0011540","anchor_module_mean_strength_ratio","mean threshold-normalized anchor strength over present recurrent HOGs",0.114912107370627,2,2,0,"mixed_or_tied",2,0.5,0.114912107370627,688
"anchor_226","HOG:0025149","anchor_module_mean_strength_ratio","mean threshold-normalized anchor strength over present recurrent HOGs",0.114417223988693,2,2,0,"mixed_or_tied",2,0.5,0.114417223988693,689
"anchor_309","HOG:0011540","recurrent_coverage","fraction of recurrent HOGs resolved as anchor neighbors",0.114035087719298,2,2,0,"mixed_or_tied",2,0.5,0.114035087719298,690
"anchor_145","HOG:0026774","anchor_module_mean_strength_ratio","mean threshold-normalized anchor strength over present recurrent HOGs",0.110751673831379,2,2,0,"mixed_or_tied",2,0.5,0.110751673831379,691
"anchor_318","HOG:0005960","anchor_module_mean_strength_ratio","mean threshold-normalized anchor strength over present recurrent HOGs",0.106601549387339,2,2,0,"mixed_or_tied",2,0.5,0.106601549387339,692
"anchor_318","HOG:0005960","recurrent_coverage","fraction of recurrent HOGs resolved as anchor neighbors",0.106382978723404,2,2,0,"mixed_or_tied",2,0.5,0.106382978723404,693
"anchor_145","HOG:0026774","recurrent_coverage","fraction of recurrent HOGs resolved as anchor neighbors",0.105769230769231,2,2,0,"mixed_or_tied",2,0.5,0.105769230769231,694
"anchor_304","HOG:0027032","anchor_module_mean_strength_ratio","mean threshold-normalized anchor strength over present recurrent HOGs",0.0988047745230279,2,2,0,"mixed_or_tied",2,0.5,0.0988047745230279,695
"anchor_304","HOG:0027032","recurrent_coverage","fraction of recurrent HOGs resolved as anchor neighbors",0.0957446808510639,2,2,0,"mixed_or_tied",2,0.5,0.0957446808510639,696
"anchor_57","HOG:0031653","anchor_module_mean_strength_ratio","mean threshold-normalized anchor strength over present recurrent HOGs",-0.09140955840192,2,2,0,"mixed_or_tied",2,0.5,0.09140955840192,697
"anchor_220","HOG:0011715","recurrent_coverage","fraction of recurrent HOGs resolved as anchor neighbors",0.0909090909090909,2,0,2,"annual_higher",2,0.5,0.0909090909090909,698
"anchor_225","HOG:0032904","anchor_module_mean_strength_ratio","mean threshold-normalized anchor strength over present recurrent HOGs",-0.090357219537716,2,2,0,"mixed_or_tied",2,0.5,0.090357219537716,699
"anchor_73","HOG:0029110","anchor_module_mean_strength_ratio","mean threshold-normalized anchor strength over present recurrent HOGs",-0.088850705128824,2,2,0,"mixed_or_tied",2,0.5,0.088850705128824,700
"anchor_117","HOG:0021123","anchor_module_mean_strength_ratio","mean threshold-normalized anchor strength over present recurrent HOGs",-0.0882909041892791,2,2,0,"mixed_or_tied",2,0.5,0.0882909041892791,701
"anchor_73","HOG:0029110","recurrent_coverage","fraction of recurrent HOGs resolved as anchor neighbors",-0.0866666666666667,1,2,1,"perennial_higher",2,0.5,0.0866666666666667,702
"anchor_57","HOG:0031653","recurrent_coverage","fraction of recurrent HOGs resolved as anchor neighbors",-0.0851851851851851,2,2,0,"mixed_or_tied",2,0.5,0.0851851851851851,703
"anchor_259","HOG:0026742","recurrent_coverage","fraction of recurrent HOGs resolved as anchor neighbors",0.0851063829787234,2,1,1,"annual_higher",2,0.5,0.0851063829787234,704
"anchor_259","HOG:0026742","anchor_module_mean_strength_ratio","mean threshold-normalized anchor strength over present recurrent HOGs",0.0843133004026097,2,2,0,"mixed_or_tied",2,0.5,0.0843133004026097,705
"anchor_80","HOG:0025232","anchor_module_mean_strength_ratio","mean threshold-normalized anchor strength over present recurrent HOGs",-0.0842017806506821,2,2,0,"mixed_or_tied",2,0.5,0.0842017806506821,706
"anchor_229","HOG:0000322","anchor_module_mean_strength_ratio","mean threshold-normalized anchor strength over present recurrent HOGs",0.0839880193051787,2,2,0,"mixed_or_tied",2,0.5,0.0839880193051787,707
"anchor_117","HOG:0021123","recurrent_coverage","fraction of recurrent HOGs resolved as anchor neighbors",-0.0833333333333334,2,2,0,"mixed_or_tied",2,0.5,0.0833333333333334,708
"anchor_225","HOG:0032904","recurrent_coverage","fraction of recurrent HOGs resolved as anchor neighbors",-0.0833333333333333,2,2,0,"mixed_or_tied",2,0.5,0.0833333333333333,709
"anchor_248","HOG:0028647","anchor_module_mean_strength_ratio","mean threshold-normalized anchor strength over present recurrent HOGs",-0.0826117487443204,2,2,0,"mixed_or_tied",2,0.5,0.0826117487443204,710
"anchor_317","HOG:0030885","recurrent_coverage","fraction of recurrent HOGs resolved as anchor neighbors",0.082089552238806,2,2,0,"mixed_or_tied",2,0.5,0.082089552238806,711
"anchor_158","HOG:0006208","anchor_module_mean_strength_ratio","mean threshold-normalized anchor strength over present recurrent HOGs",-0.0820411947994706,2,2,0,"mixed_or_tied",2,0.5,0.0820411947994706,712
"anchor_243","HOG:0012390","anchor_module_mean_strength_ratio","mean threshold-normalized anchor strength over present recurrent HOGs",-0.0819792261799066,2,2,0,"mixed_or_tied",2,0.5,0.0819792261799066,713
"anchor_229","HOG:0000322","recurrent_coverage","fraction of recurrent HOGs resolved as anchor neighbors",0.0813953488372093,2,2,0,"mixed_or_tied",2,0.5,0.0813953488372093,714
"anchor_243","HOG:0012390","recurrent_coverage","fraction of recurrent HOGs resolved as anchor neighbors",-0.08,1,2,1,"perennial_higher",2,0.5,0.08,715
"anchor_317","HOG:0030885","anchor_module_mean_strength_ratio","mean threshold-normalized anchor strength over present recurrent HOGs",0.079890193736146,2,2,0,"mixed_or_tied",2,0.5,0.079890193736146,716
"anchor_158","HOG:0006208","recurrent_coverage","fraction of recurrent HOGs resolved as anchor neighbors",-0.0797101449275363,2,2,0,"mixed_or_tied",2,0.5,0.0797101449275363,717
"anchor_110","HOG:0028395","anchor_module_mean_strength_ratio","mean threshold-normalized anchor strength over present recurrent HOGs",-0.0793662719325536,2,2,0,"mixed_or_tied",2,0.5,0.0793662719325536,718
"anchor_258","HOG:0027091","internal_edge_density","edge density among anchor-resolved recurrent-HOG copies",0.0792801969272558,2,2,0,"mixed_or_tied",2,0.5,0.0792801969272558,719
"anchor_335","HOG:0027282","internal_edge_density","edge density among anchor-resolved recurrent-HOG copies",-0.0790892114421526,2,2,0,"mixed_or_tied",2,0.5,0.0790892114421526,720
"anchor_271","HOG:0026340","anchor_module_mean_strength_ratio","mean threshold-normalized anchor strength over present recurrent HOGs",-0.0790102087080628,2,2,0,"mixed_or_tied",2,0.5,0.0790102087080628,721
"anchor_248","HOG:0028647","recurrent_coverage","fraction of recurrent HOGs resolved as anchor neighbors",-0.0789473684210527,2,2,0,"mixed_or_tied",2,0.5,0.0789473684210527,722
"anchor_80","HOG:0025232","recurrent_coverage","fraction of recurrent HOGs resolved as anchor neighbors",-0.0783582089552238,2,2,0,"mixed_or_tied",2,0.5,0.0783582089552238,723
"anchor_332","HOG:0028850","recurrent_coverage","fraction of recurrent HOGs resolved as anchor neighbors",0.0774647887323944,2,2,0,"mixed_or_tied",2,0.5,0.0774647887323944,724
"anchor_332","HOG:0028850","anchor_module_mean_strength_ratio","mean threshold-normalized anchor strength over present recurrent HOGs",0.0772030379362789,2,2,0,"mixed_or_tied",2,0.5,0.0772030379362789,725
"anchor_299","HOG:0025316","anchor_module_mean_strength_ratio","mean threshold-normalized anchor strength over present recurrent HOGs",0.0763501212020418,2,2,0,"mixed_or_tied",2,0.5,0.0763501212020418,726
"anchor_189","HOG:0027641","anchor_module_mean_strength_ratio","mean threshold-normalized anchor strength over present recurrent HOGs",0.0758815779693499,2,2,0,"mixed_or_tied",2,0.5,0.0758815779693499,727
"anchor_110","HOG:0028395","recurrent_coverage","fraction of recurrent HOGs resolved as anchor neighbors",-0.0740740740740741,1,2,1,"perennial_higher",2,0.5,0.0740740740740741,728
"anchor_159","HOG:0028145","anchor_module_mean_strength_ratio","mean threshold-normalized anchor strength over present recurrent HOGs",0.0731226656941799,2,2,0,"mixed_or_tied",2,0.5,0.0731226656941799,729
"anchor_299","HOG:0025316","recurrent_coverage","fraction of recurrent HOGs resolved as anchor neighbors",0.0729166666666667,2,2,0,"mixed_or_tied",2,0.5,0.0729166666666667,730
"anchor_189","HOG:0027641","recurrent_coverage","fraction of recurrent HOGs resolved as anchor neighbors",0.0725806451612903,2,0,2,"annual_higher",2,0.5,0.0725806451612903,731
"anchor_271","HOG:0026340","recurrent_coverage","fraction of recurrent HOGs resolved as anchor neighbors",-0.0714285714285715,2,2,0,"mixed_or_tied",2,0.5,0.0714285714285715,732
"anchor_327","HOG:0026946","largest_component_fraction","fraction of resolved HOGs in the largest connected component",0.0714285714285715,2,0,2,"annual_higher",2,0.5,0.0714285714285715,733
"anchor_131","HOG:0012340","recurrent_coverage","fraction of recurrent HOGs resolved as anchor neighbors",0.0706521739130435,2,2,0,"mixed_or_tied",2,0.5,0.0706521739130435,734
"anchor_131","HOG:0012340","anchor_module_mean_strength_ratio","mean threshold-normalized anchor strength over present recurrent HOGs",0.0699566633625449,2,2,0,"mixed_or_tied",2,0.5,0.0699566633625449,735
"anchor_15","HOG:0022830","anchor_module_mean_strength_ratio","mean threshold-normalized anchor strength over present recurrent HOGs",-0.0697439514373133,2,2,0,"mixed_or_tied",2,0.5,0.0697439514373133,736
"anchor_89","HOG:0028008","anchor_module_mean_strength_ratio","mean threshold-normalized anchor strength over present recurrent HOGs",-0.0681472200851587,2,2,0,"mixed_or_tied",2,0.5,0.0681472200851587,737
"anchor_290","HOG:0031056","anchor_module_mean_strength_ratio","mean threshold-normalized anchor strength over present recurrent HOGs",0.0678605129675915,2,2,0,"mixed_or_tied",2,0.5,0.0678605129675915,738
"anchor_89","HOG:0028008","recurrent_coverage","fraction of recurrent HOGs resolved as anchor neighbors",-0.0677966101694915,2,2,0,"mixed_or_tied",2,0.5,0.0677966101694915,739
"anchor_159","HOG:0028145","recurrent_coverage","fraction of recurrent HOGs resolved as anchor neighbors",0.0677966101694915,2,2,0,"mixed_or_tied",2,0.5,0.0677966101694915,740
"anchor_15","HOG:0022830","recurrent_coverage","fraction of recurrent HOGs resolved as anchor neighbors",-0.0664335664335665,2,2,0,"mixed_or_tied",2,0.5,0.0664335664335665,741
"anchor_113","HOG:0024337","recurrent_coverage","fraction of recurrent HOGs resolved as anchor neighbors",-0.0661764705882353,1,2,1,"perennial_higher",2,0.5,0.0661764705882353,742
"anchor_223","HOG:0013389","anchor_module_mean_strength_ratio","mean threshold-normalized anchor strength over present recurrent HOGs",-0.0650351739525837,2,2,0,"mixed_or_tied",2,0.5,0.0650351739525837,743
"anchor_255","HOG:0032961","internal_edge_density","edge density among anchor-resolved recurrent-HOG copies",-0.063832117982864,2,2,0,"mixed_or_tied",2,0.5,0.063832117982864,744
"anchor_207","HOG:0032903","anchor_module_mean_strength_ratio","mean threshold-normalized anchor strength over present recurrent HOGs",-0.0630601760699429,2,2,0,"mixed_or_tied",2,0.5,0.0630601760699429,745
"anchor_242","HOG:0017189","internal_edge_density","edge density among anchor-resolved recurrent-HOG copies",-0.0628519181967458,2,2,0,"mixed_or_tied",2,0.5,0.0628519181967458,746
"anchor_325","HOG:0011775","largest_component_fraction","fraction of resolved HOGs in the largest connected component",0.0625,2,0,2,"annual_higher",2,0.5,0.0625,747
"anchor_223","HOG:0013389","recurrent_coverage","fraction of recurrent HOGs resolved as anchor neighbors",-0.0625,1,2,1,"perennial_higher",2,0.5,0.0625,748
"anchor_277","HOG:0007857","anchor_module_mean_strength_ratio","mean threshold-normalized anchor strength over present recurrent HOGs",-0.0603144289777461,2,2,0,"mixed_or_tied",2,0.5,0.0603144289777461,749
"anchor_261","HOG:0028718","recurrent_coverage","fraction of recurrent HOGs resolved as anchor neighbors",0.0601503759398496,2,2,0,"mixed_or_tied",2,0.5,0.0601503759398496,750
"anchor_261","HOG:0028718","anchor_module_mean_strength_ratio","mean threshold-normalized anchor strength over present recurrent HOGs",0.059180605531217,2,2,0,"mixed_or_tied",2,0.5,0.059180605531217,751
"anchor_314","HOG:0031066","recurrent_coverage","fraction of recurrent HOGs resolved as anchor neighbors",-0.0588235294117647,1,2,1,"perennial_higher",2,0.5,0.0588235294117647,752
"anchor_308","HOG:0014354","recurrent_coverage","fraction of recurrent HOGs resolved as anchor neighbors",0.0588235294117647,2,2,0,"mixed_or_tied",2,0.5,0.0588235294117647,753
"anchor_290","HOG:0031056","recurrent_coverage","fraction of recurrent HOGs resolved as anchor neighbors",0.0588235294117647,2,2,0,"mixed_or_tied",2,0.5,0.0588235294117647,754
"anchor_204","HOG:0012261","anchor_module_mean_strength_ratio","mean threshold-normalized anchor strength over present recurrent HOGs",0.0587414390520487,2,2,0,"mixed_or_tied",2,0.5,0.0587414390520487,755
"anchor_314","HOG:0031066","anchor_module_mean_strength_ratio","mean threshold-normalized anchor strength over present recurrent HOGs",-0.0581370601118304,2,2,0,"mixed_or_tied",2,0.5,0.0581370601118304,756
"anchor_204","HOG:0012261","recurrent_coverage","fraction of recurrent HOGs resolved as anchor neighbors",0.0578947368421053,2,2,0,"mixed_or_tied",2,0.5,0.0578947368421053,757
"anchor_216","HOG:0016625","anchor_module_mean_strength_ratio","mean threshold-normalized anchor strength over present recurrent HOGs",-0.0573823384545021,2,2,0,"mixed_or_tied",2,0.5,0.0573823384545021,758
"anchor_305","HOG:0006008","internal_edge_density","edge density among anchor-resolved recurrent-HOG copies",-0.0569935532119615,2,2,0,"mixed_or_tied",2,0.5,0.0569935532119615,759
"anchor_247","HOG:0013148","anchor_module_mean_strength_ratio","mean threshold-normalized anchor strength over present recurrent HOGs",0.0568491887817126,2,2,0,"mixed_or_tied",2,0.5,0.0568491887817126,760
"anchor_199","HOG:0017178","recurrent_coverage","fraction of recurrent HOGs resolved as anchor neighbors",0.0561797752808989,2,1,1,"annual_higher",2,0.5,0.0561797752808989,761
"anchor_247","HOG:0013148","recurrent_coverage","fraction of recurrent HOGs resolved as anchor neighbors",0.0555555555555556,2,2,0,"mixed_or_tied",2,0.5,0.0555555555555556,762
"anchor_194","HOG:0030883","anchor_module_mean_strength_ratio","mean threshold-normalized anchor strength over present recurrent HOGs",-0.0554328942500429,2,2,0,"mixed_or_tied",2,0.5,0.0554328942500429,763
"anchor_328","HOG:0021943","internal_edge_density","edge density among anchor-resolved recurrent-HOG copies",-0.054715223272392,2,2,0,"mixed_or_tied",2,0.5,0.054715223272392,764
"anchor_277","HOG:0007857","recurrent_coverage","fraction of recurrent HOGs resolved as anchor neighbors",-0.0535714285714285,2,2,0,"mixed_or_tied",2,0.5,0.0535714285714285,765
"anchor_38","HOG:0011023","anchor_module_mean_strength_ratio","mean threshold-normalized anchor strength over present recurrent HOGs",-0.0533158174942172,2,2,0,"mixed_or_tied",2,0.5,0.0533158174942172,766
"anchor_308","HOG:0014354","anchor_module_mean_strength_ratio","mean threshold-normalized anchor strength over present recurrent HOGs",0.0530673664869169,2,2,0,"mixed_or_tied",2,0.5,0.0530673664869169,767
"anchor_216","HOG:0016625","recurrent_coverage","fraction of recurrent HOGs resolved as anchor neighbors",-0.053030303030303,2,2,0,"mixed_or_tied",2,0.5,0.053030303030303,768
"anchor_168","HOG:0000122","internal_edge_density","edge density among anchor-resolved recurrent-HOG copies",0.0523004763136342,2,2,0,"mixed_or_tied",2,0.5,0.0523004763136342,769
"anchor_60","HOG:0000465","anchor_module_mean_strength_ratio","mean threshold-normalized anchor strength over present recurrent HOGs",-0.0517545741494077,2,2,0,"mixed_or_tied",2,0.5,0.0517545741494077,770
"anchor_288","HOG:0026637","recurrent_coverage","fraction of recurrent HOGs resolved as anchor neighbors",0.0517241379310345,2,2,0,"mixed_or_tied",2,0.5,0.0517241379310345,771
"anchor_171","HOG:0008585","recurrent_coverage","fraction of recurrent HOGs resolved as anchor neighbors",-0.0511363636363636,1,2,1,"perennial_higher",2,0.5,0.0511363636363636,772
"anchor_207","HOG:0032903","recurrent_coverage","fraction of recurrent HOGs resolved as anchor neighbors",-0.0510204081632653,2,2,0,"mixed_or_tied",2,0.5,0.0510204081632653,773
"anchor_288","HOG:0026637","anchor_module_mean_strength_ratio","mean threshold-normalized anchor strength over present recurrent HOGs",0.0508920092559415,2,2,0,"mixed_or_tied",2,0.5,0.0508920092559415,774
"anchor_38","HOG:0011023","recurrent_coverage","fraction of recurrent HOGs resolved as anchor neighbors",-0.0503875968992248,2,2,0,"mixed_or_tied",2,0.5,0.0503875968992248,775
"anchor_101","HOG:0007833","anchor_module_mean_strength_ratio","mean threshold-normalized anchor strength over present recurrent HOGs",-0.0500578508872379,2,2,0,"mixed_or_tied",2,0.5,0.0500578508872379,776
"anchor_101","HOG:0007833","recurrent_coverage","fraction of recurrent HOGs resolved as anchor neighbors",-0.05,2,2,0,"mixed_or_tied",2,0.5,0.05,777
"anchor_271","HOG:0026340","largest_component_fraction","fraction of resolved HOGs in the largest connected component",0.05,2,1,1,"annual_higher",2,0.5,0.05,778
"anchor_222","HOG:0032963","internal_edge_density","edge density among anchor-resolved recurrent-HOG copies",-0.0493768622619714,2,2,0,"mixed_or_tied",2,0.5,0.0493768622619714,779
"anchor_194","HOG:0030883","recurrent_coverage","fraction of recurrent HOGs resolved as anchor neighbors",-0.0491071428571429,2,2,0,"mixed_or_tied",2,0.5,0.0491071428571429,780
"anchor_217","HOG:0025124","anchor_module_mean_strength_ratio","mean threshold-normalized anchor strength over present recurrent HOGs",0.0483517593335216,2,2,0,"mixed_or_tied",2,0.5,0.0483517593335216,781
"anchor_217","HOG:0025124","recurrent_coverage","fraction of recurrent HOGs resolved as anchor neighbors",0.0480769230769231,2,2,0,"mixed_or_tied",2,0.5,0.0480769230769231,782
"anchor_09","HOG:0029484","anchor_module_mean_strength_ratio","mean threshold-normalized anchor strength over present recurrent HOGs",0.0479714181156545,2,2,0,"mixed_or_tied",2,0.5,0.0479714181156545,783
"anchor_60","HOG:0000465","recurrent_coverage","fraction of recurrent HOGs resolved as anchor neighbors",-0.0479452054794521,2,2,0,"mixed_or_tied",2,0.5,0.0479452054794521,784
"anchor_161","HOG:0025959","internal_edge_density","edge density among anchor-resolved recurrent-HOG copies",-0.0468603467513207,2,2,0,"mixed_or_tied",2,0.5,0.0468603467513207,785
"anchor_09","HOG:0029484","recurrent_coverage","fraction of recurrent HOGs resolved as anchor neighbors",0.0464285714285714,2,2,0,"mixed_or_tied",2,0.5,0.0464285714285714,786
"anchor_18","HOG:0000191","anchor_module_mean_strength_ratio","mean threshold-normalized anchor strength over present recurrent HOGs",-0.0460864870866526,2,2,0,"mixed_or_tied",2,0.5,0.0460864870866526,787
"anchor_133","HOG:0020711","anchor_module_mean_strength_ratio","mean threshold-normalized anchor strength over present recurrent HOGs",0.0453266192349557,2,2,0,"mixed_or_tied",2,0.5,0.0453266192349557,788
"anchor_40","HOG:0028012","anchor_module_mean_strength_ratio","mean threshold-normalized anchor strength over present recurrent HOGs",0.0434305251019012,2,2,0,"mixed_or_tied",2,0.5,0.0434305251019012,789
"anchor_162","HOG:0005857","recurrent_coverage","fraction of recurrent HOGs resolved as anchor neighbors",0.0431034482758621,2,1,1,"annual_higher",2,0.5,0.0431034482758621,790
"anchor_54","HOG:0022739","anchor_module_mean_strength_ratio","mean threshold-normalized anchor strength over present recurrent HOGs",-0.0428207588803168,2,2,0,"mixed_or_tied",2,0.5,0.0428207588803168,791
"anchor_40","HOG:0028012","recurrent_coverage","fraction of recurrent HOGs resolved as anchor neighbors",0.0425531914893617,2,2,0,"mixed_or_tied",2,0.5,0.0425531914893617,792
"anchor_300","HOG:0023036","recurrent_coverage","fraction of recurrent HOGs resolved as anchor neighbors",0.0416666666666667,2,2,0,"mixed_or_tied",2,0.5,0.0416666666666667,793
"anchor_54","HOG:0022739","recurrent_coverage","fraction of recurrent HOGs resolved as anchor neighbors",-0.0404411764705882,2,2,0,"mixed_or_tied",2,0.5,0.0404411764705882,794
"anchor_133","HOG:0020711","recurrent_coverage","fraction of recurrent HOGs resolved as anchor neighbors",0.0404040404040404,2,2,0,"mixed_or_tied",2,0.5,0.0404040404040404,795
"anchor_311","HOG:0022963","anchor_module_mean_strength_ratio","mean threshold-normalized anchor strength over present recurrent HOGs",-0.0400400220545497,2,2,0,"mixed_or_tied",2,0.5,0.0400400220545497,796
"anchor_134","HOG:0030881","anchor_module_mean_strength_ratio","mean threshold-normalized anchor strength over present recurrent HOGs",-0.0399253570277565,2,2,0,"mixed_or_tied",2,0.5,0.0399253570277565,797
"anchor_18","HOG:0000191","recurrent_coverage","fraction of recurrent HOGs resolved as anchor neighbors",-0.0392156862745098,2,2,0,"mixed_or_tied",2,0.5,0.0392156862745098,798
"anchor_279","HOG:0033476","anchor_module_mean_strength_ratio","mean threshold-normalized anchor strength over present recurrent HOGs",-0.0390992985543667,2,2,0,"mixed_or_tied",2,0.5,0.0390992985543667,799
"anchor_134","HOG:0030881","recurrent_coverage","fraction of recurrent HOGs resolved as anchor neighbors",-0.0388888888888889,2,2,0,"mixed_or_tied",2,0.5,0.0388888888888889,800
"anchor_232","HOG:0019459","anchor_module_mean_strength_ratio","mean threshold-normalized anchor strength over present recurrent HOGs",-0.0387264449329526,2,2,0,"mixed_or_tied",2,0.5,0.0387264449329526,801
"anchor_169","HOG:0030801","internal_edge_density","edge density among anchor-resolved recurrent-HOG copies",0.0379725279445734,2,2,0,"mixed_or_tied",2,0.5,0.0379725279445734,802
"anchor_235","HOG:0017160","recurrent_coverage","fraction of recurrent HOGs resolved as anchor neighbors",0.0377358490566038,2,1,1,"annual_higher",2,0.5,0.0377358490566038,803
"anchor_75","HOG:0016636","anchor_module_mean_strength_ratio","mean threshold-normalized anchor strength over present recurrent HOGs",-0.0370663714264518,2,2,0,"mixed_or_tied",2,0.5,0.0370663714264518,804
"anchor_163","HOG:0008717","anchor_module_mean_strength_ratio","mean threshold-normalized anchor strength over present recurrent HOGs",-0.0368235860745877,2,2,0,"mixed_or_tied",2,0.5,0.0368235860745877,805
"anchor_311","HOG:0022963","recurrent_coverage","fraction of recurrent HOGs resolved as anchor neighbors",-0.0365853658536585,2,2,0,"mixed_or_tied",2,0.5,0.0365853658536585,806
"anchor_232","HOG:0019459","recurrent_coverage","fraction of recurrent HOGs resolved as anchor neighbors",-0.0364583333333333,1,2,1,"perennial_higher",2,0.5,0.0364583333333333,807
"anchor_24","HOG:0031321","internal_edge_density","edge density among anchor-resolved recurrent-HOG copies",-0.0360469185864749,2,2,0,"mixed_or_tied",2,0.5,0.0360469185864749,808
"anchor_162","HOG:0005857","anchor_module_mean_strength_ratio","mean threshold-normalized anchor strength over present recurrent HOGs",0.0360249021167248,2,2,0,"mixed_or_tied",2,0.5,0.0360249021167248,809
"anchor_279","HOG:0033476","recurrent_coverage","fraction of recurrent HOGs resolved as anchor neighbors",-0.0357142857142858,2,2,0,"mixed_or_tied",2,0.5,0.0357142857142858,810
"anchor_294","HOG:0026361","internal_edge_density","edge density among anchor-resolved recurrent-HOG copies",-0.0352483376281669,2,2,0,"mixed_or_tied",2,0.5,0.0352483376281669,811
"anchor_197","HOG:0006052","anchor_module_mean_strength_ratio","mean threshold-normalized anchor strength over present recurrent HOGs",0.0346660518689504,2,2,0,"mixed_or_tied",2,0.5,0.0346660518689504,812
"anchor_300","HOG:0023036","anchor_module_mean_strength_ratio","mean threshold-normalized anchor strength over present recurrent HOGs",0.0346316413434868,2,2,0,"mixed_or_tied",2,0.5,0.0346316413434868,813
"anchor_64","HOG:0006263","internal_edge_density","edge density among anchor-resolved recurrent-HOG copies",-0.034397252395453,2,2,0,"mixed_or_tied",2,0.5,0.034397252395453,814
"anchor_324","HOG:0023427","anchor_module_mean_strength_ratio","mean threshold-normalized anchor strength over present recurrent HOGs",0.0343281194495576,2,2,0,"mixed_or_tied",2,0.5,0.0343281194495576,815
"anchor_197","HOG:0006052","recurrent_coverage","fraction of recurrent HOGs resolved as anchor neighbors",0.0340909090909091,2,2,0,"mixed_or_tied",2,0.5,0.0340909090909091,816
"anchor_245","HOG:0026703","anchor_module_mean_strength_ratio","mean threshold-normalized anchor strength over present recurrent HOGs",-0.0337182227744089,2,2,0,"mixed_or_tied",2,0.5,0.0337182227744089,817
"anchor_145","HOG:0026774","internal_edge_density","edge density among anchor-resolved recurrent-HOG copies",0.0334392208076418,2,2,0,"mixed_or_tied",2,0.5,0.0334392208076418,818
"anchor_22","HOG:0011649","anchor_module_mean_strength_ratio","mean threshold-normalized anchor strength over present recurrent HOGs",-0.0333394614297575,2,2,0,"mixed_or_tied",2,0.5,0.0333394614297575,819
"anchor_163","HOG:0008717","recurrent_coverage","fraction of recurrent HOGs resolved as anchor neighbors",-0.0333333333333333,2,2,0,"mixed_or_tied",2,0.5,0.0333333333333333,820
"anchor_47","HOG:0020310","internal_edge_density","edge density among anchor-resolved recurrent-HOG copies",0.0331508460418849,2,2,0,"mixed_or_tied",2,0.5,0.0331508460418849,821
"anchor_75","HOG:0016636","recurrent_coverage","fraction of recurrent HOGs resolved as anchor neighbors",-0.0327868852459016,2,2,0,"mixed_or_tied",2,0.5,0.0327868852459016,822
"anchor_105","HOG:0027704","internal_edge_density","edge density among anchor-resolved recurrent-HOG copies",-0.0326189806287785,2,2,0,"mixed_or_tied",2,0.5,0.0326189806287785,823
"anchor_299","HOG:0025316","internal_edge_density","edge density among anchor-resolved recurrent-HOG copies",-0.032470029439921,2,2,0,"mixed_or_tied",2,0.5,0.032470029439921,824
"anchor_198","HOG:0005877","anchor_module_mean_strength_ratio","mean threshold-normalized anchor strength over present recurrent HOGs",0.0323862070385169,2,2,0,"mixed_or_tied",2,0.5,0.0323862070385169,825
"anchor_20","HOG:0023601","recurrent_coverage","fraction of recurrent HOGs resolved as anchor neighbors",0.0323741007194245,2,2,0,"mixed_or_tied",2,0.5,0.0323741007194245,826
"anchor_245","HOG:0026703","recurrent_coverage","fraction of recurrent HOGs resolved as anchor neighbors",-0.0312500000000001,2,2,0,"mixed_or_tied",2,0.5,0.0312500000000001,827
"anchor_198","HOG:0005877","recurrent_coverage","fraction of recurrent HOGs resolved as anchor neighbors",0.03125,2,2,0,"mixed_or_tied",2,0.5,0.03125,828
"anchor_324","HOG:0023427","recurrent_coverage","fraction of recurrent HOGs resolved as anchor neighbors",0.03125,2,2,0,"mixed_or_tied",2,0.5,0.03125,829
"anchor_20","HOG:0023601","anchor_module_mean_strength_ratio","mean threshold-normalized anchor strength over present recurrent HOGs",0.0309100481327081,2,2,0,"mixed_or_tied",2,0.5,0.0309100481327081,830
"anchor_252","HOG:0022123","internal_edge_density","edge density among anchor-resolved recurrent-HOG copies",-0.0308970956803774,2,2,0,"mixed_or_tied",2,0.5,0.0308970956803774,831
"anchor_154","HOG:0023439","recurrent_coverage","fraction of recurrent HOGs resolved as anchor neighbors",0.0307692307692308,2,2,0,"mixed_or_tied",2,0.5,0.0307692307692308,832
"anchor_317","HOG:0030885","internal_edge_density","edge density among anchor-resolved recurrent-HOG copies",-0.0305152363975894,2,2,0,"mixed_or_tied",2,0.5,0.0305152363975894,833
"anchor_22","HOG:0011649","recurrent_coverage","fraction of recurrent HOGs resolved as anchor neighbors",-0.0304054054054054,2,2,0,"mixed_or_tied",2,0.5,0.0304054054054054,834
"anchor_154","HOG:0023439","anchor_module_mean_strength_ratio","mean threshold-normalized anchor strength over present recurrent HOGs",0.0301645068753025,2,2,0,"mixed_or_tied",2,0.5,0.0301645068753025,835
"anchor_150","HOG:0011478","internal_edge_density","edge density among anchor-resolved recurrent-HOG copies",-0.0300672495718935,2,2,0,"mixed_or_tied",2,0.5,0.0300672495718935,836
"anchor_183","HOG:0031530","anchor_module_mean_strength_ratio","mean threshold-normalized anchor strength over present recurrent HOGs",0.0295889838693643,2,2,0,"mixed_or_tied",2,0.5,0.0295889838693643,837
"anchor_185","HOG:0005683","internal_edge_density","edge density among anchor-resolved recurrent-HOG copies",0.0292247134352397,2,2,0,"mixed_or_tied",2,0.5,0.0292247134352397,838
"anchor_29","HOG:0010571","anchor_module_mean_strength_ratio","mean threshold-normalized anchor strength over present recurrent HOGs",-0.0291832224703737,2,2,0,"mixed_or_tied",2,0.5,0.0291832224703737,839
"anchor_168","HOG:0000122","anchor_module_mean_strength_ratio","mean threshold-normalized anchor strength over present recurrent HOGs",0.0291063673216408,2,2,0,"mixed_or_tied",2,0.5,0.0291063673216408,840
"anchor_234","HOG:0024574","anchor_module_mean_strength_ratio","mean threshold-normalized anchor strength over present recurrent HOGs",0.0278475001100835,2,2,0,"mixed_or_tied",2,0.5,0.0278475001100835,841
"anchor_61","HOG:0016166","anchor_module_mean_strength_ratio","mean threshold-normalized anchor strength over present recurrent HOGs",-0.027810565458921,2,2,0,"mixed_or_tied",2,0.5,0.027810565458921,842
"anchor_298","HOG:0003541","recurrent_coverage","fraction of recurrent HOGs resolved as anchor neighbors",0.0277777777777778,2,1,1,"annual_higher",2,0.5,0.0277777777777778,843
"anchor_213","HOG:0026073","recurrent_coverage","fraction of recurrent HOGs resolved as anchor neighbors",0.0274725274725275,2,2,0,"mixed_or_tied",2,0.5,0.0274725274725275,844
"anchor_234","HOG:0024574","recurrent_coverage","fraction of recurrent HOGs resolved as anchor neighbors",0.0271739130434783,2,2,0,"mixed_or_tied",2,0.5,0.0271739130434783,845
"anchor_183","HOG:0031530","recurrent_coverage","fraction of recurrent HOGs resolved as anchor neighbors",0.0268817204301075,2,2,0,"mixed_or_tied",2,0.5,0.0268817204301075,846
"anchor_29","HOG:0010571","recurrent_coverage","fraction of recurrent HOGs resolved as anchor neighbors",-0.0264900662251656,2,2,0,"mixed_or_tied",2,0.5,0.0264900662251656,847
"anchor_326","HOG:0031982","recurrent_coverage","fraction of recurrent HOGs resolved as anchor neighbors",0.0256410256410257,2,1,1,"annual_higher",2,0.5,0.0256410256410257,848
"anchor_227","HOG:0032920","anchor_module_mean_strength_ratio","mean threshold-normalized anchor strength over present recurrent HOGs",0.0253880598307787,2,2,0,"mixed_or_tied",2,0.5,0.0253880598307787,849
"anchor_140","HOG:0032765","internal_edge_density","edge density among anchor-resolved recurrent-HOG copies",-0.0252005468116213,2,2,0,"mixed_or_tied",2,0.5,0.0252005468116213,850
"anchor_288","HOG:0026637","largest_component_fraction","fraction of resolved HOGs in the largest connected component",-0.025,1,2,1,"perennial_higher",2,0.5,0.025,851
"anchor_114","HOG:0027098","internal_edge_density","edge density among anchor-resolved recurrent-HOG copies",-0.0249406645184164,2,2,0,"mixed_or_tied",2,0.5,0.0249406645184164,852
"anchor_83","HOG:0023230","recurrent_coverage","fraction of recurrent HOGs resolved as anchor neighbors",0.024822695035461,2,2,0,"mixed_or_tied",2,0.5,0.024822695035461,853
"anchor_213","HOG:0026073","anchor_module_mean_strength_ratio","mean threshold-normalized anchor strength over present recurrent HOGs",0.0246043005544968,2,2,0,"mixed_or_tied",2,0.5,0.0246043005544968,854
"anchor_166","HOG:0016397","recurrent_coverage","fraction of recurrent HOGs resolved as anchor neighbors",0.0245901639344263,2,2,0,"mixed_or_tied",2,0.5,0.0245901639344263,855
"anchor_61","HOG:0016166","recurrent_coverage","fraction of recurrent HOGs resolved as anchor neighbors",-0.0245901639344262,2,2,0,"mixed_or_tied",2,0.5,0.0245901639344262,856
"anchor_227","HOG:0032920","recurrent_coverage","fraction of recurrent HOGs resolved as anchor neighbors",0.0242718446601942,2,2,0,"mixed_or_tied",2,0.5,0.0242718446601942,857
"anchor_202","HOG:0010482","recurrent_coverage","fraction of recurrent HOGs resolved as anchor neighbors",0.0241935483870968,2,2,0,"mixed_or_tied",2,0.5,0.0241935483870968,858
"anchor_166","HOG:0016397","anchor_module_mean_strength_ratio","mean threshold-normalized anchor strength over present recurrent HOGs",0.0235052905429861,2,2,0,"mixed_or_tied",2,0.5,0.0235052905429861,859
"anchor_83","HOG:0023230","anchor_module_mean_strength_ratio","mean threshold-normalized anchor strength over present recurrent HOGs",0.023369348005988,2,2,0,"mixed_or_tied",2,0.5,0.023369348005988,860
"anchor_142","HOG:0029540","recurrent_coverage","fraction of recurrent HOGs resolved as anchor neighbors",0.0232558139534884,2,1,1,"annual_higher",2,0.5,0.0232558139534884,861
"anchor_228","HOG:0006131","internal_edge_density","edge density among anchor-resolved recurrent-HOG copies",0.0227183646766451,2,2,0,"mixed_or_tied",2,0.5,0.0227183646766451,862
"anchor_168","HOG:0000122","recurrent_coverage","fraction of recurrent HOGs resolved as anchor neighbors",0.0222222222222222,2,2,0,"mixed_or_tied",2,0.5,0.0222222222222222,863
"anchor_121","HOG:0030887","anchor_module_mean_strength_ratio","mean threshold-normalized anchor strength over present recurrent HOGs",-0.0220764930850677,2,2,0,"mixed_or_tied",2,0.5,0.0220764930850677,864
"anchor_123","HOG:0005690","anchor_module_mean_strength_ratio","mean threshold-normalized anchor strength over present recurrent HOGs",-0.0211393245703275,2,2,0,"mixed_or_tied",2,0.5,0.0211393245703275,865
"anchor_155","HOG:0008637","internal_edge_density","edge density among anchor-resolved recurrent-HOG copies",-0.0209370106388118,2,2,0,"mixed_or_tied",2,0.5,0.0209370106388118,866
"anchor_45","HOG:0007725","anchor_module_mean_strength_ratio","mean threshold-normalized anchor strength over present recurrent HOGs",-0.0208525562419442,2,2,0,"mixed_or_tied",2,0.5,0.0208525562419442,867
"anchor_196","HOG:0006523","anchor_module_mean_strength_ratio","mean threshold-normalized anchor strength over present recurrent HOGs",0.0208385865497805,2,2,0,"mixed_or_tied",2,0.5,0.0208385865497805,868
"anchor_124","HOG:0008697","anchor_module_mean_strength_ratio","mean threshold-normalized anchor strength over present recurrent HOGs",0.0208353781251901,2,2,0,"mixed_or_tied",2,0.5,0.0208353781251901,869
"anchor_149","HOG:0032060","anchor_module_mean_strength_ratio","mean threshold-normalized anchor strength over present recurrent HOGs",-0.0205229853409523,2,2,0,"mixed_or_tied",2,0.5,0.0205229853409523,870
"anchor_273","HOG:0006057","recurrent_coverage","fraction of recurrent HOGs resolved as anchor neighbors",0.0204081632653061,2,2,0,"mixed_or_tied",2,0.5,0.0204081632653061,871
"anchor_260","HOG:0012011","internal_edge_density","edge density among anchor-resolved recurrent-HOG copies",0.0203176353205229,2,2,0,"mixed_or_tied",2,0.5,0.0203176353205229,872
"anchor_146","HOG:0032629","anchor_module_mean_strength_ratio","mean threshold-normalized anchor strength over present recurrent HOGs",0.0202988198954439,2,2,0,"mixed_or_tied",2,0.5,0.0202988198954439,873
"anchor_106","HOG:0012511","recurrent_coverage","fraction of recurrent HOGs resolved as anchor neighbors",0.0201612903225807,2,2,0,"mixed_or_tied",2,0.5,0.0201612903225807,874
"anchor_146","HOG:0032629","recurrent_coverage","fraction of recurrent HOGs resolved as anchor neighbors",0.02,2,2,0,"mixed_or_tied",2,0.5,0.02,875
"anchor_211","HOG:0027975","anchor_module_mean_strength_ratio","mean threshold-normalized anchor strength over present recurrent HOGs",0.0197787409541208,2,2,0,"mixed_or_tied",2,0.5,0.0197787409541208,876
"anchor_167","HOG:0027529","anchor_module_mean_strength_ratio","mean threshold-normalized anchor strength over present recurrent HOGs",-0.0197687521925436,2,2,0,"mixed_or_tied",2,0.5,0.0197687521925436,877
"anchor_30","HOG:0024452","internal_edge_density","edge density among anchor-resolved recurrent-HOG copies",-0.0195956092573327,2,2,0,"mixed_or_tied",2,0.5,0.0195956092573327,878
"anchor_327","HOG:0026946","internal_edge_density","edge density among anchor-resolved recurrent-HOG copies",-0.0192640692640693,2,2,0,"mixed_or_tied",2,0.5,0.0192640692640693,879
"anchor_215","HOG:0012403","anchor_module_mean_strength_ratio","mean threshold-normalized anchor strength over present recurrent HOGs",0.0190046825453477,2,2,0,"mixed_or_tied",2,0.5,0.0190046825453477,880
"anchor_249","HOG:0016944","internal_edge_density","edge density among anchor-resolved recurrent-HOG copies",0.0189884555263012,2,2,0,"mixed_or_tied",2,0.5,0.0189884555263012,881
"anchor_124","HOG:0008697","recurrent_coverage","fraction of recurrent HOGs resolved as anchor neighbors",0.0188679245283019,2,2,0,"mixed_or_tied",2,0.5,0.0188679245283019,882
"anchor_177","HOG:0000535","anchor_module_mean_strength_ratio","mean threshold-normalized anchor strength over present recurrent HOGs",-0.0187503239293613,2,2,0,"mixed_or_tied",2,0.5,0.0187503239293613,883
"anchor_123","HOG:0005690","recurrent_coverage","fraction of recurrent HOGs resolved as anchor neighbors",-0.01875,2,2,0,"mixed_or_tied",2,0.5,0.01875,884
"anchor_182","HOG:0027090","anchor_module_mean_strength_ratio","mean threshold-normalized anchor strength over present recurrent HOGs",0.018613090591075,2,2,0,"mixed_or_tied",2,0.5,0.018613090591075,885
"anchor_196","HOG:0006523","recurrent_coverage","fraction of recurrent HOGs resolved as anchor neighbors",0.0185185185185185,2,2,0,"mixed_or_tied",2,0.5,0.0185185185185185,886
"anchor_215","HOG:0012403","recurrent_coverage","fraction of recurrent HOGs resolved as anchor neighbors",0.0185185185185185,2,2,0,"mixed_or_tied",2,0.5,0.0185185185185185,887
"anchor_197","HOG:0006052","internal_edge_density","edge density among anchor-resolved recurrent-HOG copies",-0.0184361118876774,2,2,0,"mixed_or_tied",2,0.5,0.0184361118876774,888
"anchor_106","HOG:0012511","anchor_module_mean_strength_ratio","mean threshold-normalized anchor strength over present recurrent HOGs",0.0184201633598723,2,2,0,"mixed_or_tied",2,0.5,0.0184201633598723,889
"anchor_147","HOG:0032849","anchor_module_mean_strength_ratio","mean threshold-normalized anchor strength over present recurrent HOGs",-0.0183860349069822,2,2,0,"mixed_or_tied",2,0.5,0.0183860349069822,890
"anchor_121","HOG:0030887","recurrent_coverage","fraction of recurrent HOGs resolved as anchor neighbors",-0.018348623853211,2,2,0,"mixed_or_tied",2,0.5,0.018348623853211,891
"anchor_219","HOG:0025848","internal_edge_density","edge density among anchor-resolved recurrent-HOG copies",0.0182855380820228,2,2,0,"mixed_or_tied",2,0.5,0.0182855380820228,892
"anchor_202","HOG:0010482","anchor_module_mean_strength_ratio","mean threshold-normalized anchor strength over present recurrent HOGs",0.0182693922959637,2,2,0,"mixed_or_tied",2,0.5,0.0182693922959637,893
"anchor_273","HOG:0006057","anchor_module_mean_strength_ratio","mean threshold-normalized anchor strength over present recurrent HOGs",0.018241595945659,2,2,0,"mixed_or_tied",2,0.5,0.018241595945659,894
"anchor_211","HOG:0027975","recurrent_coverage","fraction of recurrent HOGs resolved as anchor neighbors",0.0180722891566265,2,2,0,"mixed_or_tied",2,0.5,0.0180722891566265,895
"anchor_167","HOG:0027529","recurrent_coverage","fraction of recurrent HOGs resolved as anchor neighbors",-0.0180722891566265,2,2,0,"mixed_or_tied",2,0.5,0.0180722891566265,896
"anchor_313","HOG:0007849","anchor_module_mean_strength_ratio","mean threshold-normalized anchor strength over present recurrent HOGs",-0.0180200644179399,2,2,0,"mixed_or_tied",2,0.5,0.0180200644179399,897
"anchor_326","HOG:0031982","anchor_module_mean_strength_ratio","mean threshold-normalized anchor strength over present recurrent HOGs",0.0180041608989359,2,2,0,"mixed_or_tied",2,0.5,0.0180041608989359,898
"anchor_127","HOG:0007713","internal_edge_density","edge density among anchor-resolved recurrent-HOG copies",-0.0178987536407024,2,2,0,"mixed_or_tied",2,0.5,0.0178987536407024,899
"anchor_125","HOG:0018534","internal_edge_density","edge density among anchor-resolved recurrent-HOG copies",-0.0178829122781384,2,2,0,"mixed_or_tied",2,0.5,0.0178829122781384,900
"anchor_136","HOG:0012101","internal_edge_density","edge density among anchor-resolved recurrent-HOG copies",0.0178746266549564,2,2,0,"mixed_or_tied",2,0.5,0.0178746266549564,901
"anchor_77","HOG:0024401","internal_edge_density","edge density among anchor-resolved recurrent-HOG copies",-0.0178353265679126,2,2,0,"mixed_or_tied",2,0.5,0.0178353265679126,902
"anchor_275","HOG:0033004","anchor_module_mean_strength_ratio","mean threshold-normalized anchor strength over present recurrent HOGs",-0.0176343555510255,2,2,0,"mixed_or_tied",2,0.5,0.0176343555510255,903
"anchor_321","HOG:0028005","internal_edge_density","edge density among anchor-resolved recurrent-HOG copies",0.0175289377387405,2,2,0,"mixed_or_tied",2,0.5,0.0175289377387405,904
"anchor_177","HOG:0000535","recurrent_coverage","fraction of recurrent HOGs resolved as anchor neighbors",-0.0169491525423729,2,2,0,"mixed_or_tied",2,0.5,0.0169491525423729,905
"anchor_174","HOG:0026397","anchor_module_mean_strength_ratio","mean threshold-normalized anchor strength over present recurrent HOGs",0.0167621503104265,2,2,0,"mixed_or_tied",2,0.5,0.0167621503104265,906
"anchor_271","HOG:0026340","internal_edge_density","edge density among anchor-resolved recurrent-HOG copies",0.0166666666666667,2,2,0,"mixed_or_tied",2,0.5,0.0166666666666667,907
"anchor_182","HOG:0027090","recurrent_coverage","fraction of recurrent HOGs resolved as anchor neighbors",0.0166666666666666,2,2,0,"mixed_or_tied",2,0.5,0.0166666666666666,908
"anchor_45","HOG:0007725","recurrent_coverage","fraction of recurrent HOGs resolved as anchor neighbors",-0.0161290322580646,2,2,0,"mixed_or_tied",2,0.5,0.0161290322580646,909
"anchor_149","HOG:0032060","recurrent_coverage","fraction of recurrent HOGs resolved as anchor neighbors",-0.0161290322580645,2,2,0,"mixed_or_tied",2,0.5,0.0161290322580645,910
"anchor_135","HOG:0004114","internal_edge_density","edge density among anchor-resolved recurrent-HOG copies",-0.0161095848595849,2,2,0,"mixed_or_tied",2,0.5,0.0161095848595849,911
"anchor_142","HOG:0029540","internal_edge_density","edge density among anchor-resolved recurrent-HOG copies",-0.0160995507483252,2,2,0,"mixed_or_tied",2,0.5,0.0160995507483252,912
"anchor_180","HOG:0030884","anchor_module_mean_strength_ratio","mean threshold-normalized anchor strength over present recurrent HOGs",-0.0156992523574478,2,2,0,"mixed_or_tied",2,0.5,0.0156992523574478,913
"anchor_88","HOG:0025219","anchor_module_mean_strength_ratio","mean threshold-normalized anchor strength over present recurrent HOGs",0.0154580318890799,2,2,0,"mixed_or_tied",2,0.5,0.0154580318890799,914
"anchor_275","HOG:0033004","internal_edge_density","edge density among anchor-resolved recurrent-HOG copies",-0.0154432373182373,2,2,0,"mixed_or_tied",2,0.5,0.0154432373182373,915
"anchor_325","HOG:0011775","internal_edge_density","edge density among anchor-resolved recurrent-HOG copies",0.0152553329023918,2,2,0,"mixed_or_tied",2,0.5,0.0152553329023918,916
"anchor_144","HOG:0028381","internal_edge_density","edge density among anchor-resolved recurrent-HOG copies",-0.0149074236730249,2,2,0,"mixed_or_tied",2,0.5,0.0149074236730249,917
"anchor_52","HOG:0012253","internal_edge_density","edge density among anchor-resolved recurrent-HOG copies",0.0148307260181387,2,2,0,"mixed_or_tied",2,0.5,0.0148307260181387,918
"anchor_193","HOG:0027905","internal_edge_density","edge density among anchor-resolved recurrent-HOG copies",0.0144415878239407,2,2,0,"mixed_or_tied",2,0.5,0.0144415878239407,919
"anchor_267","HOG:0026549","largest_component_fraction","fraction of resolved HOGs in the largest connected component",-0.0142857142857143,0,2,2,"perennial_higher",2,0.5,0.0142857142857143,920
"anchor_85","HOG:0032061","recurrent_coverage","fraction of recurrent HOGs resolved as anchor neighbors",0.0142857142857143,2,1,1,"annual_higher",2,0.5,0.0142857142857143,921
"anchor_266","HOG:0028440","internal_edge_density","edge density among anchor-resolved recurrent-HOG copies",0.0137563040932256,2,2,0,"mixed_or_tied",2,0.5,0.0137563040932256,922
"anchor_174","HOG:0026397","recurrent_coverage","fraction of recurrent HOGs resolved as anchor neighbors",0.0136986301369863,2,1,1,"annual_higher",2,0.5,0.0136986301369863,923
"anchor_195","HOG:0029148","internal_edge_density","edge density among anchor-resolved recurrent-HOG copies",0.0134866160752033,2,2,0,"mixed_or_tied",2,0.5,0.0134866160752033,924
"anchor_274","HOG:0019536","recurrent_coverage","fraction of recurrent HOGs resolved as anchor neighbors",-0.0133333333333334,2,2,0,"mixed_or_tied",2,0.5,0.0133333333333334,925
"anchor_274","HOG:0019536","anchor_module_mean_strength_ratio","mean threshold-normalized anchor strength over present recurrent HOGs",-0.0130360114669513,2,2,0,"mixed_or_tied",2,0.5,0.0130360114669513,926
"anchor_313","HOG:0007849","recurrent_coverage","fraction of recurrent HOGs resolved as anchor neighbors",-0.012987012987013,2,2,0,"mixed_or_tied",2,0.5,0.012987012987013,927
"anchor_85","HOG:0032061","anchor_module_mean_strength_ratio","mean threshold-normalized anchor strength over present recurrent HOGs",0.012629843914769,2,2,0,"mixed_or_tied",2,0.5,0.012629843914769,928
"anchor_88","HOG:0025219","recurrent_coverage","fraction of recurrent HOGs resolved as anchor neighbors",0.0120967741935483,2,2,0,"mixed_or_tied",2,0.5,0.0120967741935483,929
"anchor_275","HOG:0033004","recurrent_coverage","fraction of recurrent HOGs resolved as anchor neighbors",-0.011764705882353,2,2,0,"mixed_or_tied",2,0.5,0.011764705882353,930
"anchor_69","HOG:0033359","recurrent_coverage","fraction of recurrent HOGs resolved as anchor neighbors",-0.01171875,2,2,0,"mixed_or_tied",2,0.5,0.01171875,931
"anchor_90","HOG:0032320","internal_edge_density","edge density among anchor-resolved recurrent-HOG copies",-0.0116994401213492,2,2,0,"mixed_or_tied",2,0.5,0.0116994401213492,932
"anchor_180","HOG:0030884","recurrent_coverage","fraction of recurrent HOGs resolved as anchor neighbors",-0.0116279069767442,2,2,0,"mixed_or_tied",2,0.5,0.0116279069767442,933
"anchor_147","HOG:0032849","recurrent_coverage","fraction of recurrent HOGs resolved as anchor neighbors",-0.0116279069767442,2,2,0,"mixed_or_tied",2,0.5,0.0116279069767442,934
"anchor_151","HOG:0028263","anchor_module_mean_strength_ratio","mean threshold-normalized anchor strength over present recurrent HOGs",0.0115364169510274,2,2,0,"mixed_or_tied",2,0.5,0.0115364169510274,935
"anchor_104","HOG:0021825","internal_edge_density","edge density among anchor-resolved recurrent-HOG copies",-0.011403764639073,2,2,0,"mixed_or_tied",2,0.5,0.011403764639073,936
"anchor_320","HOG:0005833","recurrent_coverage","fraction of recurrent HOGs resolved as anchor neighbors",0.0111111111111111,2,1,1,"annual_higher",2,0.5,0.0111111111111111,937
"anchor_125","HOG:0018534","anchor_module_mean_strength_ratio","mean threshold-normalized anchor strength over present recurrent HOGs",0.0109532785072149,2,2,0,"mixed_or_tied",2,0.5,0.0109532785072149,938
"anchor_184","HOG:0026019","internal_edge_density","edge density among anchor-resolved recurrent-HOG copies",0.010733766983767,2,2,0,"mixed_or_tied",2,0.5,0.010733766983767,939
"anchor_320","HOG:0005833","anchor_module_mean_strength_ratio","mean threshold-normalized anchor strength over present recurrent HOGs",0.0103075150013667,2,2,0,"mixed_or_tied",2,0.5,0.0103075150013667,940
"anchor_250","HOG:0006334","internal_edge_density","edge density among anchor-resolved recurrent-HOG copies",-0.0101594583105641,2,2,0,"mixed_or_tied",2,0.5,0.0101594583105641,941
"anchor_01","HOG:0020610","anchor_module_mean_strength_ratio","mean threshold-normalized anchor strength over present recurrent HOGs",-0.0100811255317551,2,2,0,"mixed_or_tied",2,0.5,0.0100811255317551,942
"anchor_139","HOG:0005689","anchor_module_mean_strength_ratio","mean threshold-normalized anchor strength over present recurrent HOGs",-0.0100057296596858,2,2,0,"mixed_or_tied",2,0.5,0.0100057296596858,943
"anchor_151","HOG:0028263","recurrent_coverage","fraction of recurrent HOGs resolved as anchor neighbors",0.01,2,2,0,"mixed_or_tied",2,0.5,0.01,944
"anchor_92","HOG:0028695","internal_edge_density","edge density among anchor-resolved recurrent-HOG copies",-0.00982222196017218,2,2,0,"mixed_or_tied",2,0.5,0.00982222196017218,945
"anchor_100","HOG:0012035","internal_edge_density","edge density among anchor-resolved recurrent-HOG copies",0.00975103070979627,2,2,0,"mixed_or_tied",2,0.5,0.00975103070979627,946
"anchor_14","HOG:0012056","internal_edge_density","edge density among anchor-resolved recurrent-HOG copies",-0.0096605838094242,2,2,0,"mixed_or_tied",2,0.5,0.0096605838094242,947
"anchor_139","HOG:0005689","recurrent_coverage","fraction of recurrent HOGs resolved as anchor neighbors",-0.00943396226415094,2,2,0,"mixed_or_tied",2,0.5,0.00943396226415094,948
"anchor_289","HOG:0012227","internal_edge_density","edge density among anchor-resolved recurrent-HOG copies",0.00928104575163397,2,2,0,"mixed_or_tied",2,0.5,0.00928104575163397,949
"anchor_306","HOG:0010549","internal_edge_density","edge density among anchor-resolved recurrent-HOG copies",0.00924601764502075,2,2,0,"mixed_or_tied",2,0.5,0.00924601764502075,950
"anchor_126","HOG:0000096","recurrent_coverage","fraction of recurrent HOGs resolved as anchor neighbors",-0.00909090909090909,1,2,1,"perennial_higher",2,0.5,0.00909090909090909,951
"anchor_69","HOG:0033359","anchor_module_mean_strength_ratio","mean threshold-normalized anchor strength over present recurrent HOGs",-0.00893261420179281,2,2,0,"mixed_or_tied",2,0.5,0.00893261420179281,952
"anchor_170","HOG:0025923","recurrent_coverage","fraction of recurrent HOGs resolved as anchor neighbors",0.00862068965517243,2,1,1,"annual_higher",2,0.5,0.00862068965517243,953
"anchor_320","HOG:0005833","internal_edge_density","edge density among anchor-resolved recurrent-HOG copies",0.00848847547139764,2,2,0,"mixed_or_tied",2,0.5,0.00848847547139764,954
"anchor_173","HOG:0011717","internal_edge_density","edge density among anchor-resolved recurrent-HOG copies",0.00840142081928463,2,2,0,"mixed_or_tied",2,0.5,0.00840142081928463,955
"anchor_207","HOG:0032903","internal_edge_density","edge density among anchor-resolved recurrent-HOG copies",0.0079873726625932,2,2,0,"mixed_or_tied",2,0.5,0.0079873726625932,956
"anchor_274","HOG:0019536","internal_edge_density","edge density among anchor-resolved recurrent-HOG copies",0.00787371263912895,2,2,0,"mixed_or_tied",2,0.5,0.00787371263912895,957
"anchor_177","HOG:0000535","internal_edge_density","edge density among anchor-resolved recurrent-HOG copies",-0.00787054377847218,2,2,0,"mixed_or_tied",2,0.5,0.00787054377847218,958
"anchor_129","HOG:0029472","internal_edge_density","edge density among anchor-resolved recurrent-HOG copies",0.00776221212703571,2,2,0,"mixed_or_tied",2,0.5,0.00776221212703571,959
"anchor_169","HOG:0030801","recurrent_coverage","fraction of recurrent HOGs resolved as anchor neighbors",-0.00746268656716415,2,2,0,"mixed_or_tied",2,0.5,0.00746268656716415,960
"anchor_137","HOG:0012334","internal_edge_density","edge density among anchor-resolved recurrent-HOG copies",0.00738967928623097,2,2,0,"mixed_or_tied",2,0.5,0.00738967928623097,961
"anchor_125","HOG:0018534","recurrent_coverage","fraction of recurrent HOGs resolved as anchor neighbors",0.00735294117647056,2,2,0,"mixed_or_tied",2,0.5,0.00735294117647056,962
"anchor_336","HOG:0032436","anchor_module_mean_strength_ratio","mean threshold-normalized anchor strength over present recurrent HOGs",-0.00724230027669726,2,2,0,"mixed_or_tied",2,0.5,0.00724230027669726,963
"anchor_62","HOG:0024791","internal_edge_density","edge density among anchor-resolved recurrent-HOG copies",-0.00721633225359147,2,2,0,"mixed_or_tied",2,0.5,0.00721633225359147,964
"anchor_190","HOG:0032397","internal_edge_density","edge density among anchor-resolved recurrent-HOG copies",0.00705551402679622,2,2,0,"mixed_or_tied",2,0.5,0.00705551402679622,965
"anchor_185","HOG:0005683","anchor_module_mean_strength_ratio","mean threshold-normalized anchor strength over present recurrent HOGs",-0.00656916370203511,2,2,0,"mixed_or_tied",2,0.5,0.00656916370203511,966
"anchor_283","HOG:0026360","internal_edge_density","edge density among anchor-resolved recurrent-HOG copies",-0.00642877411624188,2,2,0,"mixed_or_tied",2,0.5,0.00642877411624188,967
"anchor_01","HOG:0020610","recurrent_coverage","fraction of recurrent HOGs resolved as anchor neighbors",-0.00636942675159236,2,2,0,"mixed_or_tied",2,0.5,0.00636942675159236,968
"anchor_265","HOG:0016371","internal_edge_density","edge density among anchor-resolved recurrent-HOG copies",-0.00629090788051595,2,2,0,"mixed_or_tied",2,0.5,0.00629090788051595,969
"anchor_97","HOG:0011541","internal_edge_density","edge density among anchor-resolved recurrent-HOG copies",0.00623296582598909,2,2,0,"mixed_or_tied",2,0.5,0.00623296582598909,970
"anchor_246","HOG:0027495","anchor_module_mean_strength_ratio","mean threshold-normalized anchor strength over present recurrent HOGs",-0.00614340075999065,2,2,0,"mixed_or_tied",2,0.5,0.00614340075999065,971
"anchor_163","HOG:0008717","internal_edge_density","edge density among anchor-resolved recurrent-HOG copies",0.00593671972643334,2,2,0,"mixed_or_tied",2,0.5,0.00593671972643334,972
"anchor_314","HOG:0031066","internal_edge_density","edge density among anchor-resolved recurrent-HOG copies",0.00578201482175511,2,2,0,"mixed_or_tied",2,0.5,0.00578201482175511,973
"anchor_246","HOG:0027495","recurrent_coverage","fraction of recurrent HOGs resolved as anchor neighbors",-0.0057471264367816,2,2,0,"mixed_or_tied",2,0.5,0.0057471264367816,974
"anchor_96","HOG:0012012","recurrent_coverage","fraction of recurrent HOGs resolved as anchor neighbors",-0.0056179775280899,0,2,2,"perennial_higher",2,0.5,0.0056179775280899,975
"anchor_150","HOG:0011478","anchor_module_mean_strength_ratio","mean threshold-normalized anchor strength over present recurrent HOGs",0.0054901766921901,2,2,0,"mixed_or_tied",2,0.5,0.0054901766921901,976
"anchor_135","HOG:0004114","recurrent_coverage","fraction of recurrent HOGs resolved as anchor neighbors",0.00531914893617019,2,2,0,"mixed_or_tied",2,0.5,0.00531914893617019,977
"anchor_285","HOG:0025342","internal_edge_density","edge density among anchor-resolved recurrent-HOG copies",0.00512669305238972,2,2,0,"mixed_or_tied",2,0.5,0.00512669305238972,978
"anchor_170","HOG:0025923","anchor_module_mean_strength_ratio","mean threshold-normalized anchor strength over present recurrent HOGs",0.00500141670080712,2,2,0,"mixed_or_tied",2,0.5,0.00500141670080712,979
"anchor_03","HOG:0011532","internal_edge_density","edge density among anchor-resolved recurrent-HOG copies",-0.00498799937643835,2,2,0,"mixed_or_tied",2,0.5,0.00498799937643835,980
"anchor_151","HOG:0028263","internal_edge_density","edge density among anchor-resolved recurrent-HOG copies",-0.0044670913754688,2,2,0,"mixed_or_tied",2,0.5,0.0044670913754688,981
"anchor_206","HOG:0007920","internal_edge_density","edge density among anchor-resolved recurrent-HOG copies",0.00379567083349336,2,2,0,"mixed_or_tied",2,0.5,0.00379567083349336,982
"anchor_55","HOG:0021036","internal_edge_density","edge density among anchor-resolved recurrent-HOG copies",-0.00366483951647861,2,2,0,"mixed_or_tied",2,0.5,0.00366483951647861,983
"anchor_169","HOG:0030801","anchor_module_mean_strength_ratio","mean threshold-normalized anchor strength over present recurrent HOGs",-0.00336920044671746,2,2,0,"mixed_or_tied",2,0.5,0.00336920044671746,984
"anchor_307","HOG:0010703","anchor_module_mean_strength_ratio","mean threshold-normalized anchor strength over present recurrent HOGs",-0.00325990445593119,2,2,0,"mixed_or_tied",2,0.5,0.00325990445593119,985
"anchor_221","HOG:0028333","internal_edge_density","edge density among anchor-resolved recurrent-HOG copies",-0.00324683156564692,2,2,0,"mixed_or_tied",2,0.5,0.00324683156564692,986
"anchor_36","HOG:0018221","internal_edge_density","edge density among anchor-resolved recurrent-HOG copies",-0.00309679211197267,2,2,0,"mixed_or_tied",2,0.5,0.00309679211197267,987
"anchor_158","HOG:0006208","internal_edge_density","edge density among anchor-resolved recurrent-HOG copies",0.00300852679912422,2,2,0,"mixed_or_tied",2,0.5,0.00300852679912422,988
"anchor_148","HOG:0020549","internal_edge_density","edge density among anchor-resolved recurrent-HOG copies",-0.0027777773864015,2,2,0,"mixed_or_tied",2,0.5,0.0027777773864015,989
"anchor_131","HOG:0012340","internal_edge_density","edge density among anchor-resolved recurrent-HOG copies",-0.00258828994685045,2,2,0,"mixed_or_tied",2,0.5,0.00258828994685045,990
"anchor_188","HOG:0005666","internal_edge_density","edge density among anchor-resolved recurrent-HOG copies",0.00256097150098555,2,2,0,"mixed_or_tied",2,0.5,0.00256097150098555,991
"anchor_122","HOG:0012297","internal_edge_density","edge density among anchor-resolved recurrent-HOG copies",0.00251890759589685,2,2,0,"mixed_or_tied",2,0.5,0.00251890759589685,992
"anchor_85","HOG:0032061","internal_edge_density","edge density among anchor-resolved recurrent-HOG copies",-0.00248536929142557,2,2,0,"mixed_or_tied",2,0.5,0.00248536929142557,993
"anchor_332","HOG:0028850","internal_edge_density","edge density among anchor-resolved recurrent-HOG copies",0.00228744244895956,2,2,0,"mixed_or_tied",2,0.5,0.00228744244895956,994
"anchor_135","HOG:0004114","anchor_module_mean_strength_ratio","mean threshold-normalized anchor strength over present recurrent HOGs",-0.0016300600535798,2,2,0,"mixed_or_tied",2,0.5,0.0016300600535798,995
"anchor_68","HOG:0000537","anchor_module_mean_strength_ratio","mean threshold-normalized anchor strength over present recurrent HOGs",-0.00155087506118123,2,2,0,"mixed_or_tied",2,0.5,0.00155087506118123,996
"anchor_216","HOG:0016625","internal_edge_density","edge density among anchor-resolved recurrent-HOG copies",0.00117899275780875,2,2,0,"mixed_or_tied",2,0.5,0.00117899275780875,997
"anchor_120","HOG:0027421","anchor_module_mean_strength_ratio","mean threshold-normalized anchor strength over present recurrent HOGs",-0.0009340221356266,2,2,0,"mixed_or_tied",2,0.5,0.0009340221356266,998
"anchor_172","HOG:0007645","internal_edge_density","edge density among anchor-resolved recurrent-HOG copies",0.000743931933267383,2,2,0,"mixed_or_tied",2,0.5,0.000743931933267383,999
"anchor_156","HOG:0026499","internal_edge_density","edge density among anchor-resolved recurrent-HOG copies",0.000433258137436665,2,2,0,"mixed_or_tied",2,0.5,0.000433258137436665,1000
"anchor_213","HOG:0026073","internal_edge_density","edge density among anchor-resolved recurrent-HOG copies",-0.00037097513147627,2,2,0,"mixed_or_tied",2,0.5,0.00037097513147627,1001
"anchor_294","HOG:0026361","anchor_module_mean_strength_ratio","mean threshold-normalized anchor strength over present recurrent HOGs",-0.000258039199521054,2,2,0,"mixed_or_tied",2,0.5,0.000258039199521054,1002
"anchor_224","HOG:0020382","anchor_module_mean_strength_ratio","mean threshold-normalized anchor strength over present recurrent HOGs",-0.000240858165110658,2,2,0,"mixed_or_tied",2,0.5,0.000240858165110658,1003
"anchor_203","HOG:0018504","anchor_module_mean_strength_ratio","mean threshold-normalized anchor strength over present recurrent HOGs",6.80761759925819e-05,2,2,0,"mixed_or_tied",2,0.5,6.80761759925819e-05,1004
"anchor_164","HOG:0027054","internal_edge_density","edge density among anchor-resolved recurrent-HOG copies",-2.34320569431068e-06,2,2,0,"mixed_or_tied",2,0.5,2.34320569431068e-06,1005
"anchor_224","HOG:0020382","recurrent_coverage","fraction of recurrent HOGs resolved as anchor neighbors",5.55111512312578e-17,2,2,0,"mixed_or_tied",2,0.5,5.55111512312578e-17,1006
"anchor_120","HOG:0027421","recurrent_coverage","fraction of recurrent HOGs resolved as anchor neighbors",5.55111512312578e-17,2,2,0,"mixed_or_tied",2,0.5,5.55111512312578e-17,1007
"anchor_68","HOG:0000537","recurrent_coverage","fraction of recurrent HOGs resolved as anchor neighbors",0,2,2,0,"mixed_or_tied",2,0.5,0,1008
"anchor_185","HOG:0005683","recurrent_coverage","fraction of recurrent HOGs resolved as anchor neighbors",0,2,2,0,"mixed_or_tied",2,0.5,0,1009
"anchor_307","HOG:0010703","recurrent_coverage","fraction of recurrent HOGs resolved as anchor neighbors",0,2,2,0,"mixed_or_tied",2,0.5,0,1010
"anchor_150","HOG:0011478","recurrent_coverage","fraction of recurrent HOGs resolved as anchor neighbors",0,2,2,0,"mixed_or_tied",2,0.5,0,1011
"anchor_294","HOG:0026361","recurrent_coverage","fraction of recurrent HOGs resolved as anchor neighbors",0,2,2,0,"mixed_or_tied",2,0.5,0,1012
"anchor_336","HOG:0032436","recurrent_coverage","fraction of recurrent HOGs resolved as anchor neighbors",0,2,2,0,"mixed_or_tied",2,0.5,0,1013
"anchor_175","HOG:0003782","largest_component_fraction","fraction of resolved HOGs in the largest connected component",0,1,0,3,"annual_higher",1,0.25,0,1014
"anchor_172","HOG:0007645","largest_component_fraction","fraction of resolved HOGs in the largest connected component",0,0,1,3,"perennial_higher",1,0.25,0,1015
"anchor_282","HOG:0008732","largest_component_fraction","fraction of resolved HOGs in the largest connected component",0,0,1,3,"perennial_higher",1,0.25,0,1016
"anchor_315","HOG:0008733","largest_component_fraction","fraction of resolved HOGs in the largest connected component",0,1,0,3,"annual_higher",1,0.25,0,1017
"anchor_307","HOG:0010703","largest_component_fraction","fraction of resolved HOGs in the largest connected component",0,1,0,3,"annual_higher",1,0.25,0,1018
"anchor_302","HOG:0011628","largest_component_fraction","fraction of resolved HOGs in the largest connected component",0,0,1,3,"perennial_higher",1,0.25,0,1019
"anchor_243","HOG:0012390","largest_component_fraction","fraction of resolved HOGs in the largest connected component",0,1,0,3,"annual_higher",1,0.25,0,1020
"anchor_223","HOG:0013389","largest_component_fraction","fraction of resolved HOGs in the largest connected component",0,0,1,3,"perennial_higher",1,0.25,0,1021
"anchor_308","HOG:0014354","largest_component_fraction","fraction of resolved HOGs in the largest connected component",0,0,1,3,"perennial_higher",1,0.25,0,1022
"anchor_212","HOG:0018037","largest_component_fraction","fraction of resolved HOGs in the largest connected component",0,0,1,3,"perennial_higher",1,0.25,0,1023
"anchor_292","HOG:0018454","largest_component_fraction","fraction of resolved HOGs in the largest connected component",0,1,0,3,"annual_higher",1,0.25,0,1024
"anchor_203","HOG:0018504","recurrent_coverage","fraction of recurrent HOGs resolved as anchor neighbors",0,1,1,2,"mixed_or_tied",1,0.25,0,1025
"anchor_232","HOG:0019459","largest_component_fraction","fraction of resolved HOGs in the largest connected component",0,0,1,3,"perennial_higher",1,0.25,0,1026
"anchor_224","HOG:0020382","largest_component_fraction","fraction of resolved HOGs in the largest connected component",0,0,1,3,"perennial_higher",1,0.25,0,1027
"anchor_133","HOG:0020711","largest_component_fraction","fraction of resolved HOGs in the largest connected component",0,1,0,3,"annual_higher",1,0.25,0,1028
"anchor_252","HOG:0022123","largest_component_fraction","fraction of resolved HOGs in the largest connected component",0,1,0,3,"annual_higher",1,0.25,0,1029
"anchor_300","HOG:0023036","largest_component_fraction","fraction of resolved HOGs in the largest connected component",0,0,1,3,"perennial_higher",1,0.25,0,1030
"anchor_81","HOG:0023669","largest_component_fraction","fraction of resolved HOGs in the largest connected component",0,1,0,3,"annual_higher",1,0.25,0,1031
"anchor_299","HOG:0025316","largest_component_fraction","fraction of resolved HOGs in the largest connected component",0,1,0,3,"annual_higher",1,0.25,0,1032
"anchor_330","HOG:0025801","largest_component_fraction","fraction of resolved HOGs in the largest connected component",0,0,1,3,"perennial_higher",1,0.25,0,1033
"anchor_323","HOG:0026451","largest_component_fraction","fraction of resolved HOGs in the largest connected component",0,1,0,3,"annual_higher",1,0.25,0,1034
"anchor_145","HOG:0026774","largest_component_fraction","fraction of resolved HOGs in the largest connected component",0,0,1,3,"perennial_higher",1,0.25,0,1035
"anchor_237","HOG:0026838","largest_component_fraction","fraction of resolved HOGs in the largest connected component",0,1,0,3,"annual_higher",1,0.25,0,1036
"anchor_182","HOG:0027090","largest_component_fraction","fraction of resolved HOGs in the largest connected component",0,1,0,3,"annual_higher",1,0.25,0,1037
"anchor_321","HOG:0028005","largest_component_fraction","fraction of resolved HOGs in the largest connected component",0,0,1,3,"perennial_higher",1,0.25,0,1038
"anchor_152","HOG:0028198","largest_component_fraction","fraction of resolved HOGs in the largest connected component",0,1,0,3,"annual_higher",1,0.25,0,1039
"anchor_332","HOG:0028850","largest_component_fraction","fraction of resolved HOGs in the largest connected component",0,1,0,3,"annual_higher",1,0.25,0,1040
"anchor_227","HOG:0032920","largest_component_fraction","fraction of resolved HOGs in the largest connected component",0,1,0,3,"annual_higher",1,0.25,0,1041
"anchor_316","HOG:0000079","largest_component_fraction","fraction of resolved HOGs in the largest connected component",0,0,0,4,"mixed_or_tied",0,0,0,1042
"anchor_126","HOG:0000096","largest_component_fraction","fraction of resolved HOGs in the largest connected component",0,0,0,4,"mixed_or_tied",0,0,0,1043
"anchor_168","HOG:0000122","largest_component_fraction","fraction of resolved HOGs in the largest connected component",0,0,0,4,"mixed_or_tied",0,0,0,1044
"anchor_44","HOG:0000178","largest_component_fraction","fraction of resolved HOGs in the largest connected component",0,0,0,4,"mixed_or_tied",0,0,0,1045
"anchor_18","HOG:0000191","largest_component_fraction","fraction of resolved HOGs in the largest connected component",0,0,0,4,"mixed_or_tied",0,0,0,1046
"anchor_34","HOG:0000226","largest_component_fraction","fraction of resolved HOGs in the largest connected component",0,0,0,4,"mixed_or_tied",0,0,0,1047
"anchor_229","HOG:0000322","largest_component_fraction","fraction of resolved HOGs in the largest connected component",0,0,0,4,"mixed_or_tied",0,0,0,1048
"anchor_60","HOG:0000465","largest_component_fraction","fraction of resolved HOGs in the largest connected component",0,0,0,4,"mixed_or_tied",0,0,0,1049
"anchor_177","HOG:0000535","largest_component_fraction","fraction of resolved HOGs in the largest connected component",0,0,0,4,"mixed_or_tied",0,0,0,1050
"anchor_68","HOG:0000537","largest_component_fraction","fraction of resolved HOGs in the largest connected component",0,0,0,4,"mixed_or_tied",0,0,0,1051
"anchor_298","HOG:0003541","largest_component_fraction","fraction of resolved HOGs in the largest connected component",0,0,0,4,"mixed_or_tied",0,0,0,1052
"anchor_264","HOG:0003561","largest_component_fraction","fraction of resolved HOGs in the largest connected component",0,0,0,4,"mixed_or_tied",0,0,0,1053
"anchor_322","HOG:0003621","largest_component_fraction","fraction of resolved HOGs in the largest connected component",0,0,0,4,"mixed_or_tied",0,0,0,1054
"anchor_236","HOG:0003795","largest_component_fraction","fraction of resolved HOGs in the largest connected component",0,0,0,4,"mixed_or_tied",0,0,0,1055
"anchor_56","HOG:0004085","largest_component_fraction","fraction of resolved HOGs in the largest connected component",0,0,0,4,"mixed_or_tied",0,0,0,1056
"anchor_135","HOG:0004114","largest_component_fraction","fraction of resolved HOGs in the largest connected component",0,0,0,4,"mixed_or_tied",0,0,0,1057
"anchor_268","HOG:0004116","largest_component_fraction","fraction of resolved HOGs in the largest connected component",0,0,0,4,"mixed_or_tied",0,0,0,1058
"anchor_27","HOG:0004192","largest_component_fraction","fraction of resolved HOGs in the largest connected component",0,0,0,4,"mixed_or_tied",0,0,0,1059
"anchor_87","HOG:0005589","largest_component_fraction","fraction of resolved HOGs in the largest connected component",0,0,0,4,"mixed_or_tied",0,0,0,1060
"anchor_200","HOG:0005639","largest_component_fraction","fraction of resolved HOGs in the largest connected component",0,0,0,4,"mixed_or_tied",0,0,0,1061
"anchor_188","HOG:0005666","largest_component_fraction","fraction of resolved HOGs in the largest connected component",0,0,0,4,"mixed_or_tied",0,0,0,1062
"anchor_185","HOG:0005683","largest_component_fraction","fraction of resolved HOGs in the largest connected component",0,0,0,4,"mixed_or_tied",0,0,0,1063
"anchor_139","HOG:0005689","largest_component_fraction","fraction of resolved HOGs in the largest connected component",0,0,0,4,"mixed_or_tied",0,0,0,1064
"anchor_123","HOG:0005690","largest_component_fraction","fraction of resolved HOGs in the largest connected component",0,0,0,4,"mixed_or_tied",0,0,0,1065
"anchor_32","HOG:0005788","largest_component_fraction","fraction of resolved HOGs in the largest connected component",0,0,0,4,"mixed_or_tied",0,0,0,1066
"anchor_320","HOG:0005833","largest_component_fraction","fraction of resolved HOGs in the largest connected component",0,0,0,4,"mixed_or_tied",0,0,0,1067
"anchor_162","HOG:0005857","largest_component_fraction","fraction of resolved HOGs in the largest connected component",0,0,0,4,"mixed_or_tied",0,0,0,1068
"anchor_198","HOG:0005877","largest_component_fraction","fraction of resolved HOGs in the largest connected component",0,0,0,4,"mixed_or_tied",0,0,0,1069
"anchor_318","HOG:0005960","largest_component_fraction","fraction of resolved HOGs in the largest connected component",0,0,0,4,"mixed_or_tied",0,0,0,1070
"anchor_305","HOG:0006008","largest_component_fraction","fraction of resolved HOGs in the largest connected component",0,0,0,4,"mixed_or_tied",0,0,0,1071
"anchor_102","HOG:0006009","largest_component_fraction","fraction of resolved HOGs in the largest connected component",0,0,0,4,"mixed_or_tied",0,0,0,1072
"anchor_197","HOG:0006052","largest_component_fraction","fraction of resolved HOGs in the largest connected component",0,0,0,4,"mixed_or_tied",0,0,0,1073
"anchor_273","HOG:0006057","largest_component_fraction","fraction of resolved HOGs in the largest connected component",0,0,0,4,"mixed_or_tied",0,0,0,1074
"anchor_08","HOG:0006123","largest_component_fraction","fraction of resolved HOGs in the largest connected component",0,0,0,4,"mixed_or_tied",0,0,0,1075
"anchor_228","HOG:0006131","largest_component_fraction","fraction of resolved HOGs in the largest connected component",0,0,0,4,"mixed_or_tied",0,0,0,1076
"anchor_119","HOG:0006139","largest_component_fraction","fraction of resolved HOGs in the largest connected component",0,0,0,4,"mixed_or_tied",0,0,0,1077
"anchor_253","HOG:0006149","largest_component_fraction","fraction of resolved HOGs in the largest connected component",0,0,0,4,"mixed_or_tied",0,0,0,1078
"anchor_05","HOG:0006205","largest_component_fraction","fraction of resolved HOGs in the largest connected component",0,0,0,4,"mixed_or_tied",0,0,0,1079
"anchor_158","HOG:0006208","largest_component_fraction","fraction of resolved HOGs in the largest connected component",0,0,0,4,"mixed_or_tied",0,0,0,1080
"anchor_64","HOG:0006263","largest_component_fraction","fraction of resolved HOGs in the largest connected component",0,0,0,4,"mixed_or_tied",0,0,0,1081
"anchor_13","HOG:0006264","largest_component_fraction","fraction of resolved HOGs in the largest connected component",0,0,0,4,"mixed_or_tied",0,0,0,1082
"anchor_256","HOG:0006332","largest_component_fraction","fraction of resolved HOGs in the largest connected component",0,0,0,4,"mixed_or_tied",0,0,0,1083
"anchor_250","HOG:0006334","largest_component_fraction","fraction of resolved HOGs in the largest connected component",0,0,0,4,"mixed_or_tied",0,0,0,1084
"anchor_143","HOG:0006346","largest_component_fraction","fraction of resolved HOGs in the largest connected component",0,0,0,4,"mixed_or_tied",0,0,0,1085
"anchor_43","HOG:0006505","largest_component_fraction","fraction of resolved HOGs in the largest connected component",0,0,0,4,"mixed_or_tied",0,0,0,1086
"anchor_196","HOG:0006523","largest_component_fraction","fraction of resolved HOGs in the largest connected component",0,0,0,4,"mixed_or_tied",0,0,0,1087
"anchor_319","HOG:0006661","largest_component_fraction","fraction of resolved HOGs in the largest connected component",0,0,0,4,"mixed_or_tied",0,0,0,1088
"anchor_270","HOG:0007636","largest_component_fraction","fraction of resolved HOGs in the largest connected component",0,0,0,4,"mixed_or_tied",0,0,0,1089
"anchor_16","HOG:0007637","largest_component_fraction","fraction of resolved HOGs in the largest connected component",0,0,0,4,"mixed_or_tied",0,0,0,1090
"anchor_37","HOG:0007638","largest_component_fraction","fraction of resolved HOGs in the largest connected component",0,0,0,4,"mixed_or_tied",0,0,0,1091
"anchor_276","HOG:0007697","largest_component_fraction","fraction of resolved HOGs in the largest connected component",0,0,0,4,"mixed_or_tied",0,0,0,1092
"anchor_127","HOG:0007713","largest_component_fraction","fraction of resolved HOGs in the largest connected component",0,0,0,4,"mixed_or_tied",0,0,0,1093
"anchor_45","HOG:0007725","largest_component_fraction","fraction of resolved HOGs in the largest connected component",0,0,0,4,"mixed_or_tied",0,0,0,1094
"anchor_240","HOG:0007813","largest_component_fraction","fraction of resolved HOGs in the largest connected component",0,0,0,4,"mixed_or_tied",0,0,0,1095
"anchor_101","HOG:0007833","largest_component_fraction","fraction of resolved HOGs in the largest connected component",0,0,0,4,"mixed_or_tied",0,0,0,1096
"anchor_310","HOG:0007835","largest_component_fraction","fraction of resolved HOGs in the largest connected component",0,0,0,4,"mixed_or_tied",0,0,0,1097
"anchor_313","HOG:0007849","largest_component_fraction","fraction of resolved HOGs in the largest connected component",0,0,0,4,"mixed_or_tied",0,0,0,1098
"anchor_277","HOG:0007857","largest_component_fraction","fraction of resolved HOGs in the largest connected component",0,0,0,4,"mixed_or_tied",0,0,0,1099
"anchor_206","HOG:0007920","largest_component_fraction","fraction of resolved HOGs in the largest connected component",0,0,0,4,"mixed_or_tied",0,0,0,1100
"anchor_39","HOG:0007936","largest_component_fraction","fraction of resolved HOGs in the largest connected component",0,0,0,4,"mixed_or_tied",0,0,0,1101
"anchor_171","HOG:0008585","largest_component_fraction","fraction of resolved HOGs in the largest connected component",0,0,0,4,"mixed_or_tied",0,0,0,1102
"anchor_94","HOG:0008605","largest_component_fraction","fraction of resolved HOGs in the largest connected component",0,0,0,4,"mixed_or_tied",0,0,0,1103
"anchor_155","HOG:0008637","largest_component_fraction","fraction of resolved HOGs in the largest connected component",0,0,0,4,"mixed_or_tied",0,0,0,1104
"anchor_333","HOG:0008696","largest_component_fraction","fraction of resolved HOGs in the largest connected component",0,0,0,4,"mixed_or_tied",0,0,0,1105
"anchor_124","HOG:0008697","largest_component_fraction","fraction of resolved HOGs in the largest connected component",0,0,0,4,"mixed_or_tied",0,0,0,1106
"anchor_163","HOG:0008717","largest_component_fraction","fraction of resolved HOGs in the largest connected component",0,0,0,4,"mixed_or_tied",0,0,0,1107
"anchor_192","HOG:0010481","largest_component_fraction","fraction of resolved HOGs in the largest connected component",0,0,0,4,"mixed_or_tied",0,0,0,1108
"anchor_202","HOG:0010482","largest_component_fraction","fraction of resolved HOGs in the largest connected component",0,0,0,4,"mixed_or_tied",0,0,0,1109
"anchor_306","HOG:0010549","largest_component_fraction","fraction of resolved HOGs in the largest connected component",0,0,0,4,"mixed_or_tied",0,0,0,1110
"anchor_178","HOG:0010551","largest_component_fraction","fraction of resolved HOGs in the largest connected component",0,0,0,4,"mixed_or_tied",0,0,0,1111
"anchor_29","HOG:0010571","largest_component_fraction","fraction of resolved HOGs in the largest connected component",0,0,0,4,"mixed_or_tied",0,0,0,1112
"anchor_74","HOG:0010710","largest_component_fraction","fraction of resolved HOGs in the largest connected component",0,0,0,4,"mixed_or_tied",0,0,0,1113
"anchor_50","HOG:0010736","largest_component_fraction","fraction of resolved HOGs in the largest connected component",0,0,0,4,"mixed_or_tied",0,0,0,1114
"anchor_187","HOG:0010929","largest_component_fraction","fraction of resolved HOGs in the largest connected component",0,0,0,4,"mixed_or_tied",0,0,0,1115
"anchor_38","HOG:0011023","largest_component_fraction","fraction of resolved HOGs in the largest connected component",0,0,0,4,"mixed_or_tied",0,0,0,1116
"anchor_281","HOG:0011064","largest_component_fraction","fraction of resolved HOGs in the largest connected component",0,0,0,4,"mixed_or_tied",0,0,0,1117
"anchor_31","HOG:0011086","largest_component_fraction","fraction of resolved HOGs in the largest connected component",0,0,0,4,"mixed_or_tied",0,0,0,1118
"anchor_150","HOG:0011478","largest_component_fraction","fraction of resolved HOGs in the largest connected component",0,0,0,4,"mixed_or_tied",0,0,0,1119
"anchor_251","HOG:0011497","largest_component_fraction","fraction of resolved HOGs in the largest connected component",0,0,0,4,"mixed_or_tied",0,0,0,1120
"anchor_103","HOG:0011510","largest_component_fraction","fraction of resolved HOGs in the largest connected component",0,0,0,4,"mixed_or_tied",0,0,0,1121
"anchor_03","HOG:0011532","largest_component_fraction","fraction of resolved HOGs in the largest connected component",0,0,0,4,"mixed_or_tied",0,0,0,1122
"anchor_309","HOG:0011540","largest_component_fraction","fraction of resolved HOGs in the largest connected component",0,0,0,4,"mixed_or_tied",0,0,0,1123
"anchor_97","HOG:0011541","largest_component_fraction","fraction of resolved HOGs in the largest connected component",0,0,0,4,"mixed_or_tied",0,0,0,1124
"anchor_181","HOG:0011544","largest_component_fraction","fraction of resolved HOGs in the largest connected component",0,0,0,4,"mixed_or_tied",0,0,0,1125
"anchor_109","HOG:0011640","largest_component_fraction","fraction of resolved HOGs in the largest connected component",0,0,0,4,"mixed_or_tied",0,0,0,1126
"anchor_22","HOG:0011649","largest_component_fraction","fraction of resolved HOGs in the largest connected component",0,0,0,4,"mixed_or_tied",0,0,0,1127
"anchor_220","HOG:0011715","largest_component_fraction","fraction of resolved HOGs in the largest connected component",0,0,0,4,"mixed_or_tied",0,0,0,1128
"anchor_173","HOG:0011717","largest_component_fraction","fraction of resolved HOGs in the largest connected component",0,0,0,4,"mixed_or_tied",0,0,0,1129
"anchor_07","HOG:0011862","largest_component_fraction","fraction of resolved HOGs in the largest connected component",0,0,0,4,"mixed_or_tied",0,0,0,1130
"anchor_257","HOG:0011942","largest_component_fraction","fraction of resolved HOGs in the largest connected component",0,0,0,4,"mixed_or_tied",0,0,0,1131
"anchor_260","HOG:0012011","largest_component_fraction","fraction of resolved HOGs in the largest connected component",0,0,0,4,"mixed_or_tied",0,0,0,1132
"anchor_96","HOG:0012012","largest_component_fraction","fraction of resolved HOGs in the largest connected component",0,0,0,4,"mixed_or_tied",0,0,0,1133
"anchor_100","HOG:0012035","largest_component_fraction","fraction of resolved HOGs in the largest connected component",0,0,0,4,"mixed_or_tied",0,0,0,1134
"anchor_14","HOG:0012056","largest_component_fraction","fraction of resolved HOGs in the largest connected component",0,0,0,4,"mixed_or_tied",0,0,0,1135
"anchor_136","HOG:0012101","largest_component_fraction","fraction of resolved HOGs in the largest connected component",0,0,0,4,"mixed_or_tied",0,0,0,1136
"anchor_230","HOG:0012102","largest_component_fraction","fraction of resolved HOGs in the largest connected component",0,0,0,4,"mixed_or_tied",0,0,0,1137
"anchor_289","HOG:0012227","largest_component_fraction","fraction of resolved HOGs in the largest connected component",0,0,0,4,"mixed_or_tied",0,0,0,1138
"anchor_52","HOG:0012253","largest_component_fraction","fraction of resolved HOGs in the largest connected component",0,0,0,4,"mixed_or_tied",0,0,0,1139
"anchor_204","HOG:0012261","largest_component_fraction","fraction of resolved HOGs in the largest connected component",0,0,0,4,"mixed_or_tied",0,0,0,1140
"anchor_122","HOG:0012297","largest_component_fraction","fraction of resolved HOGs in the largest connected component",0,0,0,4,"mixed_or_tied",0,0,0,1141
"anchor_137","HOG:0012334","largest_component_fraction","fraction of resolved HOGs in the largest connected component",0,0,0,4,"mixed_or_tied",0,0,0,1142
"anchor_131","HOG:0012340","largest_component_fraction","fraction of resolved HOGs in the largest connected component",0,0,0,4,"mixed_or_tied",0,0,0,1143
"anchor_35","HOG:0012402","largest_component_fraction","fraction of resolved HOGs in the largest connected component",0,0,0,4,"mixed_or_tied",0,0,0,1144
"anchor_215","HOG:0012403","largest_component_fraction","fraction of resolved HOGs in the largest connected component",0,0,0,4,"mixed_or_tied",0,0,0,1145
"anchor_106","HOG:0012511","largest_component_fraction","fraction of resolved HOGs in the largest connected component",0,0,0,4,"mixed_or_tied",0,0,0,1146
"anchor_210","HOG:0012540","largest_component_fraction","fraction of resolved HOGs in the largest connected component",0,0,0,4,"mixed_or_tied",0,0,0,1147
"anchor_247","HOG:0013148","largest_component_fraction","fraction of resolved HOGs in the largest connected component",0,0,0,4,"mixed_or_tied",0,0,0,1148
"anchor_329","HOG:0014208","largest_component_fraction","fraction of resolved HOGs in the largest connected component",0,0,0,4,"mixed_or_tied",0,0,0,1149
"anchor_269","HOG:0016116","largest_component_fraction","fraction of resolved HOGs in the largest connected component",0,0,0,4,"mixed_or_tied",0,0,0,1150
"anchor_61","HOG:0016166","largest_component_fraction","fraction of resolved HOGs in the largest connected component",0,0,0,4,"mixed_or_tied",0,0,0,1151
"anchor_233","HOG:0016200","largest_component_fraction","fraction of resolved HOGs in the largest connected component",0,0,0,4,"mixed_or_tied",0,0,0,1152
"anchor_265","HOG:0016371","largest_component_fraction","fraction of resolved HOGs in the largest connected component",0,0,0,4,"mixed_or_tied",0,0,0,1153
"anchor_25","HOG:0016389","largest_component_fraction","fraction of resolved HOGs in the largest connected component",0,0,0,4,"mixed_or_tied",0,0,0,1154
"anchor_166","HOG:0016397","largest_component_fraction","fraction of resolved HOGs in the largest connected component",0,0,0,4,"mixed_or_tied",0,0,0,1155
"anchor_76","HOG:0016566","largest_component_fraction","fraction of resolved HOGs in the largest connected component",0,0,0,4,"mixed_or_tied",0,0,0,1156
"anchor_216","HOG:0016625","largest_component_fraction","fraction of resolved HOGs in the largest connected component",0,0,0,4,"mixed_or_tied",0,0,0,1157
"anchor_75","HOG:0016636","largest_component_fraction","fraction of resolved HOGs in the largest connected component",0,0,0,4,"mixed_or_tied",0,0,0,1158
"anchor_53","HOG:0016795","largest_component_fraction","fraction of resolved HOGs in the largest connected component",0,0,0,4,"mixed_or_tied",0,0,0,1159
"anchor_33","HOG:0016909","largest_component_fraction","fraction of resolved HOGs in the largest connected component",0,0,0,4,"mixed_or_tied",0,0,0,1160
"anchor_111","HOG:0016913","largest_component_fraction","fraction of resolved HOGs in the largest connected component",0,0,0,4,"mixed_or_tied",0,0,0,1161
"anchor_249","HOG:0016944","largest_component_fraction","fraction of resolved HOGs in the largest connected component",0,0,0,4,"mixed_or_tied",0,0,0,1162
"anchor_79","HOG:0017159","largest_component_fraction","fraction of resolved HOGs in the largest connected component",0,0,0,4,"mixed_or_tied",0,0,0,1163
"anchor_235","HOG:0017160","largest_component_fraction","fraction of resolved HOGs in the largest connected component",0,0,0,4,"mixed_or_tied",0,0,0,1164
"anchor_199","HOG:0017178","largest_component_fraction","fraction of resolved HOGs in the largest connected component",0,0,0,4,"mixed_or_tied",0,0,0,1165
"anchor_242","HOG:0017189","largest_component_fraction","fraction of resolved HOGs in the largest connected component",0,0,0,4,"mixed_or_tied",0,0,0,1166
"anchor_214","HOG:0017319","largest_component_fraction","fraction of resolved HOGs in the largest connected component",0,0,0,4,"mixed_or_tied",0,0,0,1167
"anchor_176","HOG:0018009","largest_component_fraction","fraction of resolved HOGs in the largest connected component",0,0,0,4,"mixed_or_tied",0,0,0,1168
"anchor_98","HOG:0018100","largest_component_fraction","fraction of resolved HOGs in the largest connected component",0,0,0,4,"mixed_or_tied",0,0,0,1169
"anchor_36","HOG:0018221","largest_component_fraction","fraction of resolved HOGs in the largest connected component",0,0,0,4,"mixed_or_tied",0,0,0,1170
"anchor_65","HOG:0018364","largest_component_fraction","fraction of resolved HOGs in the largest connected component",0,0,0,4,"mixed_or_tied",0,0,0,1171
"anchor_203","HOG:0018504","largest_component_fraction","fraction of resolved HOGs in the largest connected component",0,0,0,4,"mixed_or_tied",0,0,0,1172
"anchor_125","HOG:0018534","largest_component_fraction","fraction of resolved HOGs in the largest connected component",0,0,0,4,"mixed_or_tied",0,0,0,1173
"anchor_04","HOG:0019394","largest_component_fraction","fraction of resolved HOGs in the largest connected component",0,0,0,4,"mixed_or_tied",0,0,0,1174
"anchor_274","HOG:0019536","largest_component_fraction","fraction of resolved HOGs in the largest connected component",0,0,0,4,"mixed_or_tied",0,0,0,1175
"anchor_19","HOG:0019927","largest_component_fraction","fraction of resolved HOGs in the largest connected component",0,0,0,4,"mixed_or_tied",0,0,0,1176
"anchor_02","HOG:0020076","largest_component_fraction","fraction of resolved HOGs in the largest connected component",0,0,0,4,"mixed_or_tied",0,0,0,1177
"anchor_107","HOG:0020293","largest_component_fraction","fraction of resolved HOGs in the largest connected component",0,0,0,4,"mixed_or_tied",0,0,0,1178
"anchor_47","HOG:0020310","largest_component_fraction","fraction of resolved HOGs in the largest connected component",0,0,0,4,"mixed_or_tied",0,0,0,1179
"anchor_26","HOG:0020311","largest_component_fraction","fraction of resolved HOGs in the largest connected component",0,0,0,4,"mixed_or_tied",0,0,0,1180
"anchor_63","HOG:0020349","largest_component_fraction","fraction of resolved HOGs in the largest connected component",0,0,0,4,"mixed_or_tied",0,0,0,1181
"anchor_49","HOG:0020408","largest_component_fraction","fraction of resolved HOGs in the largest connected component",0,0,0,4,"mixed_or_tied",0,0,0,1182
"anchor_148","HOG:0020549","largest_component_fraction","fraction of resolved HOGs in the largest connected component",0,0,0,4,"mixed_or_tied",0,0,0,1183
"anchor_01","HOG:0020610","largest_component_fraction","fraction of resolved HOGs in the largest connected component",0,0,0,4,"mixed_or_tied",0,0,0,1184
"anchor_55","HOG:0021036","largest_component_fraction","fraction of resolved HOGs in the largest connected component",0,0,0,4,"mixed_or_tied",0,0,0,1185
"anchor_117","HOG:0021123","largest_component_fraction","fraction of resolved HOGs in the largest connected component",0,0,0,4,"mixed_or_tied",0,0,0,1186
"anchor_104","HOG:0021825","largest_component_fraction","fraction of resolved HOGs in the largest connected component",0,0,0,4,"mixed_or_tied",0,0,0,1187
"anchor_46","HOG:0021895","largest_component_fraction","fraction of resolved HOGs in the largest connected component",0,0,0,4,"mixed_or_tied",0,0,0,1188
"anchor_11","HOG:0021930","largest_component_fraction","fraction of resolved HOGs in the largest connected component",0,0,0,4,"mixed_or_tied",0,0,0,1189
"anchor_328","HOG:0021943","largest_component_fraction","fraction of resolved HOGs in the largest connected component",0,0,0,4,"mixed_or_tied",0,0,0,1190
"anchor_21","HOG:0022504","largest_component_fraction","fraction of resolved HOGs in the largest connected component",0,0,0,4,"mixed_or_tied",0,0,0,1191
"anchor_54","HOG:0022739","largest_component_fraction","fraction of resolved HOGs in the largest connected component",0,0,0,4,"mixed_or_tied",0,0,0,1192
"anchor_284","HOG:0022810","largest_component_fraction","fraction of resolved HOGs in the largest connected component",0,0,0,4,"mixed_or_tied",0,0,0,1193
"anchor_15","HOG:0022830","largest_component_fraction","fraction of resolved HOGs in the largest connected component",0,0,0,4,"mixed_or_tied",0,0,0,1194
"anchor_191","HOG:0022918","largest_component_fraction","fraction of resolved HOGs in the largest connected component",0,0,0,4,"mixed_or_tied",0,0,0,1195
"anchor_311","HOG:0022963","largest_component_fraction","fraction of resolved HOGs in the largest connected component",0,0,0,4,"mixed_or_tied",0,0,0,1196
"anchor_334","HOG:0023048","largest_component_fraction","fraction of resolved HOGs in the largest connected component",0,0,0,4,"mixed_or_tied",0,0,0,1197
"anchor_10","HOG:0023085","largest_component_fraction","fraction of resolved HOGs in the largest connected component",0,0,0,4,"mixed_or_tied",0,0,0,1198
"anchor_231","HOG:0023138","largest_component_fraction","fraction of resolved HOGs in the largest connected component",0,0,0,4,"mixed_or_tied",0,0,0,1199
"anchor_51","HOG:0023192","largest_component_fraction","fraction of resolved HOGs in the largest connected component",0,0,0,4,"mixed_or_tied",0,0,0,1200
"anchor_91","HOG:0023227","largest_component_fraction","fraction of resolved HOGs in the largest connected component",0,0,0,4,"mixed_or_tied",0,0,0,1201
"anchor_83","HOG:0023230","largest_component_fraction","fraction of resolved HOGs in the largest connected component",0,0,0,4,"mixed_or_tied",0,0,0,1202
"anchor_59","HOG:0023358","largest_component_fraction","fraction of resolved HOGs in the largest connected component",0,0,0,4,"mixed_or_tied",0,0,0,1203
"anchor_48","HOG:0023400","largest_component_fraction","fraction of resolved HOGs in the largest connected component",0,0,0,4,"mixed_or_tied",0,0,0,1204
"anchor_324","HOG:0023427","largest_component_fraction","fraction of resolved HOGs in the largest connected component",0,0,0,4,"mixed_or_tied",0,0,0,1205
"anchor_154","HOG:0023439","largest_component_fraction","fraction of resolved HOGs in the largest connected component",0,0,0,4,"mixed_or_tied",0,0,0,1206
"anchor_116","HOG:0023564","largest_component_fraction","fraction of resolved HOGs in the largest connected component",0,0,0,4,"mixed_or_tied",0,0,0,1207
"anchor_20","HOG:0023601","largest_component_fraction","fraction of resolved HOGs in the largest connected component",0,0,0,4,"mixed_or_tied",0,0,0,1208
"anchor_312","HOG:0023825","largest_component_fraction","fraction of resolved HOGs in the largest connected component",0,0,0,4,"mixed_or_tied",0,0,0,1209
"anchor_262","HOG:0023896","largest_component_fraction","fraction of resolved HOGs in the largest connected component",0,0,0,4,"mixed_or_tied",0,0,0,1210
"anchor_28","HOG:0023914","largest_component_fraction","fraction of resolved HOGs in the largest connected component",0,0,0,4,"mixed_or_tied",0,0,0,1211
"anchor_209","HOG:0024277","largest_component_fraction","fraction of resolved HOGs in the largest connected component",0,0,0,4,"mixed_or_tied",0,0,0,1212
"anchor_113","HOG:0024337","largest_component_fraction","fraction of resolved HOGs in the largest connected component",0,0,0,4,"mixed_or_tied",0,0,0,1213
"anchor_77","HOG:0024401","largest_component_fraction","fraction of resolved HOGs in the largest connected component",0,0,0,4,"mixed_or_tied",0,0,0,1214
"anchor_160","HOG:0024444","largest_component_fraction","fraction of resolved HOGs in the largest connected component",0,0,0,4,"mixed_or_tied",0,0,0,1215
"anchor_30","HOG:0024452","largest_component_fraction","fraction of resolved HOGs in the largest connected component",0,0,0,4,"mixed_or_tied",0,0,0,1216
"anchor_130","HOG:0024495","largest_component_fraction","fraction of resolved HOGs in the largest connected component",0,0,0,4,"mixed_or_tied",0,0,0,1217
"anchor_115","HOG:0024562","largest_component_fraction","fraction of resolved HOGs in the largest connected component",0,0,0,4,"mixed_or_tied",0,0,0,1218
"anchor_234","HOG:0024574","largest_component_fraction","fraction of resolved HOGs in the largest connected component",0,0,0,4,"mixed_or_tied",0,0,0,1219
"anchor_278","HOG:0024629","largest_component_fraction","fraction of resolved HOGs in the largest connected component",0,0,0,4,"mixed_or_tied",0,0,0,1220
"anchor_62","HOG:0024791","largest_component_fraction","fraction of resolved HOGs in the largest connected component",0,0,0,4,"mixed_or_tied",0,0,0,1221
"anchor_263","HOG:0024905","largest_component_fraction","fraction of resolved HOGs in the largest connected component",0,0,0,4,"mixed_or_tied",0,0,0,1222
"anchor_128","HOG:0024976","largest_component_fraction","fraction of resolved HOGs in the largest connected component",0,0,0,4,"mixed_or_tied",0,0,0,1223
"anchor_254","HOG:0024990","largest_component_fraction","fraction of resolved HOGs in the largest connected component",0,0,0,4,"mixed_or_tied",0,0,0,1224
"anchor_217","HOG:0025124","largest_component_fraction","fraction of resolved HOGs in the largest connected component",0,0,0,4,"mixed_or_tied",0,0,0,1225
"anchor_226","HOG:0025149","largest_component_fraction","fraction of resolved HOGs in the largest connected component",0,0,0,4,"mixed_or_tied",0,0,0,1226
"anchor_71","HOG:0025186","largest_component_fraction","fraction of resolved HOGs in the largest connected component",0,0,0,4,"mixed_or_tied",0,0,0,1227
"anchor_88","HOG:0025219","largest_component_fraction","fraction of resolved HOGs in the largest connected component",0,0,0,4,"mixed_or_tied",0,0,0,1228
"anchor_138","HOG:0025231","largest_component_fraction","fraction of resolved HOGs in the largest connected component",0,0,0,4,"mixed_or_tied",0,0,0,1229
"anchor_80","HOG:0025232","largest_component_fraction","fraction of resolved HOGs in the largest connected component",0,0,0,4,"mixed_or_tied",0,0,0,1230
"anchor_285","HOG:0025342","largest_component_fraction","fraction of resolved HOGs in the largest connected component",0,0,0,4,"mixed_or_tied",0,0,0,1231
"anchor_219","HOG:0025848","largest_component_fraction","fraction of resolved HOGs in the largest connected component",0,0,0,4,"mixed_or_tied",0,0,0,1232
"anchor_205","HOG:0025863","largest_component_fraction","fraction of resolved HOGs in the largest connected component",0,0,0,4,"mixed_or_tied",0,0,0,1233
"anchor_170","HOG:0025923","largest_component_fraction","fraction of resolved HOGs in the largest connected component",0,0,0,4,"mixed_or_tied",0,0,0,1234
"anchor_161","HOG:0025959","largest_component_fraction","fraction of resolved HOGs in the largest connected component",0,0,0,4,"mixed_or_tied",0,0,0,1235
"anchor_184","HOG:0026019","largest_component_fraction","fraction of resolved HOGs in the largest connected component",0,0,0,4,"mixed_or_tied",0,0,0,1236
"anchor_213","HOG:0026073","largest_component_fraction","fraction of resolved HOGs in the largest connected component",0,0,0,4,"mixed_or_tied",0,0,0,1237
"anchor_95","HOG:0026142","largest_component_fraction","fraction of resolved HOGs in the largest connected component",0,0,0,4,"mixed_or_tied",0,0,0,1238
"anchor_141","HOG:0026234","largest_component_fraction","fraction of resolved HOGs in the largest connected component",0,0,0,4,"mixed_or_tied",0,0,0,1239
"anchor_283","HOG:0026360","largest_component_fraction","fraction of resolved HOGs in the largest connected component",0,0,0,4,"mixed_or_tied",0,0,0,1240
"anchor_294","HOG:0026361","largest_component_fraction","fraction of resolved HOGs in the largest connected component",0,0,0,4,"mixed_or_tied",0,0,0,1241
"anchor_174","HOG:0026397","largest_component_fraction","fraction of resolved HOGs in the largest connected component",0,0,0,4,"mixed_or_tied",0,0,0,1242
"anchor_156","HOG:0026499","largest_component_fraction","fraction of resolved HOGs in the largest connected component",0,0,0,4,"mixed_or_tied",0,0,0,1243
"anchor_241","HOG:0026507","largest_component_fraction","fraction of resolved HOGs in the largest connected component",0,0,0,4,"mixed_or_tied",0,0,0,1244
"anchor_112","HOG:0026556","largest_component_fraction","fraction of resolved HOGs in the largest connected component",0,0,0,4,"mixed_or_tied",0,0,0,1245
"anchor_245","HOG:0026703","largest_component_fraction","fraction of resolved HOGs in the largest connected component",0,0,0,4,"mixed_or_tied",0,0,0,1246
"anchor_280","HOG:0026707","largest_component_fraction","fraction of resolved HOGs in the largest connected component",0,0,0,4,"mixed_or_tied",0,0,0,1247
"anchor_259","HOG:0026742","largest_component_fraction","fraction of resolved HOGs in the largest connected component",0,0,0,4,"mixed_or_tied",0,0,0,1248
"anchor_12","HOG:0026770","largest_component_fraction","fraction of resolved HOGs in the largest connected component",0,0,0,4,"mixed_or_tied",0,0,0,1249
"anchor_17","HOG:0026834","largest_component_fraction","fraction of resolved HOGs in the largest connected component",0,0,0,4,"mixed_or_tied",0,0,0,1250
"anchor_86","HOG:0026902","largest_component_fraction","fraction of resolved HOGs in the largest connected component",0,0,0,4,"mixed_or_tied",0,0,0,1251
"anchor_201","HOG:0027005","largest_component_fraction","fraction of resolved HOGs in the largest connected component",0,0,0,4,"mixed_or_tied",0,0,0,1252
"anchor_304","HOG:0027032","largest_component_fraction","fraction of resolved HOGs in the largest connected component",0,0,0,4,"mixed_or_tied",0,0,0,1253
"anchor_164","HOG:0027054","largest_component_fraction","fraction of resolved HOGs in the largest connected component",0,0,0,4,"mixed_or_tied",0,0,0,1254
"anchor_258","HOG:0027091","largest_component_fraction","fraction of resolved HOGs in the largest connected component",0,0,0,4,"mixed_or_tied",0,0,0,1255
"anchor_114","HOG:0027098","largest_component_fraction","fraction of resolved HOGs in the largest connected component",0,0,0,4,"mixed_or_tied",0,0,0,1256
"anchor_208","HOG:0027147","largest_component_fraction","fraction of resolved HOGs in the largest connected component",0,0,0,4,"mixed_or_tied",0,0,0,1257
"anchor_66","HOG:0027281","largest_component_fraction","fraction of resolved HOGs in the largest connected component",0,0,0,4,"mixed_or_tied",0,0,0,1258
"anchor_335","HOG:0027282","largest_component_fraction","fraction of resolved HOGs in the largest connected component",0,0,0,4,"mixed_or_tied",0,0,0,1259
"anchor_331","HOG:0027285","largest_component_fraction","fraction of resolved HOGs in the largest connected component",0,0,0,4,"mixed_or_tied",0,0,0,1260
"anchor_165","HOG:0027303","largest_component_fraction","fraction of resolved HOGs in the largest connected component",0,0,0,4,"mixed_or_tied",0,0,0,1261
"anchor_244","HOG:0027351","largest_component_fraction","fraction of resolved HOGs in the largest connected component",0,0,0,4,"mixed_or_tied",0,0,0,1262
"anchor_272","HOG:0027413","largest_component_fraction","fraction of resolved HOGs in the largest connected component",0,0,0,4,"mixed_or_tied",0,0,0,1263
"anchor_120","HOG:0027421","largest_component_fraction","fraction of resolved HOGs in the largest connected component",0,0,0,4,"mixed_or_tied",0,0,0,1264
"anchor_246","HOG:0027495","largest_component_fraction","fraction of resolved HOGs in the largest connected component",0,0,0,4,"mixed_or_tied",0,0,0,1265
"anchor_167","HOG:0027529","largest_component_fraction","fraction of resolved HOGs in the largest connected component",0,0,0,4,"mixed_or_tied",0,0,0,1266
"anchor_293","HOG:0027601","largest_component_fraction","fraction of resolved HOGs in the largest connected component",0,0,0,4,"mixed_or_tied",0,0,0,1267
"anchor_303","HOG:0027639","largest_component_fraction","fraction of resolved HOGs in the largest connected component",0,0,0,4,"mixed_or_tied",0,0,0,1268
"anchor_189","HOG:0027641","largest_component_fraction","fraction of resolved HOGs in the largest connected component",0,0,0,4,"mixed_or_tied",0,0,0,1269
"anchor_105","HOG:0027704","largest_component_fraction","fraction of resolved HOGs in the largest connected component",0,0,0,4,"mixed_or_tied",0,0,0,1270
"anchor_291","HOG:0027706","largest_component_fraction","fraction of resolved HOGs in the largest connected component",0,0,0,4,"mixed_or_tied",0,0,0,1271
"anchor_193","HOG:0027905","largest_component_fraction","fraction of resolved HOGs in the largest connected component",0,0,0,4,"mixed_or_tied",0,0,0,1272
"anchor_186","HOG:0027918","largest_component_fraction","fraction of resolved HOGs in the largest connected component",0,0,0,4,"mixed_or_tied",0,0,0,1273
"anchor_211","HOG:0027975","largest_component_fraction","fraction of resolved HOGs in the largest connected component",0,0,0,4,"mixed_or_tied",0,0,0,1274
"anchor_89","HOG:0028008","largest_component_fraction","fraction of resolved HOGs in the largest connected component",0,0,0,4,"mixed_or_tied",0,0,0,1275
"anchor_40","HOG:0028012","largest_component_fraction","fraction of resolved HOGs in the largest connected component",0,0,0,4,"mixed_or_tied",0,0,0,1276
"anchor_287","HOG:0028018","largest_component_fraction","fraction of resolved HOGs in the largest connected component",0,0,0,4,"mixed_or_tied",0,0,0,1277
"anchor_153","HOG:0028065","largest_component_fraction","fraction of resolved HOGs in the largest connected component",0,0,0,4,"mixed_or_tied",0,0,0,1278
"anchor_41","HOG:0028089","largest_component_fraction","fraction of resolved HOGs in the largest connected component",0,0,0,4,"mixed_or_tied",0,0,0,1279
"anchor_159","HOG:0028145","largest_component_fraction","fraction of resolved HOGs in the largest connected component",0,0,0,4,"mixed_or_tied",0,0,0,1280
"anchor_297","HOG:0028197","largest_component_fraction","fraction of resolved HOGs in the largest connected component",0,0,0,4,"mixed_or_tied",0,0,0,1281
"anchor_151","HOG:0028263","largest_component_fraction","fraction of resolved HOGs in the largest connected component",0,0,0,4,"mixed_or_tied",0,0,0,1282
"anchor_221","HOG:0028333","largest_component_fraction","fraction of resolved HOGs in the largest connected component",0,0,0,4,"mixed_or_tied",0,0,0,1283
"anchor_144","HOG:0028381","largest_component_fraction","fraction of resolved HOGs in the largest connected component",0,0,0,4,"mixed_or_tied",0,0,0,1284
"anchor_23","HOG:0028394","largest_component_fraction","fraction of resolved HOGs in the largest connected component",0,0,0,4,"mixed_or_tied",0,0,0,1285
"anchor_110","HOG:0028395","largest_component_fraction","fraction of resolved HOGs in the largest connected component",0,0,0,4,"mixed_or_tied",0,0,0,1286
"anchor_266","HOG:0028440","largest_component_fraction","fraction of resolved HOGs in the largest connected component",0,0,0,4,"mixed_or_tied",0,0,0,1287
"anchor_239","HOG:0028636","largest_component_fraction","fraction of resolved HOGs in the largest connected component",0,0,0,4,"mixed_or_tied",0,0,0,1288
"anchor_248","HOG:0028647","largest_component_fraction","fraction of resolved HOGs in the largest connected component",0,0,0,4,"mixed_or_tied",0,0,0,1289
"anchor_118","HOG:0028661","largest_component_fraction","fraction of resolved HOGs in the largest connected component",0,0,0,4,"mixed_or_tied",0,0,0,1290
"anchor_92","HOG:0028695","largest_component_fraction","fraction of resolved HOGs in the largest connected component",0,0,0,4,"mixed_or_tied",0,0,0,1291
"anchor_286","HOG:0028717","largest_component_fraction","fraction of resolved HOGs in the largest connected component",0,0,0,4,"mixed_or_tied",0,0,0,1292
"anchor_261","HOG:0028718","largest_component_fraction","fraction of resolved HOGs in the largest connected component",0,0,0,4,"mixed_or_tied",0,0,0,1293
"anchor_78","HOG:0028720","largest_component_fraction","fraction of resolved HOGs in the largest connected component",0,0,0,4,"mixed_or_tied",0,0,0,1294
"anchor_06","HOG:0028766","largest_component_fraction","fraction of resolved HOGs in the largest connected component",0,0,0,4,"mixed_or_tied",0,0,0,1295
"anchor_93","HOG:0028978","largest_component_fraction","fraction of resolved HOGs in the largest connected component",0,0,0,4,"mixed_or_tied",0,0,0,1296
"anchor_73","HOG:0029110","largest_component_fraction","fraction of resolved HOGs in the largest connected component",0,0,0,4,"mixed_or_tied",0,0,0,1297
"anchor_195","HOG:0029148","largest_component_fraction","fraction of resolved HOGs in the largest connected component",0,0,0,4,"mixed_or_tied",0,0,0,1298
"anchor_82","HOG:0029401","largest_component_fraction","fraction of resolved HOGs in the largest connected component",0,0,0,4,"mixed_or_tied",0,0,0,1299
"anchor_218","HOG:0029429","largest_component_fraction","fraction of resolved HOGs in the largest connected component",0,0,0,4,"mixed_or_tied",0,0,0,1300
"anchor_129","HOG:0029472","largest_component_fraction","fraction of resolved HOGs in the largest connected component",0,0,0,4,"mixed_or_tied",0,0,0,1301
"anchor_09","HOG:0029484","largest_component_fraction","fraction of resolved HOGs in the largest connected component",0,0,0,4,"mixed_or_tied",0,0,0,1302
"anchor_142","HOG:0029540","largest_component_fraction","fraction of resolved HOGs in the largest connected component",0,0,0,4,"mixed_or_tied",0,0,0,1303
"anchor_72","HOG:0029544","largest_component_fraction","fraction of resolved HOGs in the largest connected component",0,0,0,4,"mixed_or_tied",0,0,0,1304
"anchor_157","HOG:0029921","largest_component_fraction","fraction of resolved HOGs in the largest connected component",0,0,0,4,"mixed_or_tied",0,0,0,1305
"anchor_84","HOG:0030062","largest_component_fraction","fraction of resolved HOGs in the largest connected component",0,0,0,4,"mixed_or_tied",0,0,0,1306
"anchor_169","HOG:0030801","largest_component_fraction","fraction of resolved HOGs in the largest connected component",0,0,0,4,"mixed_or_tied",0,0,0,1307
"anchor_134","HOG:0030881","largest_component_fraction","fraction of resolved HOGs in the largest connected component",0,0,0,4,"mixed_or_tied",0,0,0,1308
"anchor_194","HOG:0030883","largest_component_fraction","fraction of resolved HOGs in the largest connected component",0,0,0,4,"mixed_or_tied",0,0,0,1309
"anchor_180","HOG:0030884","largest_component_fraction","fraction of resolved HOGs in the largest connected component",0,0,0,4,"mixed_or_tied",0,0,0,1310
"anchor_317","HOG:0030885","largest_component_fraction","fraction of resolved HOGs in the largest connected component",0,0,0,4,"mixed_or_tied",0,0,0,1311
"anchor_132","HOG:0030886","largest_component_fraction","fraction of resolved HOGs in the largest connected component",0,0,0,4,"mixed_or_tied",0,0,0,1312
"anchor_121","HOG:0030887","largest_component_fraction","fraction of resolved HOGs in the largest connected component",0,0,0,4,"mixed_or_tied",0,0,0,1313
"anchor_290","HOG:0031056","largest_component_fraction","fraction of resolved HOGs in the largest connected component",0,0,0,4,"mixed_or_tied",0,0,0,1314
"anchor_314","HOG:0031066","largest_component_fraction","fraction of resolved HOGs in the largest connected component",0,0,0,4,"mixed_or_tied",0,0,0,1315
"anchor_238","HOG:0031127","largest_component_fraction","fraction of resolved HOGs in the largest connected component",0,0,0,4,"mixed_or_tied",0,0,0,1316
"anchor_67","HOG:0031129","largest_component_fraction","fraction of resolved HOGs in the largest connected component",0,0,0,4,"mixed_or_tied",0,0,0,1317
"anchor_179","HOG:0031227","largest_component_fraction","fraction of resolved HOGs in the largest connected component",0,0,0,4,"mixed_or_tied",0,0,0,1318
"anchor_24","HOG:0031321","largest_component_fraction","fraction of resolved HOGs in the largest connected component",0,0,0,4,"mixed_or_tied",0,0,0,1319
"anchor_295","HOG:0031418","largest_component_fraction","fraction of resolved HOGs in the largest connected component",0,0,0,4,"mixed_or_tied",0,0,0,1320
"anchor_99","HOG:0031473","largest_component_fraction","fraction of resolved HOGs in the largest connected component",0,0,0,4,"mixed_or_tied",0,0,0,1321
"anchor_183","HOG:0031530","largest_component_fraction","fraction of resolved HOGs in the largest connected component",0,0,0,4,"mixed_or_tied",0,0,0,1322
"anchor_57","HOG:0031653","largest_component_fraction","fraction of resolved HOGs in the largest connected component",0,0,0,4,"mixed_or_tied",0,0,0,1323
"anchor_326","HOG:0031982","largest_component_fraction","fraction of resolved HOGs in the largest connected component",0,0,0,4,"mixed_or_tied",0,0,0,1324
"anchor_149","HOG:0032060","largest_component_fraction","fraction of resolved HOGs in the largest connected component",0,0,0,4,"mixed_or_tied",0,0,0,1325
"anchor_85","HOG:0032061","largest_component_fraction","fraction of resolved HOGs in the largest connected component",0,0,0,4,"mixed_or_tied",0,0,0,1326
"anchor_70","HOG:0032161","largest_component_fraction","fraction of resolved HOGs in the largest connected component",0,0,0,4,"mixed_or_tied",0,0,0,1327
"anchor_90","HOG:0032320","largest_component_fraction","fraction of resolved HOGs in the largest connected component",0,0,0,4,"mixed_or_tied",0,0,0,1328
"anchor_296","HOG:0032348","largest_component_fraction","fraction of resolved HOGs in the largest connected component",0,0,0,4,"mixed_or_tied",0,0,0,1329
"anchor_190","HOG:0032397","largest_component_fraction","fraction of resolved HOGs in the largest connected component",0,0,0,4,"mixed_or_tied",0,0,0,1330
"anchor_336","HOG:0032436","largest_component_fraction","fraction of resolved HOGs in the largest connected component",0,0,0,4,"mixed_or_tied",0,0,0,1331
"anchor_58","HOG:0032593","largest_component_fraction","fraction of resolved HOGs in the largest connected component",0,0,0,4,"mixed_or_tied",0,0,0,1332
"anchor_146","HOG:0032629","largest_component_fraction","fraction of resolved HOGs in the largest connected component",0,0,0,4,"mixed_or_tied",0,0,0,1333
"anchor_140","HOG:0032765","largest_component_fraction","fraction of resolved HOGs in the largest connected component",0,0,0,4,"mixed_or_tied",0,0,0,1334
"anchor_147","HOG:0032849","largest_component_fraction","fraction of resolved HOGs in the largest connected component",0,0,0,4,"mixed_or_tied",0,0,0,1335
"anchor_42","HOG:0032893","largest_component_fraction","fraction of resolved HOGs in the largest connected component",0,0,0,4,"mixed_or_tied",0,0,0,1336
"anchor_207","HOG:0032903","largest_component_fraction","fraction of resolved HOGs in the largest connected component",0,0,0,4,"mixed_or_tied",0,0,0,1337
"anchor_225","HOG:0032904","largest_component_fraction","fraction of resolved HOGs in the largest connected component",0,0,0,4,"mixed_or_tied",0,0,0,1338
"anchor_255","HOG:0032961","largest_component_fraction","fraction of resolved HOGs in the largest connected component",0,0,0,4,"mixed_or_tied",0,0,0,1339
"anchor_222","HOG:0032963","largest_component_fraction","fraction of resolved HOGs in the largest connected component",0,0,0,4,"mixed_or_tied",0,0,0,1340
"anchor_275","HOG:0033004","largest_component_fraction","fraction of resolved HOGs in the largest connected component",0,0,0,4,"mixed_or_tied",0,0,0,1341
"anchor_108","HOG:0033256","largest_component_fraction","fraction of resolved HOGs in the largest connected component",0,0,0,4,"mixed_or_tied",0,0,0,1342
"anchor_69","HOG:0033359","largest_component_fraction","fraction of resolved HOGs in the largest connected component",0,0,0,4,"mixed_or_tied",0,0,0,1343
"anchor_279","HOG:0033476","largest_component_fraction","fraction of resolved HOGs in the largest connected component",0,0,0,4,"mixed_or_tied",0,0,0,1344
