"go_id","pval","padj_within_ranking","log2err","ES","NES","size","leadingEdge","main_pathway","TERM","ONTOLOGY","ranking","direction","n_directional_pairs","pair_consistency","pair_median_effects","padj_global"
"GO:0003677",0.000110751853109413,0.00323514598498051,0.538434096309916,0.860245176510823,1.8332313047229,13,"HOG:0010481;HOG:0032903;HOG:0010482;HOG:0032904;HOG:0026742;HOG:0025149;HOG:0025848;HOG:0027918;HOG:0011541",TRUE,"DNA binding","MF","root_mean_activity","annual",3,0.75,"Brachypodium=0.7704;Hordeum=0.1262;Briza=0.1182;Festuca/Vulpia=-0.06787",0.0100648986199394
"GO:0003676",8.4042013831365e-05,0.00411805867773688,0.538434096309916,0.765717485161756,2.03690989167416,20,"HOG:0032904;HOG:0025149;HOG:0032903;HOG:0010481;HOG:0026742;HOG:0025848;HOG:0010482;HOG:0024277;HOG:0027918;HOG:0017189;HOG:0011541",FALSE,"nucleic acid binding","MF","leaf_early_to_late","annual",3,0.75,"Brachypodium=0.1982;Hordeum=0.4981;Briza=0.235;Festuca/Vulpia=-0.3853",0.00960880358138606
"GO:0016491",0.000149372609208645,0.00487950523414907,0.518848077743792,0.562968559684604,2.22047590562232,29,"HOG:0028720;HOG:0025231;HOG:0027495;HOG:0031530;HOG:0026234;HOG:0032320;HOG:0020408;HOG:0007713;HOG:0031129;HOG:0027098;HOG:0011862;HOG:0025863;HOG:0011023;HOG:0026770;HOG:0000322;HOG:0028012",TRUE,"oxidoreductase activity","MF","leaf_mean_activity","annual",3,0.75,"Brachypodium=-0.02437;Hordeum=0.1267;Briza=0.02854;Festuca/Vulpia=0.0321",0.010246960991713
"GO:0003677",0.000185363263846869,0.00605519995233106,0.518848077743792,0.830313129529297,1.97184917493765,13,"HOG:0032904;HOG:0025149;HOG:0032903;HOG:0010481;HOG:0026742;HOG:0025848;HOG:0010482;HOG:0027918",TRUE,"DNA binding","MF","leaf_early_to_late","annual",3,0.75,"Brachypodium=0.2719;Hordeum=0.4334;Briza=0.4556;Festuca/Vulpia=-0.5909",0.0115599271817229
"GO:0003676",6.2135462121099e-05,0.0060892752878677,0.538434096309916,0.838213685296055,1.65718393003492,20,"HOG:0010481;HOG:0032904;HOG:0010482;HOG:0027918;HOG:0025149;HOG:0032849;HOG:0011541;HOG:0025848;HOG:0025923;HOG:0026742;HOG:0032903",TRUE,"nucleic acid binding","MF","root_early_to_late","annual",3,0.75,"Brachypodium=1.452;Hordeum=0.04067;Briza=-0.7597;Festuca/Vulpia=0.7271",0.00852498540301479
"GO:0032774",0.000416470239351178,0.00816281669128308,0.49849310876659,0.841355928324105,1.9107841569384,11,"HOG:0032904;HOG:0032903;HOG:0026742;HOG:0005683;HOG:0025959;HOG:0026637;HOG:0027918;HOG:0024562;HOG:0011541",TRUE,"RNA biosynthetic process","BP","leaf_early_to_late","annual",3,0.75,"Brachypodium=0.1999;Hordeum=0.4828;Briza=0.3903;Festuca/Vulpia=-0.5909",0.0178561615121817
"GO:0141187",0.000416470239351178,0.00816281669128308,0.49849310876659,0.841355928324105,1.9107841569384,11,"HOG:0032904;HOG:0032903;HOG:0026742;HOG:0005683;HOG:0025959;HOG:0026637;HOG:0027918;HOG:0024562;HOG:0011541",FALSE,"nucleic acid biosynthetic process","BP","leaf_early_to_late","annual",3,0.75,"Brachypodium=0.1999;Hordeum=0.4828;Briza=0.3903;Festuca/Vulpia=-0.5909",0.0178561615121817
"GO:0003676",0.000931876286027841,0.0130462680043898,0.477270815362862,0.75709133953543,1.7514246373745,20,"HOG:0010481;HOG:0032903;HOG:0010482;HOG:0032904;HOG:0026742;HOG:0025149;HOG:0025848;HOG:0027918;HOG:0011541;HOG:0032849",FALSE,"nucleic acid binding","MF","root_mean_activity","annual",3,0.75,"Brachypodium=0.3639;Hordeum=0.1131;Briza=0.008591;Festuca/Vulpia=-0.05259",0.0290575969188681
"GO:0090304",0.0017023461823206,0.0220441952722379,0.45505986738723,0.732258301516942,1.87550792361905,17,"HOG:0032904;HOG:0032903;HOG:0026742;HOG:0005683;HOG:0025959;HOG:0026637;HOG:0027918;HOG:0024562;HOG:0011541;HOG:0003561",FALSE,"nucleic acid metabolic process","BP","leaf_early_to_late","annual",3,0.75,"Brachypodium=0.1964;Hordeum=0.4786;Briza=0.1896;Festuca/Vulpia=-0.2915",0.0435487247828702
"GO:0016070",0.00232185687423723,0.0220441952722379,0.431707695803346,0.760604218581651,1.85532037144803,14,"HOG:0032904;HOG:0032903;HOG:0026742;HOG:0005683;HOG:0025959;HOG:0026637;HOG:0027918;HOG:0024562;HOG:0011541",FALSE,"RNA metabolic process","BP","leaf_early_to_late","annual",3,0.75,"Brachypodium=0.1982;Hordeum=0.4807;Briza=0.2141;Festuca/Vulpia=-0.4405",0.0465122086060573
"GO:0044281",0.00271208213446398,0.024162186288861,0.431707695803346,0.521836062400558,1.86862395984931,22,"HOG:0011497;HOG:0017319;HOG:0030062;HOG:0006505;HOG:0007713;HOG:0028766;HOG:0004085;HOG:0011862;HOG:0025863;HOG:0026770",TRUE,"small molecule metabolic process","BP","leaf_mean_activity","annual",3,0.75,"Brachypodium=-0.05441;Hordeum=0.1274;Briza=0.03218;Festuca/Vulpia=0.04508",0.0465122086060573
"GO:0034654",0.0024791666120861,0.0250974301131472,0.431707695803346,0.754629166489151,1.70168189438354,17,"HOG:0032903;HOG:0025959;HOG:0032904;HOG:0026742;HOG:0027918;HOG:0011541;HOG:0005683",FALSE,"nucleobase-containing compound biosynthetic process","BP","root_mean_activity","annual",2,0.5,"Brachypodium=0.3087;Hordeum=0.05975;Briza=-0.0003431;Festuca/Vulpia=-0.007385",0.0465122086060573
"GO:0032774",0.00256096225644359,0.0250974301131472,0.431707695803346,0.820178222324333,1.68348421366328,11,"HOG:0032903;HOG:0025959;HOG:0032904;HOG:0026742;HOG:0027918;HOG:0011541;HOG:0005683",FALSE,"RNA biosynthetic process","BP","root_mean_activity","annual",3,0.75,"Brachypodium=0.7265;Hordeum=0.1421;Briza=0.01259;Festuca/Vulpia=-0.06787",0.0465122086060573
"GO:0141187",0.00256096225644359,0.0250974301131472,0.431707695803346,0.820178222324333,1.68348421366328,11,"HOG:0032903;HOG:0025959;HOG:0032904;HOG:0026742;HOG:0027918;HOG:0011541;HOG:0005683",FALSE,"nucleic acid biosynthetic process","BP","root_mean_activity","annual",3,0.75,"Brachypodium=0.7265;Hordeum=0.1421;Briza=0.01259;Festuca/Vulpia=-0.06787",0.0465122086060573
"GO:0090304",0.00290907546325903,0.0259172177635804,0.431707695803346,0.749427819464988,1.68995290423782,17,"HOG:0032903;HOG:0025959;HOG:0032904;HOG:0026742;HOG:0027918;HOG:0011541;HOG:0003561;HOG:0006139;HOG:0005683",FALSE,"nucleic acid metabolic process","BP","root_mean_activity","annual",2,0.5,"Brachypodium=0.3967;Hordeum=0.09616;Briza=-0.003065;Festuca/Vulpia=-0.05272",0.0486737992145291
"GO:0006793",0.00394275042172559,0.0297222724099314,0.407017918923954,0.50745499506977,1.81712731383582,22,"HOG:0018459;HOG:0030062;HOG:0006505;HOG:0027147;HOG:0008733",TRUE,"phosphorus metabolic process","BP","leaf_mean_activity","annual",3,0.75,"Brachypodium=-0.04932;Hordeum=0.1278;Briza=0.03394;Festuca/Vulpia=0.01707",0.0558451970718617
"GO:0006796",0.00394275042172559,0.0297222724099314,0.407017918923954,0.50745499506977,1.81712731383582,22,"HOG:0018459;HOG:0030062;HOG:0006505;HOG:0027147;HOG:0008733",FALSE,"phosphate-containing compound metabolic process","BP","leaf_mean_activity","annual",3,0.75,"Brachypodium=-0.04932;Hordeum=0.1278;Briza=0.03394;Festuca/Vulpia=0.01707",0.0558451970718617
"GO:0003677",0.000628473631703633,0.030795207953478,0.477270815362862,0.850662731999472,1.59326650606301,13,"HOG:0010481;HOG:0032904;HOG:0010482;HOG:0027918;HOG:0025149;HOG:0011541;HOG:0025848;HOG:0026742;HOG:0032903",FALSE,"DNA binding","MF","root_early_to_late","annual",2,0.5,"Brachypodium=0.9331;Hordeum=-0.04381;Briza=-0.9026;Festuca/Vulpia=1.174",0.0215566455674346
"GO:0046914",0.00398894264799012,0.032576364958586,0.407017918923954,0.745910884392054,1.65536611606376,16,"HOG:0028333;HOG:0025959;HOG:0025149;HOG:0032765;HOG:0006332;HOG:0027918;HOG:0024976",FALSE,"transition metal ion binding","MF","root_mean_activity","annual",3,0.75,"Brachypodium=0.4098;Hordeum=0.07215;Briza=0.02205;Festuca/Vulpia=-0.0168",0.0558451970718617
"GO:0005515",0.00111093391543348,0.0336085263847882,0.45505986738723,0.687951376886515,1.45099578351715,69,"HOG:0023138;HOG:0028145;HOG:0005857;HOG:0027918;HOG:0025149;HOG:0023048;HOG:0011775;HOG:0010551;HOG:0027421;HOG:0032849;HOG:0011541;HOG:0010549;HOG:0006131;HOG:0025923;HOG:0026838;HOG:0006332;HOG:0026019;HOG:0027351;HOG:0003621;HOG:0017160;HOG:0005877;HOG:0026902",TRUE,"protein binding","MF","root_early_to_late","annual",3,0.75,"Brachypodium= 1.46;Hordeum=0.02523;Briza=-0.2715;Festuca/Vulpia=0.02274",0.0317541944161404
"GO:0090304",0.001405473339624,0.0336085263847882,0.45505986738723,0.819647978269274,1.58865697372263,17,"HOG:0032904;HOG:0027918;HOG:0005683;HOG:0011541;HOG:0025923;HOG:0025959;HOG:0026742;HOG:0003561;HOG:0032903;HOG:0006008",TRUE,"nucleic acid metabolic process","BP","root_early_to_late","annual",3,0.75,"Brachypodium=0.9713;Hordeum=0.02041;Briza=-0.6147;Festuca/Vulpia=0.6478",0.0385661884392826
"GO:0016070",0.00171472073391777,0.0336085263847882,0.45505986738723,0.826811743361182,1.5647080037839,14,"HOG:0032904;HOG:0027918;HOG:0005683;HOG:0011541;HOG:0025923;HOG:0025959;HOG:0026742;HOG:0032903",FALSE,"RNA metabolic process","BP","root_early_to_late","annual",3,0.75,"Brachypodium=1.221;Hordeum=0.05236;Briza=-0.7043;Festuca/Vulpia=0.8313",0.0435487247828702
"GO:0046914",0.00612383731637647,0.034370137541847,0.407017918923954,0.692959634392196,1.72444194602901,16,"HOG:0025149;HOG:0028145;HOG:0025959;HOG:0028333;HOG:0021825;HOG:0027918;HOG:0032765",FALSE,"transition metal ion binding","MF","leaf_early_to_late","annual",2,0.5,"Brachypodium=0.1755;Hordeum=-0.06392;Briza=0.1284;Festuca/Vulpia=-0.3172",0.0777954147969307
"GO:0034654",0.00701800331043302,0.034370137541847,0.407017918923954,0.686292963276618,1.75777848866014,17,"HOG:0032904;HOG:0032903;HOG:0026742;HOG:0005683;HOG:0025959;HOG:0026637;HOG:0027918;HOG:0024562;HOG:0011541",FALSE,"nucleobase-containing compound biosynthetic process","BP","leaf_early_to_late","annual",3,0.75,"Brachypodium=0.1999;Hordeum=0.4379;Briza=0.06981;Festuca/Vulpia=-0.1871",0.0843031533854956
"GO:0005634",0.00833172370962175,0.034370137541847,0.380730400722792,0.728925977706984,1.73107233477924,13,"HOG:0032904;HOG:0032903;HOG:0005683;HOG:0025959;HOG:0024277;HOG:0027918",FALSE,"nucleus","CC","leaf_early_to_late","annual",3,0.75,"Brachypodium=0.06023;Hordeum=0.4786;Briza=0.1896;Festuca/Vulpia=-0.3045",0.0874876228337923
"GO:0008270",0.00841717654086048,0.034370137541847,0.380730400722792,0.728192027435759,1.72932933062178,13,"HOG:0025149;HOG:0028145;HOG:0025959;HOG:0028333;HOG:0021825;HOG:0027918;HOG:0032765",TRUE,"zinc ion binding","MF","leaf_early_to_late","annual",3,0.75,"Brachypodium=0.2008;Hordeum=0.1576;Briza=0.3634;Festuca/Vulpia=-0.5646",0.0874876228337923
"GO:0008270",0.00607274433516492,0.0425092103461544,0.407017918923954,0.774578682390282,1.65067114271814,13,"HOG:0028333;HOG:0025959;HOG:0025149;HOG:0032765;HOG:0006332;HOG:0027918;HOG:0024976",TRUE,"zinc ion binding","MF","root_mean_activity","annual",3,0.75,"Brachypodium=0.7265;Hordeum=0.1073;Briza=0.03417;Festuca/Vulpia=-0.05504",0.0777954147969307
"GO:0006139",0.00671984220956443,0.0439029691024876,0.407017918923954,0.657251404827221,1.59750080868183,28,"HOG:0032903;HOG:0025959;HOG:0032904;HOG:0026742;HOG:0027918;HOG:0011541;HOG:0003561;HOG:0006139;HOG:0005683",FALSE,"nucleobase-containing compound metabolic process","BP","root_mean_activity","annual",2,0.5,"Brachypodium=0.09251;Hordeum=0.06167;Briza=-0.001704;Festuca/Vulpia=-0.02306",0.0838147591956582
"GO:0016070",0.00728065952793101,0.0445940396085774,0.407017918923954,0.753424027591638,1.64242442640624,14,"HOG:0032903;HOG:0025959;HOG:0032904;HOG:0026742;HOG:0027918;HOG:0011541;HOG:0006139;HOG:0005683",FALSE,"RNA metabolic process","BP","root_mean_activity","annual",3,0.75,"Brachypodium=0.465;Hordeum=0.1112;Briza=0.004762;Festuca/Vulpia=-0.03613",0.0843031533854956
"GO:0032774",0.00319319247566246,0.0447046946592744,0.431707695803346,0.844248006370227,1.5422055044312,11,"HOG:0032904;HOG:0027918;HOG:0005683;HOG:0011541;HOG:0025923;HOG:0025959;HOG:0026742;HOG:0032903",FALSE,"RNA biosynthetic process","BP","root_early_to_late","annual",3,0.75,"Brachypodium=1.465;Hordeum=0.08432;Briza=-0.8239;Festuca/Vulpia=1.134",0.0507860496153224
"GO:0141187",0.00319319247566246,0.0447046946592744,0.431707695803346,0.844248006370227,1.5422055044312,11,"HOG:0032904;HOG:0027918;HOG:0005683;HOG:0011541;HOG:0025923;HOG:0025959;HOG:0026742;HOG:0032903",FALSE,"nucleic acid biosynthetic process","BP","root_early_to_late","annual",3,0.75,"Brachypodium=1.465;Hordeum=0.08432;Briza=-0.8239;Festuca/Vulpia=1.134",0.0507860496153224
"GO:0006139",0.0160345975478201,0.0604380984494756,0.352487857583619,0.557737336841108,1.60003557927227,28,"HOG:0032904;HOG:0032903;HOG:0026742;HOG:0005683;HOG:0025959;HOG:0026637;HOG:0027918;HOG:0024562;HOG:0011541",FALSE,"nucleobase-containing compound metabolic process","BP","leaf_early_to_late","annual",2,0.5,"Brachypodium=0.2013;Hordeum=0.03001;Briza=-0.04126;Festuca/Vulpia=-0.1547",0.148645052943305
"GO:0008270",0.00753703004582448,0.0753908258239705,0.407017918923954,0.804621314675016,1.50703227320518,13,"HOG:0028145;HOG:0027918;HOG:0025149;HOG:0021825;HOG:0006332;HOG:0025959;HOG:0028333",FALSE,"zinc ion binding","MF","root_early_to_late","annual",2,0.5,"Brachypodium=0.9762;Hordeum=-0.08426;Briza=-0.6512;Festuca/Vulpia=1.134",0.0843031533854956
"GO:0043227",0.00769294141060923,0.0753908258239705,0.407017918923954,0.743026855630992,1.48217344199847,23,"HOG:0032904;HOG:0027918;HOG:0005683;HOG:0011541;HOG:0025923;HOG:0025959;HOG:0032903;HOG:0026902;HOG:0010929",FALSE,"membrane-bounded organelle","CC","root_early_to_late","annual",3,0.75,"Brachypodium=1.387;Hordeum=0.06088;Briza=-0.2997;Festuca/Vulpia=0.01596",0.0843031533854956
"GO:0043231",0.00769294141060923,0.0753908258239705,0.407017918923954,0.743026855630992,1.48217344199847,23,"HOG:0032904;HOG:0027918;HOG:0005683;HOG:0011541;HOG:0025923;HOG:0025959;HOG:0032903;HOG:0026902;HOG:0010929",FALSE,"intracellular membrane-bounded organelle","CC","root_early_to_late","annual",3,0.75,"Brachypodium=1.387;Hordeum=0.06088;Briza=-0.2997;Festuca/Vulpia=0.01596",0.0843031533854956
"GO:0046914",0.00855762172843142,0.0762406299442071,0.380730400722792,0.77981472860768,1.49386576507693,16,"HOG:0028145;HOG:0027918;HOG:0025149;HOG:0021825;HOG:0006332;HOG:0025959;HOG:0028333",FALSE,"transition metal ion binding","MF","root_early_to_late","annual",2,0.5,"Brachypodium=0.4459;Hordeum=-0.0695;Briza=-0.397;Festuca/Vulpia=0.5942",0.0876198284433426
"GO:0005634",0.0100627144064338,0.0821788343192091,0.380730400722792,0.796685994616288,1.49216964999522,13,"HOG:0032904;HOG:0027918;HOG:0005683;HOG:0011541;HOG:0025923;HOG:0025959;HOG:0032903",FALSE,"nucleus","CC","root_early_to_late","annual",3,0.75,"Brachypodium=1.615;Hordeum=0.02994;Briza=-0.6955;Festuca/Vulpia=0.6478",0.101515030629611
"GO:0005515",0.00101295902150949,0.0992699841079297,0.45505986738723,0.422072499316147,1.74025460064577,69,"HOG:0020549;HOG:0011775;HOG:0031129;HOG:0026838;HOG:0027351;HOG:0027706;HOG:0026360;HOG:0026019;HOG:0003621;HOG:0026507;HOG:0027639;HOG:0004116;HOG:0010549;HOG:0028717;HOG:0024905;HOG:0032765;HOG:0031127;HOG:0006332;HOG:0023138;HOG:0025149;HOG:0023048;HOG:0011715;HOG:0010551;HOG:0011541;HOG:0025316;HOG:0006131;HOG:0008605;HOG:0028145;HOG:0028661;HOG:0028718",FALSE,"protein binding","MF","recurrent_coverage","annual",2,0.5,"Brachypodium=0.2348;Hordeum=0.008197;Briza=-0.02083;Festuca/Vulpia=-0.09924",0.0302126038589351
"GO:0006082",0.0326829238851885,0.168575081092025,0.321775918075361,0.526327841713594,1.66093407896293,13,"HOG:0011497;HOG:0017319;HOG:0006505",FALSE,"organic acid metabolic process","BP","leaf_mean_activity","annual",3,0.75,"Brachypodium=-0.06645;Hordeum=0.1181;Briza=0.01191;Festuca/Vulpia=0.08306",0.254778247559537
"GO:0019752",0.0326829238851885,0.168575081092025,0.321775918075361,0.526327841713594,1.66093407896293,13,"HOG:0011497;HOG:0017319;HOG:0006505",FALSE,"carboxylic acid metabolic process","BP","leaf_mean_activity","annual",3,0.75,"Brachypodium=-0.06645;Hordeum=0.1181;Briza=0.01191;Festuca/Vulpia=0.08306",0.254778247559537
"GO:0043436",0.0326829238851885,0.168575081092025,0.321775918075361,0.526327841713594,1.66093407896293,13,"HOG:0011497;HOG:0017319;HOG:0006505",FALSE,"oxoacid metabolic process","BP","leaf_mean_activity","annual",3,0.75,"Brachypodium=-0.06645;Hordeum=0.1181;Briza=0.01191;Festuca/Vulpia=0.08306",0.254778247559537
"GO:0005515",0.00185900729631461,0.182182715038832,0.45505986738723,0.411487303932138,1.74431167866315,69,"HOG:0020549;HOG:0011775;HOG:0031129;HOG:0026838;HOG:0027706;HOG:0027351;HOG:0026360;HOG:0026019;HOG:0026507;HOG:0003621;HOG:0027639;HOG:0004116;HOG:0010549;HOG:0028717;HOG:0024905;HOG:0031127;HOG:0032765;HOG:0006332;HOG:0023138;HOG:0025149;HOG:0023048;HOG:0010551;HOG:0011715;HOG:0011541;HOG:0025316;HOG:0028145;HOG:0006131;HOG:0008605",FALSE,"protein binding","MF","anchor_module_mean_strength_ratio","annual",2,0.5,"Brachypodium=0.2453;Hordeum=0.008244;Briza=-0.02364;Festuca/Vulpia=-0.1116",0.0439751381128215
"GO:1901135",0.0426937225092835,0.185323741007194,0.321775918075361,0.536079214198345,1.59015753790568,12,"HOG:0030062;HOG:0006505;HOG:0028766;HOG:0004085",FALSE,"carbohydrate derivative metabolic process","BP","leaf_mean_activity","annual",3,0.75,"Brachypodium=-0.05441;Hordeum=0.1278;Briza=0.06131;Festuca/Vulpia=0.01707",0.30193704784916
"GO:0005737",0.0449651821380461,0.185323741007194,0.321775918075361,0.351479587890187,1.43524653825911,31,"HOG:0018459;HOG:0026451;HOG:0006139;HOG:0010703",FALSE,"cytoplasm","CC","leaf_mean_activity","annual",2,0.5,"Brachypodium=-0.2622;Hordeum=-0.06287;Briza=0.008107;Festuca/Vulpia=0.08341",0.30241289163431
"GO:0043226",0.0358606557377049,0.195241347905282,0.241339976815091,0.673973798518662,1.37354888615703,32,"HOG:0032904;HOG:0027918;HOG:0005683;HOG:0011541;HOG:0025923;HOG:0025959;HOG:0032903;HOG:0026902;HOG:0010929",FALSE,"organelle","CC","root_early_to_late","annual",2,0.5,"Brachypodium= 1.36;Hordeum=0.06218;Briza=-0.2652;Festuca/Vulpia=-0.01856",0.270334174022699
"GO:0043229",0.0358606557377049,0.195241347905282,0.241339976815091,0.673973798518662,1.37354888615703,32,"HOG:0032904;HOG:0027918;HOG:0005683;HOG:0011541;HOG:0025923;HOG:0025959;HOG:0032903;HOG:0026902;HOG:0010929",FALSE,"intracellular organelle","CC","root_early_to_late","annual",2,0.5,"Brachypodium= 1.36;Hordeum=0.06218;Briza=-0.2652;Festuca/Vulpia=-0.01856",0.270334174022699
"GO:0005524",0.0420081967213115,0.199401317636171,0.222056046145248,0.665674671077722,1.35663538406299,32,"HOG:0028145;HOG:0025149;HOG:0023048;HOG:0011775;HOG:0011541;HOG:0025848",FALSE,"ATP binding","MF","root_early_to_late","annual",2,0.5,"Brachypodium=0.6638;Hordeum=-0.02609;Briza=-0.0115;Festuca/Vulpia=0.04512",0.300183572404372
"GO:0006139",0.0444214876033058,0.199401317636171,0.216542836735348,0.673452483366512,1.35769028893932,28,"HOG:0032904;HOG:0027918;HOG:0005683;HOG:0011541;HOG:0025923;HOG:0025959;HOG:0026742;HOG:0003561;HOG:0032903;HOG:0006008",FALSE,"nucleobase-containing compound metabolic process","BP","root_early_to_late","annual",2,0.5,"Brachypodium=0.5593;Hordeum=-0.03145;Briza=-0.1626;Festuca/Vulpia=0.04899",0.30241289163431
"GO:0019637",0.0550599389796238,0.199847185926042,0.321775918075361,0.48923931449146,1.54389372137663,13,"HOG:0030062;HOG:0006505;HOG:0028766;HOG:0004085",FALSE,"organophosphate metabolic process","BP","leaf_mean_activity","annual",3,0.75,"Brachypodium=-0.05589;Hordeum=0.1271;Briza=0.04076;Festuca/Vulpia=0.01882",0.337242126250196
"GO:0032559",0.04989816700611,0.209744990892532,0.20207170902116,0.656385817197411,1.344954192547,33,"HOG:0028145;HOG:0025149;HOG:0023048;HOG:0011775;HOG:0011541;HOG:0025848",FALSE,"adenyl ribonucleotide binding","MF","root_early_to_late","annual",2,0.5,"Brachypodium=0.7714;Hordeum=-0.02525;Briza=-0.08323;Festuca/Vulpia=0.04512",0.319907874450387
"GO:0034654",0.0513661202185792,0.209744990892532,0.206587922696891,0.723464033771071,1.40223146150472,17,"HOG:0032904;HOG:0027918;HOG:0005683;HOG:0011541;HOG:0025923;HOG:0025959;HOG:0026742;HOG:0032903",FALSE,"nucleobase-containing compound biosynthetic process","BP","root_early_to_late","annual",2,0.5,"Brachypodium= 1.05;Hordeum=-0.03341;Briza=-0.3642;Festuca/Vulpia=0.05588",0.321793789286049
"GO:0030554",0.0628803245436105,0.246490872210953,0.178219874951973,0.633198748585023,1.30552136423871,37,"HOG:0028145;HOG:0025149;HOG:0023048;HOG:0011775;HOG:0011541;HOG:0025848",FALSE,"adenyl nucleotide binding","MF","root_early_to_late","annual",2,0.5,"Brachypodium=0.5561;Hordeum=-0.02525;Briza=-0.01776;Festuca/Vulpia=0.04512",0.365558496923024
"GO:0005524",0.079646017699115,0.257705479452055,0.211400189384923,0.460888914107228,1.36685562124946,32,"HOG:0025149;HOG:0023048;HOG:0025848;HOG:0028145",FALSE,"ATP binding","MF","leaf_early_to_late","annual",1,0.25,"Brachypodium=0.1476;Hordeum=-0.3251;Briza=-0.04737;Festuca/Vulpia=-0.0754",0.430213922374747
"GO:0006629",0.0767520216271381,0.259368900671018,0.287805130535564,0.505282237484353,1.44727222792082,11,"HOG:0021895;HOG:0019459;HOG:0026234;HOG:0027098;HOG:0026770",FALSE,"lipid metabolic process","BP","leaf_mean_activity","annual",3,0.75,"Brachypodium=-0.002381;Hordeum=0.1267;Briza=0.01936;Festuca/Vulpia=0.009873",0.428064120619648
"GO:0043169",0.0536130536130536,0.262295081967213,0.208955027549354,0.585033409000708,1.44327030328944,31,"HOG:0028333;HOG:0025959;HOG:0025149;HOG:0032765;HOG:0006332;HOG:0018459;HOG:0027918;HOG:0024976",FALSE,"cation binding","MF","root_mean_activity","annual",3,0.75,"Brachypodium=0.04174;Hordeum=0.06643;Briza=0.0006109;Festuca/Vulpia=-0.01722",0.331338331338331
"GO:0046872",0.0562060889929742,0.262295081967213,0.204294756516886,0.58788291717013,1.4384982522513,30,"HOG:0028333;HOG:0025959;HOG:0025149;HOG:0032765;HOG:0006332;HOG:0018459;HOG:0027918;HOG:0024976",FALSE,"metal ion binding","MF","root_mean_activity","annual",2,0.5,"Brachypodium=0.04314;Hordeum=0.06799;Briza=-0.001227;Festuca/Vulpia=-0.01777",0.341215726098941
"GO:0006753",0.0903965947603479,0.276839571453565,0.287805130535564,0.489687680825611,1.4026049764629,11,"HOG:0030062;HOG:0006505;HOG:0028766",FALSE,"nucleoside phosphate metabolic process","BP","leaf_mean_activity","annual",3,0.75,"Brachypodium=-0.05589;Hordeum=0.1263;Briza=0.04076;Festuca/Vulpia=0.03616",0.454150398913597
"GO:0055086",0.0903965947603479,0.276839571453565,0.287805130535564,0.489687680825611,1.4026049764629,11,"HOG:0030062;HOG:0006505;HOG:0028766",FALSE,"nucleobase-containing small molecule metabolic process","BP","leaf_mean_activity","annual",3,0.75,"Brachypodium=-0.05589;Hordeum=0.1263;Briza=0.04076;Festuca/Vulpia=0.03616",0.454150398913597
"GO:0072521",0.0903965947603479,0.276839571453565,0.287805130535564,0.489687680825611,1.4026049764629,11,"HOG:0030062;HOG:0006505;HOG:0028766",FALSE,"purine-containing compound metabolic process","BP","leaf_mean_activity","annual",3,0.75,"Brachypodium=-0.05589;Hordeum=0.1263;Briza=0.04076;Festuca/Vulpia=0.03616",0.454150398913597
"GO:0005515",0.0622362869198312,0.277234369006521,0.183023938384487,0.492297926132758,1.33729271781032,69,"HOG:0023048;HOG:0023138;HOG:0025149;HOG:0006131;HOG:0003621;HOG:0005857;HOG:0010551;HOG:0027421;HOG:0032765;HOG:0006332;HOG:0026838;HOG:0011775;HOG:0027918;HOG:0011541;HOG:0024976;HOG:0017319;HOG:0032849",FALSE,"protein binding","MF","root_mean_activity","annual",2,0.5,"Brachypodium=0.05788;Hordeum=0.0417;Briza=-0.01909;Festuca/Vulpia=-0.03514",0.364906776299181
"GO:0010467",0.0809716599190283,0.293897136002399,0.155241966228839,0.626359053864855,1.28826201544342,36,"HOG:0032904;HOG:0027918;HOG:0005683;HOG:0011541;HOG:0025923;HOG:0025959;HOG:0026742;HOG:0032903",FALSE,"gene expression","BP","root_early_to_late","annual",2,0.5,"Brachypodium=1.333;Hordeum=0.07763;Briza=-0.1558;Festuca/Vulpia=-0.1245",0.432073518803845
"GO:0010467",0.108202443280977,0.308896797153025,0.178219874951973,0.425542651817573,1.28822330648365,36,"HOG:0032904;HOG:0032903;HOG:0026742;HOG:0005683;HOG:0025959;HOG:0026637;HOG:0019536;HOG:0024277;HOG:0027918",FALSE,"gene expression","BP","leaf_early_to_late","annual",3,0.75,"Brachypodium=0.06896;Hordeum=0.5262;Briza=0.05143;Festuca/Vulpia=-0.2022",0.491568715832784
"GO:0032559",0.110320284697509,0.308896797153025,0.178219874951973,0.441597846502589,1.31357322355362,33,"HOG:0025149;HOG:0023048;HOG:0025848;HOG:0028145",FALSE,"adenyl ribonucleotide binding","MF","leaf_early_to_late","annual",1,0.25,"Brachypodium=0.1433;Hordeum=-0.3146;Briza=-0.04828;Festuca/Vulpia=-0.07528",0.497892863832178
"GO:0016772",0.0793010752688172,0.311916859634145,0.183023938384487,0.639881320019572,1.42005952403533,16,"HOG:0025342;HOG:0023138;HOG:0011775",FALSE,"transferase activity, transferring phosphorus-containing groups","MF","root_mean_activity","annual",2,0.5,"Brachypodium=0.05447;Hordeum=0.05939;Briza=-0.001817;Festuca/Vulpia=-0.01145",0.430213922374747
"GO:0005634",0.097629009762901,0.320494186046512,0.166933848713193,0.657467747556959,1.40110109254639,13,"HOG:0032903;HOG:0025959;HOG:0032904;HOG:0027918;HOG:0011541;HOG:0005683",FALSE,"nucleus","CC","root_mean_activity","annual",2,0.5,"Brachypodium=0.3087;Hordeum=0.1262;Briza=-0.05178;Festuca/Vulpia=-0.06137",0.476318008232902
"GO:0035639",0.0997983870967742,0.34929435483871,0.138022242496643,0.606821214426887,1.25818521254702,41,"HOG:0028145;HOG:0025149;HOG:0023048;HOG:0011775;HOG:0011541;HOG:0025848",FALSE,"purine ribonucleoside triphosphate binding","MF","root_early_to_late","annual",2,0.5,"Brachypodium=0.7759;Hordeum=-0.02114;Briza=-0.1129;Festuca/Vulpia=0.04272",0.478753101736973
"GO:0016740",0.119909502262443,0.35609488550665,0.132846300606183,0.51162472220011,1.30036441917177,37,"HOG:0025342;HOG:0023138;HOG:0025959;HOG:0011775;HOG:0027285;HOG:0024976;HOG:0017319;HOG:0011497;HOG:0018037;HOG:0008585;HOG:0008733;HOG:0005833;HOG:0005589;HOG:0026019;HOG:0033256;HOG:0007813;HOG:0026637;HOG:0027147;HOG:0022830;HOG:0006505",FALSE,"transferase activity","MF","root_mean_activity","annual",3,0.75,"Brachypodium=0.0571;Hordeum=0.05595;Briza=-0.008158;Festuca/Vulpia=0.01356",0.537289260586752
"GO:0032555",0.105846774193548,0.357689098998888,0.133554954557592,0.59886668423511,1.24295312707398,42,"HOG:0028145;HOG:0025149;HOG:0023048;HOG:0011775;HOG:0011541;HOG:0025848",FALSE,"purine ribonucleotide binding","MF","root_early_to_late","annual",2,0.5,"Brachypodium=0.8545;Hordeum=-0.0223;Briza=-0.1251;Festuca/Vulpia=0.03534",0.484072580645161
"GO:0009059",0.14853195164076,0.383056085810381,0.149207542435322,0.399817449086705,1.24201020446047,41,"HOG:0032904;HOG:0032903;HOG:0026742;HOG:0005683;HOG:0025959;HOG:0026637;HOG:0019536;HOG:0024277;HOG:0027918;HOG:0031056;HOG:0024562;HOG:0011541",FALSE,"macromolecule biosynthetic process","BP","leaf_early_to_late","annual",3,0.75,"Brachypodium=0.06023;Hordeum=0.527;Briza=0.02875;Festuca/Vulpia=-0.1856",0.58701635097944
"GO:0046872",0.121399176954733,0.384736180904523,0.125033367555272,0.622029094566855,1.26290884321176,30,"HOG:0028145;HOG:0027918;HOG:0025149;HOG:0021825;HOG:0006332;HOG:0025959;HOG:0028333",FALSE,"metal ion binding","MF","root_early_to_late","annual",2,0.5,"Brachypodium=0.2982;Hordeum=-0.05745;Briza=-0.04827;Festuca/Vulpia=0.04118",0.537289260586752
"GO:0032553",0.125628140703518,0.384736180904523,0.120985142145252,0.590172181274027,1.22748343445178,43,"HOG:0028145;HOG:0025149;HOG:0023048;HOG:0011775;HOG:0011541;HOG:0025848",FALSE,"ribonucleotide binding","MF","root_early_to_late","annual",2,0.5,"Brachypodium=0.7759;Hordeum=-0.02346;Briza=-0.1129;Festuca/Vulpia=0.04272",0.548922958742758
"GO:0097367",0.125628140703518,0.384736180904523,0.120985142145252,0.590172181274027,1.22748343445178,43,"HOG:0028145;HOG:0025149;HOG:0023048;HOG:0011775;HOG:0011541;HOG:0025848",FALSE,"carbohydrate derivative binding","MF","root_early_to_late","annual",2,0.5,"Brachypodium=0.7759;Hordeum=-0.02346;Briza=-0.1129;Festuca/Vulpia=0.04272",0.548922958742758
"GO:0043169",0.133333333333333,0.393798449612403,0.118287526124085,0.61308233515697,1.24793100757968,31,"HOG:0028145;HOG:0027918;HOG:0025149;HOG:0021825;HOG:0006332;HOG:0025959;HOG:0028333",FALSE,"cation binding","MF","root_early_to_late","annual",2,0.5,"Brachypodium=0.3272;Hordeum=-0.05528;Briza=-0.07879;Festuca/Vulpia=0.0408",0.575262054507338
"GO:0009059",0.138104838709677,0.393798449612403,0.114750719227023,0.590610166277427,1.22457316903795,41,"HOG:0032904;HOG:0027918;HOG:0005683;HOG:0011541;HOG:0025923;HOG:0025959;HOG:0026742;HOG:0032903",FALSE,"macromolecule biosynthetic process","BP","root_early_to_late","annual",2,0.5,"Brachypodium=1.334;Hordeum=0.07476;Briza=-0.1634;Festuca/Vulpia=-0.1249",0.579015712245163
"GO:0016772",0.140642303433001,0.393798449612403,0.119887845115423,0.673348395370728,1.28991166608226,16,"HOG:0023138;HOG:0025342;HOG:0011775;HOG:0026019",FALSE,"transferase activity, transferring phosphorus-containing groups","MF","root_early_to_late","annual",3,0.75,"Brachypodium=0.343;Hordeum=-0.04102;Briza=0.09741;Festuca/Vulpia=0.05366",0.579015712245163
"GO:0017076",0.148893360160966,0.405320813771518,0.109684061970549,0.578874561085465,1.2085137808151,46,"HOG:0028145;HOG:0025149;HOG:0023048;HOG:0011775;HOG:0011541;HOG:0025848",FALSE,"purine nucleotide binding","MF","root_early_to_late","annual",2,0.5,"Brachypodium=0.7737;Hordeum=-0.0223;Briza=-0.09807;Festuca/Vulpia=0.03534",0.58701635097944
"GO:0016462",0.172413793103448,0.40990990990991,0.287857117255149,0.388748096948933,1.22677333627702,13,"HOG:0018459;HOG:0029544",FALSE,"pyrophosphatase activity","MF","leaf_mean_activity","annual",3,0.75,"Brachypodium=-0.06199;Hordeum=0.1107;Briza=0.05085;Festuca/Vulpia=0.01551",0.649762219547329
"GO:0016817",0.172413793103448,0.40990990990991,0.287857117255149,0.388748096948933,1.22677333627702,13,"HOG:0018459;HOG:0029544",FALSE,"hydrolase activity, acting on acid anhydrides","MF","leaf_mean_activity","annual",3,0.75,"Brachypodium=-0.06199;Hordeum=0.1107;Briza=0.05085;Festuca/Vulpia=0.01551",0.649762219547329
"GO:0016818",0.172413793103448,0.40990990990991,0.287857117255149,0.388748096948933,1.22677333627702,13,"HOG:0018459;HOG:0029544",FALSE,"hydrolase activity, acting on acid anhydrides, in phosphorus-containing anhydrides","MF","leaf_mean_activity","annual",3,0.75,"Brachypodium=-0.06199;Hordeum=0.1107;Briza=0.05085;Festuca/Vulpia=0.01551",0.649762219547329
"GO:0016301",0.175675675675676,0.40990990990991,0.282013350011725,0.419630739624481,1.20194194528596,11,"HOG:0006505;HOG:0027147;HOG:0008733",FALSE,"kinase activity","MF","leaf_mean_activity","annual",3,0.75,"Brachypodium=-0.03981;Hordeum=0.1342;Briza=0.03022;Festuca/Vulpia=0.01532",0.649762219547329
"GO:0035639",0.176165803108808,0.442528735632184,0.135740943810425,0.386866648219391,1.2017792768962,41,"HOG:0025149;HOG:0023048;HOG:0025848;HOG:0028145",FALSE,"purine ribonucleoside triphosphate binding","MF","leaf_early_to_late","annual",1,0.25,"Brachypodium=0.1227;Hordeum=-0.1112;Briza=-0.04955;Festuca/Vulpia=-0.07528",0.649762219547329
"GO:0043170",0.180623973727422,0.442528735632184,0.130105630751129,0.359180249882995,1.19068723764732,65,"HOG:0011540;HOG:0032904;HOG:0032903;HOG:0026742;HOG:0005683;HOG:0025959;HOG:0026637;HOG:0019536;HOG:0024277;HOG:0011775;HOG:0027918;HOG:0031056;HOG:0024562;HOG:0011541",FALSE,"macromolecule metabolic process","BP","leaf_early_to_late","annual",2,0.5,"Brachypodium=0.1096;Hordeum=0.2644;Briza=-0.04752;Festuca/Vulpia=-0.1477",0.653047379363169
"GO:0008610",0.194285714285714,0.442790697674419,0.245041785430996,0.423895892643896,1.21488957693981,10,"HOG:0019459;HOG:0026234;HOG:0027098;HOG:0026770",FALSE,"lipid biosynthetic process","BP","leaf_mean_activity","annual",3,0.75,"Brachypodium=0.0008404;Hordeum=0.1235;Briza=0.0009213;Festuca/Vulpia=-0.0008245",0.667865914830318
"GO:0030554",0.192708333333333,0.460619918699187,0.129442887745046,0.398248492197859,1.21461332794148,37,"HOG:0025149;HOG:0023048;HOG:0025848;HOG:0028145",FALSE,"adenyl nucleotide binding","MF","leaf_early_to_late","annual",1,0.25,"Brachypodium=0.1433;Hordeum=-0.3356;Briza=-0.04828;Festuca/Vulpia=-0.07528",0.667865914830318
"GO:0046872",0.204710144927536,0.477657004830918,0.128142916898415,0.407228354715969,1.18550349814772,30,"HOG:0025149;HOG:0028145;HOG:0025959;HOG:0028333;HOG:0021825;HOG:0027918;HOG:0032765",FALSE,"metal ion binding","MF","leaf_early_to_late","annual",1,0.25,"Brachypodium=0.1755;Hordeum=-0.4219;Briza=-0.04754;Festuca/Vulpia=-0.05591",0.667865914830318
"GO:0036094",0.185814185814186,0.492156492156492,0.0956031492204301,0.546408444585693,1.15411399527423,79,"HOG:0028145;HOG:0027918;HOG:0025149;HOG:0023048;HOG:0011775;HOG:0021825;HOG:0011541;HOG:0025848;HOG:0006332;HOG:0025959;HOG:0003561;HOG:0028333",FALSE,"small molecule binding","MF","root_early_to_late","annual",2,0.5,"Brachypodium=0.443;Hordeum=-0.03221;Briza=-0.01776;Festuca/Vulpia=0.0408",0.657054285920265
"GO:0032553",0.231707317073171,0.505463436998548,0.116739204791222,0.369988721362825,1.15567090862339,43,"HOG:0025149;HOG:0023048;HOG:0025848;HOG:0028145",FALSE,"ribonucleotide binding","MF","leaf_early_to_late","annual",1,0.25,"Brachypodium=0.1227;Hordeum=-0.1112;Briza=-0.04955;Festuca/Vulpia=-0.06618",0.689657740311578
"GO:0097367",0.231707317073171,0.505463436998548,0.116739204791222,0.369988721362825,1.15567090862339,43,"HOG:0025149;HOG:0023048;HOG:0025848;HOG:0028145",FALSE,"carbohydrate derivative binding","MF","leaf_early_to_late","annual",1,0.25,"Brachypodium=0.1227;Hordeum=-0.1112;Briza=-0.04955;Festuca/Vulpia=-0.06618",0.689657740311578
"GO:0005515",0.235483870967742,0.505463436998548,0.110564716336619,0.341795736367406,1.14566870536331,69,"HOG:0025149;HOG:0010551;HOG:0023048;HOG:0005857;HOG:0006131;HOG:0028145;HOG:0026019;HOG:0016116;HOG:0027413;HOG:0011775;HOG:0027421;HOG:0027918;HOG:0032765",FALSE,"protein binding","MF","leaf_early_to_late","annual",1,0.25,"Brachypodium=-0.09356;Hordeum=0.3918;Briza=-0.03985;Festuca/Vulpia=-0.1723",0.689657740311578
"GO:0032555",0.23725834797891,0.505463436998548,0.115734447701689,0.372580224633681,1.15660838043442,42,"HOG:0025149;HOG:0023048;HOG:0025848;HOG:0028145",FALSE,"purine ribonucleotide binding","MF","leaf_early_to_late","annual",2,0.5,"Brachypodium=0.1186;Hordeum=0.07565;Briza=-0.0521;Festuca/Vulpia=-0.07073",0.689657740311578
"GO:0043168",0.200803212851406,0.507082660928815,0.0913924325943768,0.566652634949463,1.18372427848394,49,"HOG:0028145;HOG:0025149;HOG:0023048;HOG:0011775;HOG:0011541;HOG:0025848",FALSE,"anion binding","MF","root_early_to_late","annual",2,0.5,"Brachypodium=0.5561;Hordeum=-0.02346;Briza=-0.01776;Festuca/Vulpia=0.04512",0.667865914830318
"GO:0043170",0.201798201798202,0.507082660928815,0.0908241419007155,0.547718014174928,1.15309729276134,65,"HOG:0032904;HOG:0027918;HOG:0005683;HOG:0011540;HOG:0011775;HOG:0011541;HOG:0025923;HOG:0025959;HOG:0026742;HOG:0003561;HOG:0032903;HOG:0006008",FALSE,"macromolecule metabolic process","BP","root_early_to_late","annual",1,0.25,"Brachypodium=1.149;Hordeum=-0.0127;Briza=-0.1531;Festuca/Vulpia=-0.00385",0.667865914830318
"GO:0140096",0.185592185592186,0.521744917312748,0.107972360317345,0.528380393617557,1.25979082367483,25,"HOG:0011540;HOG:0025959;HOG:0011775;HOG:0031227;HOG:0000079;HOG:0031530;HOG:0031129;HOG:0029544;HOG:0003541;HOG:0027147;HOG:0022830;HOG:0028718;HOG:0007636;HOG:0007936;HOG:0032593",FALSE,"catalytic activity, acting on a protein","MF","root_mean_activity","annual",2,0.5,"Brachypodium=0.05184;Hordeum=0.0564;Briza=-0.008158;Festuca/Vulpia=-0.0103",0.657054285920265
"GO:0043167",0.194123819517314,0.521744917312748,0.0959206777921745,0.43982547847302,1.20161829805936,75,"HOG:0023048;HOG:0028333;HOG:0025959;HOG:0025149;HOG:0025848;HOG:0032765;HOG:0006332;HOG:0018459;HOG:0011775;HOG:0027918;HOG:0011541;HOG:0024976;HOG:0011497",FALSE,"ion binding","MF","root_mean_activity","annual",2,0.5,"Brachypodium=0.03694;Hordeum=0.05824;Briza=-0.005386;Festuca/Vulpia=-0.01722",0.667865914830318
"GO:0016773",0.196816208393632,0.521744917312748,0.115240003147781,0.617668112641986,1.2678153218567,11,"HOG:0023138;HOG:0011775",FALSE,"phosphotransferase activity, alcohol group as acceptor","MF","root_mean_activity","annual",2,0.5,"Brachypodium=0.0571;Hordeum=0.05824;Briza=-0.008158;Festuca/Vulpia=-0.01261",0.667865914830318
"GO:0036094",0.205422314911366,0.521744917312748,0.0922597260527354,0.436177166476207,1.19746226927207,79,"HOG:0023048;HOG:0028333;HOG:0025959;HOG:0025149;HOG:0025848;HOG:0032765;HOG:0006332;HOG:0018459;HOG:0011775;HOG:0027918;HOG:0011541;HOG:0024976;HOG:0011497;HOG:0003561;HOG:0006139",FALSE,"small molecule binding","MF","root_mean_activity","annual",2,0.5,"Brachypodium=0.03694;Hordeum=0.05824;Briza=-0.005386;Festuca/Vulpia=-0.01722",0.667865914830318
"GO:0050789",0.218281036834925,0.521744917312748,0.104732821580651,0.573521218243232,1.25024584219326,14,"HOG:0025959;HOG:0026742;HOG:0011541",FALSE,"regulation of biological process","BP","root_mean_activity","annual",1,0.25,"Brachypodium=0.03879;Hordeum=-0.001519;Briza=-0.004151;Festuca/Vulpia=-0.02086",0.685571990966965
"GO:0050794",0.218281036834925,0.521744917312748,0.104732821580651,0.573521218243232,1.25024584219326,14,"HOG:0025959;HOG:0026742;HOG:0011541",FALSE,"regulation of cellular process","BP","root_mean_activity","annual",1,0.25,"Brachypodium=0.03879;Hordeum=-0.001519;Briza=-0.004151;Festuca/Vulpia=-0.02086",0.685571990966965
"GO:0065007",0.218281036834925,0.521744917312748,0.104732821580651,0.573521218243232,1.25024584219326,14,"HOG:0025959;HOG:0026742;HOG:0011541",FALSE,"biological regulation","BP","root_mean_activity","annual",1,0.25,"Brachypodium=0.03879;Hordeum=-0.001519;Briza=-0.004151;Festuca/Vulpia=-0.02086",0.685571990966965
"GO:0043169",0.259786476868327,0.538257575757576,0.110564716336619,0.388527237497851,1.13915902459112,31,"HOG:0025149;HOG:0028145;HOG:0025959;HOG:0028333;HOG:0021825;HOG:0027918;HOG:0032765",FALSE,"cation binding","MF","leaf_early_to_late","annual",1,0.25,"Brachypodium=0.1664;Hordeum=-0.409;Briza=-0.05096;Festuca/Vulpia=-0.05529",0.736419517073027
"GO:0016773",0.222877358490566,0.546049528301887,0.0946646223153342,0.675365893060362,1.23370501312861,11,"HOG:0023138;HOG:0011775;HOG:0026019",FALSE,"phosphotransferase activity, alcohol group as acceptor","MF","root_early_to_late","annual",3,0.75,"Brachypodium=0.2002;Hordeum=-0.03932;Briza=0.08986;Festuca/Vulpia=0.05911",0.689657740311578
"GO:0016874",0.291428571428571,0.549230769230769,0.197822021315103,0.387756406949174,1.11131347429668,10,"HOG:0006139;HOG:0011942",FALSE,"ligase activity","MF","leaf_mean_activity","annual",3,0.75,"Brachypodium=-0.198;Hordeum=0.06759;Briza=0.03589;Festuca/Vulpia=0.05094",0.785938253738543
"GO:0043167",0.23,0.549756097560976,0.0835990603684159,0.53610626708739,1.13244107207613,75,"HOG:0028145;HOG:0027918;HOG:0025149;HOG:0023048;HOG:0011775;HOG:0021825;HOG:0011541;HOG:0025848;HOG:0006332;HOG:0025959;HOG:0028333",FALSE,"ion binding","MF","root_early_to_late","annual",2,0.5,"Brachypodium=0.443;Hordeum=-0.03221;Briza=-0.01776;Festuca/Vulpia=0.0408",0.689657740311578
"GO:0043226",0.300884955752212,0.557302231237323,0.100990587455923,0.370742705856651,1.09950952610567,32,"HOG:0032904;HOG:0032903;HOG:0005683;HOG:0025959;HOG:0024277;HOG:0027918",FALSE,"organelle","CC","leaf_early_to_late","annual",1,0.25,"Brachypodium=-0.09634;Hordeum=0.5729;Briza=-0.002888;Festuca/Vulpia=-0.1728",0.785938253738543
"GO:0043229",0.300884955752212,0.557302231237323,0.100990587455923,0.370742705856651,1.09950952610567,32,"HOG:0032904;HOG:0032903;HOG:0005683;HOG:0025959;HOG:0024277;HOG:0027918",FALSE,"intracellular organelle","CC","leaf_early_to_late","annual",1,0.25,"Brachypodium=-0.09634;Hordeum=0.5729;Briza=-0.002888;Festuca/Vulpia=-0.1728",0.785938253738543
"GO:0004175",0.318458417849899,0.557302231237323,0.105920292736253,0.498807290731027,1.13282980057289,11,"HOG:0011540",FALSE,"endopeptidase activity","MF","leaf_early_to_late","annual",1,0.25,"Brachypodium=0.1353;Hordeum=-0.4478;Briza=-0.09055;Festuca/Vulpia=-0.02727",0.799340441903925
"GO:0008233",0.318458417849899,0.557302231237323,0.105920292736253,0.498807290731027,1.13282980057289,11,"HOG:0011540",FALSE,"peptidase activity","MF","leaf_early_to_late","annual",1,0.25,"Brachypodium=0.1353;Hordeum=-0.4478;Briza=-0.09055;Festuca/Vulpia=-0.02727",0.799340441903925
"GO:0017076",0.34412265758092,0.571666666666667,0.0908241419007155,0.339825800086245,1.07525838188332,46,"HOG:0025149;HOG:0023048;HOG:0025848;HOG:0028145",FALSE,"purine nucleotide binding","MF","leaf_early_to_late","annual",1,0.25,"Brachypodium=0.1186;Hordeum=-0.2129;Briza=-0.0521;Festuca/Vulpia=-0.07073",0.811148648648649
"GO:0043227",0.345454545454545,0.571666666666667,0.0943563635421779,0.395312504839427,1.0878895780728,23,"HOG:0032904;HOG:0032903;HOG:0005683;HOG:0025959;HOG:0024277;HOG:0027918",FALSE,"membrane-bounded organelle","CC","leaf_early_to_late","annual",1,0.25,"Brachypodium=-0.1388;Hordeum=0.5582;Briza=-0.05816;Festuca/Vulpia=-0.1701",0.811148648648649
"GO:0043231",0.345454545454545,0.571666666666667,0.0943563635421779,0.395312504839427,1.0878895780728,23,"HOG:0032904;HOG:0032903;HOG:0005683;HOG:0025959;HOG:0024277;HOG:0027918",FALSE,"intracellular membrane-bounded organelle","CC","leaf_early_to_late","annual",1,0.25,"Brachypodium=-0.1388;Hordeum=0.5582;Briza=-0.05816;Festuca/Vulpia=-0.1701",0.811148648648649
"GO:0016772",0.35,0.571666666666667,0.096887770327544,0.439586681665599,1.09391900358634,16,"HOG:0025342;HOG:0026019;HOG:0011775",FALSE,"transferase activity, transferring phosphorus-containing groups","MF","leaf_early_to_late","annual",1,0.25,"Brachypodium=0.1751;Hordeum=-0.38;Briza=-0.05055;Festuca/Vulpia=-0.01243",0.811148648648649
"GO:0043227",0.254901960784314,0.58093935248518,0.0891647117820678,0.508299398990215,1.20817977806515,23,"HOG:0032903;HOG:0025959;HOG:0032904;HOG:0027918;HOG:0011541;HOG:0005683",FALSE,"membrane-bounded organelle","CC","root_mean_activity","annual",0,0,"Brachypodium=-0.06072;Hordeum=-0.01375;Briza=-0.006009;Festuca/Vulpia=-0.03932",0.725571556423399
"GO:0043231",0.254901960784314,0.58093935248518,0.0891647117820678,0.508299398990215,1.20817977806515,23,"HOG:0032903;HOG:0025959;HOG:0032904;HOG:0027918;HOG:0011541;HOG:0005683",FALSE,"intracellular membrane-bounded organelle","CC","root_mean_activity","annual",0,0,"Brachypodium=-0.06072;Hordeum=-0.01375;Briza=-0.006009;Festuca/Vulpia=-0.03932",0.725571556423399
"GO:0000166",0.2625250501002,0.598312904879526,0.0766746872490091,0.544405130085889,1.13891519429191,51,"HOG:0028145;HOG:0025149;HOG:0023048;HOG:0011775;HOG:0011541;HOG:0025848",FALSE,"nucleotide binding","MF","root_early_to_late","annual",2,0.5,"Brachypodium=0.7714;Hordeum=-0.02346;Briza=-0.08323;Festuca/Vulpia=0.04272",0.738082722822695
"GO:1901265",0.2625250501002,0.598312904879526,0.0766746872490091,0.544405130085889,1.13891519429191,51,"HOG:0028145;HOG:0025149;HOG:0023048;HOG:0011775;HOG:0011541;HOG:0025848",FALSE,"nucleoside phosphate binding","MF","root_early_to_late","annual",2,0.5,"Brachypodium=0.7714;Hordeum=-0.02346;Briza=-0.08323;Festuca/Vulpia=0.04272",0.738082722822695
"GO:0043168",0.410839160839161,0.619419042495966,0.0824344091527096,0.326959182575599,1.03483539545813,49,"HOG:0025149;HOG:0023048;HOG:0025848;HOG:0028145",FALSE,"anion binding","MF","leaf_early_to_late","annual",1,0.25,"Brachypodium=0.1227;Hordeum=-0.3356;Briza=-0.04955;Festuca/Vulpia=-0.06618",0.844134536505332
"GO:0008104",0.419047619047619,0.622222222222222,0.213927855492356,0.30625,1.00758018864348,16,"HOG:0007857;HOG:0025186;HOG:0029148;HOG:0012511;HOG:0026902;HOG:0012261;HOG:0005666;HOG:0027704;HOG:0028636;HOG:0011064;HOG:0028850;HOG:0006523;HOG:0025124;HOG:0008637;HOG:0012011;HOG:0012012",FALSE,"intracellular protein localization","BP","leaf_mean_activity","annual",2,0.5,"Brachypodium=-0.2577;Hordeum=-0.03825;Briza=0.01462;Festuca/Vulpia=0.009435",0.844134536505332
"GO:0015031",0.419047619047619,0.622222222222222,0.213927855492356,0.30625,1.00758018864348,16,"HOG:0007857;HOG:0025186;HOG:0029148;HOG:0012511;HOG:0026902;HOG:0012261;HOG:0005666;HOG:0027704;HOG:0028636;HOG:0011064;HOG:0028850;HOG:0006523;HOG:0025124;HOG:0008637;HOG:0012011;HOG:0012012",FALSE,"protein transport","BP","leaf_mean_activity","annual",2,0.5,"Brachypodium=-0.2577;Hordeum=-0.03825;Briza=0.01462;Festuca/Vulpia=0.009435",0.844134536505332
"GO:0033036",0.419047619047619,0.622222222222222,0.213927855492356,0.30625,1.00758018864348,16,"HOG:0007857;HOG:0025186;HOG:0029148;HOG:0012511;HOG:0026902;HOG:0012261;HOG:0005666;HOG:0027704;HOG:0028636;HOG:0011064;HOG:0028850;HOG:0006523;HOG:0025124;HOG:0008637;HOG:0012011;HOG:0012012",FALSE,"macromolecule localization","BP","leaf_mean_activity","annual",2,0.5,"Brachypodium=-0.2577;Hordeum=-0.03825;Briza=0.01462;Festuca/Vulpia=0.009435",0.844134536505332
"GO:1901363",0.280561122244489,0.62488613590818,0.0732558655828455,0.539334700511056,1.13018031428025,53,"HOG:0028145;HOG:0025149;HOG:0023048;HOG:0011775;HOG:0011541;HOG:0025848",FALSE,"heterocyclic compound binding","MF","root_early_to_late","annual",2,0.5,"Brachypodium=0.5561;Hordeum=-0.02346;Briza=-0.01776;Festuca/Vulpia=0.04272",0.772951525541042
"GO:0006886",0.440366972477064,0.625448743518149,0.204294756516886,0.305295950155763,0.98117272328007,15,"HOG:0007857;HOG:0025186;HOG:0029148;HOG:0012511;HOG:0026902;HOG:0012261;HOG:0005666;HOG:0027704;HOG:0028636;HOG:0011064;HOG:0006523;HOG:0025124;HOG:0008637;HOG:0012011;HOG:0012012",FALSE,"intracellular protein transport","BP","leaf_mean_activity","annual",2,0.5,"Brachypodium=-0.2521;Hordeum=-0.03503;Briza=0.02114;Festuca/Vulpia=0.01783",0.857092334272562
"GO:0004175",0.30246020260492,0.644371735984396,0.088894528862045,0.564769795143185,1.15923711285938,11,"HOG:0011540;HOG:0031227;HOG:0000079;HOG:0029544;HOG:0028718;HOG:0007636;HOG:0007936",FALSE,"endopeptidase activity","MF","root_mean_activity","annual",2,0.5,"Brachypodium=0.04111;Hordeum=0.0564;Briza=-0.003237;Festuca/Vulpia=-0.01734",0.785938253738543
"GO:0008233",0.30246020260492,0.644371735984396,0.088894528862045,0.564769795143185,1.15923711285938,11,"HOG:0011540;HOG:0031227;HOG:0000079;HOG:0029544;HOG:0028718;HOG:0007636;HOG:0007936",FALSE,"peptidase activity","MF","root_mean_activity","annual",2,0.5,"Brachypodium=0.04111;Hordeum=0.0564;Briza=-0.003237;Festuca/Vulpia=-0.01734",0.785938253738543
"GO:0180051",0.439922480620155,0.648387842366809,0.0843144320642653,0.432098765432099,1.01656859429017,12,"HOG:0019536;HOG:0023439;HOG:0033476;HOG:0000535;HOG:0012403;HOG:0012402;HOG:0016166;HOG:0026397;HOG:0028394;HOG:0005788;HOG:0028395;HOG:0000096",FALSE,"translation factor activity","MF","leaf_early_to_late","annual",2,0.5,"Brachypodium=-0.04867;Hordeum=0.5092;Briza=0.0174;Festuca/Vulpia=-0.1705",0.857092334272562
"GO:0016787",0.443478260869565,0.648387842366809,0.0780892306943345,0.328543630236104,1.00555144794685,38,"HOG:0011540;HOG:0025149;HOG:0025848",FALSE,"hydrolase activity","MF","leaf_early_to_late","annual",1,0.25,"Brachypodium=0.1422;Hordeum=-0.3731;Briza=-0.06048;Festuca/Vulpia=-0.03032",0.857092334272562
"GO:0000166",0.497363796133568,0.656966326845845,0.0727141077934447,0.307987644676598,0.97719430638701,51,"HOG:0025149;HOG:0023048;HOG:0025848;HOG:0028145",FALSE,"nucleotide binding","MF","leaf_early_to_late","annual",1,0.25,"Brachypodium=0.1227;Hordeum=-0.3146;Briza=-0.04955;Festuca/Vulpia=-0.06618",0.897872537230599
"GO:1901265",0.497363796133568,0.656966326845845,0.0727141077934447,0.307987644676598,0.97719430638701,51,"HOG:0025149;HOG:0023048;HOG:0025848;HOG:0028145",FALSE,"nucleoside phosphate binding","MF","leaf_early_to_late","annual",1,0.25,"Brachypodium=0.1227;Hordeum=-0.3146;Briza=-0.04955;Festuca/Vulpia=-0.06618",0.897872537230599
"GO:1901363",0.517826825127334,0.656966326845845,0.0689567351672811,0.300200887497127,0.965580355174918,53,"HOG:0025149;HOG:0023048;HOG:0025848;HOG:0028145",FALSE,"heterocyclic compound binding","MF","leaf_early_to_late","annual",1,0.25,"Brachypodium=0.1227;Hordeum=-0.3356;Briza=-0.04955;Festuca/Vulpia=-0.06618",0.917904914825198
"GO:0043167",0.55735056542811,0.691396903948794,0.0629394692018967,0.279178670099578,0.948769703493342,75,"HOG:0025149;HOG:0023048;HOG:0025848;HOG:0028145;HOG:0025959;HOG:0028333;HOG:0021825;HOG:0011775;HOG:0027918;HOG:0032765",FALSE,"ion binding","MF","leaf_early_to_late","annual",1,0.25,"Brachypodium=0.1409;Hordeum=-0.3833;Briza=-0.05096;Festuca/Vulpia=-0.05652",0.946392296741791
"GO:0140096",0.566003616636528,0.693354430379747,0.0676760401641789,0.331458422561112,0.927088563337182,25,"HOG:0011540;HOG:0025959;HOG:0011775",FALSE,"catalytic activity, acting on a protein","MF","leaf_early_to_late","annual",1,0.25,"Brachypodium=0.1419;Hordeum=-0.3738;Briza=-0.05825;Festuca/Vulpia=-0.02727",0.950350881933204
"GO:0009058",0.607553366174056,0.70099196976854,0.0596037042575973,0.278576337508353,0.923484211311124,65,"HOG:0032904;HOG:0032903;HOG:0026742;HOG:0005683;HOG:0025959;HOG:0026637;HOG:0019536;HOG:0024277;HOG:0027918;HOG:0031056;HOG:0024562;HOG:0011541;HOG:0031418",FALSE,"biosynthetic process","BP","leaf_early_to_late","annual",2,0.5,"Brachypodium=0.1227;Hordeum=0.1383;Briza=-0.0505;Festuca/Vulpia=-0.141",0.950350881933204
"GO:0043228",0.613034623217923,0.70099196976854,0.0696133438850965,0.395488407828426,0.876059664188866,10,"HOG:0024277",FALSE,"membraneless organelle","CC","leaf_early_to_late","annual",2,0.5,"Brachypodium=-0.03444;Hordeum=0.6157;Briza=0.02814;Festuca/Vulpia=-0.1796",0.950350881933204
"GO:0043232",0.613034623217923,0.70099196976854,0.0696133438850965,0.395488407828426,0.876059664188866,10,"HOG:0024277",FALSE,"intracellular membraneless organelle","CC","leaf_early_to_late","annual",2,0.5,"Brachypodium=-0.03444;Hordeum=0.6157;Briza=0.02814;Festuca/Vulpia=-0.1796",0.950350881933204
"GO:0036094",0.618296529968454,0.70099196976854,0.0568864160475701,0.265202735289766,0.912887660510174,79,"HOG:0025149;HOG:0023048;HOG:0025848;HOG:0028145;HOG:0025959;HOG:0028333;HOG:0021825;HOG:0011775;HOG:0027918;HOG:0032765",FALSE,"small molecule binding","MF","leaf_early_to_late","annual",1,0.25,"Brachypodium=0.1259;Hordeum=-0.3833;Briza=-0.04955;Festuca/Vulpia=-0.05652",0.953758269452904
"GO:0050789",0.676356589147287,0.736477174849268,0.0623861492893626,0.346392257120892,0.844944841808375,14,"HOG:0026742;HOG:0025959;HOG:0019536;HOG:0024562;HOG:0011541",FALSE,"regulation of biological process","BP","leaf_early_to_late","annual",1,0.25,"Brachypodium=-0.1512;Hordeum=0.5041;Briza=-0.06396;Festuca/Vulpia=-0.1524",0.993089981736005
"GO:0050794",0.676356589147287,0.736477174849268,0.0623861492893626,0.346392257120892,0.844944841808375,14,"HOG:0026742;HOG:0025959;HOG:0019536;HOG:0024562;HOG:0011541",FALSE,"regulation of cellular process","BP","leaf_early_to_late","annual",1,0.25,"Brachypodium=-0.1512;Hordeum=0.5041;Briza=-0.06396;Festuca/Vulpia=-0.1524",0.993089981736005
"GO:0065007",0.676356589147287,0.736477174849268,0.0623861492893626,0.346392257120892,0.844944841808375,14,"HOG:0026742;HOG:0025959;HOG:0019536;HOG:0024562;HOG:0011541",FALSE,"biological regulation","BP","leaf_early_to_late","annual",1,0.25,"Brachypodium=-0.1512;Hordeum=0.5041;Briza=-0.06396;Festuca/Vulpia=-0.1524",0.993089981736005
"GO:0043228",0.022903553566412,0.748182749836125,0.352487857583619,0.535215365822744,1.69076905941318,10,"HOG:0027639;HOG:0021123;HOG:0000122;HOG:0024337;HOG:0023227;HOG:0007833",FALSE,"membraneless organelle","CC","internal_edge_density","annual",3,0.75,"Brachypodium=0.1215;Hordeum=0.03641;Briza=0.004545;Festuca/Vulpia=-0.06849",0.187244352671268
"GO:0043232",0.022903553566412,0.748182749836125,0.352487857583619,0.535215365822744,1.69076905941318,10,"HOG:0027639;HOG:0021123;HOG:0000122;HOG:0024337;HOG:0023227;HOG:0007833",FALSE,"intracellular membraneless organelle","CC","internal_edge_density","annual",3,0.75,"Brachypodium=0.1215;Hordeum=0.03641;Briza=0.004545;Festuca/Vulpia=-0.06849",0.187244352671268
"GO:0006629",0.697768762677485,0.751443282883445,0.0630790410571939,0.363076923076923,0.824575674824363,11,"HOG:0031418;HOG:0024444;HOG:0020549;HOG:0024629;HOG:0004192;HOG:0007920;HOG:0027098;HOG:0026770;HOG:0019459;HOG:0021895;HOG:0026234",FALSE,"lipid metabolic process","BP","leaf_early_to_late","annual",2,0.5,"Brachypodium=0.1269;Hordeum=-0.4068;Briza=-0.05257;Festuca/Vulpia=0.01308",0.993089981736005
"GO:0008610",0.723014256619145,0.770167360311698,0.0615706755421678,0.361963190184049,0.801796827832528,10,"HOG:0031418;HOG:0024444;HOG:0020549;HOG:0024629;HOG:0004192;HOG:0007920;HOG:0027098;HOG:0026770;HOG:0019459;HOG:0026234",FALSE,"lipid biosynthetic process","BP","leaf_early_to_late","annual",2,0.5,"Brachypodium=0.126;Hordeum=-0.4208;Briza=-0.05239;Festuca/Vulpia=0.01759",0.99474518780812
"GO:0016773",0.752535496957404,0.792994394643285,0.059476028695732,0.344603915960504,0.782622051939249,11,"HOG:0026019;HOG:0011775",FALSE,"phosphotransferase activity, alcohol group as acceptor","MF","leaf_early_to_late","annual",1,0.25,"Brachypodium=0.1531;Hordeum=-0.3579;Briza=-0.03957;Festuca/Vulpia=-0.00688",0.99474518780812
"GO:0016787",0.398870056497175,0.800072568940494,0.0618406035753285,0.420272583506894,1.07353615532977,38,"HOG:0011540;HOG:0025149;HOG:0025848;HOG:0018459;HOG:0026703;HOG:0031227;HOG:0011541;HOG:0006139;HOG:0003782;HOG:0028008;HOG:0000079;HOG:0032961",FALSE,"hydrolase activity","MF","root_mean_activity","annual",2,0.5,"Brachypodium=0.04198;Hordeum=0.05599;Briza=-0.00575;Festuca/Vulpia=-0.004264",0.839620137434748
"GO:0032559",0.399077277970012,0.800072568940494,0.0628003977812234,0.424567835807864,1.05974395995403,33,"HOG:0023048;HOG:0025149;HOG:0025848;HOG:0011775;HOG:0011541;HOG:0006139",FALSE,"adenyl ribonucleotide binding","MF","root_mean_activity","annual",2,0.5,"Brachypodium=0.04818;Hordeum=0.05651;Briza=-0.008158;Festuca/Vulpia=-0.01841",0.839620137434748
"GO:0005524",0.407450523864959,0.800072568940494,0.062249042949858,0.426929160611412,1.05807539093983,32,"HOG:0023048;HOG:0025149;HOG:0025848;HOG:0011775;HOG:0011541;HOG:0006139",FALSE,"ATP binding","MF","root_mean_activity","annual",2,0.5,"Brachypodium=0.04841;Hordeum=0.05737;Briza=-0.009449;Festuca/Vulpia=-0.0198",0.844134536505332
"GO:0016301",0.422575976845152,0.800072568940494,0.0711327399327894,0.52267836645603,1.07284094456739,11,"HOG:0011775;HOG:0008733;HOG:0027147;HOG:0022830;HOG:0006505;HOG:0004085;HOG:0032593;HOG:0010571;HOG:0031321",FALSE,"kinase activity","MF","root_mean_activity","annual",3,0.75,"Brachypodium=0.05184;Hordeum=0.05651;Briza=-0.00734;Festuca/Vulpia=0.00311",0.844134536505332
"GO:0043170",0.423728813559322,0.800072568940494,0.0559428593065705,0.385101672904262,1.04291744745518,65,"HOG:0032903;HOG:0011540;HOG:0025959;HOG:0032904;HOG:0026742;HOG:0011775;HOG:0031227;HOG:0027918;HOG:0011541;HOG:0024976;HOG:0003561;HOG:0006139;HOG:0005683",FALSE,"macromolecule metabolic process","BP","root_mean_activity","annual",2,0.5,"Brachypodium=0.04994;Hordeum=0.04674;Briza=-0.01255;Festuca/Vulpia=-0.0103",0.844134536505332
"GO:0005622",0.368631368631369,0.802797202797203,0.0597317976364411,0.512489779040831,1.07919091866467,62,"HOG:0032904;HOG:0027918;HOG:0005683;HOG:0011540;HOG:0011541;HOG:0025923;HOG:0025959",FALSE,"intracellular anatomical structure","CC","root_early_to_late","annual",2,0.5,"Brachypodium=1.387;Hordeum=0.04306;Briza=-0.1939;Festuca/Vulpia=-0.08177",0.821786527173262
"GO:0010467",0.443298969072165,0.819684886208909,0.0574877409561325,0.408295811699213,1.03178558334567,36,"HOG:0032903;HOG:0025959;HOG:0032904;HOG:0026742",FALSE,"gene expression","BP","root_mean_activity","annual",2,0.5,"Brachypodium=0.04864;Hordeum=-0.0366;Briza=-0.02796;Festuca/Vulpia=0.02306",0.857092334272562
"GO:0016740",0.815972222222222,0.850694444444445,0.048505983646947,0.257210297563891,0.784462619759734,37,"HOG:0025342;HOG:0025959;HOG:0026637;HOG:0026019;HOG:0011775;HOG:0031056",FALSE,"transferase activity","MF","leaf_early_to_late","annual",1,0.25,"Brachypodium=0.1599;Hordeum=-0.3356;Briza=-0.07618;Festuca/Vulpia=-0.09439",0.99474518780812
"GO:0006629",0.0397310115348185,0.856682769726248,0.321775918075361,0.596537127655008,1.5912931899875,11,"HOG:0020549;HOG:0024629;HOG:0007920;HOG:0031418",FALSE,"lipid metabolic process","BP","anchor_module_mean_strength_ratio","annual",2,0.5,"Brachypodium=0.2778;Hordeum=-0.07896;Briza=0.001154;Festuca/Vulpia=-0.09775",0.28995185013708
"GO:0008610",0.044290896939915,0.856682769726248,0.321775918075361,0.628463589394793,1.6180381162063,10,"HOG:0020549;HOG:0024629;HOG:0007920;HOG:0031418",FALSE,"lipid biosynthetic process","BP","anchor_module_mean_strength_ratio","annual",2,0.5,"Brachypodium=0.3082;Hordeum=-0.0444;Briza=0.03078;Festuca/Vulpia=-0.08818",0.30241289163431
"GO:0043167",0.097799511002445,0.856682769726248,0.224966093540314,0.298906640599909,1.2831314520891,75,"HOG:0008733;HOG:0020549;HOG:0011775;HOG:0024629;HOG:0027706;HOG:0017189;HOG:0028333;HOG:0032348;HOG:0027639;HOG:0007920;HOG:0018459;HOG:0032961;HOG:0021825;HOG:0029921;HOG:0032765;HOG:0006332;HOG:0025149;HOG:0007636;HOG:0012102;HOG:0025848;HOG:0023048;HOG:0007638",FALSE,"ion binding","MF","anchor_module_mean_strength_ratio","annual",1,0.25,"Brachypodium=0.2327;Hordeum=-0.07754;Briza=-0.05661;Festuca/Vulpia=-0.09141",0.476318008232902
"GO:0036094",0.121359223300971,0.856682769726248,0.199915231309662,0.29010974931893,1.24708806806923,79,"HOG:0008733;HOG:0020549;HOG:0011775;HOG:0024629;HOG:0027706;HOG:0017189;HOG:0028333;HOG:0032348;HOG:0027639;HOG:0007920;HOG:0018459;HOG:0032961;HOG:0021825;HOG:0029921;HOG:0003561;HOG:0032765;HOG:0006332;HOG:0025149;HOG:0007636;HOG:0012102;HOG:0025848;HOG:0023048;HOG:0007638",FALSE,"small molecule binding","MF","anchor_module_mean_strength_ratio","annual",1,0.25,"Brachypodium=0.2335;Hordeum=-0.08475;Briza=-0.05661;Festuca/Vulpia=-0.09318",0.537289260586752
"GO:0030554",0.141552511415525,0.856682769726248,0.178219874951973,0.344236994491702,1.2661004369024,37,"HOG:0008733;HOG:0020549;HOG:0011775;HOG:0027706;HOG:0017189;HOG:0027639;HOG:0025149;HOG:0007636;HOG:0012102;HOG:0025848;HOG:0023048;HOG:0007638;HOG:0011541",FALSE,"adenyl nucleotide binding","MF","anchor_module_mean_strength_ratio","annual",1,0.25,"Brachypodium=0.2472;Hordeum=-0.09104;Briza=-0.03268;Festuca/Vulpia=-0.1143",0.579015712245163
"GO:0043169",0.143487858719647,0.856682769726248,0.173747838999571,0.354801795944814,1.25130927644119,31,"HOG:0020549;HOG:0024629;HOG:0028333;HOG:0032348;HOG:0007920;HOG:0018459;HOG:0021825;HOG:0032765;HOG:0006332;HOG:0025149;HOG:0007636;HOG:0012102",FALSE,"cation binding","MF","anchor_module_mean_strength_ratio","annual",1,0.25,"Brachypodium=0.258;Hordeum=-0.05558;Briza=-0.02903;Festuca/Vulpia=-0.06853",0.579015712245163
"GO:0032991",0.147902869757174,0.856682769726248,0.170932335370056,0.354010230442713,1.24851759593954,31,"HOG:0027706;HOG:0028636;HOG:0027639;HOG:0004116;HOG:0006661;HOG:0012011;HOG:0028850;HOG:0025316;HOG:0027704;HOG:0011544;HOG:0028661",FALSE,"protein-containing complex","CC","anchor_module_mean_strength_ratio","annual",1,0.25,"Brachypodium=0.2682;Hordeum=-0.008626;Briza=-0.04854;Festuca/Vulpia=-0.1348",0.58701635097944
"GO:0043168",0.157205240174672,0.856682769726248,0.16440575583821,0.314312908858732,1.24158204694054,49,"HOG:0008733;HOG:0020549;HOG:0011775;HOG:0027706;HOG:0017189;HOG:0027639;HOG:0032961;HOG:0029921;HOG:0025149;HOG:0007636;HOG:0012102;HOG:0025848;HOG:0023048;HOG:0007638;HOG:0011541",FALSE,"anion binding","MF","anchor_module_mean_strength_ratio","annual",1,0.25,"Brachypodium=0.2285;Hordeum=-0.07754;Briza=-0.05661;Festuca/Vulpia=-0.1093",0.609281326326697
"GO:0016192",0.169164882226981,0.856682769726248,0.156312403073186,0.464377048380215,1.29348449807135,13,"HOG:0026838;HOG:0028636;HOG:0027005;HOG:0012011",FALSE,"vesicle-mediated transport","BP","anchor_module_mean_strength_ratio","annual",2,0.5,"Brachypodium=0.3459;Hordeum=0.09948;Briza=-0.08002;Festuca/Vulpia=-0.06604",0.648307872668764
"GO:0032559",0.18,0.856682769726248,0.154190966581424,0.340294941790574,1.21791742888231,33,"HOG:0008733;HOG:0011775;HOG:0027706;HOG:0017189;HOG:0027639;HOG:0025149;HOG:0007636;HOG:0012102;HOG:0025848;HOG:0023048;HOG:0007638;HOG:0011541;HOG:0028145",FALSE,"adenyl ribonucleotide binding","MF","anchor_module_mean_strength_ratio","annual",1,0.25,"Brachypodium=0.2472;Hordeum=-0.09104;Briza=-0.02302;Festuca/Vulpia=-0.1093",0.653047379363169
"GO:0046914",0.193763919821826,0.856682769726248,0.148261500475107,0.424578793070663,1.2595777899857,16,"HOG:0028333;HOG:0007920;HOG:0021825;HOG:0032765;HOG:0006332;HOG:0025149;HOG:0007636",FALSE,"transition metal ion binding","MF","anchor_module_mean_strength_ratio","annual",1,0.25,"Brachypodium=0.2901;Hordeum=-0.04872;Briza=-0.01309;Festuca/Vulpia=-0.07997",0.667865914830318
"GO:0046872",0.203619909502262,0.856682769726248,0.14551614609036,0.342634428424867,1.19580182096876,30,"HOG:0020549;HOG:0024629;HOG:0028333;HOG:0032348;HOG:0007920;HOG:0018459;HOG:0021825;HOG:0032765;HOG:0006332;HOG:0025149;HOG:0007636",FALSE,"metal ion binding","MF","anchor_module_mean_strength_ratio","annual",1,0.25,"Brachypodium=0.2458;Hordeum=-0.05623;Briza=-0.03416;Festuca/Vulpia=-0.07406",0.667865914830318
"GO:0005524",0.225877192982456,0.856682769726248,0.135002033828631,0.324831662020447,1.16058647242109,32,"HOG:0008733;HOG:0011775;HOG:0027706;HOG:0017189;HOG:0027639;HOG:0025149;HOG:0007636;HOG:0025848;HOG:0023048;HOG:0007638;HOG:0011541;HOG:0028145",FALSE,"ATP binding","MF","anchor_module_mean_strength_ratio","annual",1,0.25,"Brachypodium= 0.24;Hordeum=-0.09163;Briza=-0.03982;Festuca/Vulpia=-0.1118",0.689657740311578
"GO:0008270",0.233404710920771,0.856682769726248,0.130777137971974,0.435739898800393,1.21371804712453,13,"HOG:0028333;HOG:0021825;HOG:0032765;HOG:0006332;HOG:0025149;HOG:0007636;HOG:0028145",FALSE,"zinc ion binding","MF","anchor_module_mean_strength_ratio","annual",1,0.25,"Brachypodium=0.2743;Hordeum=-0.04361;Briza=-0.002539;Festuca/Vulpia=-0.06853",0.689657740311578
"GO:0017076",0.237068965517241,0.856682769726248,0.130105630751129,0.294616012337843,1.15316457722997,46,"HOG:0008733;HOG:0020549;HOG:0011775;HOG:0027706;HOG:0017189;HOG:0027639;HOG:0032961;HOG:0025149;HOG:0007636;HOG:0012102;HOG:0025848;HOG:0023048;HOG:0007638;HOG:0011541",FALSE,"purine nucleotide binding","MF","anchor_module_mean_strength_ratio","annual",1,0.25,"Brachypodium=0.2158;Hordeum=-0.09017;Briza=-0.06753;Festuca/Vulpia=-0.1158",0.689657740311578
"GO:0016772",0.298440979955457,0.856682769726248,0.116234148779716,0.37740192281854,1.1196204041237,16,"HOG:0008733;HOG:0011775;HOG:0026019",FALSE,"transferase activity, transferring phosphorus-containing groups","MF","anchor_module_mean_strength_ratio","annual",1,0.25,"Brachypodium=0.2856;Hordeum=-0.1146;Briza=-0.04876;Festuca/Vulpia=-0.1052",0.785938253738543
"GO:0000166",0.300438596491228,0.856682769726248,0.114750719227023,0.27735457680179,1.10159934049977,51,"HOG:0008733;HOG:0020549;HOG:0011775;HOG:0027706;HOG:0017189;HOG:0027639;HOG:0032961;HOG:0029921;HOG:0025149;HOG:0007636;HOG:0012102;HOG:0025848;HOG:0023048;HOG:0007638;HOG:0011541",FALSE,"nucleotide binding","MF","anchor_module_mean_strength_ratio","annual",1,0.25,"Brachypodium=0.2161;Hordeum=-0.09104;Briza=-0.07845;Festuca/Vulpia=-0.1093",0.785938253738543
"GO:1901265",0.300438596491228,0.856682769726248,0.114750719227023,0.27735457680179,1.10159934049977,51,"HOG:0008733;HOG:0020549;HOG:0011775;HOG:0027706;HOG:0017189;HOG:0027639;HOG:0032961;HOG:0029921;HOG:0025149;HOG:0007636;HOG:0012102;HOG:0025848;HOG:0023048;HOG:0007638;HOG:0011541",FALSE,"nucleoside phosphate binding","MF","anchor_module_mean_strength_ratio","annual",1,0.25,"Brachypodium=0.2161;Hordeum=-0.09104;Briza=-0.07845;Festuca/Vulpia=-0.1093",0.785938253738543
"GO:0032555",0.34,0.856682769726248,0.107554375265169,0.285095037957728,1.08701621879981,42,"HOG:0008733;HOG:0011775;HOG:0027706;HOG:0017189;HOG:0027639;HOG:0032961;HOG:0025149;HOG:0007636;HOG:0012102;HOG:0025848;HOG:0023048;HOG:0007638;HOG:0011541",FALSE,"purine ribonucleotide binding","MF","anchor_module_mean_strength_ratio","annual",1,0.25,"Brachypodium=0.2158;Hordeum=-0.09017;Briza=-0.06753;Festuca/Vulpia=-0.1118",0.811148648648649
"GO:0006793",0.345291479820628,0.856682769726248,0.107140237276725,0.337736902260554,1.09002100604079,22,"HOG:0008733;HOG:0011775;HOG:0024629;HOG:0018459;HOG:0011628;HOG:0023669;HOG:0012102",FALSE,"phosphorus metabolic process","BP","anchor_module_mean_strength_ratio","annual",1,0.25,"Brachypodium=0.2459;Hordeum=-0.1146;Briza=-0.01147;Festuca/Vulpia=-0.09996",0.811148648648649
"GO:0006796",0.345291479820628,0.856682769726248,0.107140237276725,0.337736902260554,1.09002100604079,22,"HOG:0008733;HOG:0011775;HOG:0024629;HOG:0018459;HOG:0011628;HOG:0023669;HOG:0012102",FALSE,"phosphate-containing compound metabolic process","BP","anchor_module_mean_strength_ratio","annual",1,0.25,"Brachypodium=0.2459;Hordeum=-0.1146;Briza=-0.01147;Festuca/Vulpia=-0.09996",0.811148648648649
"GO:0016301",0.345833333333333,0.856682769726248,0.102449405629826,0.414829308553875,1.10657832196283,11,"HOG:0008733;HOG:0011775",FALSE,"kinase activity","MF","anchor_module_mean_strength_ratio","annual",1,0.25,"Brachypodium=0.2472;Hordeum=-0.1527;Briza=-0.02302;Festuca/Vulpia=-0.1173",0.811148648648649
"GO:1901363",0.348115299334812,0.856682769726248,0.105920292736253,0.267991508535121,1.07064374572191,53,"HOG:0008733;HOG:0020549;HOG:0011775;HOG:0027706;HOG:0017189;HOG:0027639;HOG:0032961;HOG:0029921;HOG:0025149;HOG:0007636;HOG:0012102;HOG:0025848;HOG:0023048;HOG:0007638;HOG:0011541",FALSE,"heterocyclic compound binding","MF","anchor_module_mean_strength_ratio","annual",1,0.25,"Brachypodium=0.2161;Hordeum=-0.0893;Briza=-0.06918;Festuca/Vulpia=-0.1093",0.811148648648649
"GO:0032553",0.373068432671082,0.856682769726248,0.101350743797099,0.275746660961753,1.06134228273981,43,"HOG:0008733;HOG:0011775;HOG:0027706;HOG:0017189;HOG:0027639;HOG:0032961;HOG:0025149;HOG:0007636;HOG:0012102;HOG:0025848;HOG:0023048;HOG:0007638;HOG:0011541",FALSE,"ribonucleotide binding","MF","anchor_module_mean_strength_ratio","annual",1,0.25,"Brachypodium=0.2161;Hordeum=-0.09104;Briza=-0.06918;Festuca/Vulpia=-0.1093",0.821786527173262
"GO:0097367",0.373068432671082,0.856682769726248,0.101350743797099,0.275746660961753,1.06134228273981,43,"HOG:0008733;HOG:0011775;HOG:0027706;HOG:0017189;HOG:0027639;HOG:0032961;HOG:0025149;HOG:0007636;HOG:0012102;HOG:0025848;HOG:0023048;HOG:0007638;HOG:0011541",FALSE,"carbohydrate derivative binding","MF","anchor_module_mean_strength_ratio","annual",1,0.25,"Brachypodium=0.2161;Hordeum=-0.09104;Briza=-0.06918;Festuca/Vulpia=-0.1093",0.821786527173262
"GO:0016491",0.392461197339246,0.856682769726248,0.0985499803531691,0.303771733772666,1.05490147414527,29,"HOG:0020549;HOG:0016944;HOG:0031129;HOG:0024629;HOG:0007920;HOG:0029921;HOG:0011628",FALSE,"oxidoreductase activity","MF","anchor_module_mean_strength_ratio","annual",1,0.25,"Brachypodium=0.2815;Hordeum=-0.08475;Briza=-0.03268;Festuca/Vulpia=-0.124",0.837691290806838
"GO:0043228",0.393374741200828,0.856682769726248,0.0943563635421779,0.412606710969876,1.0622944536766,10,"HOG:0027706;HOG:0027639",FALSE,"membraneless organelle","CC","anchor_module_mean_strength_ratio","annual",2,0.5,"Brachypodium=0.1671;Hordeum=0.02107;Briza=-0.06913;Festuca/Vulpia=-0.1831",0.837691290806838
"GO:0043232",0.393374741200828,0.856682769726248,0.0943563635421779,0.412606710969876,1.0622944536766,10,"HOG:0027706;HOG:0027639",FALSE,"intracellular membraneless organelle","CC","anchor_module_mean_strength_ratio","annual",2,0.5,"Brachypodium=0.1671;Hordeum=0.02107;Briza=-0.06913;Festuca/Vulpia=-0.1831",0.837691290806838
"GO:0030554",0.476244343891403,0.859194776931447,0.0535669384770951,0.399419615040807,1.0151797463673,37,"HOG:0023048;HOG:0025149;HOG:0025848;HOG:0011775;HOG:0011541",FALSE,"adenyl nucleotide binding","MF","root_mean_activity","annual",2,0.5,"Brachypodium=0.04111;Hordeum=0.05824;Briza=-0.00785;Festuca/Vulpia=-0.01591",0.87928441253321
"GO:0009059",0.557046979865772,0.859194776931447,0.0458620343117985,0.369770013808675,0.95381640163099,41,"HOG:0032903;HOG:0025959;HOG:0032904;HOG:0026742;HOG:0027918;HOG:0011541;HOG:0024976;HOG:0006139;HOG:0005683",FALSE,"macromolecule biosynthetic process","BP","root_mean_activity","annual",2,0.5,"Brachypodium=0.04733;Hordeum=-0.05321;Briza=-0.02849;Festuca/Vulpia=0.0438",0.946392296741791
"GO:0006793",0.576875768757688,0.859194776931447,0.0486034247259069,0.393544563149379,0.929602346194609,22,"HOG:0018459;HOG:0011775;HOG:0008733;HOG:0030062;HOG:0027147;HOG:0022830;HOG:0006505;HOG:0004085;HOG:0032593;HOG:0024629;HOG:0007697;HOG:0010571;HOG:0031321;HOG:0029110;HOG:0028766",FALSE,"phosphorus metabolic process","BP","root_mean_activity","annual",2,0.5,"Brachypodium=0.04036;Hordeum=0.05737;Briza=-0.002847;Festuca/Vulpia=-0.000436",0.950350881933204
"GO:0006796",0.576875768757688,0.859194776931447,0.0486034247259069,0.393544563149379,0.929602346194609,22,"HOG:0018459;HOG:0011775;HOG:0008733;HOG:0030062;HOG:0027147;HOG:0022830;HOG:0006505;HOG:0004085;HOG:0032593;HOG:0024629;HOG:0007697;HOG:0010571;HOG:0031321;HOG:0029110;HOG:0028766",FALSE,"phosphate-containing compound metabolic process","BP","root_mean_activity","annual",2,0.5,"Brachypodium=0.04036;Hordeum=0.05737;Briza=-0.002847;Festuca/Vulpia=-0.000436",0.950350881933204
"GO:0035639",0.590604026845638,0.859194776931447,0.0431901998334182,0.361846913259815,0.933378878378537,41,"HOG:0023048;HOG:0025149;HOG:0025848;HOG:0011775;HOG:0011541",FALSE,"purine ribonucleoside triphosphate binding","MF","root_mean_activity","annual",2,0.5,"Brachypodium=0.04111;Hordeum=0.0564;Briza=-0.00785;Festuca/Vulpia=-0.01803",0.950350881933204
"GO:0032555",0.594202898550725,0.859194776931447,0.0427591434738678,0.360015303696267,0.931478263705478,42,"HOG:0023048;HOG:0025149;HOG:0025848;HOG:0011775;HOG:0011541",FALSE,"purine ribonucleotide binding","MF","root_mean_activity","annual",2,0.5,"Brachypodium=0.04012;Hordeum=0.05618;Briza=-0.007595;Festuca/Vulpia=-0.01697",0.950350881933204
"GO:0032553",0.597560975609756,0.859194776931447,0.0422468188360053,0.357499887515256,0.926039041450657,43,"HOG:0023048;HOG:0025149;HOG:0025848;HOG:0011775;HOG:0011541",FALSE,"ribonucleotide binding","MF","root_mean_activity","annual",2,0.5,"Brachypodium=0.03913;Hordeum=0.0564;Briza=-0.00785;Festuca/Vulpia=-0.01803",0.950350881933204
"GO:0097367",0.597560975609756,0.859194776931447,0.0422468188360053,0.357499887515256,0.926039041450657,43,"HOG:0023048;HOG:0025149;HOG:0025848;HOG:0011775;HOG:0011541",FALSE,"carbohydrate derivative binding","MF","root_mean_activity","annual",2,0.5,"Brachypodium=0.03913;Hordeum=0.0564;Briza=-0.00785;Festuca/Vulpia=-0.01803",0.950350881933204
"GO:0043226",0.613504074505239,0.859194776931447,0.0432768714901103,0.365362573544243,0.905492487990231,32,"HOG:0032903;HOG:0025959;HOG:0032904",FALSE,"organelle","CC","root_mean_activity","annual",0,0,"Brachypodium=-0.07924;Hordeum=-0.03376;Briza=-0.02833;Festuca/Vulpia=-0.01068",0.950350881933204
"GO:0043229",0.613504074505239,0.859194776931447,0.0432768714901103,0.365362573544243,0.905492487990231,32,"HOG:0032903;HOG:0025959;HOG:0032904",FALSE,"intracellular organelle","CC","root_mean_activity","annual",0,0,"Brachypodium=-0.07924;Hordeum=-0.03376;Briza=-0.02833;Festuca/Vulpia=-0.01068",0.950350881933204
"GO:0043168",0.613710554951034,0.859194776931447,0.0401660980049421,0.350720071185495,0.922904058897087,49,"HOG:0023048;HOG:0025149;HOG:0025848;HOG:0011775;HOG:0011541;HOG:0011497;HOG:0006139",FALSE,"anion binding","MF","root_mean_activity","annual",2,0.5,"Brachypodium=0.03665;Hordeum=0.05651;Briza=-0.00734;Festuca/Vulpia=-0.01803",0.950350881933204
"GO:0006629",0.0408370139972438,0.879370952821462,0.321775918075361,0.60223160908867,1.58458222843209,11,"HOG:0020549;HOG:0024629;HOG:0007920;HOG:0031418",FALSE,"lipid metabolic process","BP","recurrent_coverage","annual",1,0.25,"Brachypodium=0.2762;Hordeum=-0.08333;Briza=0;Festuca/Vulpia=-0.08609",0.294886227390624
"GO:0008610",0.0508314464337275,0.879370952821462,0.321775918075361,0.63358460269523,1.61231304342255,10,"HOG:0020549;HOG:0024629;HOG:0007920;HOG:0031418",FALSE,"lipid biosynthetic process","BP","recurrent_coverage","annual",2,0.5,"Brachypodium=0.3048;Hordeum=-0.04672;Briza=0.02846;Festuca/Vulpia=-0.0795",0.321793789286049
"GO:0043167",0.0906976744186047,0.879370952821462,0.227987202850442,0.309675898504657,1.28566730244056,75,"HOG:0008733;HOG:0020549;HOG:0011775;HOG:0024629;HOG:0027706;HOG:0017189;HOG:0028333;HOG:0032348;HOG:0007920;HOG:0027639;HOG:0018459;HOG:0032961;HOG:0021825;HOG:0029921;HOG:0032765;HOG:0006332;HOG:0025149;HOG:0012102;HOG:0023048;HOG:0025848;HOG:0007636;HOG:0007638",FALSE,"ion binding","MF","recurrent_coverage","annual",1,0.25,"Brachypodium=0.2273;Hordeum=-0.07812;Briza=-0.05;Festuca/Vulpia=-0.08392",0.454150398913597
"GO:0036094",0.0979020979020979,0.879370952821462,0.219250346703755,0.30169521160984,1.27153506075356,79,"HOG:0008733;HOG:0020549;HOG:0011775;HOG:0024629;HOG:0027706;HOG:0017189;HOG:0028333;HOG:0032348;HOG:0007920;HOG:0027639;HOG:0018459;HOG:0032961;HOG:0021825;HOG:0029921;HOG:0032765;HOG:0003561;HOG:0006332;HOG:0025149;HOG:0012102;HOG:0023048;HOG:0025848;HOG:0007636;HOG:0007638",FALSE,"small molecule binding","MF","recurrent_coverage","annual",1,0.25,"Brachypodium=0.2281;Hordeum=-0.07812;Briza=-0.05;Festuca/Vulpia=-0.08491",0.476318008232902
"GO:0030554",0.141906873614191,0.879370952821462,0.175204047558551,0.355157361238125,1.274163008627,37,"HOG:0008733;HOG:0020549;HOG:0011775;HOG:0027706;HOG:0017189;HOG:0027639;HOG:0025149;HOG:0012102;HOG:0023048;HOG:0025848;HOG:0007636;HOG:0007638;HOG:0011541",FALSE,"adenyl nucleotide binding","MF","recurrent_coverage","annual",1,0.25,"Brachypodium=0.2333;Hordeum=-0.08333;Briza=-0.02649;Festuca/Vulpia=-0.1039",0.579015712245163
"GO:0043168",0.142222222222222,0.879370952821462,0.175204047558551,0.326242420906706,1.253904480244,49,"HOG:0008733;HOG:0020549;HOG:0011775;HOG:0027706;HOG:0017189;HOG:0027639;HOG:0032961;HOG:0029921;HOG:0025149;HOG:0012102;HOG:0023048;HOG:0025848;HOG:0007636;HOG:0007638;HOG:0011541",FALSE,"anion binding","MF","recurrent_coverage","annual",1,0.25,"Brachypodium=0.2157;Hordeum=-0.07812;Briza=-0.05;Festuca/Vulpia=-0.1031",0.579015712245163
"GO:0032991",0.150655021834061,0.879370952821462,0.16823816568964,0.365656738716335,1.26184086374326,31,"HOG:0027706;HOG:0028636;HOG:0027639;HOG:0004116;HOG:0006661;HOG:0012011;HOG:0028850;HOG:0025316;HOG:0027704;HOG:0011544;HOG:0028661",FALSE,"protein-containing complex","CC","recurrent_coverage","annual",1,0.25,"Brachypodium= 0.25;Hordeum=-0.008197;Briza=-0.04478;Festuca/Vulpia=-0.123",0.59056768558952
"GO:0016192",0.158798283261803,0.879370952821462,0.161978948883402,0.466023686464496,1.30173497978186,13,"HOG:0026838;HOG:0028636;HOG:0012011;HOG:0027005",FALSE,"vesicle-mediated transport","BP","recurrent_coverage","annual",2,0.5,"Brachypodium=0.3269;Hordeum=0.09278;Briza=-0.07865;Festuca/Vulpia=-0.05634",0.611997878188745
"GO:0043169",0.174672489082969,0.879370952821462,0.155241966228839,0.354589045812947,1.22364748264523,31,"HOG:0020549;HOG:0024629;HOG:0028333;HOG:0032348;HOG:0007920;HOG:0018459;HOG:0021825;HOG:0032765;HOG:0006332;HOG:0025149;HOG:0012102;HOG:0007636",FALSE,"cation binding","MF","recurrent_coverage","annual",1,0.25,"Brachypodium=0.2407;Hordeum=-0.05;Briza=-0.02564;Festuca/Vulpia=-0.06522",0.649762219547329
"GO:0046914",0.180873180873181,0.879370952821462,0.148261500475107,0.426455981518081,1.2675592673794,16,"HOG:0028333;HOG:0007920;HOG:0021825;HOG:0032765;HOG:0006332;HOG:0025149;HOG:0007636",FALSE,"transition metal ion binding","MF","recurrent_coverage","annual",1,0.25,"Brachypodium=0.2729;Hordeum=-0.04461;Briza=-0.009259;Festuca/Vulpia=-0.07731",0.653047379363169
"GO:0032559",0.18510158013544,0.879370952821462,0.153158808683073,0.350438625889442,1.21962997801102,33,"HOG:0008733;HOG:0011775;HOG:0027706;HOG:0017189;HOG:0027639;HOG:0025149;HOG:0012102;HOG:0023048;HOG:0025848;HOG:0007636;HOG:0007638;HOG:0011541",FALSE,"adenyl ribonucleotide binding","MF","recurrent_coverage","annual",1,0.25,"Brachypodium=0.2333;Hordeum=-0.08333;Briza=-0.01961;Festuca/Vulpia=-0.1031",0.657054285920265
"GO:0017076",0.205298013245033,0.879370952821462,0.142901149386948,0.307105112083391,1.16626197329358,46,"HOG:0008733;HOG:0020549;HOG:0011775;HOG:0027706;HOG:0017189;HOG:0027639;HOG:0032961;HOG:0025149;HOG:0012102;HOG:0023048;HOG:0025848;HOG:0007636;HOG:0007638;HOG:0011541",FALSE,"purine nucleotide binding","MF","recurrent_coverage","annual",1,0.25,"Brachypodium=0.2053;Hordeum=-0.08221;Briza=-0.06167;Festuca/Vulpia=-0.1042",0.667865914830318
"GO:0008270",0.227467811158798,0.879370952821462,0.132846300606183,0.432340958190384,1.20764966420158,13,"HOG:0028333;HOG:0021825;HOG:0032765;HOG:0006332;HOG:0025149;HOG:0007636;HOG:0028145",FALSE,"zinc ion binding","MF","recurrent_coverage","annual",1,0.25,"Brachypodium=0.2549;Hordeum=-0.03922;Briza=0;Festuca/Vulpia=-0.07071",0.689657740311578
"GO:0046872",0.228381374722838,0.879370952821462,0.135002033828631,0.345859158856453,1.17563474652991,30,"HOG:0020549;HOG:0024629;HOG:0028333;HOG:0032348;HOG:0007920;HOG:0018459;HOG:0021825;HOG:0032765;HOG:0006332;HOG:0025149",FALSE,"metal ion binding","MF","recurrent_coverage","annual",1,0.25,"Brachypodium=0.2344;Hordeum=-0.05042;Briza=-0.0296;Festuca/Vulpia=-0.06796",0.689657740311578
"GO:0005524",0.236725663716814,0.879370952821462,0.132147260608774,0.334257510021005,1.16332983085899,32,"HOG:0008733;HOG:0011775;HOG:0027706;HOG:0017189;HOG:0027639;HOG:0025149;HOG:0023048;HOG:0025848;HOG:0007636;HOG:0007638;HOG:0011541",FALSE,"ATP binding","MF","recurrent_coverage","annual",1,0.25,"Brachypodium=0.2303;Hordeum=-0.08712;Briza=-0.0348;Festuca/Vulpia=-0.1035",0.689657740311578
"GO:0000166",0.25,0.879370952821462,0.128788713061714,0.28898960235224,1.12480978982842,51,"HOG:0008733;HOG:0020549;HOG:0011775;HOG:0027706;HOG:0017189;HOG:0027639;HOG:0032961;HOG:0029921;HOG:0025149;HOG:0012102;HOG:0023048;HOG:0025848;HOG:0007636;HOG:0007638;HOG:0011541",FALSE,"nucleotide binding","MF","recurrent_coverage","annual",1,0.25,"Brachypodium=0.2069;Hordeum=-0.08333;Briza=-0.07333;Festuca/Vulpia=-0.1031",0.717573221757322
"GO:1901265",0.25,0.879370952821462,0.128788713061714,0.28898960235224,1.12480978982842,51,"HOG:0008733;HOG:0020549;HOG:0011775;HOG:0027706;HOG:0017189;HOG:0027639;HOG:0032961;HOG:0029921;HOG:0025149;HOG:0012102;HOG:0023048;HOG:0025848;HOG:0007636;HOG:0007638;HOG:0011541",FALSE,"nucleoside phosphate binding","MF","recurrent_coverage","annual",1,0.25,"Brachypodium=0.2069;Hordeum=-0.08333;Briza=-0.07333;Festuca/Vulpia=-0.1031",0.717573221757322
"GO:0016772",0.268191268191268,0.879370952821462,0.118815039412263,0.385608177258332,1.14614694093663,16,"HOG:0008733;HOG:0011775;HOG:0026019",FALSE,"transferase activity, transferring phosphorus-containing groups","MF","recurrent_coverage","annual",1,0.25,"Brachypodium=0.2717;Hordeum=-0.1059;Briza=-0.04241;Festuca/Vulpia=-0.09533",0.747882967395163
"GO:1901363",0.29438202247191,0.879370952821462,0.11776578836269,0.279378067214207,1.09541910495754,53,"HOG:0008733;HOG:0020549;HOG:0011775;HOG:0027706;HOG:0017189;HOG:0027639;HOG:0032961;HOG:0029921;HOG:0025149;HOG:0012102;HOG:0023048;HOG:0025848;HOG:0007636;HOG:0007638;HOG:0011541",FALSE,"heterocyclic compound binding","MF","recurrent_coverage","annual",1,0.25,"Brachypodium=0.2069;Hordeum=-0.08108;Briza=-0.06338;Festuca/Vulpia=-0.1031",0.785938253738543
"GO:0006793",0.295744680851064,0.879370952821462,0.11378726182188,0.350277023129004,1.1229637218857,22,"HOG:0008733;HOG:0011775;HOG:0024629;HOG:0018459;HOG:0011628;HOG:0023669;HOG:0012102",FALSE,"phosphorus metabolic process","BP","recurrent_coverage","annual",1,0.25,"Brachypodium=0.231;Hordeum=-0.1073;Briza=-0.009804;Festuca/Vulpia=-0.09003",0.785938253738543
"GO:0006796",0.295744680851064,0.879370952821462,0.11378726182188,0.350277023129004,1.1229637218857,22,"HOG:0008733;HOG:0011775;HOG:0024629;HOG:0018459;HOG:0011628;HOG:0023669;HOG:0012102",FALSE,"phosphate-containing compound metabolic process","BP","recurrent_coverage","annual",1,0.25,"Brachypodium=0.231;Hordeum=-0.1073;Briza=-0.009804;Festuca/Vulpia=-0.09003",0.785938253738543
"GO:0032555",0.309090909090909,0.879370952821462,0.115240003147781,0.297561553320507,1.09637065549446,42,"HOG:0008733;HOG:0011775;HOG:0027706;HOG:0017189;HOG:0027639;HOG:0032961;HOG:0025149;HOG:0012102;HOG:0023048;HOG:0025848;HOG:0007636;HOG:0007638;HOG:0011541",FALSE,"purine ribonucleotide binding","MF","recurrent_coverage","annual",1,0.25,"Brachypodium=0.2019;Hordeum=-0.08221;Briza=-0.06167;Festuca/Vulpia=-0.1035",0.795967106004281
"GO:0016301",0.314775160599572,0.879370952821462,0.110122263835536,0.427417275196432,1.12461353436102,11,"HOG:0008733;HOG:0011775",FALSE,"kinase activity","MF","recurrent_coverage","annual",1,0.25,"Brachypodium=0.2333;Hordeum=-0.1457;Briza=-0.01961;Festuca/Vulpia=-0.1046",0.799135400113125
"GO:0032553",0.356818181818182,0.879370952821462,0.105920292736253,0.288616819912588,1.06252910223797,43,"HOG:0008733;HOG:0011775;HOG:0027706;HOG:0017189;HOG:0027639;HOG:0032961;HOG:0025149;HOG:0012102;HOG:0023048;HOG:0025848;HOG:0007636;HOG:0007638;HOG:0011541",FALSE,"ribonucleotide binding","MF","recurrent_coverage","annual",1,0.25,"Brachypodium=0.2037;Hordeum=-0.08333;Briza=-0.06338;Festuca/Vulpia=-0.1031",0.815924242424242
"GO:0097367",0.356818181818182,0.879370952821462,0.105920292736253,0.288616819912588,1.06252910223797,43,"HOG:0008733;HOG:0011775;HOG:0027706;HOG:0017189;HOG:0027639;HOG:0032961;HOG:0025149;HOG:0012102;HOG:0023048;HOG:0025848;HOG:0007636;HOG:0007638;HOG:0011541",FALSE,"carbohydrate derivative binding","MF","recurrent_coverage","annual",1,0.25,"Brachypodium=0.2037;Hordeum=-0.08333;Briza=-0.06338;Festuca/Vulpia=-0.1031",0.815924242424242
"GO:0016491",0.376906318082789,0.879370952821462,0.0999276973731092,0.310283739852122,1.04480458284072,29,"HOG:0020549;HOG:0016944;HOG:0024629;HOG:0031129;HOG:0007920;HOG:0029921;HOG:0011628",FALSE,"oxidoreductase activity","MF","recurrent_coverage","annual",1,0.25,"Brachypodium=0.2676;Hordeum=-0.08333;Briza=-0.02649;Festuca/Vulpia=-0.1127",0.821786527173262
"GO:0035639",0.417233560090703,0.879370952821462,0.096240602328129,0.282344641784909,1.02955470369826,41,"HOG:0008733;HOG:0011775;HOG:0027706;HOG:0017189;HOG:0027639;HOG:0032961;HOG:0025149;HOG:0023048;HOG:0025848;HOG:0007636;HOG:0007638;HOG:0011541",FALSE,"purine ribonucleoside triphosphate binding","MF","recurrent_coverage","annual",1,0.25,"Brachypodium=  0.2;Hordeum=-0.08333;Briza=-0.07333;Festuca/Vulpia=-0.1039",0.844134536505332
"GO:0098796",0.417558886509636,0.879370952821462,0.0928481214159878,0.384224109526037,1.03989519803864,12,"HOG:0028636;HOG:0012011;HOG:0028850;HOG:0027704;HOG:0025124",FALSE,"membrane protein complex","CC","recurrent_coverage","annual",2,0.5,"Brachypodium=0.2141;Hordeum=0.04139;Briza=-0.07562;Festuca/Vulpia=-0.04704",0.844134536505332
"GO:0043228",0.421739130434783,0.879370952821462,0.0931454575337804,0.413101024909053,1.05123793709437,10,"HOG:0027706;HOG:0027639",FALSE,"membraneless organelle","CC","recurrent_coverage","annual",2,0.5,"Brachypodium=0.1575;Hordeum=0.02176;Briza=-0.06383;Festuca/Vulpia=-0.1706",0.844134536505332
"GO:0043232",0.421739130434783,0.879370952821462,0.0931454575337804,0.413101024909053,1.05123793709437,10,"HOG:0027706;HOG:0027639",FALSE,"intracellular membraneless organelle","CC","recurrent_coverage","annual",2,0.5,"Brachypodium=0.1575;Hordeum=0.02176;Briza=-0.06383;Festuca/Vulpia=-0.1706",0.844134536505332
"GO:0098796",0.420618556701031,0.883049488135114,0.0902635484340068,0.372097256265125,1.02541770185115,12,"HOG:0028636;HOG:0012011;HOG:0028850;HOG:0027704;HOG:0025124",FALSE,"membrane protein complex","CC","anchor_module_mean_strength_ratio","annual",2,0.5,"Brachypodium=0.2251;Hordeum=0.04543;Briza=-0.07881;Festuca/Vulpia=-0.05444",0.844134536505332
"GO:0035639",0.42350332594235,0.883049488135114,0.0940503465727813,0.269970923710868,1.02048272696723,41,"HOG:0008733;HOG:0011775;HOG:0027706;HOG:0017189;HOG:0027639;HOG:0032961;HOG:0025149;HOG:0007636;HOG:0025848;HOG:0023048;HOG:0007638;HOG:0011541",FALSE,"purine ribonucleoside triphosphate binding","MF","anchor_module_mean_strength_ratio","annual",1,0.25,"Brachypodium=0.2155;Hordeum=-0.09104;Briza=-0.07845;Festuca/Vulpia=-0.1143",0.844134536505332
"GO:0017076",0.649064906490649,0.883449456056717,0.0380842053196415,0.339907675561614,0.889647904064929,46,"HOG:0023048;HOG:0025149;HOG:0025848;HOG:0011775;HOG:0011541",FALSE,"purine nucleotide binding","MF","root_mean_activity","annual",2,0.5,"Brachypodium=0.03581;Hordeum=0.05645;Briza=-0.005378;Festuca/Vulpia=-0.01426",0.988600931952623
"GO:0006412",0.866666666666667,0.884722222222222,0.048701086452153,0.270944084053841,0.714843611266849,19,"HOG:0019536;HOG:0024277",FALSE,"translation","BP","leaf_early_to_late","annual",2,0.5,"Brachypodium=-0.02719;Hordeum=0.5812;Briza=0.02752;Festuca/Vulpia=-0.1856",0.99474518780812
"GO:0160307",0.866666666666667,0.884722222222222,0.048701086452153,0.270944084053841,0.714843611266849,19,"HOG:0019536;HOG:0024277",FALSE,"protein biosynthetic process","BP","leaf_early_to_late","annual",2,0.5,"Brachypodium=-0.02719;Hordeum=0.5812;Briza=0.02752;Festuca/Vulpia=-0.1856",0.99474518780812
"GO:1901363",0.70479302832244,0.886439120910183,0.0337507376805299,0.325498075847586,0.860912299692492,53,"HOG:0023048;HOG:0025149;HOG:0025848;HOG:0011775;HOG:0011541;HOG:0011497;HOG:0006139",FALSE,"heterocyclic compound binding","MF","root_mean_activity","annual",2,0.5,"Brachypodium=0.03005;Hordeum=0.05651;Briza=-0.00734;Festuca/Vulpia=-0.01803",0.99474518780812
"GO:0000166",0.73551912568306,0.886439120910183,0.0318534652552707,0.317459424602996,0.835890578957181,51,"HOG:0023048;HOG:0025149;HOG:0025848;HOG:0011775;HOG:0011541",FALSE,"nucleotide binding","MF","root_mean_activity","annual",2,0.5,"Brachypodium=0.03005;Hordeum=0.05651;Briza=-0.00734;Festuca/Vulpia=-0.01803",0.99474518780812
"GO:1901265",0.73551912568306,0.886439120910183,0.0318534652552707,0.317459424602996,0.835890578957181,51,"HOG:0023048;HOG:0025149;HOG:0025848;HOG:0011775;HOG:0011541",FALSE,"nucleoside phosphate binding","MF","root_mean_activity","annual",2,0.5,"Brachypodium=0.03005;Hordeum=0.05651;Briza=-0.00734;Festuca/Vulpia=-0.01803",0.99474518780812
"GO:0005622",0.736842105263158,0.886439120910183,0.030918431706181,0.310026236015957,0.834428693811297,62,"HOG:0032903;HOG:0011540;HOG:0025959;HOG:0032904;HOG:0018459;HOG:0031227;HOG:0007857;HOG:0027918;HOG:0011541",FALSE,"intracellular anatomical structure","CC","root_mean_activity","annual",0,0,"Brachypodium=-0.02611;Hordeum=-0.03376;Briza=-0.02092;Festuca/Vulpia=-0.01442",0.99474518780812
"GO:0009058",0.795550847457627,0.886439120910183,0.0263245268606861,0.292422736732897,0.791927939111161,65,"HOG:0032903;HOG:0025959;HOG:0032904;HOG:0026742",FALSE,"biosynthetic process","BP","root_mean_activity","annual",2,0.5,"Brachypodium=0.04401;Hordeum=0.0449;Briza=-0.01834;Festuca/Vulpia=-0.004425",0.99474518780812
"GO:0110165",0.798748696558916,0.886439120910183,0.0252712808055621,0.289308765140766,0.793833019858646,78,"HOG:0032903;HOG:0011540;HOG:0025959;HOG:0032904;HOG:0018459;HOG:0027285;HOG:0031227;HOG:0007857;HOG:0027918;HOG:0011541;HOG:0024976;HOG:0032920;HOG:0006139;HOG:0005683",FALSE,"cellular anatomical structure","CC","root_mean_activity","annual",1,0.25,"Brachypodium=0.000534;Hordeum=-0.01408;Briza=-0.01497;Festuca/Vulpia=-0.006936",0.99474518780812
"GO:0016740",0.478701825557809,0.897484964461454,0.0483117581055019,0.49383718500397,1.01818741259186,37,"HOG:0023138;HOG:0025342;HOG:0011775;HOG:0025959;HOG:0026019",FALSE,"transferase activity","MF","root_early_to_late","annual",1,0.25,"Brachypodium=0.705;Hordeum=-0.04462;Briza=-0.009331;Festuca/Vulpia=-0.01141",0.87928441253321
"GO:0016787",0.533872598584429,0.897484964461454,0.0431901998334182,0.478290783590071,0.989593711508272,38,"HOG:0011540;HOG:0025149;HOG:0011541;HOG:0025848;HOG:0003782",FALSE,"hydrolase activity","MF","root_early_to_late","annual",2,0.5,"Brachypodium=0.6638;Hordeum=-0.03494;Briza=0.03919;Festuca/Vulpia=-0.01251",0.933655643129926
"GO:0140096",0.539748953974895,0.897484964461454,0.0442407423477375,0.494861980259231,0.995416598128544,25,"HOG:0011540;HOG:0011775;HOG:0025959;HOG:0032963;HOG:0031321;HOG:0028718;HOG:0010571;HOG:0007637;HOG:0007636;HOG:0032593;HOG:0029544;HOG:0007936;HOG:0022830;HOG:0003541;HOG:0027281",FALSE,"catalytic activity, acting on a protein","MF","root_early_to_late","annual",3,0.75,"Brachypodium=0.2895;Hordeum=-0.04272;Briza=0.09473;Festuca/Vulpia=0.05291",0.933655643129926
"GO:0050789",0.539842873176206,0.897484964461454,0.0474483193656297,0.527579837490205,0.998423644782848,14,"HOG:0011541;HOG:0025959;HOG:0026742",FALSE,"regulation of biological process","BP","root_early_to_late","annual",3,0.75,"Brachypodium=1.499;Hordeum=0.05145;Briza=-0.2867;Festuca/Vulpia=0.001543",0.933655643129926
"GO:0050794",0.539842873176206,0.897484964461454,0.0474483193656297,0.527579837490205,0.998423644782848,14,"HOG:0011541;HOG:0025959;HOG:0026742",FALSE,"regulation of cellular process","BP","root_early_to_late","annual",3,0.75,"Brachypodium=1.499;Hordeum=0.05145;Briza=-0.2867;Festuca/Vulpia=0.001543",0.933655643129926
"GO:0065007",0.539842873176206,0.897484964461454,0.0474483193656297,0.527579837490205,0.998423644782848,14,"HOG:0011541;HOG:0025959;HOG:0026742",FALSE,"biological regulation","BP","root_early_to_late","annual",3,0.75,"Brachypodium=1.499;Hordeum=0.05145;Briza=-0.2867;Festuca/Vulpia=0.001543",0.933655643129926
"GO:0005975",0.842105263157895,0.916971267019175,0.175204047558551,0.225672919962452,0.77646710902778,19,"HOG:0006505;HOG:0005639;HOG:0028008;HOG:0023358;HOG:0004085;HOG:0033256;HOG:0011862;HOG:0025863;HOG:0026770;HOG:0000322;HOG:0000191",FALSE,"carbohydrate metabolic process","BP","leaf_mean_activity","annual",3,0.75,"Brachypodium=-0.0584;Hordeum=0.1181;Briza=0.01736;Festuca/Vulpia=0.0406",0.99474518780812
"GO:0016301",0.912778904665314,0.922077922077922,0.0504983044100709,0.273846153846154,0.621925720842104,11,"HOG:0011775;HOG:0031321;HOG:0010710;HOG:0010571;HOG:0032593;HOG:0000191;HOG:0022830;HOG:0004085;HOG:0006505;HOG:0027147;HOG:0008733",FALSE,"kinase activity","MF","leaf_early_to_late","annual",1,0.25,"Brachypodium=0.1599;Hordeum=-0.4022;Briza=-0.05465;Festuca/Vulpia=-0.00668",0.99474518780812
"GO:0043226",0.0754949051831415,0.924812588493483,0.287805130535564,0.267503432341772,1.26869627710562,32,"HOG:0027639;HOG:0027918;HOG:0021123;HOG:0000122;HOG:0024337;HOG:0023227;HOG:0007833;HOG:0005683",FALSE,"organelle","CC","internal_edge_density","annual",1,0.25,"Brachypodium=0.07478;Hordeum=-0.01286;Briza=-0.02172;Festuca/Vulpia=-0.04329",0.427236342934366
"GO:0043229",0.0754949051831415,0.924812588493483,0.287805130535564,0.267503432341772,1.26869627710562,32,"HOG:0027639;HOG:0027918;HOG:0021123;HOG:0000122;HOG:0024337;HOG:0023227;HOG:0007833;HOG:0005683",FALSE,"intracellular organelle","CC","internal_edge_density","annual",1,0.25,"Brachypodium=0.07478;Hordeum=-0.01286;Briza=-0.02172;Festuca/Vulpia=-0.04329",0.427236342934366
"GO:0005575",0.859228362877998,0.935604217356042,0.0211456362513594,0.273905915987891,0.751112156721644,83,"HOG:0032903;HOG:0011540;HOG:0025959;HOG:0032904;HOG:0018459;HOG:0027285;HOG:0031227;HOG:0007857;HOG:0027918;HOG:0011541;HOG:0024976;HOG:0032920;HOG:0006139;HOG:0005683",FALSE,"cellular_component","CC","root_mean_activity","annual",0,0,"Brachypodium=-0.002756;Hordeum=-0.01441;Briza=-0.01255;Festuca/Vulpia=-0.0009417",0.99474518780812
"GO:0016491",0.918727915194346,0.978644953141804,0.024285888595648,0.262175705467334,0.638618687088592,29,"HOG:0025231;HOG:0026234;HOG:0025863;HOG:0031530;HOG:0028720;HOG:0032320;HOG:0011023;HOG:0007713;HOG:0031129;HOG:0020408;HOG:0026770;HOG:0027495;HOG:0000322;HOG:0027098;HOG:0024629",FALSE,"oxidoreductase activity","MF","root_mean_activity","annual",2,0.5,"Brachypodium=0.04514;Hordeum=0.06073;Briza=-0.01028;Festuca/Vulpia=-0.0001258",0.99474518780812
"GO:0006629",0.931982633863965,0.98047419804742,0.0339723613634993,0.270806261080067,0.555852439238736,11,"HOG:0026234;HOG:0019459;HOG:0021895;HOG:0026770;HOG:0027098;HOG:0024629;HOG:0020549;HOG:0007920;HOG:0024444",FALSE,"lipid metabolic process","BP","root_mean_activity","annual",2,0.5,"Brachypodium=0.1022;Hordeum=0.05113;Briza=-0.02183;Festuca/Vulpia=-0.01122",0.99474518780812
"GO:0050896",0.949348769898698,0.98047419804742,0.0330894161454377,0.25916787971571,0.531963690712882,11,"HOG:0003561;HOG:0031530;HOG:0032320;HOG:0022830;HOG:0024574",FALSE,"response to stimulus","BP","root_mean_activity","annual",2,0.5,"Brachypodium=0.03637;Hordeum=0.0586;Briza=-0.01324;Festuca/Vulpia=-0.04876",0.99474518780812
"GO:0008610",0.972222222222222,0.98047419804742,0.0324330694656715,0.238686391163749,0.481806755152858,10,"HOG:0026234;HOG:0019459;HOG:0026770;HOG:0027098;HOG:0024629;HOG:0020549;HOG:0007920;HOG:0024444",FALSE,"lipid biosynthetic process","BP","root_mean_activity","annual",2,0.5,"Brachypodium=0.1027;Hordeum=0.05116;Briza=-0.02538;Festuca/Vulpia=-0.0138",0.99474518780812
"GO:0016462",0.98047419804742,0.98047419804742,0.0297064584935533,0.223218548570608,0.475691398461798,13,"HOG:0018459",FALSE,"pyrophosphatase activity","MF","root_mean_activity","annual",3,0.75,"Brachypodium=0.03913;Hordeum=0.04242;Briza=0.007392;Festuca/Vulpia=-0.01591",0.99474518780812
"GO:0016817",0.98047419804742,0.98047419804742,0.0297064584935533,0.223218548570608,0.475691398461798,13,"HOG:0018459",FALSE,"hydrolase activity, acting on acid anhydrides","MF","root_mean_activity","annual",3,0.75,"Brachypodium=0.03913;Hordeum=0.04242;Briza=0.007392;Festuca/Vulpia=-0.01591",0.99474518780812
"GO:0016818",0.98047419804742,0.98047419804742,0.0297064584935533,0.223218548570608,0.475691398461798,13,"HOG:0018459",FALSE,"hydrolase activity, acting on acid anhydrides, in phosphorus-containing anhydrides","MF","root_mean_activity","annual",3,0.75,"Brachypodium=0.03913;Hordeum=0.04242;Briza=0.007392;Festuca/Vulpia=-0.01591",0.99474518780812
"GO:0016773",0.602083333333333,0.983293556085919,0.0716527366829457,0.32896380397269,0.877527712435805,11,"HOG:0011775;HOG:0026019",FALSE,"phosphotransferase activity, alcohol group as acceptor","MF","anchor_module_mean_strength_ratio","annual",1,0.25,"Brachypodium=0.2981;Hordeum=-0.1396;Briza=-0.02302;Festuca/Vulpia=-0.1173",0.950350881933204
"GO:0012505",0.677083333333333,0.983293556085919,0.0658311958368866,0.313661365553429,0.836707678077682,11,"HOG:0012011;HOG:0028850;HOG:0021943;HOG:0027704",FALSE,"endomembrane system","CC","anchor_module_mean_strength_ratio","annual",2,0.5,"Brachypodium=0.1138;Hordeum=0.1144;Briza=-0.06841;Festuca/Vulpia=-0.06604",0.993089981736005
"GO:0016020",0.709534368070953,0.983293556085919,0.0665892104103933,0.245530900638559,0.852649803242288,29,"HOG:0028636;HOG:0006661;HOG:0012011;HOG:0027601;HOG:0007636;HOG:0007638;HOG:0028850;HOG:0021943;HOG:0031056;HOG:0027704",FALSE,"membrane","CC","anchor_module_mean_strength_ratio","annual",1,0.25,"Brachypodium=0.2276;Hordeum=-0.02029;Briza=-0.07194;Festuca/Vulpia=-0.09172",0.99474518780812
"GO:0140096",0.748283752860412,0.983293556085919,0.0655321029282414,0.239766049421606,0.798874495552036,25,"HOG:0011775;HOG:0031129;HOG:0032963",FALSE,"catalytic activity, acting on a protein","MF","anchor_module_mean_strength_ratio","annual",1,0.25,"Brachypodium=0.2472;Hordeum=-0.1127;Briza=-0.01245;Festuca/Vulpia=-0.1089",0.99474518780812
"GO:0019637",0.830835117773019,0.983293556085919,0.0573667426768556,0.257232664351954,0.716500664486803,13,"HOG:0024629;HOG:0011628;HOG:0023669;HOG:0012102",FALSE,"organophosphate metabolic process","BP","anchor_module_mean_strength_ratio","annual",1,0.25,"Brachypodium=0.2963;Hordeum=-0.1134;Briza=-0.02302;Festuca/Vulpia=-0.1067",0.99474518780812
"GO:1902494",0.832298136645963,0.983293556085919,0.0557104226766671,0.27784724901799,0.715343652330127,10,"HOG:0004116;HOG:0006661",FALSE,"catalytic complex","CC","anchor_module_mean_strength_ratio","annual",1,0.25,"Brachypodium=0.2498;Hordeum=-0.05368;Briza=-0.04703;Festuca/Vulpia=-0.156",0.99474518780812
"GO:0005737",0.834437086092715,0.983293556085919,0.0585937568945671,0.215482304495963,0.759959531227014,31,"HOG:0026451;HOG:0028636;HOG:0018459;HOG:0012011",FALSE,"cytoplasm","CC","anchor_module_mean_strength_ratio","annual",2,0.5,"Brachypodium=0.1954;Hordeum=0.09948;Briza=-0.0776;Festuca/Vulpia=-0.188",0.99474518780812
"GO:0016462",0.856531049250535,0.983293556085919,0.0559428593065705,0.2484611718179,0.692068385464138,13,"HOG:0018459;HOG:0032961",FALSE,"pyrophosphatase activity","MF","anchor_module_mean_strength_ratio","annual",1,0.25,"Brachypodium=0.1789;Hordeum=-0.04467;Briza=-0.0803;Festuca/Vulpia=-0.1594",0.99474518780812
"GO:0016817",0.856531049250535,0.983293556085919,0.0559428593065705,0.2484611718179,0.692068385464138,13,"HOG:0018459;HOG:0032961",FALSE,"hydrolase activity, acting on acid anhydrides","MF","anchor_module_mean_strength_ratio","annual",1,0.25,"Brachypodium=0.1789;Hordeum=-0.04467;Briza=-0.0803;Festuca/Vulpia=-0.1594",0.99474518780812
"GO:0016818",0.856531049250535,0.983293556085919,0.0559428593065705,0.2484611718179,0.692068385464138,13,"HOG:0018459;HOG:0032961",FALSE,"hydrolase activity, acting on acid anhydrides, in phosphorus-containing anhydrides","MF","anchor_module_mean_strength_ratio","annual",1,0.25,"Brachypodium=0.1789;Hordeum=-0.04467;Briza=-0.0803;Festuca/Vulpia=-0.1594",0.99474518780812
"GO:0016740",0.872146118721461,0.983293556085919,0.0580983576873206,0.200930158471184,0.739019238193374,37,"HOG:0008733;HOG:0011775;HOG:0026019;HOG:0006661",FALSE,"transferase activity","MF","anchor_module_mean_strength_ratio","annual",1,0.25,"Brachypodium=0.2327;Hordeum=-0.09222;Briza=-0.02302;Festuca/Vulpia=-0.09371",0.99474518780812
"GO:0034654",0.897959183673469,0.983293556085919,0.0564118388217596,0.230456992785711,0.689871219068342,17,"HOG:0011628;HOG:0023669;HOG:0024562;HOG:0012102;HOG:0026742;HOG:0011541",FALSE,"nucleobase-containing compound biosynthetic process","BP","anchor_module_mean_strength_ratio","annual",2,0.5,"Brachypodium=0.2161;Hordeum=-0.02583;Briza=-0.02308;Festuca/Vulpia=0.01269",0.99474518780812
"GO:0045184",0.91609977324263,0.983293556085919,0.0554793308704233,0.218136552057253,0.652990075380486,17,"HOG:0028636;HOG:0012011;HOG:0028850;HOG:0027704;HOG:0028661;HOG:0012261;HOG:0025124",FALSE,"establishment of protein localization","BP","anchor_module_mean_strength_ratio","annual",1,0.25,"Brachypodium=0.2276;Hordeum=-0.01512;Briza=-0.07194;Festuca/Vulpia=-0.1133",0.99474518780812
"GO:0050789",0.922246220302376,0.983293556085919,0.0529129848430583,0.222307040046484,0.636512651912689,14,"HOG:0024562;HOG:0026742;HOG:0011541;HOG:0025316;HOG:0011544;HOG:0025959;HOG:0024574;HOG:0016397",FALSE,"regulation of biological process","BP","anchor_module_mean_strength_ratio","annual",2,0.5,"Brachypodium=0.2142;Hordeum=-0.07475;Briza=0.04536;Festuca/Vulpia=-0.1072",0.99474518780812
"GO:0050794",0.922246220302376,0.983293556085919,0.0529129848430583,0.222307040046484,0.636512651912689,14,"HOG:0024562;HOG:0026742;HOG:0011541;HOG:0025316;HOG:0011544;HOG:0025959;HOG:0024574;HOG:0016397",FALSE,"regulation of cellular process","BP","anchor_module_mean_strength_ratio","annual",2,0.5,"Brachypodium=0.2142;Hordeum=-0.07475;Briza=0.04536;Festuca/Vulpia=-0.1072",0.99474518780812
"GO:0065007",0.922246220302376,0.983293556085919,0.0529129848430583,0.222307040046484,0.636512651912689,14,"HOG:0024562;HOG:0026742;HOG:0011541;HOG:0025316;HOG:0011544;HOG:0025959;HOG:0024574;HOG:0016397",FALSE,"biological regulation","BP","anchor_module_mean_strength_ratio","annual",2,0.5,"Brachypodium=0.2142;Hordeum=-0.07475;Briza=0.04536;Festuca/Vulpia=-0.1072",0.99474518780812
"GO:0043226",0.953947368421053,0.983293556085919,0.0520570030732099,0.175356946745117,0.626530366441424,32,"HOG:0027706;HOG:0027639;HOG:0007835;HOG:0012011",FALSE,"organelle","CC","anchor_module_mean_strength_ratio","annual",2,0.5,"Brachypodium=0.1671;Hordeum=0.01583;Briza=-0.06653;Festuca/Vulpia=-0.1021",0.99474518780812
"GO:0043229",0.953947368421053,0.983293556085919,0.0520570030732099,0.175356946745117,0.626530366441424,32,"HOG:0027706;HOG:0027639;HOG:0007835;HOG:0012011",FALSE,"intracellular organelle","CC","anchor_module_mean_strength_ratio","annual",2,0.5,"Brachypodium=0.1671;Hordeum=0.01583;Briza=-0.06653;Festuca/Vulpia=-0.1021",0.99474518780812
"GO:0006886",0.961538461538462,0.983293556085919,0.0531298054705469,0.186476447523919,0.539607840389454,15,"HOG:0028636;HOG:0012011",FALSE,"intracellular protein transport","BP","anchor_module_mean_strength_ratio","annual",1,0.25,"Brachypodium=0.2628;Hordeum=-0.02029;Briza=-0.07194;Festuca/Vulpia=-0.1133",0.99474518780812
"GO:0008104",0.966592427616927,0.983293556085919,0.0521630305460055,0.190896463400906,0.566323493803376,16,"HOG:0028636;HOG:0012011;HOG:0028850;HOG:0027704;HOG:0012261;HOG:0025124",FALSE,"intracellular protein localization","BP","anchor_module_mean_strength_ratio","annual",1,0.25,"Brachypodium=0.2452;Hordeum=-0.01771;Briza=-0.07477;Festuca/Vulpia=-0.1025",0.99474518780812
"GO:0015031",0.966592427616927,0.983293556085919,0.0521630305460055,0.190896463400906,0.566323493803376,16,"HOG:0028636;HOG:0012011;HOG:0028850;HOG:0027704;HOG:0012261;HOG:0025124",FALSE,"protein transport","BP","anchor_module_mean_strength_ratio","annual",1,0.25,"Brachypodium=0.2452;Hordeum=-0.01771;Briza=-0.07477;Festuca/Vulpia=-0.1025",0.99474518780812
"GO:0033036",0.966592427616927,0.983293556085919,0.0521630305460055,0.190896463400906,0.566323493803376,16,"HOG:0028636;HOG:0012011;HOG:0028850;HOG:0027704;HOG:0012261;HOG:0025124",FALSE,"macromolecule localization","BP","anchor_module_mean_strength_ratio","annual",1,0.25,"Brachypodium=0.2452;Hordeum=-0.01771;Briza=-0.07477;Festuca/Vulpia=-0.1025",0.99474518780812
"GO:0016757",0.968944099378882,0.983293556085919,0.048701086452153,0.215588270594737,0.555052106622763,10,"HOG:0006661;HOG:0028005",FALSE,"glycosyltransferase activity","MF","anchor_module_mean_strength_ratio","annual",1,0.25,"Brachypodium=0.2925;Hordeum=-0.01913;Briza=-0.101;Festuca/Vulpia=-0.0653",0.99474518780812
"GO:0016758",0.968944099378882,0.983293556085919,0.048701086452153,0.215588270594737,0.555052106622763,10,"HOG:0006661;HOG:0028005",FALSE,"hexosyltransferase activity","MF","anchor_module_mean_strength_ratio","annual",1,0.25,"Brachypodium=0.2925;Hordeum=-0.01913;Briza=-0.101;Festuca/Vulpia=-0.0653",0.99474518780812
"GO:0009058",0.976798143851508,0.983293556085919,0.0535669384770951,0.156060340897042,0.649468760729289,65,"HOG:0020549;HOG:0024629;HOG:0026451;HOG:0007920;HOG:0006661;HOG:0031418",FALSE,"biosynthetic process","BP","anchor_module_mean_strength_ratio","annual",1,0.25,"Brachypodium=0.2042;Hordeum=-0.02583;Briza=-0.03126;Festuca/Vulpia=-0.1236",0.99474518780812
"GO:0005575",0.983293556085919,0.983293556085919,0.054568064667094,0.14539799509039,0.631354447448398,83,"HOG:0026451;HOG:0027706;HOG:0028636;HOG:0027639;HOG:0004116;HOG:0006661;HOG:0007835;HOG:0018459",FALSE,"cellular_component","CC","anchor_module_mean_strength_ratio","annual",2,0.5,"Brachypodium=0.2176;Hordeum=0.008244;Briza=-0.06193;Festuca/Vulpia=-0.1511",0.99474518780812
"GO:0016773",0.599571734475375,0.990521327014218,0.0732558655828455,0.342670725404315,0.901629760851134,11,"HOG:0011775;HOG:0026019;HOG:0023138",FALSE,"phosphotransferase activity, alcohol group as acceptor","MF","recurrent_coverage","annual",1,0.25,"Brachypodium=0.2826;Hordeum=-0.1357;Briza=-0.01961;Festuca/Vulpia=-0.1046",0.950350881933204
"GO:0012505",0.676659528907923,0.990521327014218,0.0672065093710464,0.321360953747758,0.845559828703228,11,"HOG:0012011;HOG:0028850;HOG:0021943;HOG:0027704",FALSE,"endomembrane system","CC","recurrent_coverage","annual",2,0.5,"Brachypodium=0.1034;Hordeum=0.1129;Briza=-0.06593;Festuca/Vulpia=-0.05634",0.993089981736005
"GO:0140096",0.770386266094421,0.990521327014218,0.0610363728309177,0.248814396295723,0.810553103241435,25,"HOG:0011775;HOG:0031129;HOG:0032963;HOG:0027005;HOG:0011540;HOG:0007636;HOG:0007638",FALSE,"catalytic activity, acting on a protein","MF","recurrent_coverage","annual",1,0.25,"Brachypodium=0.2348;Hordeum=-0.1071;Briza=-0.007874;Festuca/Vulpia=-0.09924",0.99474518780812
"GO:1902494",0.791304347826087,0.990521327014218,0.0603786357920401,0.28440887900002,0.723748877933978,10,"HOG:0004116;HOG:0006661",FALSE,"catalytic complex","CC","recurrent_coverage","annual",1,0.25,"Brachypodium=0.2341;Hordeum=-0.05329;Briza=-0.04351;Festuca/Vulpia=-0.1472",0.99474518780812
"GO:0019637",0.793991416309013,0.990521327014218,0.0596037042575973,0.267413153990445,0.746960008071767,13,"HOG:0024629;HOG:0011628;HOG:0023669;HOG:0012102",FALSE,"organophosphate metabolic process","BP","recurrent_coverage","annual",1,0.25,"Brachypodium=0.2819;Hordeum=-0.1046;Briza=-0.01961;Festuca/Vulpia=-0.09396",0.99474518780812
"GO:0016462",0.809012875536481,0.990521327014218,0.0587185879555941,0.264421458470271,0.738603362646699,13,"HOG:0018459;HOG:0032961",FALSE,"pyrophosphatase activity","MF","recurrent_coverage","annual",1,0.25,"Brachypodium=0.1688;Hordeum=-0.04167;Briza=-0.07483;Festuca/Vulpia=-0.1481",0.99474518780812
"GO:0016817",0.809012875536481,0.990521327014218,0.0587185879555941,0.264421458470271,0.738603362646699,13,"HOG:0018459;HOG:0032961",FALSE,"hydrolase activity, acting on acid anhydrides","MF","recurrent_coverage","annual",1,0.25,"Brachypodium=0.1688;Hordeum=-0.04167;Briza=-0.07483;Festuca/Vulpia=-0.1481",0.99474518780812
"GO:0016818",0.809012875536481,0.990521327014218,0.0587185879555941,0.264421458470271,0.738603362646699,13,"HOG:0018459;HOG:0032961",FALSE,"hydrolase activity, acting on acid anhydrides, in phosphorus-containing anhydrides","MF","recurrent_coverage","annual",1,0.25,"Brachypodium=0.1688;Hordeum=-0.04167;Briza=-0.07483;Festuca/Vulpia=-0.1481",0.99474518780812
"GO:0016020",0.812636165577342,0.990521327014218,0.059221919380382,0.236183954597322,0.795291684554059,29,"HOG:0028636;HOG:0006661;HOG:0012011;HOG:0027601;HOG:0007636;HOG:0007638;HOG:0028850;HOG:0021943;HOG:0027704;HOG:0031056;HOG:0025124",FALSE,"membrane","CC","recurrent_coverage","annual",1,0.25,"Brachypodium=0.217;Hordeum=-0.01887;Briza=-0.06731;Festuca/Vulpia=-0.08511",0.99474518780812
"GO:0005737",0.820960698689956,0.990521327014218,0.0588438169595807,0.224806036159317,0.77578070580024,31,"HOG:0026451;HOG:0028636;HOG:0018459;HOG:0012011",FALSE,"cytoplasm","CC","recurrent_coverage","annual",2,0.5,"Brachypodium=0.1885;Hordeum=0.09278;Briza=-0.07258;Festuca/Vulpia=-0.1733",0.99474518780812
"GO:0034654",0.836477987421384,0.990521327014218,0.0560595875032335,0.243158807263895,0.732130186682759,17,"HOG:0011628;HOG:0023669;HOG:0024562;HOG:0012102;HOG:0026742;HOG:0011541",FALSE,"nucleobase-containing compound biosynthetic process","BP","recurrent_coverage","annual",2,0.5,"Brachypodium=  0.2;Hordeum=-0.02857;Briza=-0.02013;Festuca/Vulpia=0.02326",0.99474518780812
"GO:0016740",0.862527716186253,0.990521327014218,0.0572461135202884,0.206915597014698,0.742330663526165,37,"HOG:0008733;HOG:0011775;HOG:0026019;HOG:0006661",FALSE,"transferase activity","MF","recurrent_coverage","annual",1,0.25,"Brachypodium=0.2273;Hordeum=-0.09091;Briza=-0.01961;Festuca/Vulpia=-0.08609",0.99474518780812
"GO:0050789",0.867088607594937,0.990521327014218,0.0546808488785442,0.246403983512493,0.698728435228849,14,"HOG:0024562;HOG:0026742;HOG:0011541;HOG:0025316;HOG:0011544;HOG:0025959",FALSE,"regulation of biological process","BP","recurrent_coverage","annual",2,0.5,"Brachypodium=  0.2;Hordeum=-0.07392;Briza=0.04655;Festuca/Vulpia=-0.09408",0.99474518780812
"GO:0050794",0.867088607594937,0.990521327014218,0.0546808488785442,0.246403983512493,0.698728435228849,14,"HOG:0024562;HOG:0026742;HOG:0011541;HOG:0025316;HOG:0011544;HOG:0025959",FALSE,"regulation of cellular process","BP","recurrent_coverage","annual",2,0.5,"Brachypodium=  0.2;Hordeum=-0.07392;Briza=0.04655;Festuca/Vulpia=-0.09408",0.99474518780812
"GO:0065007",0.867088607594937,0.990521327014218,0.0546808488785442,0.246403983512493,0.698728435228849,14,"HOG:0024562;HOG:0026742;HOG:0011541;HOG:0025316;HOG:0011544;HOG:0025959",FALSE,"biological regulation","BP","recurrent_coverage","annual",2,0.5,"Brachypodium=  0.2;Hordeum=-0.07392;Briza=0.04655;Festuca/Vulpia=-0.09408",0.99474518780812
"GO:0045184",0.867924528301887,0.990521327014218,0.0543434390269162,0.233368476199756,0.702652344648869,17,"HOG:0028636;HOG:0012011;HOG:0028850;HOG:0027704;HOG:0028661;HOG:0012261;HOG:0025124",FALSE,"establishment of protein localization","BP","recurrent_coverage","annual",1,0.25,"Brachypodium=0.217;Hordeum=-0.01124;Briza=-0.06731;Festuca/Vulpia=-0.1039",0.99474518780812
"GO:0008104",0.95010395010395,0.990521327014218,0.0497903187820785,0.205777780702359,0.611635301776115,16,"HOG:0028636;HOG:0012011;HOG:0028850;HOG:0027704;HOG:0012261;HOG:0025124",FALSE,"intracellular protein localization","BP","recurrent_coverage","annual",1,0.25,"Brachypodium=0.2348;Hordeum=-0.01505;Briza=-0.06994;Festuca/Vulpia=-0.0945",0.99474518780812
"GO:0015031",0.95010395010395,0.990521327014218,0.0497903187820785,0.205777780702359,0.611635301776115,16,"HOG:0028636;HOG:0012011;HOG:0028850;HOG:0027704;HOG:0012261;HOG:0025124",FALSE,"protein transport","BP","recurrent_coverage","annual",1,0.25,"Brachypodium=0.2348;Hordeum=-0.01505;Briza=-0.06994;Festuca/Vulpia=-0.0945",0.99474518780812
"GO:0033036",0.95010395010395,0.990521327014218,0.0497903187820785,0.205777780702359,0.611635301776115,16,"HOG:0028636;HOG:0012011;HOG:0028850;HOG:0027704;HOG:0012261;HOG:0025124",FALSE,"macromolecule localization","BP","recurrent_coverage","annual",1,0.25,"Brachypodium=0.2348;Hordeum=-0.01505;Briza=-0.06994;Festuca/Vulpia=-0.0945",0.99474518780812
"GO:0006886",0.954356846473029,0.990521327014218,0.0494904866135495,0.199124161093214,0.57850407863915,15,"HOG:0028636;HOG:0012011",FALSE,"intracellular protein transport","BP","recurrent_coverage","annual",1,0.25,"Brachypodium=0.2526;Hordeum=-0.01887;Briza=-0.06731;Festuca/Vulpia=-0.1039",0.99474518780812
"GO:0043226",0.964601769911504,0.990521327014218,0.0519512476197082,0.181991149769596,0.63339110455886,32,"HOG:0027706;HOG:0027639;HOG:0007835;HOG:0012011",FALSE,"organelle","CC","recurrent_coverage","annual",2,0.5,"Brachypodium=0.1575;Hordeum=0.01788;Briza=-0.06366;Festuca/Vulpia=-0.09553",0.99474518780812
"GO:0043229",0.964601769911504,0.990521327014218,0.0519512476197082,0.181991149769596,0.63339110455886,32,"HOG:0027706;HOG:0027639;HOG:0007835;HOG:0012011",FALSE,"intracellular organelle","CC","recurrent_coverage","annual",2,0.5,"Brachypodium=0.1575;Hordeum=0.01788;Briza=-0.06366;Festuca/Vulpia=-0.09553",0.99474518780812
"GO:0009058",0.984090909090909,0.990521327014218,0.0522693317499306,0.161042468146077,0.658709719092842,65,"HOG:0020549;HOG:0024629;HOG:0026451;HOG:0007920;HOG:0006661;HOG:0031418",FALSE,"biosynthetic process","BP","recurrent_coverage","annual",1,0.25,"Brachypodium=0.1987;Hordeum=-0.02857;Briza=-0.02797;Festuca/Vulpia=-0.1125",0.99474518780812
"GO:0005575",0.990521327014218,0.990521327014218,0.0538979025357319,0.142965561755642,0.604271196654739,83,"HOG:0026451;HOG:0027706;HOG:0028636;HOG:0027639;HOG:0004116;HOG:0006661;HOG:0018459;HOG:0007835",FALSE,"cellular_component","CC","recurrent_coverage","annual",2,0.5,"Brachypodium=0.2059;Hordeum=0.008197;Briza=-0.06061;Festuca/Vulpia=-0.1393",0.99474518780812
"GO:1902494",0.649940262843489,0.991562126642772,0.0418238690062304,0.500392535477972,0.90522843716899,10,"HOG:0005683",FALSE,"catalytic complex","CC","root_early_to_late","annual",1,0.25,"Brachypodium=1.599;Hordeum=-0.01959;Briza=-0.2317;Festuca/Vulpia=-0.1452",0.988600931952623
"GO:0016301",0.667452830188679,0.991562126642772,0.0400031517498194,0.490272016806984,0.895590155124091,11,"HOG:0011775;HOG:0031321;HOG:0010571;HOG:0032593;HOG:0022830;HOG:0004085;HOG:0006505;HOG:0000191",FALSE,"kinase activity","MF","root_early_to_late","annual",3,0.75,"Brachypodium=0.2002;Hordeum=-0.03163;Briza=0.1108;Festuca/Vulpia=0.04272",0.993089981736005
"GO:0004175",0.691037735849057,0.991562126642772,0.0383995813369433,0.47472175876852,0.867184173278363,11,"HOG:0011540;HOG:0028718;HOG:0007637;HOG:0007636;HOG:0029544;HOG:0007936;HOG:0027281",FALSE,"endopeptidase activity","MF","root_early_to_late","annual",3,0.75,"Brachypodium=0.3451;Hordeum=-0.05686;Briza=0.09694;Festuca/Vulpia=0.03128",0.993089981736005
"GO:0008233",0.691037735849057,0.991562126642772,0.0383995813369433,0.47472175876852,0.867184173278363,11,"HOG:0011540;HOG:0028718;HOG:0007637;HOG:0007636;HOG:0029544;HOG:0007936;HOG:0027281",FALSE,"peptidase activity","MF","root_early_to_late","annual",3,0.75,"Brachypodium=0.3451;Hordeum=-0.05686;Briza=0.09694;Festuca/Vulpia=0.03128",0.993089981736005
"GO:0009058",0.744255744255744,0.991562126642772,0.0267456741432593,0.42168165791578,0.887756045201948,65,"HOG:0032904;HOG:0027918;HOG:0005683;HOG:0011541;HOG:0025923;HOG:0025959;HOG:0026742;HOG:0032903",FALSE,"biosynthetic process","BP","root_early_to_late","annual",1,0.25,"Brachypodium=0.9762;Hordeum=-0.01847;Briza=-0.1201;Festuca/Vulpia=-0.0377",0.99474518780812
"GO:0016192",0.750569476082005,0.991562126642772,0.0328701032730105,0.429237073760728,0.803948529843308,13,"HOG:0026838",FALSE,"vesicle-mediated transport","BP","root_early_to_late","annual",2,0.5,"Brachypodium=1.461;Hordeum=0.06088;Briza=-0.3061;Festuca/Vulpia=-0.06345",0.99474518780812
"GO:0110165",0.752247752247752,0.991562126642772,0.0261841515946199,0.420758134830074,0.889169857919372,78,"HOG:0032904;HOG:0027918;HOG:0005683;HOG:0011540;HOG:0011541;HOG:0025923;HOG:0025959;HOG:0032903;HOG:0028263;HOG:0026902;HOG:0010929",FALSE,"cellular anatomical structure","CC","root_early_to_late","annual",2,0.5,"Brachypodium=1.333;Hordeum=0.02828;Briza=-0.1879;Festuca/Vulpia=-0.06285",0.99474518780812
"GO:0032991",0.788717948717949,0.991562126642772,0.0250603987343648,0.403151887001819,0.820616924845857,31,"HOG:0005683;HOG:0025923",FALSE,"protein-containing complex","CC","root_early_to_late","annual",2,0.5,"Brachypodium=1.615;Hordeum=0.05171;Briza=-0.2715;Festuca/Vulpia=-0.05261",0.99474518780812
"GO:0050896",0.836084905660377,0.991562126642772,0.0292811015816512,0.370929468181973,0.677584623558017,11,"HOG:0003561;HOG:0006008",FALSE,"response to stimulus","BP","root_early_to_late","annual",3,0.75,"Brachypodium=0.3073;Hordeum=-0.05797;Briza=0.04734;Festuca/Vulpia=0.02796",0.99474518780812
"GO:1901135",0.849825378346915,0.991562126642772,0.0277995594097672,0.370162066062557,0.684098709009232,12,"HOG:0029110;HOG:0023669;HOG:0020076;HOG:0004085;HOG:0023230;HOG:0028766;HOG:0006123;HOG:0006505;HOG:0030062",FALSE,"carbohydrate derivative metabolic process","BP","root_early_to_late","annual",3,0.75,"Brachypodium=0.1827;Hordeum=-0.03321;Briza=0.1046;Festuca/Vulpia=0.03451",0.99474518780812
"GO:0005575",0.854145854145854,0.991562126642772,0.0188532541830902,0.392138053170574,0.828686150733265,83,"HOG:0032904;HOG:0027918;HOG:0005683;HOG:0011540;HOG:0011541;HOG:0025923;HOG:0025959",FALSE,"cellular_component","CC","root_early_to_late","annual",2,0.5,"Brachypodium=1.387;Hordeum=0.02662;Briza=-0.1975;Festuca/Vulpia=-0.06345",0.99474518780812
"GO:0017111",0.884749708963911,0.991562126642772,0.0256927476530375,0.340981168620019,0.630169319429918,12,"HOG:0007637;HOG:0028394;HOG:0012402;HOG:0029544;HOG:0005788",FALSE,"ribonucleoside triphosphate phosphatase activity","MF","root_early_to_late","annual",1,0.25,"Brachypodium=0.7192;Hordeum=-0.02668;Briza=-0.01266;Festuca/Vulpia=-0.04109",0.99474518780812
"GO:0006793",0.932131495227996,0.991562126642772,0.0169971052149879,0.296420342280639,0.588318678034975,22,"HOG:0011775;HOG:0031321;HOG:0029110;HOG:0010571;HOG:0023669;HOG:0020076;HOG:0032593;HOG:0022830;HOG:0004085;HOG:0023230;HOG:0028766;HOG:0006123;HOG:0006505",FALSE,"phosphorus metabolic process","BP","root_early_to_late","annual",3,0.75,"Brachypodium=0.2017;Hordeum=-0.03706;Briza=0.09708;Festuca/Vulpia=0.03504",0.99474518780812
"GO:0006796",0.932131495227996,0.991562126642772,0.0169971052149879,0.296420342280639,0.588318678034975,22,"HOG:0011775;HOG:0031321;HOG:0029110;HOG:0010571;HOG:0023669;HOG:0020076;HOG:0032593;HOG:0022830;HOG:0004085;HOG:0023230;HOG:0028766;HOG:0006123;HOG:0006505",FALSE,"phosphate-containing compound metabolic process","BP","root_early_to_late","annual",3,0.75,"Brachypodium=0.2017;Hordeum=-0.03706;Briza=0.09708;Festuca/Vulpia=0.03504",0.99474518780812
"GO:0016462",0.937357630979499,0.991562126642772,0.0212181723861707,0.288814399110267,0.540940952578831,13,"HOG:0007637;HOG:0028394;HOG:0012402;HOG:0029544;HOG:0005788",FALSE,"pyrophosphatase activity","MF","root_early_to_late","annual",1,0.25,"Brachypodium=0.7773;Hordeum=-0.02362;Briza=-0.07879;Festuca/Vulpia=-0.07833",0.99474518780812
"GO:0016817",0.937357630979499,0.991562126642772,0.0212181723861707,0.288814399110267,0.540940952578831,13,"HOG:0007637;HOG:0028394;HOG:0012402;HOG:0029544;HOG:0005788",FALSE,"hydrolase activity, acting on acid anhydrides","MF","root_early_to_late","annual",1,0.25,"Brachypodium=0.7773;Hordeum=-0.02362;Briza=-0.07879;Festuca/Vulpia=-0.07833",0.99474518780812
"GO:0016818",0.937357630979499,0.991562126642772,0.0212181723861707,0.288814399110267,0.540940952578831,13,"HOG:0007637;HOG:0028394;HOG:0012402;HOG:0029544;HOG:0005788",FALSE,"hydrolase activity, acting on acid anhydrides, in phosphorus-containing anhydrides","MF","root_early_to_late","annual",1,0.25,"Brachypodium=0.7773;Hordeum=-0.02362;Briza=-0.07879;Festuca/Vulpia=-0.07833",0.99474518780812
"GO:0019538",0.938631790744467,0.991562126642772,0.0123167455730572,0.31266296108633,0.652745037741427,46,"HOG:0011540;HOG:0011775;HOG:0031321;HOG:0010571;HOG:0016166;HOG:0007637;HOG:0007636;HOG:0026451;HOG:0028394;HOG:0032593;HOG:0012402;HOG:0029544;HOG:0005788;HOG:0007936;HOG:0022830;HOG:0003541;HOG:0027281",FALSE,"protein metabolic process","BP","root_early_to_late","annual",1,0.25,"Brachypodium= 1.06;Hordeum=-0.01019;Briza=-0.08844;Festuca/Vulpia=-0.08177",0.99474518780812
"GO:0180051",0.952270081490105,0.991562126642772,0.0215798086475871,0.280323541589957,0.518067599271981,12,"HOG:0016166;HOG:0028394;HOG:0012402;HOG:0005788",FALSE,"translation factor activity","MF","root_early_to_late","annual",2,0.5,"Brachypodium=  1.6;Hordeum=0.05374;Briza=-0.111;Festuca/Vulpia=-0.1276",0.99474518780812
"GO:0051179",0.966049382716049,0.991562126642772,0.0117231586093378,0.272775718143059,0.553817931774061,30,"HOG:0026838;HOG:0028263;HOG:0026902;HOG:0007645;HOG:0011532",FALSE,"localization","BP","root_early_to_late","annual",2,0.5,"Brachypodium=1.424;Hordeum=0.01491;Briza=-0.2726;Festuca/Vulpia=-0.06055",0.99474518780812
"GO:0051234",0.966049382716049,0.991562126642772,0.0117231586093378,0.272775718143059,0.553817931774061,30,"HOG:0026838;HOG:0028263;HOG:0026902;HOG:0007645;HOG:0011532",FALSE,"establishment of localization","BP","root_early_to_late","annual",2,0.5,"Brachypodium=1.424;Hordeum=0.01491;Briza=-0.2726;Festuca/Vulpia=-0.06055",0.99474518780812
"GO:0006810",0.967044284243048,0.991562126642772,0.0117231586093378,0.277089433858826,0.560353622913058,29,"HOG:0026838;HOG:0028263;HOG:0026902;HOG:0007645;HOG:0011532",FALSE,"transport","BP","root_early_to_late","annual",2,0.5,"Brachypodium=1.387;Hordeum=0.004204;Briza=-0.2736;Festuca/Vulpia=-0.06226",0.99474518780812
"GO:0016874",0.971326164874552,0.991562126642772,0.0219398252709772,0.249796587716382,0.45189118277445,10,"HOG:0032963;HOG:0025232;HOG:0023669",FALSE,"ligase activity","MF","root_early_to_late","annual",1,0.25,"Brachypodium=0.7637;Hordeum=-0.02826;Briza=-0.05136;Festuca/Vulpia=-0.0691",0.99474518780812
"GO:0008610",0.994026284348865,0.994026284348865,0.020562605901185,0.191696717047706,0.346786387246497,10,"HOG:0024444;HOG:0027098;HOG:0004192;HOG:0031418;HOG:0026234;HOG:0026770",FALSE,"lipid biosynthetic process","BP","root_early_to_late","annual",3,0.75,"Brachypodium=0.1015;Hordeum=-0.03892;Briza=0.08081;Festuca/Vulpia=0.04695",0.995294117647059
"GO:0098796",0.18562874251497,0.995294117647059,0.257206466468838,0.345679012345679,1.1798963345401,12,"HOG:0028636;HOG:0012011;HOG:0025124;HOG:0005666;HOG:0028850;HOG:0026073;HOG:0018221;HOG:0012012;HOG:0032629;HOG:0027704;HOG:0012511;HOG:0007857",FALSE,"membrane protein complex","CC","internal_edge_density","annual",1,0.25,"Brachypodium=0.04938;Hordeum=-0.0132;Briza=-0.01672;Festuca/Vulpia=-0.04835",0.657054285920265
"GO:0005198",0.28042328042328,0.995294117647059,0.193813302725311,0.331660371837761,1.09952214602521,11,"HOG:0021123;HOG:0000122;HOG:0024337;HOG:0023227;HOG:0007833",FALSE,"structural molecule activity","MF","internal_edge_density","annual",2,0.5,"Brachypodium=0.06248;Hordeum=0.01519;Briza=-0.03612;Festuca/Vulpia=-0.07975",0.772951525541042
"GO:0008270",0.348684210526316,0.995294117647059,0.193813302725311,0.295695423434161,1.03862401759727,13,"HOG:0028145;HOG:0027918",FALSE,"zinc ion binding","MF","internal_edge_density","annual",1,0.25,"Brachypodium=0.1163;Hordeum=-0.06304;Briza=-0.01998;Festuca/Vulpia=-0.0589",0.811148648648649
"GO:0032991",0.379746835443038,0.995294117647059,0.261663521711573,0.226411020988615,1.03086182751455,31,"HOG:0027639;HOG:0028636;HOG:0005683;HOG:0006661;HOG:0012011;HOG:0025124;HOG:0023439",FALSE,"protein-containing complex","CC","internal_edge_density","annual",1,0.25,"Brachypodium=0.02703;Hordeum=-0.01566;Briza=-0.02297;Festuca/Vulpia=-0.03508",0.821786527173262
"GO:0005622",0.413984123325034,0.995294117647059,0.203508959461977,0.193051652729008,1.01484183677054,62,"HOG:0027639;HOG:0027918;HOG:0033476;HOG:0018459;HOG:0010703;HOG:0021123;HOG:0000122;HOG:0024337;HOG:0028636;HOG:0023227;HOG:0007833;HOG:0005683;HOG:0012011;HOG:0025124;HOG:0023439",FALSE,"intracellular anatomical structure","CC","internal_edge_density","annual",1,0.25,"Brachypodium=0.05378;Hordeum=-0.01668;Briza=-0.02951;Festuca/Vulpia=-0.04329",0.844134536505332
"GO:0003677",0.427631578947368,0.995294117647059,0.173747838999571,0.277210608869954,0.973696491346631,13,"HOG:0027918;HOG:0010482",FALSE,"DNA binding","MF","internal_edge_density","annual",1,0.25,"Brachypodium=0.06386;Hordeum=-0.04421;Briza=-0.02266;Festuca/Vulpia=-0.03189",0.847847581381199
"GO:0006412",0.454545454545455,0.995294117647059,0.190023305279108,0.253786972901639,0.976048720903682,19,"HOG:0033476;HOG:0021123;HOG:0000122;HOG:0024337;HOG:0000096;HOG:0023227;HOG:0007833",FALSE,"translation","BP","internal_edge_density","annual",2,0.5,"Brachypodium=0.1023;Hordeum=0.006629;Briza=-0.03442;Festuca/Vulpia=-0.07532",0.86685704037854
"GO:0160307",0.454545454545455,0.995294117647059,0.190023305279108,0.253786972901639,0.976048720903682,19,"HOG:0033476;HOG:0021123;HOG:0000122;HOG:0024337;HOG:0000096;HOG:0023227;HOG:0007833",FALSE,"protein biosynthetic process","BP","internal_edge_density","annual",2,0.5,"Brachypodium=0.1023;Hordeum=0.006629;Briza=-0.03442;Festuca/Vulpia=-0.07532",0.86685704037854
"GO:0046914",0.562043795620438,0.995294117647059,0.158514105424824,0.253377773483758,0.941158196620294,16,"HOG:0028145;HOG:0027918",FALSE,"transition metal ion binding","MF","internal_edge_density","annual",1,0.25,"Brachypodium=0.1141;Hordeum=-0.06579;Briza=-0.02953;Festuca/Vulpia=-0.06366",0.950350881933204
"GO:0010467",0.583333333333333,0.995294117647059,0.219250346703755,0.197231296489585,0.937721591916472,36,"HOG:0027918;HOG:0033476;HOG:0010703;HOG:0021123;HOG:0000122;HOG:0024337;HOG:0000096;HOG:0023227;HOG:0007833;HOG:0005683",FALSE,"gene expression","BP","internal_edge_density","annual",1,0.25,"Brachypodium=0.06177;Hordeum=-0.003883;Briza=-0.03856;Festuca/Vulpia=-0.04735",0.950350881933204
"GO:0005737",0.759493670886076,0.995294117647059,0.181383128498408,0.177396332902267,0.807695257640334,31,"HOG:0033476;HOG:0018459;HOG:0010703",FALSE,"cytoplasm","CC","internal_edge_density","annual",1,0.25,"Brachypodium=0.02779;Hordeum=-0.03092;Briza=-0.02297;Festuca/Vulpia=-0.04243",0.99474518780812
"GO:0005634",0.94078947368421,0.995294117647059,0.111918316325105,0.187348246671498,0.658056815313148,13,"HOG:0027918",FALSE,"nucleus","CC","internal_edge_density","annual",1,0.25,"Brachypodium=0.05558;Hordeum=-0.01497;Briza=-0.0263;Festuca/Vulpia=-0.03196",0.99474518780812
