"go_id","pval","padj_within_ranking","log2err","ES","NES","size","leadingEdge","main_pathway","TERM","ONTOLOGY","ranking","direction","n_directional_pairs","pair_consistency","pair_median_effects","padj_global"
"GO:0005737",5.22680442387949e-06,0.00051222683354019,0.610526878385931,-0.696960622489209,-2.1646585298828,31,"HOG:0026451;HOG:0010703;HOG:0026340;HOG:0008696;HOG:0025124;HOG:0016371;HOG:0021943;HOG:0032629;HOG:0012012;HOG:0012511;HOG:0006523;HOG:0008697;HOG:0028636;HOG:0005666;HOG:0027704;HOG:0006139;HOG:0026073;HOG:0026361;HOG:0016636;HOG:0028661;HOG:0012011",TRUE,"cytoplasm","CC","leaf_early_to_late","perennial",3,0.75,"Brachypodium=-0.2022;Hordeum=0.5266;Briza=-0.1633;Festuca/Vulpia=-0.1477",0.00358558783478133
"GO:0003677",1.96549109315897e-05,0.00192618127129579,0.575610261071129,-0.876451107933931,-1.79090285370482,13,"HOG:0010481;HOG:0026742;HOG:0032903;HOG:0010482;HOG:0025149;HOG:0032904;HOG:0025848;HOG:0027918;HOG:0011541",TRUE,"DNA binding","MF","leaf_mean_activity","perennial",4,1,"Brachypodium=-0.76;Hordeum=-0.003775;Briza=-0.4539;Festuca/Vulpia=-0.09719",0.00674163444953528
"GO:0003676",4.79393885211324e-05,0.00234903003753549,0.557332238758646,-0.795219916617102,-1.75132173493346,20,"HOG:0010481;HOG:0026742;HOG:0032903;HOG:0010482;HOG:0025149;HOG:0032904;HOG:0025848;HOG:0027918;HOG:0032849;HOG:0011541;HOG:0025923",FALSE,"nucleic acid binding","MF","leaf_mean_activity","perennial",4,1,"Brachypodium=-0.5029;Hordeum=-0.03637;Briza=-0.4119;Festuca/Vulpia=-0.07575",0.00822160513137421
"GO:0005198",3.62972567817771e-05,0.00323514598498051,0.557332238758646,-0.829346654980133,-2.21668945471061,11,"HOG:0000122;HOG:0021123;HOG:0024337;HOG:0023227;HOG:0007833",TRUE,"structural molecule activity","MF","root_mean_activity","perennial",3,0.75,"Brachypodium=-0.07531;Hordeum=-0.1101;Briza=-0.06175;Festuca/Vulpia=0.07811",0.00822160513137421
"GO:0003677",0.000110751853109413,0.00323514598498051,0.538434096309916,0.860245176510823,1.8332313047229,13,"HOG:0010481;HOG:0032903;HOG:0010482;HOG:0032904;HOG:0026742;HOG:0025149;HOG:0025848;HOG:0027918;HOG:0011541",TRUE,"DNA binding","MF","root_mean_activity","annual",3,0.75,"Brachypodium=0.7704;Hordeum=0.1262;Briza=0.1182;Festuca/Vulpia=-0.06787",0.0100648986199394
"GO:0006412",0.000132046774897164,0.00323514598498051,0.518848077743792,-0.689445261854899,-2.15805331880255,19,"HOG:0000122;HOG:0021123;HOG:0033476;HOG:0024337;HOG:0023227;HOG:0007833;HOG:0000096;HOG:0006208;HOG:0026397",TRUE,"translation","BP","root_mean_activity","perennial",3,0.75,"Brachypodium=-0.02795;Hordeum=-0.1119;Briza=-0.05876;Festuca/Vulpia=0.04895",0.0100648986199394
"GO:0160307",0.000132046774897164,0.00323514598498051,0.518848077743792,-0.689445261854899,-2.15805331880255,19,"HOG:0000122;HOG:0021123;HOG:0033476;HOG:0024337;HOG:0023227;HOG:0007833;HOG:0000096;HOG:0006208;HOG:0026397",FALSE,"protein biosynthetic process","BP","root_mean_activity","perennial",3,0.75,"Brachypodium=-0.02795;Hordeum=-0.1119;Briza=-0.05876;Festuca/Vulpia=0.04895",0.0100648986199394
"GO:0003676",8.4042013831365e-05,0.00411805867773688,0.538434096309916,0.765717485161756,2.03690989167416,20,"HOG:0032904;HOG:0025149;HOG:0032903;HOG:0010481;HOG:0026742;HOG:0025848;HOG:0010482;HOG:0024277;HOG:0027918;HOG:0017189;HOG:0011541",FALSE,"nucleic acid binding","MF","leaf_early_to_late","annual",3,0.75,"Brachypodium=0.1982;Hordeum=0.4981;Briza=0.235;Festuca/Vulpia=-0.3853",0.00960880358138606
"GO:0016491",0.000149372609208645,0.00487950523414907,0.518848077743792,0.562968559684604,2.22047590562232,29,"HOG:0028720;HOG:0025231;HOG:0027495;HOG:0031530;HOG:0026234;HOG:0032320;HOG:0020408;HOG:0007713;HOG:0031129;HOG:0027098;HOG:0011862;HOG:0025863;HOG:0011023;HOG:0026770;HOG:0000322;HOG:0028012",TRUE,"oxidoreductase activity","MF","leaf_mean_activity","annual",3,0.75,"Brachypodium=-0.02437;Hordeum=0.1267;Briza=0.02854;Festuca/Vulpia=0.0321",0.010246960991713
"GO:0005515",0.000205937640922899,0.00504547220261103,0.518848077743792,-0.631972315620091,-1.52343139561266,69,"HOG:0023048;HOG:0023138;HOG:0025149;HOG:0006131;HOG:0010551;HOG:0005857;HOG:0008732;HOG:0006332;HOG:0027421;HOG:0026019;HOG:0003621;HOG:0028145;HOG:0027918;HOG:0032765;HOG:0032849;HOG:0011541;HOG:0026838;HOG:0010549;HOG:0025923;HOG:0011775;HOG:0011715;HOG:0033004;HOG:0027351;HOG:0029540;HOG:0026507;HOG:0017160;HOG:0027639;HOG:0016116;HOG:0028440;HOG:0024976",TRUE,"protein binding","MF","leaf_mean_activity","perennial",4,1,"Brachypodium=-0.2897;Hordeum=-0.02479;Briza=-0.06676;Festuca/Vulpia=-0.03351",0.0117727684727591
"GO:0003677",0.000185363263846869,0.00605519995233106,0.518848077743792,0.830313129529297,1.97184917493765,13,"HOG:0032904;HOG:0025149;HOG:0032903;HOG:0010481;HOG:0026742;HOG:0025848;HOG:0010482;HOG:0027918",TRUE,"DNA binding","MF","leaf_early_to_late","annual",3,0.75,"Brachypodium=0.2719;Hordeum=0.4334;Briza=0.4556;Festuca/Vulpia=-0.5909",0.0115599271817229
"GO:0003676",6.2135462121099e-05,0.0060892752878677,0.538434096309916,0.838213685296055,1.65718393003492,20,"HOG:0010481;HOG:0032904;HOG:0010482;HOG:0027918;HOG:0025149;HOG:0032849;HOG:0011541;HOG:0025848;HOG:0025923;HOG:0026742;HOG:0032903",TRUE,"nucleic acid binding","MF","root_early_to_late","annual",3,0.75,"Brachypodium=1.452;Hordeum=0.04067;Briza=-0.7597;Festuca/Vulpia=0.7271",0.00852498540301479
"GO:0043228",0.000400913665267985,0.00654825653271043,0.49849310876659,-0.806443786878809,-2.0602232369701,10,"HOG:0000122;HOG:0021123;HOG:0024337;HOG:0023227;HOG:0007833;HOG:0027639",TRUE,"membraneless organelle","CC","root_mean_activity","perennial",3,0.75,"Brachypodium=-0.2123;Hordeum=-0.1183;Briza=-0.06738;Festuca/Vulpia=0.07342",0.0178561615121817
"GO:0043232",0.000400913665267985,0.00654825653271043,0.49849310876659,-0.806443786878809,-2.0602232369701,10,"HOG:0000122;HOG:0021123;HOG:0024337;HOG:0023227;HOG:0007833;HOG:0027639",FALSE,"intracellular membraneless organelle","CC","root_mean_activity","perennial",3,0.75,"Brachypodium=-0.2123;Hordeum=-0.1183;Briza=-0.06738;Festuca/Vulpia=0.07342",0.0178561615121817
"GO:0034654",0.000519876570539042,0.00793256816732761,0.477270815362862,-0.776929690953916,-1.68747208967725,17,"HOG:0025959;HOG:0026742;HOG:0032903;HOG:0032904;HOG:0005683;HOG:0027918;HOG:0011541;HOG:0025923;HOG:0026637",FALSE,"nucleobase-containing compound biosynthetic process","BP","leaf_mean_activity","perennial",4,1,"Brachypodium=-0.393;Hordeum=-0.003775;Briza=-0.3174;Festuca/Vulpia=-0.04656",0.0204576757999501
"GO:0032774",0.000566612011951972,0.00793256816732761,0.477270815362862,-0.841603290311996,-1.68624857561467,11,"HOG:0025959;HOG:0026742;HOG:0032903;HOG:0032904;HOG:0005683;HOG:0027918;HOG:0011541;HOG:0025923;HOG:0026637",FALSE,"RNA biosynthetic process","BP","leaf_mean_activity","perennial",4,1,"Brachypodium=-0.5958;Hordeum=-0.003775;Briza=-0.4474;Festuca/Vulpia=-0.0786",0.0204576757999501
"GO:0141187",0.000566612011951972,0.00793256816732761,0.477270815362862,-0.841603290311996,-1.68624857561467,11,"HOG:0025959;HOG:0026742;HOG:0032903;HOG:0032904;HOG:0005683;HOG:0027918;HOG:0011541;HOG:0025923;HOG:0026637",FALSE,"nucleic acid biosynthetic process","BP","leaf_mean_activity","perennial",4,1,"Brachypodium=-0.5958;Hordeum=-0.003775;Briza=-0.4474;Festuca/Vulpia=-0.0786",0.0204576757999501
"GO:0032774",0.000416470239351178,0.00816281669128308,0.49849310876659,0.841355928324105,1.9107841569384,11,"HOG:0032904;HOG:0032903;HOG:0026742;HOG:0005683;HOG:0025959;HOG:0026637;HOG:0027918;HOG:0024562;HOG:0011541",TRUE,"RNA biosynthetic process","BP","leaf_early_to_late","annual",3,0.75,"Brachypodium=0.1999;Hordeum=0.4828;Briza=0.3903;Festuca/Vulpia=-0.5909",0.0178561615121817
"GO:0141187",0.000416470239351178,0.00816281669128308,0.49849310876659,0.841355928324105,1.9107841569384,11,"HOG:0032904;HOG:0032903;HOG:0026742;HOG:0005683;HOG:0025959;HOG:0026637;HOG:0027918;HOG:0024562;HOG:0011541",FALSE,"nucleic acid biosynthetic process","BP","leaf_early_to_late","annual",3,0.75,"Brachypodium=0.1999;Hordeum=0.4828;Briza=0.3903;Festuca/Vulpia=-0.5909",0.0178561615121817
"GO:0051641",0.000704379000231641,0.0115048570037835,0.477270815362862,-0.672602906098192,-1.81557570934886,19,"HOG:0025124;HOG:0016371;HOG:0012012;HOG:0012511;HOG:0006523;HOG:0028636;HOG:0008637;HOG:0005666;HOG:0027704;HOG:0028850;HOG:0028661;HOG:0012011;HOG:0023564;HOG:0011064",FALSE,"cellular localization","BP","leaf_early_to_late","perennial",3,0.75,"Brachypodium=-0.2405;Hordeum=0.5176;Briza=-0.271;Festuca/Vulpia=-0.07111",0.0230097140075669
"GO:0003676",0.000931876286027841,0.0130462680043898,0.477270815362862,0.75709133953543,1.7514246373745,20,"HOG:0010481;HOG:0032903;HOG:0010482;HOG:0032904;HOG:0026742;HOG:0025149;HOG:0025848;HOG:0027918;HOG:0011541;HOG:0032849",FALSE,"nucleic acid binding","MF","root_mean_activity","annual",3,0.75,"Brachypodium=0.3639;Hordeum=0.1131;Briza=0.008591;Festuca/Vulpia=-0.05259",0.0290575969188681
"GO:0090304",0.0017774989707294,0.0212550321503241,0.45505986738723,-0.753471335243322,-1.63652112076429,17,"HOG:0025959;HOG:0026742;HOG:0032903;HOG:0032904;HOG:0003561;HOG:0005683;HOG:0027918;HOG:0011541;HOG:0025923;HOG:0026637",FALSE,"nucleic acid metabolic process","BP","leaf_mean_activity","perennial",3,0.75,"Brachypodium=-0.4457;Hordeum=0.08314;Briza=-0.3958;Festuca/Vulpia=-0.0786",0.0435487247828702
"GO:0008270",0.00196230385818023,0.0212550321503241,0.431707695803346,-0.795116037420175,-1.62470623580934,13,"HOG:0025959;HOG:0025149;HOG:0028333;HOG:0006332;HOG:0028145;HOG:0021825;HOG:0027918;HOG:0032765",TRUE,"zinc ion binding","MF","leaf_mean_activity","perennial",3,0.75,"Brachypodium=-0.5958;Hordeum=0.01596;Briza=-0.4232;Festuca/Vulpia=-0.04703",0.0448713482237212
"GO:0046914",0.00216888083166573,0.0212550321503241,0.431707695803346,-0.771814355541236,-1.64947642846744,16,"HOG:0025959;HOG:0025149;HOG:0028333;HOG:0006332;HOG:0028145;HOG:0021825;HOG:0027918;HOG:0032765",FALSE,"transition metal ion binding","MF","leaf_mean_activity","perennial",3,0.75,"Brachypodium=-0.3992;Hordeum=0.06771;Briza=-0.2589;Festuca/Vulpia=-0.04397",0.0465122086060573
"GO:0090304",0.0017023461823206,0.0220441952722379,0.45505986738723,0.732258301516942,1.87550792361905,17,"HOG:0032904;HOG:0032903;HOG:0026742;HOG:0005683;HOG:0025959;HOG:0026637;HOG:0027918;HOG:0024562;HOG:0011541;HOG:0003561",FALSE,"nucleic acid metabolic process","BP","leaf_early_to_late","annual",3,0.75,"Brachypodium=0.1964;Hordeum=0.4786;Briza=0.1896;Festuca/Vulpia=-0.2915",0.0435487247828702
"GO:0016070",0.00232185687423723,0.0220441952722379,0.431707695803346,0.760604218581651,1.85532037144803,14,"HOG:0032904;HOG:0032903;HOG:0026742;HOG:0005683;HOG:0025959;HOG:0026637;HOG:0027918;HOG:0024562;HOG:0011541",FALSE,"RNA metabolic process","BP","leaf_early_to_late","annual",3,0.75,"Brachypodium=0.1982;Hordeum=0.4807;Briza=0.2141;Festuca/Vulpia=-0.4405",0.0465122086060573
"GO:0098796",0.00251041280091405,0.0220441952722379,0.431707695803346,-0.735897621972466,-1.74786093473892,12,"HOG:0025124;HOG:0032629;HOG:0012012;HOG:0012511;HOG:0028636;HOG:0005666;HOG:0027704;HOG:0028850;HOG:0026073;HOG:0012011",FALSE,"membrane protein complex","CC","leaf_early_to_late","perennial",3,0.75,"Brachypodium=-0.2581;Hordeum=0.5424;Briza=-0.3033;Festuca/Vulpia=-0.08271",0.0465122086060573
"GO:0051179",0.00261354596507861,0.0220441952722379,0.431707695803346,-0.567818301160125,-1.75519491033707,30,"HOG:0025124;HOG:0016371;HOG:0012012;HOG:0012511;HOG:0006523;HOG:0028636;HOG:0008637;HOG:0005666;HOG:0027704;HOG:0028850;HOG:0016200;HOG:0028661;HOG:0012011;HOG:0028065;HOG:0023564;HOG:0026838;HOG:0011064;HOG:0027005;HOG:0023825",FALSE,"localization","BP","leaf_early_to_late","perennial",3,0.75,"Brachypodium=-0.2136;Hordeum=0.5032;Briza=-0.228;Festuca/Vulpia=-0.03972",0.0465122086060573
"GO:0051234",0.00261354596507861,0.0220441952722379,0.431707695803346,-0.567818301160125,-1.75519491033707,30,"HOG:0025124;HOG:0016371;HOG:0012012;HOG:0012511;HOG:0006523;HOG:0028636;HOG:0008637;HOG:0005666;HOG:0027704;HOG:0028850;HOG:0016200;HOG:0028661;HOG:0012011;HOG:0028065;HOG:0023564;HOG:0026838;HOG:0011064;HOG:0027005;HOG:0023825",FALSE,"establishment of localization","BP","leaf_early_to_late","perennial",3,0.75,"Brachypodium=-0.2136;Hordeum=0.5032;Briza=-0.228;Festuca/Vulpia=-0.03972",0.0465122086060573
"GO:0012505",0.00269928921700872,0.0220441952722379,0.431707695803346,-0.757077418208384,-1.75285597780641,11,"HOG:0008696;HOG:0021943;HOG:0032629;HOG:0012012;HOG:0012511;HOG:0008697;HOG:0027704;HOG:0028850;HOG:0026073;HOG:0012011",FALSE,"endomembrane system","CC","leaf_early_to_late","perennial",3,0.75,"Brachypodium=-0.2483;Hordeum=0.6327;Briza=-0.2965;Festuca/Vulpia=-0.1092",0.0465122086060573
"GO:0045184",0.00340547854563386,0.0222491264981412,0.431707695803346,-0.654684567627642,-1.71077591215815,17,"HOG:0025124;HOG:0012012;HOG:0012511;HOG:0006523;HOG:0028636;HOG:0008637;HOG:0005666;HOG:0027704;HOG:0028850;HOG:0028661;HOG:0012011;HOG:0011064",FALSE,"establishment of protein localization","BP","leaf_early_to_late","perennial",3,0.75,"Brachypodium=-0.2405;Hordeum=0.5176;Briza=-0.271;Festuca/Vulpia=-0.07111",0.0507860496153224
"GO:0046907",0.00340547854563386,0.0222491264981412,0.431707695803346,-0.654491781038673,-1.71027213573069,17,"HOG:0025124;HOG:0012012;HOG:0012511;HOG:0006523;HOG:0028636;HOG:0008637;HOG:0005666;HOG:0027704;HOG:0028850;HOG:0012011;HOG:0023564;HOG:0011064",FALSE,"intracellular transport","BP","leaf_early_to_late","perennial",3,0.75,"Brachypodium=-0.2342;Hordeum=0.5085;Briza=-0.271;Festuca/Vulpia=-0.05853",0.0507860496153224
"GO:0051649",0.00340547854563386,0.0222491264981412,0.431707695803346,-0.654491781038673,-1.71027213573069,17,"HOG:0025124;HOG:0012012;HOG:0012511;HOG:0006523;HOG:0028636;HOG:0008637;HOG:0005666;HOG:0027704;HOG:0028850;HOG:0012011;HOG:0023564;HOG:0011064",FALSE,"establishment of localization in cell","BP","leaf_early_to_late","perennial",3,0.75,"Brachypodium=-0.2342;Hordeum=0.5085;Briza=-0.271;Festuca/Vulpia=-0.05853",0.0507860496153224
"GO:0044281",0.00271208213446398,0.024162186288861,0.431707695803346,0.521836062400558,1.86862395984931,22,"HOG:0011497;HOG:0017319;HOG:0030062;HOG:0006505;HOG:0007713;HOG:0028766;HOG:0004085;HOG:0011862;HOG:0025863;HOG:0026770",TRUE,"small molecule metabolic process","BP","leaf_mean_activity","annual",3,0.75,"Brachypodium=-0.05441;Hordeum=0.1274;Briza=0.03218;Festuca/Vulpia=0.04508",0.0465122086060573
"GO:0034654",0.0024791666120861,0.0250974301131472,0.431707695803346,0.754629166489151,1.70168189438354,17,"HOG:0032903;HOG:0025959;HOG:0032904;HOG:0026742;HOG:0027918;HOG:0011541;HOG:0005683",FALSE,"nucleobase-containing compound biosynthetic process","BP","root_mean_activity","annual",2,0.5,"Brachypodium=0.3087;Hordeum=0.05975;Briza=-0.0003431;Festuca/Vulpia=-0.007385",0.0465122086060573
"GO:0032774",0.00256096225644359,0.0250974301131472,0.431707695803346,0.820178222324333,1.68348421366328,11,"HOG:0032903;HOG:0025959;HOG:0032904;HOG:0026742;HOG:0027918;HOG:0011541;HOG:0005683",FALSE,"RNA biosynthetic process","BP","root_mean_activity","annual",3,0.75,"Brachypodium=0.7265;Hordeum=0.1421;Briza=0.01259;Festuca/Vulpia=-0.06787",0.0465122086060573
"GO:0141187",0.00256096225644359,0.0250974301131472,0.431707695803346,0.820178222324333,1.68348421366328,11,"HOG:0032903;HOG:0025959;HOG:0032904;HOG:0026742;HOG:0027918;HOG:0011541;HOG:0005683",FALSE,"nucleic acid biosynthetic process","BP","root_mean_activity","annual",3,0.75,"Brachypodium=0.7265;Hordeum=0.1421;Briza=0.01259;Festuca/Vulpia=-0.06787",0.0465122086060573
"GO:0090304",0.00290907546325903,0.0259172177635804,0.431707695803346,0.749427819464988,1.68995290423782,17,"HOG:0032903;HOG:0025959;HOG:0032904;HOG:0026742;HOG:0027918;HOG:0011541;HOG:0003561;HOG:0006139;HOG:0005683",FALSE,"nucleic acid metabolic process","BP","root_mean_activity","annual",2,0.5,"Brachypodium=0.3967;Hordeum=0.09616;Briza=-0.003065;Festuca/Vulpia=-0.05272",0.0486737992145291
"GO:0006810",0.00427308043026974,0.0261726176354022,0.407017918923954,-0.560417185047538,-1.71030358076999,29,"HOG:0025124;HOG:0016371;HOG:0012012;HOG:0012511;HOG:0006523;HOG:0028636;HOG:0008637;HOG:0005666;HOG:0027704;HOG:0028850;HOG:0016200;HOG:0012011;HOG:0028065;HOG:0023564;HOG:0026838;HOG:0011064;HOG:0027005;HOG:0023825",TRUE,"transport","BP","leaf_early_to_late","perennial",3,0.75,"Brachypodium=-0.2121;Hordeum=0.4978;Briza=-0.2381;Festuca/Vulpia=-0.02092",0.0586266635033009
"GO:0006793",0.00394275042172559,0.0297222724099314,0.407017918923954,0.50745499506977,1.81712731383582,22,"HOG:0018459;HOG:0030062;HOG:0006505;HOG:0027147;HOG:0008733",TRUE,"phosphorus metabolic process","BP","leaf_mean_activity","annual",3,0.75,"Brachypodium=-0.04932;Hordeum=0.1278;Briza=0.03394;Festuca/Vulpia=0.01707",0.0558451970718617
"GO:0006796",0.00394275042172559,0.0297222724099314,0.407017918923954,0.50745499506977,1.81712731383582,22,"HOG:0018459;HOG:0030062;HOG:0006505;HOG:0027147;HOG:0008733",FALSE,"phosphate-containing compound metabolic process","BP","leaf_mean_activity","annual",3,0.75,"Brachypodium=-0.04932;Hordeum=0.1278;Briza=0.03394;Festuca/Vulpia=0.01707",0.0558451970718617
"GO:0003677",0.000628473631703633,0.030795207953478,0.477270815362862,0.850662731999472,1.59326650606301,13,"HOG:0010481;HOG:0032904;HOG:0010482;HOG:0027918;HOG:0025149;HOG:0011541;HOG:0025848;HOG:0026742;HOG:0032903",FALSE,"DNA binding","MF","root_early_to_late","annual",2,0.5,"Brachypodium=0.9331;Hordeum=-0.04381;Briza=-0.9026;Festuca/Vulpia=1.174",0.0215566455674346
"GO:0016070",0.00453055599362488,0.0317138919553741,0.407017918923954,-0.750374203078025,-1.56929474643435,14,"HOG:0025959;HOG:0026742;HOG:0032903;HOG:0032904;HOG:0005683;HOG:0027918;HOG:0011541;HOG:0025923;HOG:0026637",FALSE,"RNA metabolic process","BP","leaf_mean_activity","perennial",4,1,"Brachypodium=-0.5177;Hordeum=-0.03637;Briza=-0.4039;Festuca/Vulpia=-0.05973",0.060940419835817
"GO:0046914",0.00398894264799012,0.032576364958586,0.407017918923954,0.745910884392054,1.65536611606376,16,"HOG:0028333;HOG:0025959;HOG:0025149;HOG:0032765;HOG:0006332;HOG:0027918;HOG:0024976",FALSE,"transition metal ion binding","MF","root_mean_activity","annual",3,0.75,"Brachypodium=0.4098;Hordeum=0.07215;Briza=0.02205;Festuca/Vulpia=-0.0168",0.0558451970718617
"GO:0005515",0.00111093391543348,0.0336085263847882,0.45505986738723,0.687951376886515,1.45099578351715,69,"HOG:0023138;HOG:0028145;HOG:0005857;HOG:0027918;HOG:0025149;HOG:0023048;HOG:0011775;HOG:0010551;HOG:0027421;HOG:0032849;HOG:0011541;HOG:0010549;HOG:0006131;HOG:0025923;HOG:0026838;HOG:0006332;HOG:0026019;HOG:0027351;HOG:0003621;HOG:0017160;HOG:0005877;HOG:0026902",TRUE,"protein binding","MF","root_early_to_late","annual",3,0.75,"Brachypodium= 1.46;Hordeum=0.02523;Briza=-0.2715;Festuca/Vulpia=0.02274",0.0317541944161404
"GO:0090304",0.001405473339624,0.0336085263847882,0.45505986738723,0.819647978269274,1.58865697372263,17,"HOG:0032904;HOG:0027918;HOG:0005683;HOG:0011541;HOG:0025923;HOG:0025959;HOG:0026742;HOG:0003561;HOG:0032903;HOG:0006008",TRUE,"nucleic acid metabolic process","BP","root_early_to_late","annual",3,0.75,"Brachypodium=0.9713;Hordeum=0.02041;Briza=-0.6147;Festuca/Vulpia=0.6478",0.0385661884392826
"GO:0016070",0.00171472073391777,0.0336085263847882,0.45505986738723,0.826811743361182,1.5647080037839,14,"HOG:0032904;HOG:0027918;HOG:0005683;HOG:0011541;HOG:0025923;HOG:0025959;HOG:0026742;HOG:0032903",FALSE,"RNA metabolic process","BP","root_early_to_late","annual",3,0.75,"Brachypodium=1.221;Hordeum=0.05236;Briza=-0.7043;Festuca/Vulpia=0.8313",0.0435487247828702
"GO:0046914",0.00612383731637647,0.034370137541847,0.407017918923954,0.692959634392196,1.72444194602901,16,"HOG:0025149;HOG:0028145;HOG:0025959;HOG:0028333;HOG:0021825;HOG:0027918;HOG:0032765",FALSE,"transition metal ion binding","MF","leaf_early_to_late","annual",2,0.5,"Brachypodium=0.1755;Hordeum=-0.06392;Briza=0.1284;Festuca/Vulpia=-0.3172",0.0777954147969307
"GO:0034654",0.00701800331043302,0.034370137541847,0.407017918923954,0.686292963276618,1.75777848866014,17,"HOG:0032904;HOG:0032903;HOG:0026742;HOG:0005683;HOG:0025959;HOG:0026637;HOG:0027918;HOG:0024562;HOG:0011541",FALSE,"nucleobase-containing compound biosynthetic process","BP","leaf_early_to_late","annual",3,0.75,"Brachypodium=0.1999;Hordeum=0.4379;Briza=0.06981;Festuca/Vulpia=-0.1871",0.0843031533854956
"GO:0016020",0.00783745321969598,0.034370137541847,0.380730400722792,-0.544718942622951,-1.66239505664383,29,"HOG:0025124;HOG:0021943;HOG:0032629;HOG:0012012;HOG:0012511;HOG:0028198;HOG:0028636;HOG:0005666;HOG:0027704;HOG:0028850;HOG:0024574;HOG:0026073",FALSE,"membrane","CC","leaf_early_to_late","perennial",3,0.75,"Brachypodium=-0.1692;Hordeum=0.4793;Briza=-0.1633;Festuca/Vulpia=-0.0736",0.0843031533854956
"GO:0008104",0.00786501722546898,0.034370137541847,0.380730400722792,-0.646625346862081,-1.65965880303173,16,"HOG:0025124;HOG:0012012;HOG:0012511;HOG:0006523;HOG:0028636;HOG:0008637;HOG:0005666;HOG:0027704;HOG:0028850;HOG:0012011;HOG:0011064",FALSE,"intracellular protein localization","BP","leaf_early_to_late","perennial",3,0.75,"Brachypodium=-0.2374;Hordeum=0.5175;Briza=-0.2905;Festuca/Vulpia=-0.06482",0.0843031533854956
"GO:0015031",0.00786501722546898,0.034370137541847,0.380730400722792,-0.646625346862081,-1.65965880303173,16,"HOG:0025124;HOG:0012012;HOG:0012511;HOG:0006523;HOG:0028636;HOG:0008637;HOG:0005666;HOG:0027704;HOG:0028850;HOG:0012011;HOG:0011064",FALSE,"protein transport","BP","leaf_early_to_late","perennial",3,0.75,"Brachypodium=-0.2374;Hordeum=0.5175;Briza=-0.2905;Festuca/Vulpia=-0.06482",0.0843031533854956
"GO:0033036",0.00786501722546898,0.034370137541847,0.380730400722792,-0.646625346862081,-1.65965880303173,16,"HOG:0025124;HOG:0012012;HOG:0012511;HOG:0006523;HOG:0028636;HOG:0008637;HOG:0005666;HOG:0027704;HOG:0028850;HOG:0012011;HOG:0011064",FALSE,"macromolecule localization","BP","leaf_early_to_late","perennial",3,0.75,"Brachypodium=-0.2374;Hordeum=0.5175;Briza=-0.2905;Festuca/Vulpia=-0.06482",0.0843031533854956
"GO:0005634",0.00833172370962175,0.034370137541847,0.380730400722792,0.728925977706984,1.73107233477924,13,"HOG:0032904;HOG:0032903;HOG:0005683;HOG:0025959;HOG:0024277;HOG:0027918",FALSE,"nucleus","CC","leaf_early_to_late","annual",3,0.75,"Brachypodium=0.06023;Hordeum=0.4786;Briza=0.1896;Festuca/Vulpia=-0.3045",0.0874876228337923
"GO:0008270",0.00841717654086048,0.034370137541847,0.380730400722792,0.728192027435759,1.72932933062178,13,"HOG:0025149;HOG:0028145;HOG:0025959;HOG:0028333;HOG:0021825;HOG:0027918;HOG:0032765",TRUE,"zinc ion binding","MF","leaf_early_to_late","annual",3,0.75,"Brachypodium=0.2008;Hordeum=0.1576;Briza=0.3634;Festuca/Vulpia=-0.5646",0.0874876228337923
"GO:0012505",0.00517867488587507,0.0390392414473659,0.407017918923954,-0.6934321977805,-1.85341537359146,11,"HOG:0011717;HOG:0026073;HOG:0012012;HOG:0028850;HOG:0012011;HOG:0027704;HOG:0032629;HOG:0008696;HOG:0008697",TRUE,"endomembrane system","CC","root_mean_activity","perennial",3,0.75,"Brachypodium=-0.1323;Hordeum=-0.03753;Briza=-0.006009;Festuca/Vulpia=0.008163",0.0683186725328903
"GO:0008270",0.00607274433516492,0.0425092103461544,0.407017918923954,0.774578682390282,1.65067114271814,13,"HOG:0028333;HOG:0025959;HOG:0025149;HOG:0032765;HOG:0006332;HOG:0027918;HOG:0024976",TRUE,"zinc ion binding","MF","root_mean_activity","annual",3,0.75,"Brachypodium=0.7265;Hordeum=0.1073;Briza=0.03417;Festuca/Vulpia=-0.05504",0.0777954147969307
"GO:0032991",0.0109645670298232,0.0429811027569068,0.380730400722792,-0.525404924782672,-1.63183143405042,31,"HOG:0025124;HOG:0004116;HOG:0016371;HOG:0000079;HOG:0032629;HOG:0012012;HOG:0012511;HOG:0028636;HOG:0005666;HOG:0027704;HOG:0025316;HOG:0028850;HOG:0026073;HOG:0016397;HOG:0011544;HOG:0028661;HOG:0012011",FALSE,"protein-containing complex","CC","leaf_early_to_late","perennial",3,0.75,"Brachypodium=-0.2412;Hordeum=0.5192;Briza=-0.2643;Festuca/Vulpia=-0.1092",0.107452756892267
"GO:0006139",0.00671984220956443,0.0439029691024876,0.407017918923954,0.657251404827221,1.59750080868183,28,"HOG:0032903;HOG:0025959;HOG:0032904;HOG:0026742;HOG:0027918;HOG:0011541;HOG:0003561;HOG:0006139;HOG:0005683",FALSE,"nucleobase-containing compound metabolic process","BP","root_mean_activity","annual",2,0.5,"Brachypodium=0.09251;Hordeum=0.06167;Briza=-0.001704;Festuca/Vulpia=-0.02306",0.0838147591956582
"GO:0016070",0.00728065952793101,0.0445940396085774,0.407017918923954,0.753424027591638,1.64242442640624,14,"HOG:0032903;HOG:0025959;HOG:0032904;HOG:0026742;HOG:0027918;HOG:0011541;HOG:0006139;HOG:0005683",FALSE,"RNA metabolic process","BP","root_mean_activity","annual",3,0.75,"Brachypodium=0.465;Hordeum=0.1112;Briza=0.004762;Festuca/Vulpia=-0.03613",0.0843031533854956
"GO:0032774",0.00319319247566246,0.0447046946592744,0.431707695803346,0.844248006370227,1.5422055044312,11,"HOG:0032904;HOG:0027918;HOG:0005683;HOG:0011541;HOG:0025923;HOG:0025959;HOG:0026742;HOG:0032903",FALSE,"RNA biosynthetic process","BP","root_early_to_late","annual",3,0.75,"Brachypodium=1.465;Hordeum=0.08432;Briza=-0.8239;Festuca/Vulpia=1.134",0.0507860496153224
"GO:0141187",0.00319319247566246,0.0447046946592744,0.431707695803346,0.844248006370227,1.5422055044312,11,"HOG:0032904;HOG:0027918;HOG:0005683;HOG:0011541;HOG:0025923;HOG:0025959;HOG:0026742;HOG:0032903",FALSE,"nucleic acid biosynthetic process","BP","root_early_to_late","annual",3,0.75,"Brachypodium=1.465;Hordeum=0.08432;Briza=-0.8239;Festuca/Vulpia=1.134",0.0507860496153224
"GO:0006139",0.0160345975478201,0.0604380984494756,0.352487857583619,0.557737336841108,1.60003557927227,28,"HOG:0032904;HOG:0032903;HOG:0026742;HOG:0005683;HOG:0025959;HOG:0026637;HOG:0027918;HOG:0024562;HOG:0011541",FALSE,"nucleobase-containing compound metabolic process","BP","leaf_early_to_late","annual",2,0.5,"Brachypodium=0.2013;Hordeum=0.03001;Briza=-0.04126;Festuca/Vulpia=-0.1547",0.148645052943305
"GO:0005737",0.0115257763064128,0.0664427104722618,0.380730400722792,-0.467476463785657,-1.65134343834431,31,"HOG:0026340;HOG:0033476;HOG:0006208;HOG:0025124;HOG:0026397;HOG:0006523;HOG:0026073;HOG:0016636;HOG:0012012;HOG:0012011;HOG:0028661;HOG:0006057;HOG:0023439;HOG:0028636;HOG:0027704;HOG:0032629;HOG:0008696;HOG:0008697",FALSE,"cytoplasm","CC","root_mean_activity","perennial",4,1,"Brachypodium=-0.07531;Hordeum=-0.05069;Briza=-0.01739;Festuca/Vulpia=-0.01591",0.111320889747186
"GO:0006139",0.0108880803667815,0.0711354583963057,0.380730400722792,-0.642650258528981,-1.47039933422268,28,"HOG:0025959;HOG:0026742;HOG:0032903;HOG:0032904;HOG:0003561;HOG:0005683;HOG:0027918;HOG:0011541;HOG:0025923;HOG:0026637",FALSE,"nucleobase-containing compound metabolic process","BP","leaf_mean_activity","perennial",3,0.75,"Brachypodium=-0.3234;Hordeum=0.09899;Briza=-0.03454;Festuca/Vulpia=-0.01976",0.107452756892267
"GO:0005634",0.01168382516297,0.071563429123191,0.380730400722792,-0.738827677804265,-1.50968899987461,13,"HOG:0025959;HOG:0032903;HOG:0032904;HOG:0005683;HOG:0027918;HOG:0011541;HOG:0025923",FALSE,"nucleus","CC","leaf_mean_activity","perennial",4,1,"Brachypodium=-0.4457;Hordeum=-0.04756;Briza=-0.3958;Festuca/Vulpia=-0.07291",0.111320889747186
"GO:0006886",0.0206880953815398,0.0750901239774407,0.352487857583619,-0.636176210561657,-1.60239907478201,15,"HOG:0025124;HOG:0012012;HOG:0012511;HOG:0006523;HOG:0028636;HOG:0008637;HOG:0005666;HOG:0027704;HOG:0012011;HOG:0011064",FALSE,"intracellular protein transport","BP","leaf_early_to_late","perennial",3,0.75,"Brachypodium=-0.2405;Hordeum=0.5266;Briza=-0.271;Festuca/Vulpia=-0.07111",0.177400417896704
"GO:0008270",0.00753703004582448,0.0753908258239705,0.407017918923954,0.804621314675016,1.50703227320518,13,"HOG:0028145;HOG:0027918;HOG:0025149;HOG:0021825;HOG:0006332;HOG:0025959;HOG:0028333",FALSE,"zinc ion binding","MF","root_early_to_late","annual",2,0.5,"Brachypodium=0.9762;Hordeum=-0.08426;Briza=-0.6512;Festuca/Vulpia=1.134",0.0843031533854956
"GO:0043227",0.00769294141060923,0.0753908258239705,0.407017918923954,0.743026855630992,1.48217344199847,23,"HOG:0032904;HOG:0027918;HOG:0005683;HOG:0011541;HOG:0025923;HOG:0025959;HOG:0032903;HOG:0026902;HOG:0010929",FALSE,"membrane-bounded organelle","CC","root_early_to_late","annual",3,0.75,"Brachypodium=1.387;Hordeum=0.06088;Briza=-0.2997;Festuca/Vulpia=0.01596",0.0843031533854956
"GO:0043231",0.00769294141060923,0.0753908258239705,0.407017918923954,0.743026855630992,1.48217344199847,23,"HOG:0032904;HOG:0027918;HOG:0005683;HOG:0011541;HOG:0025923;HOG:0025959;HOG:0032903;HOG:0026902;HOG:0010929",FALSE,"intracellular membrane-bounded organelle","CC","root_early_to_late","annual",3,0.75,"Brachypodium=1.387;Hordeum=0.06088;Briza=-0.2997;Festuca/Vulpia=0.01596",0.0843031533854956
"GO:0046914",0.00855762172843142,0.0762406299442071,0.380730400722792,0.77981472860768,1.49386576507693,16,"HOG:0028145;HOG:0027918;HOG:0025149;HOG:0021825;HOG:0006332;HOG:0025959;HOG:0028333",FALSE,"transition metal ion binding","MF","root_early_to_late","annual",2,0.5,"Brachypodium=0.4459;Hordeum=-0.0695;Briza=-0.397;Festuca/Vulpia=0.5942",0.0876198284433426
"GO:0005634",0.0100627144064338,0.0821788343192091,0.380730400722792,0.796685994616288,1.49216964999522,13,"HOG:0032904;HOG:0027918;HOG:0005683;HOG:0011541;HOG:0025923;HOG:0025959;HOG:0032903",FALSE,"nucleus","CC","root_early_to_late","annual",3,0.75,"Brachypodium=1.615;Hordeum=0.02994;Briza=-0.6955;Festuca/Vulpia=0.6478",0.101515030629611
"GO:0016192",0.0249878726723016,0.0874575543530555,0.352487857583619,-0.66806671138404,-1.63155597695229,13,"HOG:0025124;HOG:0016371;HOG:0012012;HOG:0012511;HOG:0028636;HOG:0005666;HOG:0027704;HOG:0028850;HOG:0012011;HOG:0026838;HOG:0027005;HOG:0023825",FALSE,"vesicle-mediated transport","BP","leaf_early_to_late","perennial",3,0.75,"Brachypodium=-0.247;Hordeum=0.5768;Briza=-0.3184;Festuca/Vulpia=-0.0736",0.201666831214104
"GO:0005515",0.00101295902150949,0.0992699841079297,0.45505986738723,0.422072499316147,1.74025460064577,69,"HOG:0020549;HOG:0011775;HOG:0031129;HOG:0026838;HOG:0027351;HOG:0027706;HOG:0026360;HOG:0026019;HOG:0003621;HOG:0026507;HOG:0027639;HOG:0004116;HOG:0010549;HOG:0028717;HOG:0024905;HOG:0032765;HOG:0031127;HOG:0006332;HOG:0023138;HOG:0025149;HOG:0023048;HOG:0011715;HOG:0010551;HOG:0011541;HOG:0025316;HOG:0006131;HOG:0008605;HOG:0028145;HOG:0028661;HOG:0028718",FALSE,"protein binding","MF","recurrent_coverage","annual",2,0.5,"Brachypodium=0.2348;Hordeum=0.008197;Briza=-0.02083;Festuca/Vulpia=-0.09924",0.0302126038589351
"GO:0032991",0.0185034924691208,0.100741236776324,0.352487857583619,-0.449093218706517,-1.58640530030186,31,"HOG:0006661;HOG:0011717;HOG:0025124;HOG:0026397;HOG:0026073;HOG:0027639;HOG:0011544;HOG:0012012;HOG:0028850;HOG:0012011;HOG:0028661;HOG:0023439;HOG:0028636;HOG:0027706;HOG:0027704;HOG:0032629",FALSE,"protein-containing complex","CC","root_mean_activity","perennial",4,1,"Brachypodium=-0.067;Hordeum=-0.02637;Briza=-0.03235;Festuca/Vulpia=-0.01887",0.162735844023293
"GO:0006082",0.0172849205071334,0.112928147313272,0.352487857583619,-0.536480422807698,-1.67115469953397,13,"HOG:0011628;HOG:0032397;HOG:0026340",FALSE,"organic acid metabolic process","BP","root_early_to_late","perennial",2,0.5,"Brachypodium=0.5155;Hordeum=-0.04924;Briza=0.07232;Festuca/Vulpia=-0.1012",0.153992928154462
"GO:0019752",0.0172849205071334,0.112928147313272,0.352487857583619,-0.536480422807698,-1.67115469953397,13,"HOG:0011628;HOG:0032397;HOG:0026340",FALSE,"carboxylic acid metabolic process","BP","root_early_to_late","perennial",2,0.5,"Brachypodium=0.5155;Hordeum=-0.04924;Briza=0.07232;Festuca/Vulpia=-0.1012",0.153992928154462
"GO:0043436",0.0172849205071334,0.112928147313272,0.352487857583619,-0.536480422807698,-1.67115469953397,13,"HOG:0011628;HOG:0032397;HOG:0026340",FALSE,"oxoacid metabolic process","BP","root_early_to_late","perennial",2,0.5,"Brachypodium=0.5155;Hordeum=-0.04924;Briza=0.07232;Festuca/Vulpia=-0.1012",0.153992928154462
"GO:0005737",0.0229278799189308,0.140433264503451,0.352487857583619,-0.386287701128414,-1.71508767542731,31,"HOG:0010703;HOG:0026340;HOG:0021943;HOG:0007857;HOG:0018459;HOG:0026361;HOG:0019536;HOG:0016371;HOG:0026397;HOG:0016636;HOG:0006057;HOG:0008696;HOG:0033476;HOG:0005666;HOG:0023439;HOG:0028661",FALSE,"cytoplasm","CC","root_early_to_late","perennial",2,0.5,"Brachypodium=1.324;Hordeum=0.05171;Briza=-0.2267;Festuca/Vulpia=-0.09057",0.187244352671268
"GO:0005575",0.0465577311426559,0.157333022482079,0.321775918075361,-0.35526769785647,-1.34374918114249,83,"HOG:0026451;HOG:0010703;HOG:0026340;HOG:0008696;HOG:0025124;HOG:0004116;HOG:0016371;HOG:0000079;HOG:0021943;HOG:0032629;HOG:0012012;HOG:0012511;HOG:0028198;HOG:0006523;HOG:0008697;HOG:0028636;HOG:0005666;HOG:0027704;HOG:0025316;HOG:0006139;HOG:0028850;HOG:0024574;HOG:0026073;HOG:0016397;HOG:0026361;HOG:0016636",FALSE,"cellular_component","CC","leaf_early_to_late","perennial",3,0.75,"Brachypodium=-0.09356;Hordeum=0.4935;Briza=-0.06889;Festuca/Vulpia=-0.1399",0.308872901678657
"GO:0006082",0.0326829238851885,0.168575081092025,0.321775918075361,0.526327841713594,1.66093407896293,13,"HOG:0011497;HOG:0017319;HOG:0006505",FALSE,"organic acid metabolic process","BP","leaf_mean_activity","annual",3,0.75,"Brachypodium=-0.06645;Hordeum=0.1181;Briza=0.01191;Festuca/Vulpia=0.08306",0.254778247559537
"GO:0019752",0.0326829238851885,0.168575081092025,0.321775918075361,0.526327841713594,1.66093407896293,13,"HOG:0011497;HOG:0017319;HOG:0006505",FALSE,"carboxylic acid metabolic process","BP","leaf_mean_activity","annual",3,0.75,"Brachypodium=-0.06645;Hordeum=0.1181;Briza=0.01191;Festuca/Vulpia=0.08306",0.254778247559537
"GO:0043436",0.0326829238851885,0.168575081092025,0.321775918075361,0.526327841713594,1.66093407896293,13,"HOG:0011497;HOG:0017319;HOG:0006505",FALSE,"oxoacid metabolic process","BP","leaf_mean_activity","annual",3,0.75,"Brachypodium=-0.06645;Hordeum=0.1181;Briza=0.01191;Festuca/Vulpia=0.08306",0.254778247559537
"GO:0180051",0.0332659075238048,0.171582049333309,0.321775918075361,-0.593764202590564,-1.60225721981991,12,"HOG:0033476;HOG:0000096;HOG:0026397;HOG:0023439;HOG:0028395",FALSE,"translation factor activity","MF","root_mean_activity","perennial",2,0.5,"Brachypodium=0.01424;Hordeum=-0.1101;Briza=-0.05584;Festuca/Vulpia=0.004681",0.256409129902586
"GO:0043227",0.0373931623931624,0.174501424501425,0.241339976815091,-0.634614859733854,-1.40998624550769,23,"HOG:0025959;HOG:0032903;HOG:0032904;HOG:0005683;HOG:0027918;HOG:0011541;HOG:0025923",FALSE,"membrane-bounded organelle","CC","leaf_mean_activity","perennial",4,1,"Brachypodium=-0.3157;Hordeum=-0.05944;Briza=-0.05538;Festuca/Vulpia=-0.0391",0.275824832276445
"GO:0043231",0.0373931623931624,0.174501424501425,0.241339976815091,-0.634614859733854,-1.40998624550769,23,"HOG:0025959;HOG:0032903;HOG:0032904;HOG:0005683;HOG:0027918;HOG:0011541;HOG:0025923",FALSE,"intracellular membrane-bounded organelle","CC","leaf_mean_activity","perennial",4,1,"Brachypodium=-0.3157;Hordeum=-0.05944;Briza=-0.05538;Festuca/Vulpia=-0.0391",0.275824832276445
"GO:0005515",0.00185900729631461,0.182182715038832,0.45505986738723,0.411487303932138,1.74431167866315,69,"HOG:0020549;HOG:0011775;HOG:0031129;HOG:0026838;HOG:0027706;HOG:0027351;HOG:0026360;HOG:0026019;HOG:0026507;HOG:0003621;HOG:0027639;HOG:0004116;HOG:0010549;HOG:0028717;HOG:0024905;HOG:0031127;HOG:0032765;HOG:0006332;HOG:0023138;HOG:0025149;HOG:0023048;HOG:0010551;HOG:0011715;HOG:0011541;HOG:0025316;HOG:0028145;HOG:0006131;HOG:0008605",FALSE,"protein binding","MF","anchor_module_mean_strength_ratio","annual",2,0.5,"Brachypodium=0.2453;Hordeum=0.008244;Briza=-0.02364;Festuca/Vulpia=-0.1116",0.0439751381128215
"GO:1901135",0.0426937225092835,0.185323741007194,0.321775918075361,0.536079214198345,1.59015753790568,12,"HOG:0030062;HOG:0006505;HOG:0028766;HOG:0004085",FALSE,"carbohydrate derivative metabolic process","BP","leaf_mean_activity","annual",3,0.75,"Brachypodium=-0.05441;Hordeum=0.1278;Briza=0.06131;Festuca/Vulpia=0.01707",0.30193704784916
"GO:0005737",0.0449651821380461,0.185323741007194,0.321775918075361,0.351479587890187,1.43524653825911,31,"HOG:0018459;HOG:0026451;HOG:0006139;HOG:0010703",FALSE,"cytoplasm","CC","leaf_mean_activity","annual",2,0.5,"Brachypodium=-0.2622;Hordeum=-0.06287;Briza=0.008107;Festuca/Vulpia=0.08341",0.30241289163431
"GO:0043226",0.0472764645426516,0.185323741007194,0.208955027549354,-0.59124838171152,-1.36734788863356,32,"HOG:0025959;HOG:0032903;HOG:0032904;HOG:0005683;HOG:0027918;HOG:0011541;HOG:0025923;HOG:0027639;HOG:0021123;HOG:0000122;HOG:0011717;HOG:0024337;HOG:0024277;HOG:0012012;HOG:0007835;HOG:0012011;HOG:0007833;HOG:0023227",FALSE,"organelle","CC","leaf_mean_activity","perennial",4,1,"Brachypodium=-0.3247;Hordeum=-0.06461;Briza=-0.05537;Festuca/Vulpia=-0.009125",0.308872901678657
"GO:0043229",0.0472764645426516,0.185323741007194,0.208955027549354,-0.59124838171152,-1.36734788863356,32,"HOG:0025959;HOG:0032903;HOG:0032904;HOG:0005683;HOG:0027918;HOG:0011541;HOG:0025923;HOG:0027639;HOG:0021123;HOG:0000122;HOG:0011717;HOG:0024337;HOG:0024277;HOG:0012012;HOG:0007835;HOG:0012011;HOG:0007833;HOG:0023227",FALSE,"intracellular organelle","CC","leaf_mean_activity","perennial",4,1,"Brachypodium=-0.3247;Hordeum=-0.06461;Briza=-0.05537;Festuca/Vulpia=-0.009125",0.308872901678657
"GO:0046872",0.0515995872033024,0.194490751766294,0.199915231309662,-0.594466153778229,-1.36645338036703,30,"HOG:0025959;HOG:0025149;HOG:0028333;HOG:0006332;HOG:0028145;HOG:0021825;HOG:0027918;HOG:0032765",FALSE,"metal ion binding","MF","leaf_mean_activity","perennial",3,0.75,"Brachypodium=-0.1244;Hordeum=0.1246;Briza=-0.01826;Festuca/Vulpia=-0.01103",0.321793789286049
"GO:0043226",0.0358606557377049,0.195241347905282,0.241339976815091,0.673973798518662,1.37354888615703,32,"HOG:0032904;HOG:0027918;HOG:0005683;HOG:0011541;HOG:0025923;HOG:0025959;HOG:0032903;HOG:0026902;HOG:0010929",FALSE,"organelle","CC","root_early_to_late","annual",2,0.5,"Brachypodium= 1.36;Hordeum=0.06218;Briza=-0.2652;Festuca/Vulpia=-0.01856",0.270334174022699
"GO:0043229",0.0358606557377049,0.195241347905282,0.241339976815091,0.673973798518662,1.37354888615703,32,"HOG:0032904;HOG:0027918;HOG:0005683;HOG:0011541;HOG:0025923;HOG:0025959;HOG:0032903;HOG:0026902;HOG:0010929",FALSE,"intracellular organelle","CC","root_early_to_late","annual",2,0.5,"Brachypodium= 1.36;Hordeum=0.06218;Briza=-0.2652;Festuca/Vulpia=-0.01856",0.270334174022699
"GO:0005524",0.0420081967213115,0.199401317636171,0.222056046145248,0.665674671077722,1.35663538406299,32,"HOG:0028145;HOG:0025149;HOG:0023048;HOG:0011775;HOG:0011541;HOG:0025848",FALSE,"ATP binding","MF","root_early_to_late","annual",2,0.5,"Brachypodium=0.6638;Hordeum=-0.02609;Briza=-0.0115;Festuca/Vulpia=0.04512",0.300183572404372
"GO:0006139",0.0444214876033058,0.199401317636171,0.216542836735348,0.673452483366512,1.35769028893932,28,"HOG:0032904;HOG:0027918;HOG:0005683;HOG:0011541;HOG:0025923;HOG:0025959;HOG:0026742;HOG:0003561;HOG:0032903;HOG:0006008",FALSE,"nucleobase-containing compound metabolic process","BP","root_early_to_late","annual",2,0.5,"Brachypodium=0.5593;Hordeum=-0.03145;Briza=-0.1626;Festuca/Vulpia=0.04899",0.30241289163431
"GO:0016757",0.0447635611019977,0.199401317636171,0.321775918075361,-0.541002785011276,-1.56854958893748,10,"HOG:0031056;HOG:0008585;HOG:0027285;HOG:0024976",FALSE,"glycosyltransferase activity","MF","root_early_to_late","perennial",3,0.75,"Brachypodium=1.151;Hordeum=-0.01601;Briza=-0.2475;Festuca/Vulpia=-0.0911",0.30241289163431
"GO:0016758",0.0447635611019977,0.199401317636171,0.321775918075361,-0.541002785011276,-1.56854958893748,10,"HOG:0031056;HOG:0008585;HOG:0027285;HOG:0024976",FALSE,"hexosyltransferase activity","MF","root_early_to_late","perennial",3,0.75,"Brachypodium=1.151;Hordeum=-0.01601;Briza=-0.2475;Festuca/Vulpia=-0.0911",0.30241289163431
"GO:0019637",0.0550599389796238,0.199847185926042,0.321775918075361,0.48923931449146,1.54389372137663,13,"HOG:0030062;HOG:0006505;HOG:0028766;HOG:0004085",FALSE,"organophosphate metabolic process","BP","leaf_mean_activity","annual",3,0.75,"Brachypodium=-0.05589;Hordeum=0.1271;Briza=0.04076;Festuca/Vulpia=0.01882",0.337242126250196
"GO:0032559",0.04989816700611,0.209744990892532,0.20207170902116,0.656385817197411,1.344954192547,33,"HOG:0028145;HOG:0025149;HOG:0023048;HOG:0011775;HOG:0011541;HOG:0025848",FALSE,"adenyl ribonucleotide binding","MF","root_early_to_late","annual",2,0.5,"Brachypodium=0.7714;Hordeum=-0.02525;Briza=-0.08323;Festuca/Vulpia=0.04512",0.319907874450387
"GO:0034654",0.0513661202185792,0.209744990892532,0.206587922696891,0.723464033771071,1.40223146150472,17,"HOG:0032904;HOG:0027918;HOG:0005683;HOG:0011541;HOG:0025923;HOG:0025959;HOG:0026742;HOG:0032903",FALSE,"nucleobase-containing compound biosynthetic process","BP","root_early_to_late","annual",2,0.5,"Brachypodium= 1.05;Hordeum=-0.03341;Briza=-0.3642;Festuca/Vulpia=0.05588",0.321793789286049
"GO:0043169",0.0608875128998968,0.213106295149639,0.183023938384487,-0.588402764367719,-1.35708864757242,31,"HOG:0025959;HOG:0025149;HOG:0028333;HOG:0006332;HOG:0028145;HOG:0021825;HOG:0027918;HOG:0032765",FALSE,"cation binding","MF","leaf_mean_activity","perennial",3,0.75,"Brachypodium=-0.1651;Hordeum=0.1225;Briza=-0.01752;Festuca/Vulpia=-0.01054",0.360076153873528
"GO:0030554",0.0628803245436105,0.246490872210953,0.178219874951973,0.633198748585023,1.30552136423871,37,"HOG:0028145;HOG:0025149;HOG:0023048;HOG:0011775;HOG:0011541;HOG:0025848",FALSE,"adenyl nucleotide binding","MF","root_early_to_late","annual",2,0.5,"Brachypodium=0.5561;Hordeum=-0.02525;Briza=-0.01776;Festuca/Vulpia=0.04512",0.365558496923024
"GO:0005524",0.079646017699115,0.257705479452055,0.211400189384923,0.460888914107228,1.36685562124946,32,"HOG:0025149;HOG:0023048;HOG:0025848;HOG:0028145",FALSE,"ATP binding","MF","leaf_early_to_late","annual",1,0.25,"Brachypodium=0.1476;Hordeum=-0.3251;Briza=-0.04737;Festuca/Vulpia=-0.0754",0.430213922374747
"GO:0016757",0.0841487279843444,0.257705479452055,0.216542836735348,-0.618866840685232,-1.40093275315551,10,"HOG:0008696;HOG:0028198;HOG:0008697;HOG:0028005",FALSE,"glycosyltransferase activity","MF","leaf_early_to_late","perennial",3,0.75,"Brachypodium=-0.06406;Hordeum=0.4642;Briza=-0.2679;Festuca/Vulpia=-0.09777",0.44065669768901
"GO:0016758",0.0841487279843444,0.257705479452055,0.216542836735348,-0.618866840685232,-1.40093275315551,10,"HOG:0008696;HOG:0028198;HOG:0008697;HOG:0028005",FALSE,"hexosyltransferase activity","MF","leaf_early_to_late","perennial",3,0.75,"Brachypodium=-0.06406;Hordeum=0.4642;Briza=-0.2679;Festuca/Vulpia=-0.09777",0.44065669768901
"GO:0006629",0.0767520216271381,0.259368900671018,0.287805130535564,0.505282237484353,1.44727222792082,11,"HOG:0021895;HOG:0019459;HOG:0026234;HOG:0027098;HOG:0026770",FALSE,"lipid metabolic process","BP","leaf_mean_activity","annual",3,0.75,"Brachypodium=-0.002381;Hordeum=0.1267;Briza=0.01936;Festuca/Vulpia=0.009873",0.428064120619648
"GO:0043169",0.0536130536130536,0.262295081967213,0.208955027549354,0.585033409000708,1.44327030328944,31,"HOG:0028333;HOG:0025959;HOG:0025149;HOG:0032765;HOG:0006332;HOG:0018459;HOG:0027918;HOG:0024976",FALSE,"cation binding","MF","root_mean_activity","annual",3,0.75,"Brachypodium=0.04174;Hordeum=0.06643;Briza=0.0006109;Festuca/Vulpia=-0.01722",0.331338331338331
"GO:0046872",0.0562060889929742,0.262295081967213,0.204294756516886,0.58788291717013,1.4384982522513,30,"HOG:0028333;HOG:0025959;HOG:0025149;HOG:0032765;HOG:0006332;HOG:0018459;HOG:0027918;HOG:0024976",FALSE,"metal ion binding","MF","root_mean_activity","annual",2,0.5,"Brachypodium=0.04314;Hordeum=0.06799;Briza=-0.001227;Festuca/Vulpia=-0.01777",0.341215726098941
"GO:0006753",0.0903965947603479,0.276839571453565,0.287805130535564,0.489687680825611,1.4026049764629,11,"HOG:0030062;HOG:0006505;HOG:0028766",FALSE,"nucleoside phosphate metabolic process","BP","leaf_mean_activity","annual",3,0.75,"Brachypodium=-0.05589;Hordeum=0.1263;Briza=0.04076;Festuca/Vulpia=0.03616",0.454150398913597
"GO:0055086",0.0903965947603479,0.276839571453565,0.287805130535564,0.489687680825611,1.4026049764629,11,"HOG:0030062;HOG:0006505;HOG:0028766",FALSE,"nucleobase-containing small molecule metabolic process","BP","leaf_mean_activity","annual",3,0.75,"Brachypodium=-0.05589;Hordeum=0.1263;Briza=0.04076;Festuca/Vulpia=0.03616",0.454150398913597
"GO:0072521",0.0903965947603479,0.276839571453565,0.287805130535564,0.489687680825611,1.4026049764629,11,"HOG:0030062;HOG:0006505;HOG:0028766",FALSE,"purine-containing compound metabolic process","BP","leaf_mean_activity","annual",3,0.75,"Brachypodium=-0.05589;Hordeum=0.1263;Briza=0.04076;Festuca/Vulpia=0.03616",0.454150398913597
"GO:0005515",0.0622362869198312,0.277234369006521,0.183023938384487,0.492297926132758,1.33729271781032,69,"HOG:0023048;HOG:0023138;HOG:0025149;HOG:0006131;HOG:0003621;HOG:0005857;HOG:0010551;HOG:0027421;HOG:0032765;HOG:0006332;HOG:0026838;HOG:0011775;HOG:0027918;HOG:0011541;HOG:0024976;HOG:0017319;HOG:0032849",FALSE,"protein binding","MF","root_mean_activity","annual",2,0.5,"Brachypodium=0.05788;Hordeum=0.0417;Briza=-0.01909;Festuca/Vulpia=-0.03514",0.364906776299181
"GO:0044281",0.0759808073440125,0.286389196912047,0.287805130535564,-0.357731799202566,-1.39330143495382,22,"HOG:0011628;HOG:0032397;HOG:0026340;HOG:0007697",FALSE,"small molecule metabolic process","BP","root_early_to_late","perennial",2,0.5,"Brachypodium=0.3677;Hordeum=-0.04421;Briza=0.1046;Festuca/Vulpia=-0.0195",0.427236342934366
"GO:0110165",0.0989304812834225,0.293793550478042,0.234392647294686,-0.333384852597142,-1.24007472312461,78,"HOG:0026451;HOG:0010703;HOG:0026340;HOG:0008696;HOG:0025124;HOG:0016371;HOG:0000079;HOG:0021943;HOG:0032629;HOG:0012012;HOG:0012511;HOG:0028198;HOG:0006523;HOG:0008697;HOG:0028636;HOG:0005666;HOG:0027704;HOG:0006139;HOG:0028850;HOG:0024574;HOG:0026073;HOG:0026361;HOG:0016636",FALSE,"cellular anatomical structure","CC","leaf_early_to_late","perennial",3,0.75,"Brachypodium=-0.07869;Hordeum=0.5093;Briza=-0.05887;Festuca/Vulpia=-0.1323",0.477931761693154
"GO:0010467",0.0809716599190283,0.293897136002399,0.155241966228839,0.626359053864855,1.28826201544342,36,"HOG:0032904;HOG:0027918;HOG:0005683;HOG:0011541;HOG:0025923;HOG:0025959;HOG:0026742;HOG:0032903",FALSE,"gene expression","BP","root_early_to_late","annual",2,0.5,"Brachypodium=1.333;Hordeum=0.07763;Briza=-0.1558;Festuca/Vulpia=-0.1245",0.432073518803845
"GO:0010467",0.108202443280977,0.308896797153025,0.178219874951973,0.425542651817573,1.28822330648365,36,"HOG:0032904;HOG:0032903;HOG:0026742;HOG:0005683;HOG:0025959;HOG:0026637;HOG:0019536;HOG:0024277;HOG:0027918",FALSE,"gene expression","BP","leaf_early_to_late","annual",3,0.75,"Brachypodium=0.06896;Hordeum=0.5262;Briza=0.05143;Festuca/Vulpia=-0.2022",0.491568715832784
"GO:0032559",0.110320284697509,0.308896797153025,0.178219874951973,0.441597846502589,1.31357322355362,33,"HOG:0025149;HOG:0023048;HOG:0025848;HOG:0028145",FALSE,"adenyl ribonucleotide binding","MF","leaf_early_to_late","annual",1,0.25,"Brachypodium=0.1433;Hordeum=-0.3146;Briza=-0.04828;Festuca/Vulpia=-0.07528",0.497892863832178
"GO:0098796",0.0776826091678228,0.311916859634145,0.287805130535564,-0.545344865116483,-1.47159890005549,12,"HOG:0025124;HOG:0026073;HOG:0012012;HOG:0028850;HOG:0012011;HOG:0028636;HOG:0027704;HOG:0032629",FALSE,"membrane protein complex","CC","root_mean_activity","perennial",4,1,"Brachypodium=-0.07924;Hordeum=-0.03045;Briza=-0.007095;Festuca/Vulpia=-0.03576",0.429760241041342
"GO:0016772",0.0793010752688172,0.311916859634145,0.183023938384487,0.639881320019572,1.42005952403533,16,"HOG:0025342;HOG:0023138;HOG:0011775",FALSE,"transferase activity, transferring phosphorus-containing groups","MF","root_mean_activity","annual",2,0.5,"Brachypodium=0.05447;Hordeum=0.05939;Briza=-0.001817;Festuca/Vulpia=-0.01145",0.430213922374747
"GO:0051641",0.0795706274576899,0.311916859634145,0.287805130535564,-0.471221044810003,-1.47498314355789,19,"HOG:0025124;HOG:0008637;HOG:0006523;HOG:0012012;HOG:0028850;HOG:0023564;HOG:0012011;HOG:0028661;HOG:0028636;HOG:0027704;HOG:0011064",FALSE,"cellular localization","BP","root_mean_activity","perennial",4,1,"Brachypodium=-0.07531;Hordeum=-0.02637;Briza=-0.0181;Festuca/Vulpia=-0.02955",0.430213922374747
"GO:0005634",0.097629009762901,0.320494186046512,0.166933848713193,0.657467747556959,1.40110109254639,13,"HOG:0032903;HOG:0025959;HOG:0032904;HOG:0027918;HOG:0011541;HOG:0005683",FALSE,"nucleus","CC","root_mean_activity","annual",2,0.5,"Brachypodium=0.3087;Hordeum=0.1262;Briza=-0.05178;Festuca/Vulpia=-0.06137",0.476318008232902
"GO:0046907",0.102322496776947,0.320494186046512,0.287805130535564,-0.468413118893673,-1.41746782132223,17,"HOG:0025124;HOG:0008637;HOG:0006523;HOG:0012012;HOG:0028850;HOG:0023564;HOG:0012011;HOG:0028636;HOG:0027704;HOG:0011064",FALSE,"intracellular transport","BP","root_mean_activity","perennial",4,1,"Brachypodium=-0.07531;Hordeum=-0.02637;Briza=-0.0181;Festuca/Vulpia=-0.02955",0.480775567047846
"GO:0051649",0.102322496776947,0.320494186046512,0.287805130535564,-0.468413118893673,-1.41746782132223,17,"HOG:0025124;HOG:0008637;HOG:0006523;HOG:0012012;HOG:0028850;HOG:0023564;HOG:0012011;HOG:0028636;HOG:0027704;HOG:0011064",FALSE,"establishment of localization in cell","BP","root_mean_activity","perennial",4,1,"Brachypodium=-0.07531;Hordeum=-0.02637;Briza=-0.0181;Festuca/Vulpia=-0.02955",0.480775567047846
"GO:0045184",0.102322496776947,0.320494186046512,0.287805130535564,-0.467770404046253,-1.4155228979677,17,"HOG:0025124;HOG:0008637;HOG:0006523;HOG:0012012;HOG:0028850;HOG:0012011;HOG:0028661;HOG:0028636;HOG:0027704;HOG:0011064",FALSE,"establishment of protein localization","BP","root_mean_activity","perennial",4,1,"Brachypodium=-0.067;Hordeum=-0.02637;Briza=-0.02445;Festuca/Vulpia=-0.02955",0.480775567047846
"GO:0008104",0.104651162790698,0.320494186046512,0.276500599254472,-0.443747523140666,-1.32563887454409,16,"HOG:0025124;HOG:0008637;HOG:0006523;HOG:0012012;HOG:0028850;HOG:0012011;HOG:0028636;HOG:0027704;HOG:0011064",FALSE,"intracellular protein localization","BP","root_mean_activity","perennial",4,1,"Brachypodium=-0.06579;Hordeum=-0.02039;Briza=-0.01523;Festuca/Vulpia=-0.02398",0.481816762915561
"GO:0015031",0.104651162790698,0.320494186046512,0.276500599254472,-0.443747523140666,-1.32563887454409,16,"HOG:0025124;HOG:0008637;HOG:0006523;HOG:0012012;HOG:0028850;HOG:0012011;HOG:0028636;HOG:0027704;HOG:0011064",FALSE,"protein transport","BP","root_mean_activity","perennial",4,1,"Brachypodium=-0.06579;Hordeum=-0.02039;Briza=-0.01523;Festuca/Vulpia=-0.02398",0.481816762915561
"GO:0033036",0.104651162790698,0.320494186046512,0.276500599254472,-0.443747523140666,-1.32563887454409,16,"HOG:0025124;HOG:0008637;HOG:0006523;HOG:0012012;HOG:0028850;HOG:0012011;HOG:0028636;HOG:0027704;HOG:0011064",FALSE,"macromolecule localization","BP","root_mean_activity","perennial",4,1,"Brachypodium=-0.06579;Hordeum=-0.02039;Briza=-0.01523;Festuca/Vulpia=-0.02398",0.481816762915561
"GO:0035639",0.0997983870967742,0.34929435483871,0.138022242496643,0.606821214426887,1.25818521254702,41,"HOG:0028145;HOG:0025149;HOG:0023048;HOG:0011775;HOG:0011541;HOG:0025848",FALSE,"purine ribonucleoside triphosphate binding","MF","root_early_to_late","annual",2,0.5,"Brachypodium=0.7759;Hordeum=-0.02114;Briza=-0.1129;Festuca/Vulpia=0.04272",0.478753101736973
"GO:0016740",0.119909502262443,0.35609488550665,0.132846300606183,0.51162472220011,1.30036441917177,37,"HOG:0025342;HOG:0023138;HOG:0025959;HOG:0011775;HOG:0027285;HOG:0024976;HOG:0017319;HOG:0011497;HOG:0018037;HOG:0008585;HOG:0008733;HOG:0005833;HOG:0005589;HOG:0026019;HOG:0033256;HOG:0007813;HOG:0026637;HOG:0027147;HOG:0022830;HOG:0006505",FALSE,"transferase activity","MF","root_mean_activity","annual",3,0.75,"Brachypodium=0.0571;Hordeum=0.05595;Briza=-0.008158;Festuca/Vulpia=0.01356",0.537289260586752
"GO:0032555",0.105846774193548,0.357689098998888,0.133554954557592,0.59886668423511,1.24295312707398,42,"HOG:0028145;HOG:0025149;HOG:0023048;HOG:0011775;HOG:0011541;HOG:0025848",FALSE,"purine ribonucleotide binding","MF","root_early_to_late","annual",2,0.5,"Brachypodium=0.8545;Hordeum=-0.0223;Briza=-0.1251;Festuca/Vulpia=0.03534",0.484072580645161
"GO:0016874",0.136986301369863,0.372907153729072,0.166933848713193,-0.587652613297435,-1.33027291062203,10,"HOG:0007697;HOG:0032963;HOG:0006139;HOG:0012102;HOG:0011942;HOG:0006208;HOG:0025232",FALSE,"ligase activity","MF","leaf_early_to_late","perennial",3,0.75,"Brachypodium=0.2085;Hordeum=-0.248;Briza=-0.104;Festuca/Vulpia=-0.1068",0.579015712245163
"GO:0009059",0.132323232323232,0.378378378378378,0.11776578836269,-0.525886779707558,-1.24256000003719,41,"HOG:0025959;HOG:0026742;HOG:0032903;HOG:0032904;HOG:0031056;HOG:0005683;HOG:0027918;HOG:0011541;HOG:0025923;HOG:0026637;HOG:0033476;HOG:0006661;HOG:0021123;HOG:0000122;HOG:0024976;HOG:0019536;HOG:0024337;HOG:0028395;HOG:0024277;HOG:0012403;HOG:0006208",FALSE,"macromolecule biosynthetic process","BP","leaf_mean_activity","perennial",3,0.75,"Brachypodium=-0.3341;Hordeum=-0.09229;Briza=-0.05459;Festuca/Vulpia=0.1438",0.574517325150236
"GO:0016773",0.142857142857143,0.378378378378378,0.122679189568808,-0.646845548496732,-1.29602913552173,11,"HOG:0023138;HOG:0026019;HOG:0011775",FALSE,"phosphotransferase activity, alcohol group as acceptor","MF","leaf_mean_activity","perennial",2,0.5,"Brachypodium=-0.03981;Hordeum=0.1031;Briza=0.02666;Festuca/Vulpia=-0.02347",0.579015712245163
"GO:0050789",0.142857142857143,0.378378378378378,0.120985142145252,-0.613466788399428,-1.28297348735891,14,"HOG:0025959;HOG:0026742;HOG:0011541;HOG:0011544;HOG:0032060",FALSE,"regulation of biological process","BP","leaf_mean_activity","perennial",3,0.75,"Brachypodium=-0.2776;Hordeum=-0.0721;Briza=-0.05614;Festuca/Vulpia=0.01349",0.579015712245163
"GO:0050794",0.142857142857143,0.378378378378378,0.120985142145252,-0.613466788399428,-1.28297348735891,14,"HOG:0025959;HOG:0026742;HOG:0011541;HOG:0011544;HOG:0032060",FALSE,"regulation of cellular process","BP","leaf_mean_activity","perennial",3,0.75,"Brachypodium=-0.2776;Hordeum=-0.0721;Briza=-0.05614;Festuca/Vulpia=0.01349",0.579015712245163
"GO:0065007",0.142857142857143,0.378378378378378,0.120985142145252,-0.613466788399428,-1.28297348735891,14,"HOG:0025959;HOG:0026742;HOG:0011541;HOG:0011544;HOG:0032060",FALSE,"biological regulation","BP","leaf_mean_activity","perennial",3,0.75,"Brachypodium=-0.2776;Hordeum=-0.0721;Briza=-0.05614;Festuca/Vulpia=0.01349",0.579015712245163
"GO:0005622",0.147058823529412,0.383056085810381,0.181383128498408,-0.342801947966674,-1.23521264803872,62,"HOG:0026451;HOG:0010703;HOG:0026340;HOG:0008696;HOG:0025124;HOG:0016371;HOG:0000079;HOG:0021943;HOG:0032629;HOG:0012012;HOG:0012511;HOG:0006523;HOG:0008697;HOG:0028636;HOG:0005666;HOG:0027704;HOG:0006139;HOG:0026073;HOG:0026361;HOG:0016636",FALSE,"intracellular anatomical structure","CC","leaf_early_to_late","perennial",3,0.75,"Brachypodium=-0.09634;Hordeum=0.526;Briza=-0.05629;Festuca/Vulpia=-0.1692",0.58701635097944
"GO:0009059",0.14853195164076,0.383056085810381,0.149207542435322,0.399817449086705,1.24201020446047,41,"HOG:0032904;HOG:0032903;HOG:0026742;HOG:0005683;HOG:0025959;HOG:0026637;HOG:0019536;HOG:0024277;HOG:0027918;HOG:0031056;HOG:0024562;HOG:0011541",FALSE,"macromolecule biosynthetic process","BP","leaf_early_to_late","annual",3,0.75,"Brachypodium=0.06023;Hordeum=0.527;Briza=0.02875;Festuca/Vulpia=-0.1856",0.58701635097944
"GO:0046872",0.121399176954733,0.384736180904523,0.125033367555272,0.622029094566855,1.26290884321176,30,"HOG:0028145;HOG:0027918;HOG:0025149;HOG:0021825;HOG:0006332;HOG:0025959;HOG:0028333",FALSE,"metal ion binding","MF","root_early_to_late","annual",2,0.5,"Brachypodium=0.2982;Hordeum=-0.05745;Briza=-0.04827;Festuca/Vulpia=0.04118",0.537289260586752
"GO:0032553",0.125628140703518,0.384736180904523,0.120985142145252,0.590172181274027,1.22748343445178,43,"HOG:0028145;HOG:0025149;HOG:0023048;HOG:0011775;HOG:0011541;HOG:0025848",FALSE,"ribonucleotide binding","MF","root_early_to_late","annual",2,0.5,"Brachypodium=0.7759;Hordeum=-0.02346;Briza=-0.1129;Festuca/Vulpia=0.04272",0.548922958742758
"GO:0097367",0.125628140703518,0.384736180904523,0.120985142145252,0.590172181274027,1.22748343445178,43,"HOG:0028145;HOG:0025149;HOG:0023048;HOG:0011775;HOG:0011541;HOG:0025848",FALSE,"carbohydrate derivative binding","MF","root_early_to_late","annual",2,0.5,"Brachypodium=0.7759;Hordeum=-0.02346;Briza=-0.1129;Festuca/Vulpia=0.04272",0.548922958742758
"GO:0043169",0.133333333333333,0.393798449612403,0.118287526124085,0.61308233515697,1.24793100757968,31,"HOG:0028145;HOG:0027918;HOG:0025149;HOG:0021825;HOG:0006332;HOG:0025959;HOG:0028333",FALSE,"cation binding","MF","root_early_to_late","annual",2,0.5,"Brachypodium=0.3272;Hordeum=-0.05528;Briza=-0.07879;Festuca/Vulpia=0.0408",0.575262054507338
"GO:0009059",0.138104838709677,0.393798449612403,0.114750719227023,0.590610166277427,1.22457316903795,41,"HOG:0032904;HOG:0027918;HOG:0005683;HOG:0011541;HOG:0025923;HOG:0025959;HOG:0026742;HOG:0032903",FALSE,"macromolecule biosynthetic process","BP","root_early_to_late","annual",2,0.5,"Brachypodium=1.334;Hordeum=0.07476;Briza=-0.1634;Festuca/Vulpia=-0.1249",0.579015712245163
"GO:0016772",0.140642303433001,0.393798449612403,0.119887845115423,0.673348395370728,1.28991166608226,16,"HOG:0023138;HOG:0025342;HOG:0011775;HOG:0026019",FALSE,"transferase activity, transferring phosphorus-containing groups","MF","root_early_to_late","annual",3,0.75,"Brachypodium=0.343;Hordeum=-0.04102;Briza=0.09741;Festuca/Vulpia=0.05366",0.579015712245163
"GO:0043170",0.15346038114343,0.395766246106741,0.107554375265169,-0.492438206284205,-1.18689015112709,65,"HOG:0025959;HOG:0011540;HOG:0026742;HOG:0032903;HOG:0032904;HOG:0031056;HOG:0003561;HOG:0005683;HOG:0027918;HOG:0011541;HOG:0025923;HOG:0011775;HOG:0026637;HOG:0033476;HOG:0006661;HOG:0011544;HOG:0021123;HOG:0000122;HOG:0024976;HOG:0019536;HOG:0024337;HOG:0028395;HOG:0024277;HOG:0012403;HOG:0006208",FALSE,"macromolecule metabolic process","BP","leaf_mean_activity","perennial",2,0.5,"Brachypodium=-0.2711;Hordeum=0.04228;Briza=-0.0279;Festuca/Vulpia=0.01872",0.59814671286587
"GO:0017076",0.148893360160966,0.405320813771518,0.109684061970549,0.578874561085465,1.2085137808151,46,"HOG:0028145;HOG:0025149;HOG:0023048;HOG:0011775;HOG:0011541;HOG:0025848",FALSE,"purine nucleotide binding","MF","root_early_to_late","annual",2,0.5,"Brachypodium=0.7737;Hordeum=-0.0223;Briza=-0.09807;Festuca/Vulpia=0.03534",0.58701635097944
"GO:0016462",0.172413793103448,0.40990990990991,0.287857117255149,0.388748096948933,1.22677333627702,13,"HOG:0018459;HOG:0029544",FALSE,"pyrophosphatase activity","MF","leaf_mean_activity","annual",3,0.75,"Brachypodium=-0.06199;Hordeum=0.1107;Briza=0.05085;Festuca/Vulpia=0.01551",0.649762219547329
"GO:0016817",0.172413793103448,0.40990990990991,0.287857117255149,0.388748096948933,1.22677333627702,13,"HOG:0018459;HOG:0029544",FALSE,"hydrolase activity, acting on acid anhydrides","MF","leaf_mean_activity","annual",3,0.75,"Brachypodium=-0.06199;Hordeum=0.1107;Briza=0.05085;Festuca/Vulpia=0.01551",0.649762219547329
"GO:0016818",0.172413793103448,0.40990990990991,0.287857117255149,0.388748096948933,1.22677333627702,13,"HOG:0018459;HOG:0029544",FALSE,"hydrolase activity, acting on acid anhydrides, in phosphorus-containing anhydrides","MF","leaf_mean_activity","annual",3,0.75,"Brachypodium=-0.06199;Hordeum=0.1107;Briza=0.05085;Festuca/Vulpia=0.01551",0.649762219547329
"GO:0016301",0.175675675675676,0.40990990990991,0.282013350011725,0.419630739624481,1.20194194528596,11,"HOG:0006505;HOG:0027147;HOG:0008733",FALSE,"kinase activity","MF","leaf_mean_activity","annual",3,0.75,"Brachypodium=-0.03981;Hordeum=0.1342;Briza=0.03022;Festuca/Vulpia=0.01532",0.649762219547329
"GO:0035639",0.176165803108808,0.442528735632184,0.135740943810425,0.386866648219391,1.2017792768962,41,"HOG:0025149;HOG:0023048;HOG:0025848;HOG:0028145",FALSE,"purine ribonucleoside triphosphate binding","MF","leaf_early_to_late","annual",1,0.25,"Brachypodium=0.1227;Hordeum=-0.1112;Briza=-0.04955;Festuca/Vulpia=-0.07528",0.649762219547329
"GO:0043170",0.180623973727422,0.442528735632184,0.130105630751129,0.359180249882995,1.19068723764732,65,"HOG:0011540;HOG:0032904;HOG:0032903;HOG:0026742;HOG:0005683;HOG:0025959;HOG:0026637;HOG:0019536;HOG:0024277;HOG:0011775;HOG:0027918;HOG:0031056;HOG:0024562;HOG:0011541",FALSE,"macromolecule metabolic process","BP","leaf_early_to_late","annual",2,0.5,"Brachypodium=0.1096;Hordeum=0.2644;Briza=-0.04752;Festuca/Vulpia=-0.1477",0.653047379363169
"GO:0008610",0.194285714285714,0.442790697674419,0.245041785430996,0.423895892643896,1.21488957693981,10,"HOG:0019459;HOG:0026234;HOG:0027098;HOG:0026770",FALSE,"lipid biosynthetic process","BP","leaf_mean_activity","annual",3,0.75,"Brachypodium=0.0008404;Hordeum=0.1235;Briza=0.0009213;Festuca/Vulpia=-0.0008245",0.667865914830318
"GO:0005524",0.201438848920863,0.44865925441465,0.0925528864684773,-0.515500311954153,-1.19216945862927,32,"HOG:0023048;HOG:0025149;HOG:0028145;HOG:0025848;HOG:0011541;HOG:0011775;HOG:0017189;HOG:0017160;HOG:0027639",FALSE,"ATP binding","MF","leaf_mean_activity","perennial",2,0.5,"Brachypodium=-0.1012;Hordeum=0.1007;Briza=0.01793;Festuca/Vulpia=-0.00672",0.667865914830318
"GO:0032559",0.210849539406346,0.452619843924192,0.0897104652742981,-0.508316607780992,-1.17964529765249,33,"HOG:0023048;HOG:0025149;HOG:0028145;HOG:0025848;HOG:0011541;HOG:0011775;HOG:0017189;HOG:0017160;HOG:0027639",FALSE,"adenyl ribonucleotide binding","MF","leaf_mean_activity","perennial",1,0.25,"Brachypodium=-0.1108;Hordeum=0.09834;Briza=0.01524;Festuca/Vulpia=0.0008257",0.675900859966137
"GO:0043228",0.218863361547763,0.452619843924192,0.0972150808846466,-0.622876293349582,-1.21758421149351,10,"HOG:0027639;HOG:0021123;HOG:0000122;HOG:0024337;HOG:0024277;HOG:0007833;HOG:0023227",FALSE,"membraneless organelle","CC","leaf_mean_activity","perennial",3,0.75,"Brachypodium=-0.3519;Hordeum=-0.1023;Briza=-0.05255;Festuca/Vulpia=0.1701",0.685571990966965
"GO:0043232",0.218863361547763,0.452619843924192,0.0972150808846466,-0.622876293349582,-1.21758421149351,10,"HOG:0027639;HOG:0021123;HOG:0000122;HOG:0024337;HOG:0024277;HOG:0007833;HOG:0023227",FALSE,"intracellular membraneless organelle","CC","leaf_mean_activity","perennial",3,0.75,"Brachypodium=-0.3519;Hordeum=-0.1023;Briza=-0.05255;Festuca/Vulpia=0.1701",0.685571990966965
"GO:0010467",0.223241590214067,0.452619843924192,0.0862865626267245,-0.503117483594092,-1.17284159101456,36,"HOG:0025959;HOG:0026742;HOG:0032903;HOG:0032904;HOG:0005683;HOG:0027918;HOG:0011541;HOG:0025923;HOG:0026637;HOG:0033476;HOG:0021123;HOG:0000122;HOG:0019536;HOG:0024337;HOG:0028395;HOG:0024277;HOG:0012403;HOG:0006208;HOG:0024562;HOG:0007833;HOG:0023227",FALSE,"gene expression","BP","leaf_mean_activity","perennial",3,0.75,"Brachypodium=-0.3406;Hordeum=-0.08869;Briza=-0.05217;Festuca/Vulpia=0.1182",0.689657740311578
"GO:0016772",0.226309921962096,0.452619843924192,0.0905428948469474,-0.562945093095377,-1.20309327614291,16,"HOG:0025342;HOG:0023138;HOG:0026019;HOG:0011775",FALSE,"transferase activity, transferring phosphorus-containing groups","MF","leaf_mean_activity","perennial",2,0.5,"Brachypodium=-0.06713;Hordeum=0.1038;Briza=0.02939;Festuca/Vulpia=-0.008035",0.689657740311578
"GO:0030554",0.192708333333333,0.460619918699187,0.129442887745046,0.398248492197859,1.21461332794148,37,"HOG:0025149;HOG:0023048;HOG:0025848;HOG:0028145",FALSE,"adenyl nucleotide binding","MF","leaf_early_to_late","annual",1,0.25,"Brachypodium=0.1433;Hordeum=-0.3356;Briza=-0.04828;Festuca/Vulpia=-0.07528",0.667865914830318
"GO:0046872",0.204710144927536,0.477657004830918,0.128142916898415,0.407228354715969,1.18550349814772,30,"HOG:0025149;HOG:0028145;HOG:0025959;HOG:0028333;HOG:0021825;HOG:0027918;HOG:0032765",FALSE,"metal ion binding","MF","leaf_early_to_late","annual",1,0.25,"Brachypodium=0.1755;Hordeum=-0.4219;Briza=-0.04754;Festuca/Vulpia=-0.05591",0.667865914830318
"GO:0036094",0.185814185814186,0.492156492156492,0.0956031492204301,0.546408444585693,1.15411399527423,79,"HOG:0028145;HOG:0027918;HOG:0025149;HOG:0023048;HOG:0011775;HOG:0021825;HOG:0011541;HOG:0025848;HOG:0006332;HOG:0025959;HOG:0003561;HOG:0028333",FALSE,"small molecule binding","MF","root_early_to_late","annual",2,0.5,"Brachypodium=0.443;Hordeum=-0.03221;Briza=-0.01776;Festuca/Vulpia=0.0408",0.657054285920265
"GO:0032553",0.231707317073171,0.505463436998548,0.116739204791222,0.369988721362825,1.15567090862339,43,"HOG:0025149;HOG:0023048;HOG:0025848;HOG:0028145",FALSE,"ribonucleotide binding","MF","leaf_early_to_late","annual",1,0.25,"Brachypodium=0.1227;Hordeum=-0.1112;Briza=-0.04955;Festuca/Vulpia=-0.06618",0.689657740311578
"GO:0097367",0.231707317073171,0.505463436998548,0.116739204791222,0.369988721362825,1.15567090862339,43,"HOG:0025149;HOG:0023048;HOG:0025848;HOG:0028145",FALSE,"carbohydrate derivative binding","MF","leaf_early_to_late","annual",1,0.25,"Brachypodium=0.1227;Hordeum=-0.1112;Briza=-0.04955;Festuca/Vulpia=-0.06618",0.689657740311578
"GO:0005515",0.235483870967742,0.505463436998548,0.110564716336619,0.341795736367406,1.14566870536331,69,"HOG:0025149;HOG:0010551;HOG:0023048;HOG:0005857;HOG:0006131;HOG:0028145;HOG:0026019;HOG:0016116;HOG:0027413;HOG:0011775;HOG:0027421;HOG:0027918;HOG:0032765",FALSE,"protein binding","MF","leaf_early_to_late","annual",1,0.25,"Brachypodium=-0.09356;Hordeum=0.3918;Briza=-0.03985;Festuca/Vulpia=-0.1723",0.689657740311578
"GO:0032555",0.23725834797891,0.505463436998548,0.115734447701689,0.372580224633681,1.15660838043442,42,"HOG:0025149;HOG:0023048;HOG:0025848;HOG:0028145",FALSE,"purine ribonucleotide binding","MF","leaf_early_to_late","annual",2,0.5,"Brachypodium=0.1186;Hordeum=0.07565;Briza=-0.0521;Festuca/Vulpia=-0.07073",0.689657740311578
"GO:0043168",0.200803212851406,0.507082660928815,0.0913924325943768,0.566652634949463,1.18372427848394,49,"HOG:0028145;HOG:0025149;HOG:0023048;HOG:0011775;HOG:0011541;HOG:0025848",FALSE,"anion binding","MF","root_early_to_late","annual",2,0.5,"Brachypodium=0.5561;Hordeum=-0.02346;Briza=-0.01776;Festuca/Vulpia=0.04512",0.667865914830318
"GO:0043170",0.201798201798202,0.507082660928815,0.0908241419007155,0.547718014174928,1.15309729276134,65,"HOG:0032904;HOG:0027918;HOG:0005683;HOG:0011540;HOG:0011775;HOG:0011541;HOG:0025923;HOG:0025959;HOG:0026742;HOG:0003561;HOG:0032903;HOG:0006008",FALSE,"macromolecule metabolic process","BP","root_early_to_late","annual",1,0.25,"Brachypodium=1.149;Hordeum=-0.0127;Briza=-0.1531;Festuca/Vulpia=-0.00385",0.667865914830318
"GO:0140096",0.185592185592186,0.521744917312748,0.107972360317345,0.528380393617557,1.25979082367483,25,"HOG:0011540;HOG:0025959;HOG:0011775;HOG:0031227;HOG:0000079;HOG:0031530;HOG:0031129;HOG:0029544;HOG:0003541;HOG:0027147;HOG:0022830;HOG:0028718;HOG:0007636;HOG:0007936;HOG:0032593",FALSE,"catalytic activity, acting on a protein","MF","root_mean_activity","annual",2,0.5,"Brachypodium=0.05184;Hordeum=0.0564;Briza=-0.008158;Festuca/Vulpia=-0.0103",0.657054285920265
"GO:0043167",0.194123819517314,0.521744917312748,0.0959206777921745,0.43982547847302,1.20161829805936,75,"HOG:0023048;HOG:0028333;HOG:0025959;HOG:0025149;HOG:0025848;HOG:0032765;HOG:0006332;HOG:0018459;HOG:0011775;HOG:0027918;HOG:0011541;HOG:0024976;HOG:0011497",FALSE,"ion binding","MF","root_mean_activity","annual",2,0.5,"Brachypodium=0.03694;Hordeum=0.05824;Briza=-0.005386;Festuca/Vulpia=-0.01722",0.667865914830318
"GO:0016773",0.196816208393632,0.521744917312748,0.115240003147781,0.617668112641986,1.2678153218567,11,"HOG:0023138;HOG:0011775",FALSE,"phosphotransferase activity, alcohol group as acceptor","MF","root_mean_activity","annual",2,0.5,"Brachypodium=0.0571;Hordeum=0.05824;Briza=-0.008158;Festuca/Vulpia=-0.01261",0.667865914830318
"GO:0006886",0.2,0.521744917312748,0.197822021315103,-0.413662683753638,-1.19749199275169,15,"HOG:0025124;HOG:0008637;HOG:0006523;HOG:0012012;HOG:0012011;HOG:0028636;HOG:0027704;HOG:0011064",FALSE,"intracellular protein transport","BP","root_mean_activity","perennial",4,1,"Brachypodium=-0.07531;Hordeum=-0.01441;Briza=-0.006009;Festuca/Vulpia=-0.01841",0.667865914830318
"GO:0036094",0.205422314911366,0.521744917312748,0.0922597260527354,0.436177166476207,1.19746226927207,79,"HOG:0023048;HOG:0028333;HOG:0025959;HOG:0025149;HOG:0025848;HOG:0032765;HOG:0006332;HOG:0018459;HOG:0011775;HOG:0027918;HOG:0011541;HOG:0024976;HOG:0011497;HOG:0003561;HOG:0006139",FALSE,"small molecule binding","MF","root_mean_activity","annual",2,0.5,"Brachypodium=0.03694;Hordeum=0.05824;Briza=-0.005386;Festuca/Vulpia=-0.01722",0.667865914830318
"GO:0050789",0.218281036834925,0.521744917312748,0.104732821580651,0.573521218243232,1.25024584219326,14,"HOG:0025959;HOG:0026742;HOG:0011541",FALSE,"regulation of biological process","BP","root_mean_activity","annual",1,0.25,"Brachypodium=0.03879;Hordeum=-0.001519;Briza=-0.004151;Festuca/Vulpia=-0.02086",0.685571990966965
"GO:0050794",0.218281036834925,0.521744917312748,0.104732821580651,0.573521218243232,1.25024584219326,14,"HOG:0025959;HOG:0026742;HOG:0011541",FALSE,"regulation of cellular process","BP","root_mean_activity","annual",1,0.25,"Brachypodium=0.03879;Hordeum=-0.001519;Briza=-0.004151;Festuca/Vulpia=-0.02086",0.685571990966965
"GO:0065007",0.218281036834925,0.521744917312748,0.104732821580651,0.573521218243232,1.25024584219326,14,"HOG:0025959;HOG:0026742;HOG:0011541",FALSE,"biological regulation","BP","root_mean_activity","annual",1,0.25,"Brachypodium=0.03879;Hordeum=-0.001519;Briza=-0.004151;Festuca/Vulpia=-0.02086",0.685571990966965
"GO:0043169",0.259786476868327,0.538257575757576,0.110564716336619,0.388527237497851,1.13915902459112,31,"HOG:0025149;HOG:0028145;HOG:0025959;HOG:0028333;HOG:0021825;HOG:0027918;HOG:0032765",FALSE,"cation binding","MF","leaf_early_to_late","annual",1,0.25,"Brachypodium=0.1664;Hordeum=-0.409;Briza=-0.05096;Festuca/Vulpia=-0.05529",0.736419517073027
"GO:0044281",0.263636363636364,0.538257575757576,0.126253987849115,-0.409878735823439,-1.14718456077633,22,"HOG:0026340;HOG:0017319;HOG:0007697;HOG:0012102;HOG:0030062;HOG:0011628;HOG:0032397;HOG:0006505;HOG:0011497;HOG:0028766;HOG:0011640",FALSE,"small molecule metabolic process","BP","leaf_early_to_late","perennial",3,0.75,"Brachypodium=0.1808;Hordeum=-0.4062;Briza=-0.07673;Festuca/Vulpia=-0.0164",0.738181818181818
"GO:0016773",0.222877358490566,0.546049528301887,0.0946646223153342,0.675365893060362,1.23370501312861,11,"HOG:0023138;HOG:0011775;HOG:0026019",FALSE,"phosphotransferase activity, alcohol group as acceptor","MF","root_early_to_late","annual",3,0.75,"Brachypodium=0.2002;Hordeum=-0.03932;Briza=0.08986;Festuca/Vulpia=0.05911",0.689657740311578
"GO:0004175",0.285714285714286,0.549019607843137,0.080419996876154,-0.584059633305822,-1.17023036396502,11,"HOG:0011540",FALSE,"endopeptidase activity","MF","leaf_mean_activity","perennial",2,0.5,"Brachypodium=-0.08435;Hordeum=0.1194;Briza=0.03504;Festuca/Vulpia=-0.01303",0.780876494023904
"GO:0008233",0.285714285714286,0.549019607843137,0.080419996876154,-0.584059633305822,-1.17023036396502,11,"HOG:0011540",FALSE,"peptidase activity","MF","leaf_mean_activity","perennial",2,0.5,"Brachypodium=-0.08435;Hordeum=0.1194;Briza=0.03504;Festuca/Vulpia=-0.01303",0.780876494023904
"GO:0016874",0.291428571428571,0.549230769230769,0.197822021315103,0.387756406949174,1.11131347429668,10,"HOG:0006139;HOG:0011942",FALSE,"ligase activity","MF","leaf_mean_activity","annual",3,0.75,"Brachypodium=-0.198;Hordeum=0.06759;Briza=0.03589;Festuca/Vulpia=0.05094",0.785938253738543
"GO:0043167",0.23,0.549756097560976,0.0835990603684159,0.53610626708739,1.13244107207613,75,"HOG:0028145;HOG:0027918;HOG:0025149;HOG:0023048;HOG:0011775;HOG:0021825;HOG:0011541;HOG:0025848;HOG:0006332;HOG:0025959;HOG:0028333",FALSE,"ion binding","MF","root_early_to_late","annual",2,0.5,"Brachypodium=0.443;Hordeum=-0.03221;Briza=-0.01776;Festuca/Vulpia=0.0408",0.689657740311578
"GO:0016491",0.278651685393258,0.557302231237323,0.121543282035469,-0.363802444594074,-1.11026685170145,29,"HOG:0027495;HOG:0028720;HOG:0025231;HOG:0012540;HOG:0011628;HOG:0031129;HOG:0016944;HOG:0029921;HOG:0033359;HOG:0026234;HOG:0028012",FALSE,"oxidoreductase activity","MF","leaf_early_to_late","perennial",3,0.75,"Brachypodium=0.1409;Hordeum=-0.4142;Briza=-0.07253;Festuca/Vulpia=-0.01962",0.772951525541042
"GO:0043226",0.300884955752212,0.557302231237323,0.100990587455923,0.370742705856651,1.09950952610567,32,"HOG:0032904;HOG:0032903;HOG:0005683;HOG:0025959;HOG:0024277;HOG:0027918",FALSE,"organelle","CC","leaf_early_to_late","annual",1,0.25,"Brachypodium=-0.09634;Hordeum=0.5729;Briza=-0.002888;Festuca/Vulpia=-0.1728",0.785938253738543
"GO:0043229",0.300884955752212,0.557302231237323,0.100990587455923,0.370742705856651,1.09950952610567,32,"HOG:0032904;HOG:0032903;HOG:0005683;HOG:0025959;HOG:0024277;HOG:0027918",FALSE,"intracellular organelle","CC","leaf_early_to_late","annual",1,0.25,"Brachypodium=-0.09634;Hordeum=0.5729;Briza=-0.002888;Festuca/Vulpia=-0.1728",0.785938253738543
"GO:0006082",0.311111111111111,0.557302231237323,0.107140237276725,-0.467771354236964,-1.14239362004921,13,"HOG:0026340;HOG:0017319;HOG:0012102;HOG:0011628;HOG:0032397;HOG:0006505;HOG:0011497",FALSE,"organic acid metabolic process","BP","leaf_early_to_late","perennial",3,0.75,"Brachypodium=0.107;Hordeum=-0.4068;Briza=-0.06828;Festuca/Vulpia=-0.03429",0.795967106004281
"GO:0019752",0.311111111111111,0.557302231237323,0.107140237276725,-0.467771354236964,-1.14239362004921,13,"HOG:0026340;HOG:0017319;HOG:0012102;HOG:0011628;HOG:0032397;HOG:0006505;HOG:0011497",FALSE,"carboxylic acid metabolic process","BP","leaf_early_to_late","perennial",3,0.75,"Brachypodium=0.107;Hordeum=-0.4068;Briza=-0.06828;Festuca/Vulpia=-0.03429",0.795967106004281
"GO:0043436",0.311111111111111,0.557302231237323,0.107140237276725,-0.467771354236964,-1.14239362004921,13,"HOG:0026340;HOG:0017319;HOG:0012102;HOG:0011628;HOG:0032397;HOG:0006505;HOG:0011497",FALSE,"oxoacid metabolic process","BP","leaf_early_to_late","perennial",3,0.75,"Brachypodium=0.107;Hordeum=-0.4068;Briza=-0.06828;Festuca/Vulpia=-0.03429",0.795967106004281
"GO:0004175",0.318458417849899,0.557302231237323,0.105920292736253,0.498807290731027,1.13282980057289,11,"HOG:0011540",FALSE,"endopeptidase activity","MF","leaf_early_to_late","annual",1,0.25,"Brachypodium=0.1353;Hordeum=-0.4478;Briza=-0.09055;Festuca/Vulpia=-0.02727",0.799340441903925
"GO:0008233",0.318458417849899,0.557302231237323,0.105920292736253,0.498807290731027,1.13282980057289,11,"HOG:0011540",FALSE,"peptidase activity","MF","leaf_early_to_late","annual",1,0.25,"Brachypodium=0.1353;Hordeum=-0.4478;Briza=-0.09055;Festuca/Vulpia=-0.02727",0.799340441903925
"GO:0035639",0.312121212121212,0.570957458502803,0.0683110858318647,-0.474341139168781,-1.1207684783994,41,"HOG:0023048;HOG:0025149;HOG:0028145;HOG:0025848;HOG:0011541;HOG:0011775;HOG:0033476;HOG:0017189;HOG:0017160;HOG:0027639",FALSE,"purine ribonucleoside triphosphate binding","MF","leaf_mean_activity","perennial",1,0.25,"Brachypodium=-0.1867;Hordeum=0.09702;Briza=0.02432;Festuca/Vulpia=0.005531",0.795967106004281
"GO:0180051",0.319492502883506,0.570957458502803,0.0738052724171275,-0.560104388955391,-1.14437515713277,12,"HOG:0033476;HOG:0019536;HOG:0023439;HOG:0028395;HOG:0012403;HOG:0000535;HOG:0000096;HOG:0026397",FALSE,"translation factor activity","MF","leaf_mean_activity","perennial",3,0.75,"Brachypodium=-0.33;Hordeum=-0.1164;Briza=-0.03434;Festuca/Vulpia=0.08963",0.799340441903925
"GO:1902494",0.32043530834341,0.570957458502803,0.0760837160951725,-0.58569905362597,-1.14491100078107,10,"HOG:0005683;HOG:0006661;HOG:0011544",FALSE,"catalytic complex","CC","leaf_mean_activity","perennial",3,0.75,"Brachypodium=-0.2637;Hordeum=-0.003514;Briza=-0.01376;Festuca/Vulpia=0.1036",0.799340441903925
"GO:0017076",0.34412265758092,0.571666666666667,0.0908241419007155,0.339825800086245,1.07525838188332,46,"HOG:0025149;HOG:0023048;HOG:0025848;HOG:0028145",FALSE,"purine nucleotide binding","MF","leaf_early_to_late","annual",1,0.25,"Brachypodium=0.1186;Hordeum=-0.2129;Briza=-0.0521;Festuca/Vulpia=-0.07073",0.811148648648649
"GO:0043227",0.345454545454545,0.571666666666667,0.0943563635421779,0.395312504839427,1.0878895780728,23,"HOG:0032904;HOG:0032903;HOG:0005683;HOG:0025959;HOG:0024277;HOG:0027918",FALSE,"membrane-bounded organelle","CC","leaf_early_to_late","annual",1,0.25,"Brachypodium=-0.1388;Hordeum=0.5582;Briza=-0.05816;Festuca/Vulpia=-0.1701",0.811148648648649
"GO:0043231",0.345454545454545,0.571666666666667,0.0943563635421779,0.395312504839427,1.0878895780728,23,"HOG:0032904;HOG:0032903;HOG:0005683;HOG:0025959;HOG:0024277;HOG:0027918",FALSE,"intracellular membrane-bounded organelle","CC","leaf_early_to_late","annual",1,0.25,"Brachypodium=-0.1388;Hordeum=0.5582;Briza=-0.05816;Festuca/Vulpia=-0.1701",0.811148648648649
"GO:0016772",0.35,0.571666666666667,0.096887770327544,0.439586681665599,1.09391900358634,16,"HOG:0025342;HOG:0026019;HOG:0011775",FALSE,"transferase activity, transferring phosphorus-containing groups","MF","leaf_early_to_late","annual",1,0.25,"Brachypodium=0.1751;Hordeum=-0.38;Briza=-0.05055;Festuca/Vulpia=-0.01243",0.811148648648649
"GO:0032555",0.32795156407669,0.573915237134208,0.0658311958368866,-0.468127387856937,-1.10936817241846,42,"HOG:0023048;HOG:0025149;HOG:0028145;HOG:0025848;HOG:0011541;HOG:0011775;HOG:0033476;HOG:0017189;HOG:0017160;HOG:0027639",FALSE,"purine ribonucleotide binding","MF","leaf_mean_activity","perennial",1,0.25,"Brachypodium=-0.1876;Hordeum=0.09535;Briza=0.02247;Festuca/Vulpia=0.006465",0.811148648648649
"GO:0005198",0.37328094302554,0.577603143418468,0.0943563635421779,-0.473263175333431,-1.09574287385562,11,"HOG:0012511;HOG:0005666;HOG:0027704",FALSE,"structural molecule activity","MF","leaf_early_to_late","perennial",2,0.5,"Brachypodium=-0.04367;Hordeum=0.644;Briza=0.02752;Festuca/Vulpia=-0.1756",0.821786527173262
"GO:0006753",0.37721021611002,0.577603143418468,0.0937465422491719,-0.470817102620722,-1.09007949904942,11,"HOG:0007697;HOG:0012102;HOG:0030062;HOG:0011628;HOG:0006505;HOG:0028766",FALSE,"nucleoside phosphate metabolic process","BP","leaf_early_to_late","perennial",3,0.75,"Brachypodium=0.203;Hordeum=-0.3778;Briza=-0.08294;Festuca/Vulpia=-0.01241",0.821786527173262
"GO:0055086",0.37721021611002,0.577603143418468,0.0937465422491719,-0.470817102620722,-1.09007949904942,11,"HOG:0007697;HOG:0012102;HOG:0030062;HOG:0011628;HOG:0006505;HOG:0028766",FALSE,"nucleobase-containing small molecule metabolic process","BP","leaf_early_to_late","perennial",3,0.75,"Brachypodium=0.203;Hordeum=-0.3778;Briza=-0.08294;Festuca/Vulpia=-0.01241",0.821786527173262
"GO:0072521",0.37721021611002,0.577603143418468,0.0937465422491719,-0.470817102620722,-1.09007949904942,11,"HOG:0007697;HOG:0012102;HOG:0030062;HOG:0011628;HOG:0006505;HOG:0028766",FALSE,"purine-containing compound metabolic process","BP","leaf_early_to_late","perennial",3,0.75,"Brachypodium=0.203;Hordeum=-0.3778;Briza=-0.08294;Festuca/Vulpia=-0.01241",0.821786527173262
"GO:0043227",0.254901960784314,0.58093935248518,0.0891647117820678,0.508299398990215,1.20817977806515,23,"HOG:0032903;HOG:0025959;HOG:0032904;HOG:0027918;HOG:0011541;HOG:0005683",FALSE,"membrane-bounded organelle","CC","root_mean_activity","annual",0,0,"Brachypodium=-0.06072;Hordeum=-0.01375;Briza=-0.006009;Festuca/Vulpia=-0.03932",0.725571556423399
"GO:0043231",0.254901960784314,0.58093935248518,0.0891647117820678,0.508299398990215,1.20817977806515,23,"HOG:0032903;HOG:0025959;HOG:0032904;HOG:0027918;HOG:0011541;HOG:0005683",FALSE,"intracellular membrane-bounded organelle","CC","root_mean_activity","annual",0,0,"Brachypodium=-0.06072;Hordeum=-0.01375;Briza=-0.006009;Festuca/Vulpia=-0.03932",0.725571556423399
"GO:0032553",0.347432024169184,0.587040316699656,0.0629394692018967,-0.465484531021918,-1.10621857543422,43,"HOG:0023048;HOG:0025149;HOG:0028145;HOG:0025848;HOG:0011541;HOG:0011775;HOG:0033476;HOG:0017189;HOG:0017160;HOG:0027639",FALSE,"ribonucleotide binding","MF","leaf_mean_activity","perennial",1,0.25,"Brachypodium=-0.1867;Hordeum=0.09702;Briza=0.02432;Festuca/Vulpia=0.005531",0.811148648648649
"GO:0097367",0.347432024169184,0.587040316699656,0.0629394692018967,-0.465484531021918,-1.10621857543422,43,"HOG:0023048;HOG:0025149;HOG:0028145;HOG:0025848;HOG:0011541;HOG:0011775;HOG:0033476;HOG:0017189;HOG:0017160;HOG:0027639",FALSE,"carbohydrate derivative binding","MF","leaf_mean_activity","perennial",1,0.25,"Brachypodium=-0.1867;Hordeum=0.09702;Briza=0.02432;Festuca/Vulpia=0.005531",0.811148648648649
"GO:0030554",0.358452138492872,0.595395077496634,0.0619762736001998,-0.468462659717029,-1.09529097136663,37,"HOG:0023048;HOG:0025149;HOG:0028145;HOG:0025848;HOG:0011541;HOG:0011775;HOG:0017189;HOG:0017160;HOG:0027639",FALSE,"adenyl nucleotide binding","MF","leaf_mean_activity","perennial",1,0.25,"Brachypodium=-0.09166;Hordeum=0.1031;Briza=0.02063;Festuca/Vulpia=0.0008257",0.816937431913987
"GO:0000166",0.2625250501002,0.598312904879526,0.0766746872490091,0.544405130085889,1.13891519429191,51,"HOG:0028145;HOG:0025149;HOG:0023048;HOG:0011775;HOG:0011541;HOG:0025848",FALSE,"nucleotide binding","MF","root_early_to_late","annual",2,0.5,"Brachypodium=0.7714;Hordeum=-0.02346;Briza=-0.08323;Festuca/Vulpia=0.04272",0.738082722822695
"GO:1901265",0.2625250501002,0.598312904879526,0.0766746872490091,0.544405130085889,1.13891519429191,51,"HOG:0028145;HOG:0025149;HOG:0023048;HOG:0011775;HOG:0011541;HOG:0025848",FALSE,"nucleoside phosphate binding","MF","root_early_to_late","annual",2,0.5,"Brachypodium=0.7714;Hordeum=-0.02346;Briza=-0.08323;Festuca/Vulpia=0.04272",0.738082722822695
"GO:0043168",0.410839160839161,0.619419042495966,0.0824344091527096,0.326959182575599,1.03483539545813,49,"HOG:0025149;HOG:0023048;HOG:0025848;HOG:0028145",FALSE,"anion binding","MF","leaf_early_to_late","annual",1,0.25,"Brachypodium=0.1227;Hordeum=-0.3356;Briza=-0.04955;Festuca/Vulpia=-0.06618",0.844134536505332
"GO:0016757",0.401451027811366,0.622222222222222,0.0647943366000727,-0.556595463413844,-1.0880199739136,10,"HOG:0031056;HOG:0027285;HOG:0006661;HOG:0024976",FALSE,"glycosyltransferase activity","MF","leaf_mean_activity","perennial",3,0.75,"Brachypodium=-0.2518;Hordeum=-0.09999;Briza=-0.0389;Festuca/Vulpia=0.1074",0.839620137434748
"GO:0016758",0.401451027811366,0.622222222222222,0.0647943366000727,-0.556595463413844,-1.0880199739136,10,"HOG:0031056;HOG:0027285;HOG:0006661;HOG:0024976",FALSE,"hexosyltransferase activity","MF","leaf_mean_activity","perennial",3,0.75,"Brachypodium=-0.2518;Hordeum=-0.09999;Briza=-0.0389;Festuca/Vulpia=0.1074",0.839620137434748
"GO:0036094",0.412,0.622222222222222,0.054568064667094,-0.43002745958174,-1.04336977554116,79,"HOG:0023048;HOG:0025959;HOG:0025149;HOG:0028333;HOG:0006332;HOG:0003561;HOG:0028145;HOG:0021825;HOG:0025848;HOG:0027918;HOG:0032765;HOG:0011541;HOG:0011775",FALSE,"small molecule binding","MF","leaf_mean_activity","perennial",1,0.25,"Brachypodium=-0.09166;Hordeum=0.1066;Briza=0.02181;Festuca/Vulpia=0.00005046",0.844134536505332
"GO:0005198",0.416861826697892,0.622222222222222,0.0614364107201271,-0.534727695819856,-1.0713881775387,11,"HOG:0021123;HOG:0000122;HOG:0024337;HOG:0024277;HOG:0007833;HOG:0023227",FALSE,"structural molecule activity","MF","leaf_mean_activity","perennial",3,0.75,"Brachypodium=-0.3501;Hordeum=-0.09973;Briza=-0.04368;Festuca/Vulpia=0.1683",0.844134536505332
"GO:0008104",0.419047619047619,0.622222222222222,0.213927855492356,0.30625,1.00758018864348,16,"HOG:0007857;HOG:0025186;HOG:0029148;HOG:0012511;HOG:0026902;HOG:0012261;HOG:0005666;HOG:0027704;HOG:0028636;HOG:0011064;HOG:0028850;HOG:0006523;HOG:0025124;HOG:0008637;HOG:0012011;HOG:0012012",FALSE,"intracellular protein localization","BP","leaf_mean_activity","annual",2,0.5,"Brachypodium=-0.2577;Hordeum=-0.03825;Briza=0.01462;Festuca/Vulpia=0.009435",0.844134536505332
"GO:0015031",0.419047619047619,0.622222222222222,0.213927855492356,0.30625,1.00758018864348,16,"HOG:0007857;HOG:0025186;HOG:0029148;HOG:0012511;HOG:0026902;HOG:0012261;HOG:0005666;HOG:0027704;HOG:0028636;HOG:0011064;HOG:0028850;HOG:0006523;HOG:0025124;HOG:0008637;HOG:0012011;HOG:0012012",FALSE,"protein transport","BP","leaf_mean_activity","annual",2,0.5,"Brachypodium=-0.2577;Hordeum=-0.03825;Briza=0.01462;Festuca/Vulpia=0.009435",0.844134536505332
"GO:0033036",0.419047619047619,0.622222222222222,0.213927855492356,0.30625,1.00758018864348,16,"HOG:0007857;HOG:0025186;HOG:0029148;HOG:0012511;HOG:0026902;HOG:0012261;HOG:0005666;HOG:0027704;HOG:0028636;HOG:0011064;HOG:0028850;HOG:0006523;HOG:0025124;HOG:0008637;HOG:0012011;HOG:0012012",FALSE,"macromolecule localization","BP","leaf_mean_activity","annual",2,0.5,"Brachypodium=-0.2577;Hordeum=-0.03825;Briza=0.01462;Festuca/Vulpia=0.009435",0.844134536505332
"GO:1901363",0.280561122244489,0.62488613590818,0.0732558655828455,0.539334700511056,1.13018031428025,53,"HOG:0028145;HOG:0025149;HOG:0023048;HOG:0011775;HOG:0011541;HOG:0025848",FALSE,"heterocyclic compound binding","MF","root_early_to_late","annual",2,0.5,"Brachypodium=0.5561;Hordeum=-0.02346;Briza=-0.01776;Festuca/Vulpia=0.04272",0.772951525541042
"GO:0006412",0.436285097192225,0.625448743518149,0.0554793308704233,-0.482948248045947,-1.06095848920509,19,"HOG:0033476;HOG:0021123;HOG:0000122;HOG:0019536;HOG:0024337;HOG:0028395;HOG:0024277;HOG:0012403;HOG:0006208;HOG:0007833;HOG:0023227;HOG:0000096;HOG:0006057;HOG:0026397",FALSE,"translation","BP","leaf_mean_activity","perennial",3,0.75,"Brachypodium=-0.3436;Hordeum=-0.1161;Briza=-0.04368;Festuca/Vulpia=0.1445",0.857092334272562
"GO:0160307",0.436285097192225,0.625448743518149,0.0554793308704233,-0.482948248045947,-1.06095848920509,19,"HOG:0033476;HOG:0021123;HOG:0000122;HOG:0019536;HOG:0024337;HOG:0028395;HOG:0024277;HOG:0012403;HOG:0006208;HOG:0007833;HOG:0023227;HOG:0000096;HOG:0006057;HOG:0026397",FALSE,"protein biosynthetic process","BP","leaf_mean_activity","perennial",3,0.75,"Brachypodium=-0.3436;Hordeum=-0.1161;Briza=-0.04368;Festuca/Vulpia=0.1445",0.857092334272562
"GO:0006886",0.440366972477064,0.625448743518149,0.204294756516886,0.305295950155763,0.98117272328007,15,"HOG:0007857;HOG:0025186;HOG:0029148;HOG:0012511;HOG:0026902;HOG:0012261;HOG:0005666;HOG:0027704;HOG:0028636;HOG:0011064;HOG:0006523;HOG:0025124;HOG:0008637;HOG:0012011;HOG:0012012",FALSE,"intracellular protein transport","BP","leaf_mean_activity","annual",2,0.5,"Brachypodium=-0.2521;Hordeum=-0.03503;Briza=0.02114;Festuca/Vulpia=0.01783",0.857092334272562
"GO:0043167",0.456456456456456,0.636625391827298,0.0498907356726307,-0.422588584955701,-1.02345898832187,75,"HOG:0023048;HOG:0025959;HOG:0025149;HOG:0028333;HOG:0006332;HOG:0028145;HOG:0021825;HOG:0025848;HOG:0027918;HOG:0032765;HOG:0011541;HOG:0011775",FALSE,"ion binding","MF","leaf_mean_activity","perennial",1,0.25,"Brachypodium=-0.09166;Hordeum=0.1055;Briza=0.02063;Festuca/Vulpia=0.00005046",0.86685704037854
"GO:0017076",0.46122860020141,0.636625391827298,0.0496901392724606,-0.433638366188137,-1.03174621195954,46,"HOG:0023048;HOG:0025149;HOG:0028145;HOG:0025848;HOG:0011541;HOG:0011775;HOG:0033476;HOG:0017189;HOG:0017160;HOG:0027639",FALSE,"purine nucleotide binding","MF","leaf_mean_activity","perennial",1,0.25,"Brachypodium=-0.1487;Hordeum=0.09768;Briza=0.02512;Festuca/Vulpia=0.006465",0.86685704037854
"GO:0009058",0.470411233701103,0.640281956982057,0.0486034247259069,-0.424864982976951,-1.02402302952726,65,"HOG:0025959;HOG:0026742;HOG:0032903;HOG:0032904;HOG:0031056;HOG:0005683;HOG:0027918;HOG:0011541;HOG:0025923;HOG:0026637;HOG:0033476;HOG:0006661;HOG:0021123;HOG:0000122;HOG:0024976;HOG:0019536;HOG:0024337;HOG:0028395;HOG:0031418;HOG:0024277;HOG:0012403;HOG:0006208",FALSE,"biosynthetic process","BP","leaf_mean_activity","perennial",2,0.5,"Brachypodium=-0.2611;Hordeum=0.04473;Briza=-0.0279;Festuca/Vulpia=0.03616",0.87928441253321
"GO:0019538",0.294219328923999,0.644371735984396,0.203508959461977,-0.295853947776775,-1.15032628993382,46,"HOG:0000122;HOG:0021123;HOG:0033476;HOG:0024337;HOG:0023227;HOG:0007833;HOG:0000096;HOG:0006208;HOG:0026397;HOG:0016636;HOG:0011544",FALSE,"protein metabolic process","BP","root_mean_activity","perennial",1,0.25,"Brachypodium=0.04012;Hordeum=0.04103;Briza=-0.01287;Festuca/Vulpia=0.006877",0.785938253738543
"GO:0004175",0.30246020260492,0.644371735984396,0.088894528862045,0.564769795143185,1.15923711285938,11,"HOG:0011540;HOG:0031227;HOG:0000079;HOG:0029544;HOG:0028718;HOG:0007636;HOG:0007936",FALSE,"endopeptidase activity","MF","root_mean_activity","annual",2,0.5,"Brachypodium=0.04111;Hordeum=0.0564;Briza=-0.003237;Festuca/Vulpia=-0.01734",0.785938253738543
"GO:0008233",0.30246020260492,0.644371735984396,0.088894528862045,0.564769795143185,1.15923711285938,11,"HOG:0011540;HOG:0031227;HOG:0000079;HOG:0029544;HOG:0028718;HOG:0007636;HOG:0007936",FALSE,"peptidase activity","MF","root_mean_activity","annual",2,0.5,"Brachypodium=0.04111;Hordeum=0.0564;Briza=-0.003237;Festuca/Vulpia=-0.01734",0.785938253738543
"GO:0032991",0.481940144478844,0.64698813916338,0.0487989701682839,-0.44608984060297,-1.02885896385991,31,"HOG:0005683;HOG:0025923;HOG:0006661;HOG:0011544;HOG:0027639;HOG:0011717;HOG:0019536;HOG:0023439;HOG:0000535;HOG:0012012;HOG:0012011;HOG:0026397;HOG:0025124;HOG:0028661;HOG:0028850;HOG:0032397;HOG:0026073;HOG:0028636;HOG:0027706;HOG:0027704;HOG:0031227;HOG:0032629",FALSE,"protein-containing complex","CC","leaf_mean_activity","perennial",3,0.75,"Brachypodium=-0.2726;Hordeum=-0.05944;Briza=-0.04184;Festuca/Vulpia=0.0194",0.87928441253321
"GO:0180051",0.439922480620155,0.648387842366809,0.0843144320642653,0.432098765432099,1.01656859429017,12,"HOG:0019536;HOG:0023439;HOG:0033476;HOG:0000535;HOG:0012403;HOG:0012402;HOG:0016166;HOG:0026397;HOG:0028394;HOG:0005788;HOG:0028395;HOG:0000096",FALSE,"translation factor activity","MF","leaf_early_to_late","annual",2,0.5,"Brachypodium=-0.04867;Hordeum=0.5092;Briza=0.0174;Festuca/Vulpia=-0.1705",0.857092334272562
"GO:0016787",0.443478260869565,0.648387842366809,0.0780892306943345,0.328543630236104,1.00555144794685,38,"HOG:0011540;HOG:0025149;HOG:0025848",FALSE,"hydrolase activity","MF","leaf_early_to_late","annual",1,0.25,"Brachypodium=0.1422;Hordeum=-0.3731;Briza=-0.06048;Festuca/Vulpia=-0.03032",0.857092334272562
"GO:0050896",0.449901768172888,0.648387842366809,0.0838361057159929,-0.437230625975954,-1.01231696784151,11,"HOG:0032061;HOG:0032060;HOG:0024574;HOG:0011064",FALSE,"response to stimulus","BP","leaf_early_to_late","perennial",3,0.75,"Brachypodium=0.03777;Hordeum=-0.3616;Briza=-0.08038;Festuca/Vulpia=-0.01962",0.864517123155746
"GO:0019637",0.472727272727273,0.654433221099888,0.0826646449123753,-0.40876410903549,-0.998285820706083,13,"HOG:0007697;HOG:0012102;HOG:0030062;HOG:0011628;HOG:0006505;HOG:0028766",FALSE,"organophosphate metabolic process","BP","leaf_early_to_late","perennial",3,0.75,"Brachypodium=0.203;Hordeum=-0.3985;Briza=-0.08165;Festuca/Vulpia=-0.00668",0.87928441253321
"GO:0016462",0.480808080808081,0.654433221099888,0.0817515582532145,-0.405512737393016,-0.990345304068783,13,"HOG:0005689;HOG:0026361;HOG:0018459;HOG:0032961;HOG:0029544;HOG:0028395;HOG:0005788;HOG:0028394;HOG:0012402;HOG:0022739;HOG:0007637;HOG:0012403",FALSE,"pyrophosphatase activity","MF","leaf_early_to_late","perennial",3,0.75,"Brachypodium=0.1096;Hordeum=-0.4022;Briza=-0.06889;Festuca/Vulpia=-0.02194",0.87928441253321
"GO:0016817",0.480808080808081,0.654433221099888,0.0817515582532145,-0.405512737393016,-0.990345304068783,13,"HOG:0005689;HOG:0026361;HOG:0018459;HOG:0032961;HOG:0029544;HOG:0028395;HOG:0005788;HOG:0028394;HOG:0012402;HOG:0022739;HOG:0007637;HOG:0012403",FALSE,"hydrolase activity, acting on acid anhydrides","MF","leaf_early_to_late","perennial",3,0.75,"Brachypodium=0.1096;Hordeum=-0.4022;Briza=-0.06889;Festuca/Vulpia=-0.02194",0.87928441253321
"GO:0016818",0.480808080808081,0.654433221099888,0.0817515582532145,-0.405512737393016,-0.990345304068783,13,"HOG:0005689;HOG:0026361;HOG:0018459;HOG:0032961;HOG:0029544;HOG:0028395;HOG:0005788;HOG:0028394;HOG:0012402;HOG:0022739;HOG:0007637;HOG:0012403",FALSE,"hydrolase activity, acting on acid anhydrides, in phosphorus-containing anhydrides","MF","leaf_early_to_late","perennial",3,0.75,"Brachypodium=0.1096;Hordeum=-0.4022;Briza=-0.06889;Festuca/Vulpia=-0.02194",0.87928441253321
"GO:0000166",0.497363796133568,0.656966326845845,0.0727141077934447,0.307987644676598,0.97719430638701,51,"HOG:0025149;HOG:0023048;HOG:0025848;HOG:0028145",FALSE,"nucleotide binding","MF","leaf_early_to_late","annual",1,0.25,"Brachypodium=0.1227;Hordeum=-0.3146;Briza=-0.04955;Festuca/Vulpia=-0.06618",0.897872537230599
"GO:1901265",0.497363796133568,0.656966326845845,0.0727141077934447,0.307987644676598,0.97719430638701,51,"HOG:0025149;HOG:0023048;HOG:0025848;HOG:0028145",FALSE,"nucleoside phosphate binding","MF","leaf_early_to_late","annual",1,0.25,"Brachypodium=0.1227;Hordeum=-0.3146;Briza=-0.04955;Festuca/Vulpia=-0.06618",0.897872537230599
"GO:0017111",0.508230452674897,0.656966326845845,0.0797705918628453,-0.403392810507997,-0.958114979297826,12,"HOG:0005689;HOG:0026361;HOG:0032961;HOG:0029544;HOG:0028395;HOG:0005788;HOG:0028394;HOG:0012402;HOG:0022739;HOG:0007637;HOG:0012403",FALSE,"ribonucleoside triphosphate phosphatase activity","MF","leaf_early_to_late","perennial",3,0.75,"Brachypodium=0.001298;Hordeum=-0.2567;Briza=-0.06417;Festuca/Vulpia=-0.02571",0.911570340963065
"GO:1901135",0.510288065843621,0.656966326845845,0.0795564677235957,-0.401055783338908,-0.952564209231025,12,"HOG:0032629;HOG:0007697;HOG:0030062;HOG:0006505;HOG:0028766;HOG:0004085;HOG:0020076",FALSE,"carbohydrate derivative metabolic process","BP","leaf_early_to_late","perennial",3,0.75,"Brachypodium=0.2087;Hordeum=-0.4004;Briza=-0.08012;Festuca/Vulpia=-0.005131",0.911608367626886
"GO:1901363",0.517826825127334,0.656966326845845,0.0689567351672811,0.300200887497127,0.965580355174918,53,"HOG:0025149;HOG:0023048;HOG:0025848;HOG:0028145",FALSE,"heterocyclic compound binding","MF","leaf_early_to_late","annual",1,0.25,"Brachypodium=0.1227;Hordeum=-0.3356;Briza=-0.04955;Festuca/Vulpia=-0.06618",0.917904914825198
"GO:0019538",0.52289156626506,0.656966326845845,0.086794975677172,-0.286702893664209,-0.960690539781392,46,"HOG:0026451;HOG:0010703;HOG:0000079;HOG:0032629",FALSE,"protein metabolic process","BP","leaf_early_to_late","perennial",3,0.75,"Brachypodium=0.08578;Hordeum=-0.08072;Briza=-0.05199;Festuca/Vulpia=-0.1285",0.922117260817047
"GO:0016740",0.503054989816701,0.665012267788293,0.0462302524077616,-0.433730076214648,-1.01408431736058,37,"HOG:0025342;HOG:0025959;HOG:0023138;HOG:0031056;HOG:0026019;HOG:0011775;HOG:0027285;HOG:0026637;HOG:0006661",FALSE,"transferase activity","MF","leaf_mean_activity","perennial",1,0.25,"Brachypodium=-0.1654;Hordeum=0.09834;Briza=0.02218;Festuca/Vulpia=0.05689",0.905763052530857
"GO:0140096",0.508937960042061,0.665012267788293,0.0471642455670861,-0.446570396384536,-1.00644501598496,25,"HOG:0025959;HOG:0011540;HOG:0011775;HOG:0032963",FALSE,"catalytic activity, acting on a protein","MF","leaf_mean_activity","perennial",2,0.5,"Brachypodium=-0.04755;Hordeum=0.1089;Briza=0.02666;Festuca/Vulpia=-0.01303",0.911570340963065
"GO:0043167",0.55735056542811,0.691396903948794,0.0629394692018967,0.279178670099578,0.948769703493342,75,"HOG:0025149;HOG:0023048;HOG:0025848;HOG:0028145;HOG:0025959;HOG:0028333;HOG:0021825;HOG:0011775;HOG:0027918;HOG:0032765",FALSE,"ion binding","MF","leaf_early_to_late","annual",1,0.25,"Brachypodium=0.1409;Hordeum=-0.3833;Briza=-0.05096;Festuca/Vulpia=-0.05652",0.946392296741791
"GO:0140096",0.566003616636528,0.693354430379747,0.0676760401641789,0.331458422561112,0.927088563337182,25,"HOG:0011540;HOG:0025959;HOG:0011775",FALSE,"catalytic activity, acting on a protein","MF","leaf_early_to_late","annual",1,0.25,"Brachypodium=0.1419;Hordeum=-0.3738;Briza=-0.05825;Festuca/Vulpia=-0.02727",0.950350881933204
"GO:0006793",0.586363636363636,0.700776053215078,0.0774767547848578,-0.327071566722424,-0.915420632541717,22,"HOG:0007697;HOG:0012102;HOG:0030062;HOG:0011628;HOG:0008733;HOG:0027147;HOG:0018459",FALSE,"phosphorus metabolic process","BP","leaf_early_to_late","perennial",3,0.75,"Brachypodium=0.1838;Hordeum=-0.4003;Briza=-0.07552;Festuca/Vulpia=-0.005131",0.950350881933204
"GO:0006796",0.586363636363636,0.700776053215078,0.0774767547848578,-0.327071566722424,-0.915420632541717,22,"HOG:0007697;HOG:0012102;HOG:0030062;HOG:0011628;HOG:0008733;HOG:0027147;HOG:0018459",FALSE,"phosphate-containing compound metabolic process","BP","leaf_early_to_late","perennial",3,0.75,"Brachypodium=0.1838;Hordeum=-0.4003;Briza=-0.07552;Festuca/Vulpia=-0.005131",0.950350881933204
"GO:0009058",0.607553366174056,0.70099196976854,0.0596037042575973,0.278576337508353,0.923484211311124,65,"HOG:0032904;HOG:0032903;HOG:0026742;HOG:0005683;HOG:0025959;HOG:0026637;HOG:0019536;HOG:0024277;HOG:0027918;HOG:0031056;HOG:0024562;HOG:0011541;HOG:0031418",FALSE,"biosynthetic process","BP","leaf_early_to_late","annual",2,0.5,"Brachypodium=0.1227;Hordeum=0.1383;Briza=-0.0505;Festuca/Vulpia=-0.141",0.950350881933204
"GO:0043228",0.613034623217923,0.70099196976854,0.0696133438850965,0.395488407828426,0.876059664188866,10,"HOG:0024277",FALSE,"membraneless organelle","CC","leaf_early_to_late","annual",2,0.5,"Brachypodium=-0.03444;Hordeum=0.6157;Briza=0.02814;Festuca/Vulpia=-0.1796",0.950350881933204
"GO:0043232",0.613034623217923,0.70099196976854,0.0696133438850965,0.395488407828426,0.876059664188866,10,"HOG:0024277",FALSE,"intracellular membraneless organelle","CC","leaf_early_to_late","annual",2,0.5,"Brachypodium=-0.03444;Hordeum=0.6157;Briza=0.02814;Festuca/Vulpia=-0.1796",0.950350881933204
"GO:0036094",0.618296529968454,0.70099196976854,0.0568864160475701,0.265202735289766,0.912887660510174,79,"HOG:0025149;HOG:0023048;HOG:0025848;HOG:0028145;HOG:0025959;HOG:0028333;HOG:0021825;HOG:0011775;HOG:0027918;HOG:0032765",FALSE,"small molecule binding","MF","leaf_early_to_late","annual",1,0.25,"Brachypodium=0.1259;Hordeum=-0.3833;Briza=-0.04955;Festuca/Vulpia=-0.05652",0.953758269452904
"GO:1902494",0.622309197651663,0.70099196976854,0.0668966276500666,-0.39356425911277,-0.890913884563563,10,"HOG:0004116;HOG:0000079;HOG:0032629;HOG:0025316;HOG:0011544",FALSE,"catalytic complex","CC","leaf_early_to_late","perennial",3,0.75,"Brachypodium=-0.2183;Hordeum=0.2163;Briza=-0.2748;Festuca/Vulpia=-0.1037",0.955042750758481
"GO:0043168",0.557344064386318,0.709145728643216,0.0409883873374721,-0.411356551644531,-0.980167302056638,49,"HOG:0023048;HOG:0025149;HOG:0028145;HOG:0025848;HOG:0011541;HOG:0011775;HOG:0033476;HOG:0017189;HOG:0017160;HOG:0027639",FALSE,"anion binding","MF","leaf_mean_activity","perennial",1,0.25,"Brachypodium=-0.09166;Hordeum=0.1031;Briza=0.02432;Festuca/Vulpia=0.0008257",0.946392296741791
"GO:0110165",0.575575575575576,0.709145728643216,0.0392758570896778,-0.400318675658688,-0.97056620886083,78,"HOG:0025959;HOG:0011540;HOG:0032903;HOG:0032904;HOG:0031056;HOG:0005683;HOG:0027918;HOG:0011541;HOG:0025923;HOG:0027285;HOG:0033476;HOG:0006661;HOG:0027639;HOG:0028263;HOG:0021123;HOG:0000122;HOG:0024976;HOG:0011717;HOG:0019536;HOG:0023439;HOG:0024337;HOG:0028395;HOG:0024277;HOG:0012403;HOG:0006208;HOG:0000535;HOG:0012012;HOG:0007835;HOG:0012011;HOG:0007833;HOG:0023227",FALSE,"cellular anatomical structure","CC","leaf_mean_activity","perennial",3,0.75,"Brachypodium=-0.2738;Hordeum=-0.04452;Briza=-0.03377;Festuca/Vulpia=0.06346",0.950350881933204
"GO:0000166",0.577464788732394,0.709145728643216,0.0393561959521291,-0.405569683495473,-0.96477052591689,51,"HOG:0023048;HOG:0025149;HOG:0028145;HOG:0025848;HOG:0011541;HOG:0011775;HOG:0033476;HOG:0017189;HOG:0017160;HOG:0027639",FALSE,"nucleotide binding","MF","leaf_mean_activity","perennial",1,0.25,"Brachypodium=-0.1108;Hordeum=0.09834;Briza=0.02432;Festuca/Vulpia=0.005531",0.950350881933204
"GO:1901265",0.577464788732394,0.709145728643216,0.0393561959521291,-0.405569683495473,-0.96477052591689,51,"HOG:0023048;HOG:0025149;HOG:0028145;HOG:0025848;HOG:0011541;HOG:0011775;HOG:0033476;HOG:0017189;HOG:0017160;HOG:0027639",FALSE,"nucleoside phosphate binding","MF","leaf_mean_activity","perennial",1,0.25,"Brachypodium=-0.1108;Hordeum=0.09834;Briza=0.02432;Festuca/Vulpia=0.005531",0.950350881933204
"GO:0005622",0.578894472361809,0.709145728643216,0.0391956336118146,-0.405411655284287,-0.971958379712316,62,"HOG:0025959;HOG:0011540;HOG:0032903;HOG:0032904;HOG:0005683;HOG:0027918;HOG:0011541;HOG:0025923;HOG:0033476;HOG:0027639;HOG:0021123;HOG:0000122;HOG:0011717;HOG:0019536;HOG:0023439;HOG:0024337;HOG:0028395;HOG:0024277;HOG:0012403;HOG:0006208;HOG:0000535;HOG:0012012;HOG:0007835;HOG:0012011;HOG:0007833;HOG:0023227",FALSE,"intracellular anatomical structure","CC","leaf_mean_activity","perennial",3,0.75,"Brachypodium=-0.2859;Hordeum=-0.06115;Briza=-0.03508;Festuca/Vulpia=0.07126",0.950350881933204
"GO:0050789",0.676356589147287,0.736477174849268,0.0623861492893626,0.346392257120892,0.844944841808375,14,"HOG:0026742;HOG:0025959;HOG:0019536;HOG:0024562;HOG:0011541",FALSE,"regulation of biological process","BP","leaf_early_to_late","annual",1,0.25,"Brachypodium=-0.1512;Hordeum=0.5041;Briza=-0.06396;Festuca/Vulpia=-0.1524",0.993089981736005
"GO:0050794",0.676356589147287,0.736477174849268,0.0623861492893626,0.346392257120892,0.844944841808375,14,"HOG:0026742;HOG:0025959;HOG:0019536;HOG:0024562;HOG:0011541",FALSE,"regulation of cellular process","BP","leaf_early_to_late","annual",1,0.25,"Brachypodium=-0.1512;Hordeum=0.5041;Briza=-0.06396;Festuca/Vulpia=-0.1524",0.993089981736005
"GO:0065007",0.676356589147287,0.736477174849268,0.0623861492893626,0.346392257120892,0.844944841808375,14,"HOG:0026742;HOG:0025959;HOG:0019536;HOG:0024562;HOG:0011541",FALSE,"biological regulation","BP","leaf_early_to_late","annual",1,0.25,"Brachypodium=-0.1512;Hordeum=0.5041;Briza=-0.06396;Festuca/Vulpia=-0.1524",0.993089981736005
"GO:0016740",0.0135743196541014,0.748182749836125,0.380730400722792,-0.482093968635318,-1.5484812457346,37,"HOG:0026637;HOG:0031056;HOG:0007813;HOG:0017319;HOG:0005589;HOG:0008585;HOG:0011640;HOG:0011497;HOG:0033256;HOG:0008696;HOG:0024976;HOG:0018037;HOG:0004085;HOG:0000191;HOG:0028198;HOG:0010571;HOG:0027147;HOG:0006505;HOG:0027285;HOG:0004192;HOG:0008697;HOG:0010710;HOG:0022810;HOG:0032593",FALSE,"transferase activity","MF","internal_edge_density","perennial",3,0.75,"Brachypodium=0.06295;Hordeum=-0.09714;Briza=-0.06428;Festuca/Vulpia=-0.05759",0.127561414831693
"GO:0043228",0.022903553566412,0.748182749836125,0.352487857583619,0.535215365822744,1.69076905941318,10,"HOG:0027639;HOG:0021123;HOG:0000122;HOG:0024337;HOG:0023227;HOG:0007833",FALSE,"membraneless organelle","CC","internal_edge_density","annual",3,0.75,"Brachypodium=0.1215;Hordeum=0.03641;Briza=0.004545;Festuca/Vulpia=-0.06849",0.187244352671268
"GO:0043232",0.022903553566412,0.748182749836125,0.352487857583619,0.535215365822744,1.69076905941318,10,"HOG:0027639;HOG:0021123;HOG:0000122;HOG:0024337;HOG:0023227;HOG:0007833",FALSE,"intracellular membraneless organelle","CC","internal_edge_density","annual",3,0.75,"Brachypodium=0.1215;Hordeum=0.03641;Briza=0.004545;Festuca/Vulpia=-0.06849",0.187244352671268
"GO:0006629",0.697768762677485,0.751443282883445,0.0630790410571939,0.363076923076923,0.824575674824363,11,"HOG:0031418;HOG:0024444;HOG:0020549;HOG:0024629;HOG:0004192;HOG:0007920;HOG:0027098;HOG:0026770;HOG:0019459;HOG:0021895;HOG:0026234",FALSE,"lipid metabolic process","BP","leaf_early_to_late","annual",2,0.5,"Brachypodium=0.1269;Hordeum=-0.4068;Briza=-0.05257;Festuca/Vulpia=0.01308",0.993089981736005
"GO:0005575",0.626,0.757382716049383,0.0353157046479879,-0.391541830688277,-0.949884943184713,83,"HOG:0025959;HOG:0011540;HOG:0032903;HOG:0032904;HOG:0031056;HOG:0005683;HOG:0027918;HOG:0011541;HOG:0025923;HOG:0027285;HOG:0033476;HOG:0006661;HOG:0011544;HOG:0027639;HOG:0028263;HOG:0021123;HOG:0000122;HOG:0024976;HOG:0011717;HOG:0019536;HOG:0023439;HOG:0024337;HOG:0028395;HOG:0024277;HOG:0012403;HOG:0006208;HOG:0000535;HOG:0012012;HOG:0007835;HOG:0012011;HOG:0007833;HOG:0023227",FALSE,"cellular_component","CC","leaf_mean_activity","perennial",3,0.75,"Brachypodium=-0.2726;Hordeum=-0.04756;Briza=-0.03303;Festuca/Vulpia=0.06573",0.9585625
"GO:0008610",0.723014256619145,0.770167360311698,0.0615706755421678,0.361963190184049,0.801796827832528,10,"HOG:0031418;HOG:0024444;HOG:0020549;HOG:0024629;HOG:0004192;HOG:0007920;HOG:0027098;HOG:0026770;HOG:0019459;HOG:0026234",FALSE,"lipid biosynthetic process","BP","leaf_early_to_late","annual",2,0.5,"Brachypodium=0.126;Hordeum=-0.4208;Briza=-0.05239;Festuca/Vulpia=0.01759",0.99474518780812
"GO:0016773",0.752535496957404,0.792994394643285,0.059476028695732,0.344603915960504,0.782622051939249,11,"HOG:0026019;HOG:0011775",FALSE,"phosphotransferase activity, alcohol group as acceptor","MF","leaf_early_to_late","annual",1,0.25,"Brachypodium=0.1531;Hordeum=-0.3579;Briza=-0.03957;Festuca/Vulpia=-0.00688",0.99474518780812
"GO:0016787",0.398870056497175,0.800072568940494,0.0618406035753285,0.420272583506894,1.07353615532977,38,"HOG:0011540;HOG:0025149;HOG:0025848;HOG:0018459;HOG:0026703;HOG:0031227;HOG:0011541;HOG:0006139;HOG:0003782;HOG:0028008;HOG:0000079;HOG:0032961",FALSE,"hydrolase activity","MF","root_mean_activity","annual",2,0.5,"Brachypodium=0.04198;Hordeum=0.05599;Briza=-0.00575;Festuca/Vulpia=-0.004264",0.839620137434748
"GO:0032559",0.399077277970012,0.800072568940494,0.0628003977812234,0.424567835807864,1.05974395995403,33,"HOG:0023048;HOG:0025149;HOG:0025848;HOG:0011775;HOG:0011541;HOG:0006139",FALSE,"adenyl ribonucleotide binding","MF","root_mean_activity","annual",2,0.5,"Brachypodium=0.04818;Hordeum=0.05651;Briza=-0.008158;Festuca/Vulpia=-0.01841",0.839620137434748
"GO:0005524",0.407450523864959,0.800072568940494,0.062249042949858,0.426929160611412,1.05807539093983,32,"HOG:0023048;HOG:0025149;HOG:0025848;HOG:0011775;HOG:0011541;HOG:0006139",FALSE,"ATP binding","MF","root_mean_activity","annual",2,0.5,"Brachypodium=0.04841;Hordeum=0.05737;Briza=-0.009449;Festuca/Vulpia=-0.0198",0.844134536505332
"GO:0016301",0.422575976845152,0.800072568940494,0.0711327399327894,0.52267836645603,1.07284094456739,11,"HOG:0011775;HOG:0008733;HOG:0027147;HOG:0022830;HOG:0006505;HOG:0004085;HOG:0032593;HOG:0010571;HOG:0031321",FALSE,"kinase activity","MF","root_mean_activity","annual",3,0.75,"Brachypodium=0.05184;Hordeum=0.05651;Briza=-0.00734;Festuca/Vulpia=0.00311",0.844134536505332
"GO:0043170",0.423728813559322,0.800072568940494,0.0559428593065705,0.385101672904262,1.04291744745518,65,"HOG:0032903;HOG:0011540;HOG:0025959;HOG:0032904;HOG:0026742;HOG:0011775;HOG:0031227;HOG:0027918;HOG:0011541;HOG:0024976;HOG:0003561;HOG:0006139;HOG:0005683",FALSE,"macromolecule metabolic process","BP","root_mean_activity","annual",2,0.5,"Brachypodium=0.04994;Hordeum=0.04674;Briza=-0.01255;Festuca/Vulpia=-0.0103",0.844134536505332
"GO:0016874",0.424528301886792,0.800072568940494,0.115734447701689,-0.399599050440189,-1.020856335659,10,"HOG:0006208;HOG:0032963;HOG:0006057",FALSE,"ligase activity","MF","root_mean_activity","perennial",1,0.25,"Brachypodium=0.01855;Hordeum=0.02972;Briza=0.001399;Festuca/Vulpia=-0.005229",0.844134536505332
"GO:0005622",0.368631368631369,0.802797202797203,0.0597317976364411,0.512489779040831,1.07919091866467,62,"HOG:0032904;HOG:0027918;HOG:0005683;HOG:0011540;HOG:0011541;HOG:0025923;HOG:0025959",FALSE,"intracellular anatomical structure","CC","root_early_to_late","annual",2,0.5,"Brachypodium=1.387;Hordeum=0.04306;Briza=-0.1939;Festuca/Vulpia=-0.08177",0.821786527173262
"GO:0010467",0.443298969072165,0.819684886208909,0.0574877409561325,0.408295811699213,1.03178558334567,36,"HOG:0032903;HOG:0025959;HOG:0032904;HOG:0026742",FALSE,"gene expression","BP","root_mean_activity","annual",2,0.5,"Brachypodium=0.04864;Hordeum=-0.0366;Briza=-0.02796;Festuca/Vulpia=0.02306",0.857092334272562
"GO:1901363",0.696878147029204,0.829365906532705,0.0304894126298511,-0.376956879965361,-0.89749300719427,53,"HOG:0023048;HOG:0025149;HOG:0028145;HOG:0025848;HOG:0011541;HOG:0011775;HOG:0033476;HOG:0017189;HOG:0017160;HOG:0027639",FALSE,"heterocyclic compound binding","MF","leaf_mean_activity","perennial",1,0.25,"Brachypodium=-0.09166;Hordeum=0.1031;Briza=0.02432;Festuca/Vulpia=0.005531",0.993089981736005
"GO:0017111",0.70242214532872,0.829365906532705,0.0366082221336689,-0.412714198075663,-0.843235447868231,12,"HOG:0033476;HOG:0028395;HOG:0012403",FALSE,"ribonucleoside triphosphate phosphatase activity","MF","leaf_mean_activity","perennial",1,0.25,"Brachypodium=-0.1476;Hordeum=0.05808;Briza=0.04586;Festuca/Vulpia=0.01052",0.99474518780812
"GO:0098796",0.391608391608392,0.834296138643965,0.188204146308491,-0.324074074074074,-1.00174697613952,12,"HOG:0007857;HOG:0005666;HOG:0012511;HOG:0012012;HOG:0032629;HOG:0028636;HOG:0025124;HOG:0027704;HOG:0012011;HOG:0028850;HOG:0026073;HOG:0018221",FALSE,"membrane protein complex","CC","root_early_to_late","perennial",2,0.5,"Brachypodium=1.387;Hordeum=0.06218;Briza=-0.293;Festuca/Vulpia=-0.02559",0.837691290806838
"GO:0016192",0.719953325554259,0.839945546479969,0.035996889024589,-0.411320326715784,-0.840474431755328,13,"HOG:0026838;HOG:0012012;HOG:0023825;HOG:0012011;HOG:0027005;HOG:0025124;HOG:0028850;HOG:0028636;HOG:0027704",FALSE,"vesicle-mediated transport","BP","leaf_mean_activity","perennial",2,0.5,"Brachypodium=-0.2511;Hordeum=-0.06234;Briza=0.01279;Festuca/Vulpia=0.01797",0.99474518780812
"GO:0016740",0.815972222222222,0.850694444444445,0.048505983646947,0.257210297563891,0.784462619759734,37,"HOG:0025342;HOG:0025959;HOG:0026637;HOG:0026019;HOG:0011775;HOG:0031056",FALSE,"transferase activity","MF","leaf_early_to_late","annual",1,0.25,"Brachypodium=0.1599;Hordeum=-0.3356;Briza=-0.07618;Festuca/Vulpia=-0.09439",0.99474518780812
"GO:0090304",0.0196483665276238,0.856682769726248,0.352487857583619,-0.566874322821249,-1.66280153170242,17,"HOG:0006009;HOG:0010929;HOG:0006139;HOG:0006008",FALSE,"nucleic acid metabolic process","BP","anchor_module_mean_strength_ratio","perennial",3,0.75,"Brachypodium=0.2743;Hordeum=-0.02583;Briza=-0.1528;Festuca/Vulpia=-0.1116",0.170617461239873
"GO:0006629",0.0397310115348185,0.856682769726248,0.321775918075361,0.596537127655008,1.5912931899875,11,"HOG:0020549;HOG:0024629;HOG:0007920;HOG:0031418",FALSE,"lipid metabolic process","BP","anchor_module_mean_strength_ratio","annual",2,0.5,"Brachypodium=0.2778;Hordeum=-0.07896;Briza=0.001154;Festuca/Vulpia=-0.09775",0.28995185013708
"GO:0008610",0.044290896939915,0.856682769726248,0.321775918075361,0.628463589394793,1.6180381162063,10,"HOG:0020549;HOG:0024629;HOG:0007920;HOG:0031418",FALSE,"lipid biosynthetic process","BP","anchor_module_mean_strength_ratio","annual",2,0.5,"Brachypodium=0.3082;Hordeum=-0.0444;Briza=0.03078;Festuca/Vulpia=-0.08818",0.30241289163431
"GO:0050896",0.0478927203065134,0.856682769726248,0.287857117255149,-0.593446822319742,-1.51664269207909,11,"HOG:0006009;HOG:0006008;HOG:0032320;HOG:0011064;HOG:0012056",FALSE,"response to stimulus","BP","anchor_module_mean_strength_ratio","perennial",3,0.75,"Brachypodium=0.2346;Hordeum=-0.1586;Briza=-0.06177;Festuca/Vulpia=-0.2197",0.30994722764404
"GO:0006139",0.0854545454545454,0.856682769726248,0.206587922696891,-0.409102404661357,-1.35353744347858,28,"HOG:0006009;HOG:0010929;HOG:0006139;HOG:0006008;HOG:0006505;HOG:0030062",FALSE,"nucleobase-containing compound metabolic process","BP","anchor_module_mean_strength_ratio","perennial",3,0.75,"Brachypodium=0.2736;Hordeum=-0.06848;Briza=-0.02802;Festuca/Vulpia=-0.1092",0.444104683195592
"GO:0043167",0.097799511002445,0.856682769726248,0.224966093540314,0.298906640599909,1.2831314520891,75,"HOG:0008733;HOG:0020549;HOG:0011775;HOG:0024629;HOG:0027706;HOG:0017189;HOG:0028333;HOG:0032348;HOG:0027639;HOG:0007920;HOG:0018459;HOG:0032961;HOG:0021825;HOG:0029921;HOG:0032765;HOG:0006332;HOG:0025149;HOG:0007636;HOG:0012102;HOG:0025848;HOG:0023048;HOG:0007638",FALSE,"ion binding","MF","anchor_module_mean_strength_ratio","annual",1,0.25,"Brachypodium=0.2327;Hordeum=-0.07754;Briza=-0.05661;Festuca/Vulpia=-0.09141",0.476318008232902
"GO:0036094",0.121359223300971,0.856682769726248,0.199915231309662,0.29010974931893,1.24708806806923,79,"HOG:0008733;HOG:0020549;HOG:0011775;HOG:0024629;HOG:0027706;HOG:0017189;HOG:0028333;HOG:0032348;HOG:0027639;HOG:0007920;HOG:0018459;HOG:0032961;HOG:0021825;HOG:0029921;HOG:0003561;HOG:0032765;HOG:0006332;HOG:0025149;HOG:0007636;HOG:0012102;HOG:0025848;HOG:0023048;HOG:0007638",FALSE,"small molecule binding","MF","anchor_module_mean_strength_ratio","annual",1,0.25,"Brachypodium=0.2335;Hordeum=-0.08475;Briza=-0.05661;Festuca/Vulpia=-0.09318",0.537289260586752
"GO:0030554",0.141552511415525,0.856682769726248,0.178219874951973,0.344236994491702,1.2661004369024,37,"HOG:0008733;HOG:0020549;HOG:0011775;HOG:0027706;HOG:0017189;HOG:0027639;HOG:0025149;HOG:0007636;HOG:0012102;HOG:0025848;HOG:0023048;HOG:0007638;HOG:0011541",FALSE,"adenyl nucleotide binding","MF","anchor_module_mean_strength_ratio","annual",1,0.25,"Brachypodium=0.2472;Hordeum=-0.09104;Briza=-0.03268;Festuca/Vulpia=-0.1143",0.579015712245163
"GO:0043169",0.143487858719647,0.856682769726248,0.173747838999571,0.354801795944814,1.25130927644119,31,"HOG:0020549;HOG:0024629;HOG:0028333;HOG:0032348;HOG:0007920;HOG:0018459;HOG:0021825;HOG:0032765;HOG:0006332;HOG:0025149;HOG:0007636;HOG:0012102",FALSE,"cation binding","MF","anchor_module_mean_strength_ratio","annual",1,0.25,"Brachypodium=0.258;Hordeum=-0.05558;Briza=-0.02903;Festuca/Vulpia=-0.06853",0.579015712245163
"GO:0032991",0.147902869757174,0.856682769726248,0.170932335370056,0.354010230442713,1.24851759593954,31,"HOG:0027706;HOG:0028636;HOG:0027639;HOG:0004116;HOG:0006661;HOG:0012011;HOG:0028850;HOG:0025316;HOG:0027704;HOG:0011544;HOG:0028661",FALSE,"protein-containing complex","CC","anchor_module_mean_strength_ratio","annual",1,0.25,"Brachypodium=0.2682;Hordeum=-0.008626;Briza=-0.04854;Festuca/Vulpia=-0.1348",0.58701635097944
"GO:0043168",0.157205240174672,0.856682769726248,0.16440575583821,0.314312908858732,1.24158204694054,49,"HOG:0008733;HOG:0020549;HOG:0011775;HOG:0027706;HOG:0017189;HOG:0027639;HOG:0032961;HOG:0029921;HOG:0025149;HOG:0007636;HOG:0012102;HOG:0025848;HOG:0023048;HOG:0007638;HOG:0011541",FALSE,"anion binding","MF","anchor_module_mean_strength_ratio","annual",1,0.25,"Brachypodium=0.2285;Hordeum=-0.07754;Briza=-0.05661;Festuca/Vulpia=-0.1093",0.609281326326697
"GO:0016192",0.169164882226981,0.856682769726248,0.156312403073186,0.464377048380215,1.29348449807135,13,"HOG:0026838;HOG:0028636;HOG:0027005;HOG:0012011",FALSE,"vesicle-mediated transport","BP","anchor_module_mean_strength_ratio","annual",2,0.5,"Brachypodium=0.3459;Hordeum=0.09948;Briza=-0.08002;Festuca/Vulpia=-0.06604",0.648307872668764
"GO:0032559",0.18,0.856682769726248,0.154190966581424,0.340294941790574,1.21791742888231,33,"HOG:0008733;HOG:0011775;HOG:0027706;HOG:0017189;HOG:0027639;HOG:0025149;HOG:0007636;HOG:0012102;HOG:0025848;HOG:0023048;HOG:0007638;HOG:0011541;HOG:0028145",FALSE,"adenyl ribonucleotide binding","MF","anchor_module_mean_strength_ratio","annual",1,0.25,"Brachypodium=0.2472;Hordeum=-0.09104;Briza=-0.02302;Festuca/Vulpia=-0.1093",0.653047379363169
"GO:0046914",0.193763919821826,0.856682769726248,0.148261500475107,0.424578793070663,1.2595777899857,16,"HOG:0028333;HOG:0007920;HOG:0021825;HOG:0032765;HOG:0006332;HOG:0025149;HOG:0007636",FALSE,"transition metal ion binding","MF","anchor_module_mean_strength_ratio","annual",1,0.25,"Brachypodium=0.2901;Hordeum=-0.04872;Briza=-0.01309;Festuca/Vulpia=-0.07997",0.667865914830318
"GO:0044281",0.196043165467626,0.856682769726248,0.130777137971974,-0.390172942014069,-1.21994995318214,22,"HOG:0006505;HOG:0007713;HOG:0030062;HOG:0017319;HOG:0026770;HOG:0025863;HOG:0032397;HOG:0029110;HOG:0011640;HOG:0026340;HOG:0011862;HOG:0028766;HOG:0006123;HOG:0004085;HOG:0011497;HOG:0007697;HOG:0020076",FALSE,"small molecule metabolic process","BP","anchor_module_mean_strength_ratio","perennial",3,0.75,"Brachypodium=0.2588;Hordeum=-0.1053;Briza=-0.02392;Festuca/Vulpia=-0.1445",0.667865914830318
"GO:0046872",0.203619909502262,0.856682769726248,0.14551614609036,0.342634428424867,1.19580182096876,30,"HOG:0020549;HOG:0024629;HOG:0028333;HOG:0032348;HOG:0007920;HOG:0018459;HOG:0021825;HOG:0032765;HOG:0006332;HOG:0025149;HOG:0007636",FALSE,"metal ion binding","MF","anchor_module_mean_strength_ratio","annual",1,0.25,"Brachypodium=0.2458;Hordeum=-0.05623;Briza=-0.03416;Festuca/Vulpia=-0.07406",0.667865914830318
"GO:0006412",0.20985401459854,0.856682769726248,0.126875729929857,-0.415062021551891,-1.23790265509966,19,"HOG:0006139;HOG:0005788;HOG:0028394;HOG:0021123;HOG:0006208;HOG:0028395;HOG:0024337;HOG:0012402",FALSE,"translation","BP","anchor_module_mean_strength_ratio","perennial",3,0.75,"Brachypodium=0.1574;Hordeum=-0.02046;Briza=-0.04474;Festuca/Vulpia=-0.2349",0.675867859223467
"GO:0160307",0.20985401459854,0.856682769726248,0.126875729929857,-0.415062021551891,-1.23790265509966,19,"HOG:0006139;HOG:0005788;HOG:0028394;HOG:0021123;HOG:0006208;HOG:0028395;HOG:0024337;HOG:0012402",FALSE,"protein biosynthetic process","BP","anchor_module_mean_strength_ratio","perennial",3,0.75,"Brachypodium=0.1574;Hordeum=-0.02046;Briza=-0.04474;Festuca/Vulpia=-0.2349",0.675867859223467
"GO:0016070",0.224489795918367,0.856682769726248,0.123257226381337,-0.436771822282898,-1.21108745103797,14,"HOG:0010929;HOG:0006139",FALSE,"RNA metabolic process","BP","anchor_module_mean_strength_ratio","perennial",3,0.75,"Brachypodium=0.2452;Hordeum=-0.02517;Briza=-0.1065;Festuca/Vulpia=-0.05844",0.689657740311578
"GO:0005524",0.225877192982456,0.856682769726248,0.135002033828631,0.324831662020447,1.16058647242109,32,"HOG:0008733;HOG:0011775;HOG:0027706;HOG:0017189;HOG:0027639;HOG:0025149;HOG:0007636;HOG:0025848;HOG:0023048;HOG:0007638;HOG:0011541;HOG:0028145",FALSE,"ATP binding","MF","anchor_module_mean_strength_ratio","annual",1,0.25,"Brachypodium= 0.24;Hordeum=-0.09163;Briza=-0.03982;Festuca/Vulpia=-0.1118",0.689657740311578
"GO:0008270",0.233404710920771,0.856682769726248,0.130777137971974,0.435739898800393,1.21371804712453,13,"HOG:0028333;HOG:0021825;HOG:0032765;HOG:0006332;HOG:0025149;HOG:0007636;HOG:0028145",FALSE,"zinc ion binding","MF","anchor_module_mean_strength_ratio","annual",1,0.25,"Brachypodium=0.2743;Hordeum=-0.04361;Briza=-0.002539;Festuca/Vulpia=-0.06853",0.689657740311578
"GO:0017076",0.237068965517241,0.856682769726248,0.130105630751129,0.294616012337843,1.15316457722997,46,"HOG:0008733;HOG:0020549;HOG:0011775;HOG:0027706;HOG:0017189;HOG:0027639;HOG:0032961;HOG:0025149;HOG:0007636;HOG:0012102;HOG:0025848;HOG:0023048;HOG:0007638;HOG:0011541",FALSE,"purine nucleotide binding","MF","anchor_module_mean_strength_ratio","annual",1,0.25,"Brachypodium=0.2158;Hordeum=-0.09017;Briza=-0.06753;Festuca/Vulpia=-0.1158",0.689657740311578
"GO:0043170",0.248686514886165,0.856682769726248,0.112378519110475,-0.283032150941112,-1.12402541522655,65,"HOG:0006009;HOG:0010929;HOG:0006139;HOG:0006008;HOG:0027281;HOG:0027303;HOG:0029544;HOG:0031227;HOG:0031321;HOG:0005788;HOG:0028394;HOG:0010710;HOG:0027147;HOG:0012035;HOG:0032904;HOG:0021123;HOG:0007936;HOG:0000079;HOG:0006208;HOG:0032593;HOG:0028395;HOG:0024976;HOG:0024337;HOG:0022830",FALSE,"macromolecule metabolic process","BP","anchor_module_mean_strength_ratio","perennial",3,0.75,"Brachypodium=0.2004;Hordeum=-0.05382;Briza=-0.04474;Festuca/Vulpia=-0.188",0.717573221757322
"GO:0016772",0.298440979955457,0.856682769726248,0.116234148779716,0.37740192281854,1.1196204041237,16,"HOG:0008733;HOG:0011775;HOG:0026019",FALSE,"transferase activity, transferring phosphorus-containing groups","MF","anchor_module_mean_strength_ratio","annual",1,0.25,"Brachypodium=0.2856;Hordeum=-0.1146;Briza=-0.04876;Festuca/Vulpia=-0.1052",0.785938253738543
"GO:0000166",0.300438596491228,0.856682769726248,0.114750719227023,0.27735457680179,1.10159934049977,51,"HOG:0008733;HOG:0020549;HOG:0011775;HOG:0027706;HOG:0017189;HOG:0027639;HOG:0032961;HOG:0029921;HOG:0025149;HOG:0007636;HOG:0012102;HOG:0025848;HOG:0023048;HOG:0007638;HOG:0011541",FALSE,"nucleotide binding","MF","anchor_module_mean_strength_ratio","annual",1,0.25,"Brachypodium=0.2161;Hordeum=-0.09104;Briza=-0.07845;Festuca/Vulpia=-0.1093",0.785938253738543
"GO:1901265",0.300438596491228,0.856682769726248,0.114750719227023,0.27735457680179,1.10159934049977,51,"HOG:0008733;HOG:0020549;HOG:0011775;HOG:0027706;HOG:0017189;HOG:0027639;HOG:0032961;HOG:0029921;HOG:0025149;HOG:0007636;HOG:0012102;HOG:0025848;HOG:0023048;HOG:0007638;HOG:0011541",FALSE,"nucleoside phosphate binding","MF","anchor_module_mean_strength_ratio","annual",1,0.25,"Brachypodium=0.2161;Hordeum=-0.09104;Briza=-0.07845;Festuca/Vulpia=-0.1093",0.785938253738543
"GO:0005975",0.315693430656934,0.856682769726248,0.0999276973731092,-0.378855640162087,-1.12991885189259,19,"HOG:0006505;HOG:0005639;HOG:0023358;HOG:0026770;HOG:0025863;HOG:0026834;HOG:0012035;HOG:0011862;HOG:0024976;HOG:0006123;HOG:0004085;HOG:0028008",FALSE,"carbohydrate metabolic process","BP","anchor_module_mean_strength_ratio","perennial",3,0.75,"Brachypodium=0.3021;Hordeum=-0.1588;Briza=-0.03268;Festuca/Vulpia=-0.1493",0.799135400113125
"GO:0032555",0.34,0.856682769726248,0.107554375265169,0.285095037957728,1.08701621879981,42,"HOG:0008733;HOG:0011775;HOG:0027706;HOG:0017189;HOG:0027639;HOG:0032961;HOG:0025149;HOG:0007636;HOG:0012102;HOG:0025848;HOG:0023048;HOG:0007638;HOG:0011541",FALSE,"purine ribonucleotide binding","MF","anchor_module_mean_strength_ratio","annual",1,0.25,"Brachypodium=0.2158;Hordeum=-0.09017;Briza=-0.06753;Festuca/Vulpia=-0.1118",0.811148648648649
"GO:0019538",0.342007434944238,0.856682769726248,0.096240602328129,-0.291082354373234,-1.07499713994799,46,"HOG:0006139;HOG:0027281;HOG:0027303;HOG:0029544;HOG:0031227;HOG:0031321;HOG:0005788;HOG:0028394;HOG:0010710;HOG:0027147;HOG:0021123;HOG:0007936;HOG:0000079;HOG:0006208;HOG:0032593;HOG:0028395;HOG:0024337;HOG:0022830",FALSE,"protein metabolic process","BP","anchor_module_mean_strength_ratio","perennial",3,0.75,"Brachypodium=0.1741;Hordeum=-0.08542;Briza=-0.04186;Festuca/Vulpia=-0.2187",0.811148648648649
"GO:0006793",0.345291479820628,0.856682769726248,0.107140237276725,0.337736902260554,1.09002100604079,22,"HOG:0008733;HOG:0011775;HOG:0024629;HOG:0018459;HOG:0011628;HOG:0023669;HOG:0012102",FALSE,"phosphorus metabolic process","BP","anchor_module_mean_strength_ratio","annual",1,0.25,"Brachypodium=0.2459;Hordeum=-0.1146;Briza=-0.01147;Festuca/Vulpia=-0.09996",0.811148648648649
"GO:0006796",0.345291479820628,0.856682769726248,0.107140237276725,0.337736902260554,1.09002100604079,22,"HOG:0008733;HOG:0011775;HOG:0024629;HOG:0018459;HOG:0011628;HOG:0023669;HOG:0012102",FALSE,"phosphate-containing compound metabolic process","BP","anchor_module_mean_strength_ratio","annual",1,0.25,"Brachypodium=0.2459;Hordeum=-0.1146;Briza=-0.01147;Festuca/Vulpia=-0.09996",0.811148648648649
"GO:0016301",0.345833333333333,0.856682769726248,0.102449405629826,0.414829308553875,1.10657832196283,11,"HOG:0008733;HOG:0011775",FALSE,"kinase activity","MF","anchor_module_mean_strength_ratio","annual",1,0.25,"Brachypodium=0.2472;Hordeum=-0.1527;Briza=-0.02302;Festuca/Vulpia=-0.1173",0.811148648648649
"GO:1901363",0.348115299334812,0.856682769726248,0.105920292736253,0.267991508535121,1.07064374572191,53,"HOG:0008733;HOG:0020549;HOG:0011775;HOG:0027706;HOG:0017189;HOG:0027639;HOG:0032961;HOG:0029921;HOG:0025149;HOG:0007636;HOG:0012102;HOG:0025848;HOG:0023048;HOG:0007638;HOG:0011541",FALSE,"heterocyclic compound binding","MF","anchor_module_mean_strength_ratio","annual",1,0.25,"Brachypodium=0.2161;Hordeum=-0.0893;Briza=-0.06918;Festuca/Vulpia=-0.1093",0.811148648648649
"GO:0006082",0.349532710280374,0.856682769726248,0.0952879846194844,-0.399730362412534,-1.08546867715109,13,"HOG:0006505;HOG:0007713;HOG:0017319;HOG:0026770;HOG:0025863;HOG:0032397;HOG:0011640;HOG:0026340;HOG:0006123;HOG:0011497",FALSE,"organic acid metabolic process","BP","anchor_module_mean_strength_ratio","perennial",3,0.75,"Brachypodium=0.2447;Hordeum=-0.09791;Briza=-0.03128;Festuca/Vulpia=-0.124",0.811148648648649
"GO:0019752",0.349532710280374,0.856682769726248,0.0952879846194844,-0.399730362412534,-1.08546867715109,13,"HOG:0006505;HOG:0007713;HOG:0017319;HOG:0026770;HOG:0025863;HOG:0032397;HOG:0011640;HOG:0026340;HOG:0006123;HOG:0011497",FALSE,"carboxylic acid metabolic process","BP","anchor_module_mean_strength_ratio","perennial",3,0.75,"Brachypodium=0.2447;Hordeum=-0.09791;Briza=-0.03128;Festuca/Vulpia=-0.124",0.811148648648649
"GO:0043436",0.349532710280374,0.856682769726248,0.0952879846194844,-0.399730362412534,-1.08546867715109,13,"HOG:0006505;HOG:0007713;HOG:0017319;HOG:0026770;HOG:0025863;HOG:0032397;HOG:0011640;HOG:0026340;HOG:0006123;HOG:0011497",FALSE,"oxoacid metabolic process","BP","anchor_module_mean_strength_ratio","perennial",3,0.75,"Brachypodium=0.2447;Hordeum=-0.09791;Briza=-0.03128;Festuca/Vulpia=-0.124",0.811148648648649
"GO:0006810",0.352087114337568,0.856682769726248,0.0931454575337804,-0.322964156658563,-1.07787591475559,29,"HOG:0028065;HOG:0026902;HOG:0007645;HOG:0011532;HOG:0023825;HOG:0016371;HOG:0011064;HOG:0023564;HOG:0025186",FALSE,"transport","BP","anchor_module_mean_strength_ratio","perennial",3,0.75,"Brachypodium=0.2871;Hordeum=-0.03003;Briza=-0.08394;Festuca/Vulpia=-0.131",0.81323825062482
"GO:0032553",0.373068432671082,0.856682769726248,0.101350743797099,0.275746660961753,1.06134228273981,43,"HOG:0008733;HOG:0011775;HOG:0027706;HOG:0017189;HOG:0027639;HOG:0032961;HOG:0025149;HOG:0007636;HOG:0012102;HOG:0025848;HOG:0023048;HOG:0007638;HOG:0011541",FALSE,"ribonucleotide binding","MF","anchor_module_mean_strength_ratio","annual",1,0.25,"Brachypodium=0.2161;Hordeum=-0.09104;Briza=-0.06918;Festuca/Vulpia=-0.1093",0.821786527173262
"GO:0097367",0.373068432671082,0.856682769726248,0.101350743797099,0.275746660961753,1.06134228273981,43,"HOG:0008733;HOG:0011775;HOG:0027706;HOG:0017189;HOG:0027639;HOG:0032961;HOG:0025149;HOG:0007636;HOG:0012102;HOG:0025848;HOG:0023048;HOG:0007638;HOG:0011541",FALSE,"carbohydrate derivative binding","MF","anchor_module_mean_strength_ratio","annual",1,0.25,"Brachypodium=0.2161;Hordeum=-0.09104;Briza=-0.06918;Festuca/Vulpia=-0.1093",0.821786527173262
"GO:0051179",0.378571428571429,0.856682769726248,0.0880945010398517,-0.311553246476083,-1.05450560209901,30,"HOG:0028065;HOG:0026902;HOG:0007645;HOG:0011532;HOG:0023825;HOG:0016371;HOG:0011064;HOG:0023564;HOG:0025186",FALSE,"localization","BP","anchor_module_mean_strength_ratio","perennial",3,0.75,"Brachypodium=0.275;Hordeum=-0.02516;Briza=-0.08198;Festuca/Vulpia=-0.1352",0.821786527173262
"GO:0051234",0.378571428571429,0.856682769726248,0.0880945010398517,-0.311553246476083,-1.05450560209901,30,"HOG:0028065;HOG:0026902;HOG:0007645;HOG:0011532;HOG:0023825;HOG:0016371;HOG:0011064;HOG:0023564;HOG:0025186",FALSE,"establishment of localization","BP","anchor_module_mean_strength_ratio","perennial",3,0.75,"Brachypodium=0.275;Hordeum=-0.02516;Briza=-0.08198;Festuca/Vulpia=-0.1352",0.821786527173262
"GO:0016491",0.392461197339246,0.856682769726248,0.0985499803531691,0.303771733772666,1.05490147414527,29,"HOG:0020549;HOG:0016944;HOG:0031129;HOG:0024629;HOG:0007920;HOG:0029921;HOG:0011628",FALSE,"oxidoreductase activity","MF","anchor_module_mean_strength_ratio","annual",1,0.25,"Brachypodium=0.2815;Hordeum=-0.08475;Briza=-0.03268;Festuca/Vulpia=-0.124",0.837691290806838
"GO:0043228",0.393374741200828,0.856682769726248,0.0943563635421779,0.412606710969876,1.0622944536766,10,"HOG:0027706;HOG:0027639",FALSE,"membraneless organelle","CC","anchor_module_mean_strength_ratio","annual",2,0.5,"Brachypodium=0.1671;Hordeum=0.02107;Briza=-0.06913;Festuca/Vulpia=-0.1831",0.837691290806838
"GO:0043232",0.393374741200828,0.856682769726248,0.0943563635421779,0.412606710969876,1.0622944536766,10,"HOG:0027706;HOG:0027639",FALSE,"intracellular membraneless organelle","CC","anchor_module_mean_strength_ratio","annual",2,0.5,"Brachypodium=0.1671;Hordeum=0.02107;Briza=-0.06913;Festuca/Vulpia=-0.1831",0.837691290806838
"GO:0030554",0.476244343891403,0.859194776931447,0.0535669384770951,0.399419615040807,1.0151797463673,37,"HOG:0023048;HOG:0025149;HOG:0025848;HOG:0011775;HOG:0011541",FALSE,"adenyl nucleotide binding","MF","root_mean_activity","annual",2,0.5,"Brachypodium=0.04111;Hordeum=0.05824;Briza=-0.00785;Festuca/Vulpia=-0.01591",0.87928441253321
"GO:0051179",0.493243243243243,0.859194776931447,0.163180127180689,-0.279801314383601,-0.974336509772539,30,"HOG:0025124;HOG:0008637;HOG:0006523;HOG:0012012;HOG:0028850;HOG:0023564;HOG:0012011;HOG:0028661;HOG:0028263;HOG:0028636;HOG:0027704;HOG:0011064;HOG:0027005;HOG:0027975;HOG:0007645;HOG:0012261",FALSE,"localization","BP","root_mean_activity","perennial",4,1,"Brachypodium=-0.04679;Hordeum=-0.01408;Briza=-0.001792;Festuca/Vulpia=-0.02388",0.895145145145145
"GO:0051234",0.493243243243243,0.859194776931447,0.163180127180689,-0.279801314383601,-0.974336509772539,30,"HOG:0025124;HOG:0008637;HOG:0006523;HOG:0012012;HOG:0028850;HOG:0023564;HOG:0012011;HOG:0028661;HOG:0028263;HOG:0028636;HOG:0027704;HOG:0011064;HOG:0027005;HOG:0027975;HOG:0007645;HOG:0012261",FALSE,"establishment of localization","BP","root_mean_activity","perennial",4,1,"Brachypodium=-0.04679;Hordeum=-0.01408;Briza=-0.001792;Festuca/Vulpia=-0.02388",0.895145145145145
"GO:0016020",0.522875816993464,0.859194776931447,0.155241966228839,-0.273799336266328,-0.943997138040634,29,"HOG:0006661;HOG:0025124;HOG:0026073;HOG:0012012;HOG:0028850;HOG:0012011;HOG:0028263;HOG:0028198;HOG:0028636;HOG:0027704;HOG:0032629",FALSE,"membrane","CC","root_mean_activity","perennial",3,0.75,"Brachypodium=-0.02428;Hordeum=0.02124;Briza=-0.01074;Festuca/Vulpia=-0.0009417",0.922117260817047
"GO:0009059",0.557046979865772,0.859194776931447,0.0458620343117985,0.369770013808675,0.95381640163099,41,"HOG:0032903;HOG:0025959;HOG:0032904;HOG:0026742;HOG:0027918;HOG:0011541;HOG:0024976;HOG:0006139;HOG:0005683",FALSE,"macromolecule biosynthetic process","BP","root_mean_activity","annual",2,0.5,"Brachypodium=0.04733;Hordeum=-0.05321;Briza=-0.02849;Festuca/Vulpia=0.0438",0.946392296741791
"GO:0006793",0.576875768757688,0.859194776931447,0.0486034247259069,0.393544563149379,0.929602346194609,22,"HOG:0018459;HOG:0011775;HOG:0008733;HOG:0030062;HOG:0027147;HOG:0022830;HOG:0006505;HOG:0004085;HOG:0032593;HOG:0024629;HOG:0007697;HOG:0010571;HOG:0031321;HOG:0029110;HOG:0028766",FALSE,"phosphorus metabolic process","BP","root_mean_activity","annual",2,0.5,"Brachypodium=0.04036;Hordeum=0.05737;Briza=-0.002847;Festuca/Vulpia=-0.000436",0.950350881933204
"GO:0006796",0.576875768757688,0.859194776931447,0.0486034247259069,0.393544563149379,0.929602346194609,22,"HOG:0018459;HOG:0011775;HOG:0008733;HOG:0030062;HOG:0027147;HOG:0022830;HOG:0006505;HOG:0004085;HOG:0032593;HOG:0024629;HOG:0007697;HOG:0010571;HOG:0031321;HOG:0029110;HOG:0028766",FALSE,"phosphate-containing compound metabolic process","BP","root_mean_activity","annual",2,0.5,"Brachypodium=0.04036;Hordeum=0.05737;Briza=-0.002847;Festuca/Vulpia=-0.000436",0.950350881933204
"GO:0006082",0.582456140350877,0.859194776931447,0.102449405629826,-0.331197826477336,-0.916293598561406,13,"HOG:0026340;HOG:0031418",FALSE,"organic acid metabolic process","BP","root_mean_activity","perennial",1,0.25,"Brachypodium=0.02515;Hordeum=0.05712;Briza=-0.0178;Festuca/Vulpia=0.02491",0.950350881933204
"GO:0019752",0.582456140350877,0.859194776931447,0.102449405629826,-0.331197826477336,-0.916293598561406,13,"HOG:0026340;HOG:0031418",FALSE,"carboxylic acid metabolic process","BP","root_mean_activity","perennial",1,0.25,"Brachypodium=0.02515;Hordeum=0.05712;Briza=-0.0178;Festuca/Vulpia=0.02491",0.950350881933204
"GO:0043436",0.582456140350877,0.859194776931447,0.102449405629826,-0.331197826477336,-0.916293598561406,13,"HOG:0026340;HOG:0031418",FALSE,"oxoacid metabolic process","BP","root_mean_activity","perennial",1,0.25,"Brachypodium=0.02515;Hordeum=0.05712;Briza=-0.0178;Festuca/Vulpia=0.02491",0.950350881933204
"GO:0035639",0.590604026845638,0.859194776931447,0.0431901998334182,0.361846913259815,0.933378878378537,41,"HOG:0023048;HOG:0025149;HOG:0025848;HOG:0011775;HOG:0011541",FALSE,"purine ribonucleoside triphosphate binding","MF","root_mean_activity","annual",2,0.5,"Brachypodium=0.04111;Hordeum=0.0564;Briza=-0.00785;Festuca/Vulpia=-0.01803",0.950350881933204
"GO:0032555",0.594202898550725,0.859194776931447,0.0427591434738678,0.360015303696267,0.931478263705478,42,"HOG:0023048;HOG:0025149;HOG:0025848;HOG:0011775;HOG:0011541",FALSE,"purine ribonucleotide binding","MF","root_mean_activity","annual",2,0.5,"Brachypodium=0.04012;Hordeum=0.05618;Briza=-0.007595;Festuca/Vulpia=-0.01697",0.950350881933204
"GO:0032553",0.597560975609756,0.859194776931447,0.0422468188360053,0.357499887515256,0.926039041450657,43,"HOG:0023048;HOG:0025149;HOG:0025848;HOG:0011775;HOG:0011541",FALSE,"ribonucleotide binding","MF","root_mean_activity","annual",2,0.5,"Brachypodium=0.03913;Hordeum=0.0564;Briza=-0.00785;Festuca/Vulpia=-0.01803",0.950350881933204
"GO:0097367",0.597560975609756,0.859194776931447,0.0422468188360053,0.357499887515256,0.926039041450657,43,"HOG:0023048;HOG:0025149;HOG:0025848;HOG:0011775;HOG:0011541",FALSE,"carbohydrate derivative binding","MF","root_mean_activity","annual",2,0.5,"Brachypodium=0.03913;Hordeum=0.0564;Briza=-0.00785;Festuca/Vulpia=-0.01803",0.950350881933204
"GO:0043226",0.613504074505239,0.859194776931447,0.0432768714901103,0.365362573544243,0.905492487990231,32,"HOG:0032903;HOG:0025959;HOG:0032904",FALSE,"organelle","CC","root_mean_activity","annual",0,0,"Brachypodium=-0.07924;Hordeum=-0.03376;Briza=-0.02833;Festuca/Vulpia=-0.01068",0.950350881933204
"GO:0043229",0.613504074505239,0.859194776931447,0.0432768714901103,0.365362573544243,0.905492487990231,32,"HOG:0032903;HOG:0025959;HOG:0032904",FALSE,"intracellular organelle","CC","root_mean_activity","annual",0,0,"Brachypodium=-0.07924;Hordeum=-0.03376;Briza=-0.02833;Festuca/Vulpia=-0.01068",0.950350881933204
"GO:0043168",0.613710554951034,0.859194776931447,0.0401660980049421,0.350720071185495,0.922904058897087,49,"HOG:0023048;HOG:0025149;HOG:0025848;HOG:0011775;HOG:0011541;HOG:0011497;HOG:0006139",FALSE,"anion binding","MF","root_mean_activity","annual",2,0.5,"Brachypodium=0.03665;Hordeum=0.05651;Briza=-0.00734;Festuca/Vulpia=-0.01803",0.950350881933204
"GO:0090304",0.0216367603825075,0.879370952821462,0.352487857583619,-0.56642485343271,-1.6297052990456,17,"HOG:0006009;HOG:0010929;HOG:0006139;HOG:0006008",FALSE,"nucleic acid metabolic process","BP","recurrent_coverage","perennial",3,0.75,"Brachypodium=0.2549;Hordeum=-0.02326;Briza=-0.1379;Festuca/Vulpia=-0.09804",0.18324466200494
"GO:0006629",0.0408370139972438,0.879370952821462,0.321775918075361,0.60223160908867,1.58458222843209,11,"HOG:0020549;HOG:0024629;HOG:0007920;HOG:0031418",FALSE,"lipid metabolic process","BP","recurrent_coverage","annual",1,0.25,"Brachypodium=0.2762;Hordeum=-0.08333;Briza=0;Festuca/Vulpia=-0.08609",0.294886227390624
"GO:0008610",0.0508314464337275,0.879370952821462,0.321775918075361,0.63358460269523,1.61231304342255,10,"HOG:0020549;HOG:0024629;HOG:0007920;HOG:0031418",FALSE,"lipid biosynthetic process","BP","recurrent_coverage","annual",2,0.5,"Brachypodium=0.3048;Hordeum=-0.04672;Briza=0.02846;Festuca/Vulpia=-0.0795",0.321793789286049
"GO:0050896",0.08124997656807,0.879370952821462,0.287805130535564,-0.588528236168074,-1.52057084536704,11,"HOG:0006009;HOG:0006008;HOG:0032320;HOG:0011064;HOG:0012056",FALSE,"response to stimulus","BP","recurrent_coverage","perennial",3,0.75,"Brachypodium=0.2301;Hordeum=-0.1538;Briza=-0.05714;Festuca/Vulpia=-0.2028",0.432073518803845
"GO:0006139",0.0863970588235294,0.879370952821462,0.206587922696891,-0.416670995460991,-1.3805486820842,28,"HOG:0006009;HOG:0010929;HOG:0006139;HOG:0006008;HOG:0006505;HOG:0030062",FALSE,"nucleobase-containing compound metabolic process","BP","recurrent_coverage","perennial",3,0.75,"Brachypodium=0.2579;Hordeum=-0.06805;Briza=-0.02363;Festuca/Vulpia=-0.096",0.44562693498452
"GO:0043167",0.0906976744186047,0.879370952821462,0.227987202850442,0.309675898504657,1.28566730244056,75,"HOG:0008733;HOG:0020549;HOG:0011775;HOG:0024629;HOG:0027706;HOG:0017189;HOG:0028333;HOG:0032348;HOG:0007920;HOG:0027639;HOG:0018459;HOG:0032961;HOG:0021825;HOG:0029921;HOG:0032765;HOG:0006332;HOG:0025149;HOG:0012102;HOG:0023048;HOG:0025848;HOG:0007636;HOG:0007638",FALSE,"ion binding","MF","recurrent_coverage","annual",1,0.25,"Brachypodium=0.2273;Hordeum=-0.07812;Briza=-0.05;Festuca/Vulpia=-0.08392",0.454150398913597
"GO:0036094",0.0979020979020979,0.879370952821462,0.219250346703755,0.30169521160984,1.27153506075356,79,"HOG:0008733;HOG:0020549;HOG:0011775;HOG:0024629;HOG:0027706;HOG:0017189;HOG:0028333;HOG:0032348;HOG:0007920;HOG:0027639;HOG:0018459;HOG:0032961;HOG:0021825;HOG:0029921;HOG:0032765;HOG:0003561;HOG:0006332;HOG:0025149;HOG:0012102;HOG:0023048;HOG:0025848;HOG:0007636;HOG:0007638",FALSE,"small molecule binding","MF","recurrent_coverage","annual",1,0.25,"Brachypodium=0.2281;Hordeum=-0.07812;Briza=-0.05;Festuca/Vulpia=-0.08491",0.476318008232902
"GO:0030554",0.141906873614191,0.879370952821462,0.175204047558551,0.355157361238125,1.274163008627,37,"HOG:0008733;HOG:0020549;HOG:0011775;HOG:0027706;HOG:0017189;HOG:0027639;HOG:0025149;HOG:0012102;HOG:0023048;HOG:0025848;HOG:0007636;HOG:0007638;HOG:0011541",FALSE,"adenyl nucleotide binding","MF","recurrent_coverage","annual",1,0.25,"Brachypodium=0.2333;Hordeum=-0.08333;Briza=-0.02649;Festuca/Vulpia=-0.1039",0.579015712245163
"GO:0043168",0.142222222222222,0.879370952821462,0.175204047558551,0.326242420906706,1.253904480244,49,"HOG:0008733;HOG:0020549;HOG:0011775;HOG:0027706;HOG:0017189;HOG:0027639;HOG:0032961;HOG:0029921;HOG:0025149;HOG:0012102;HOG:0023048;HOG:0025848;HOG:0007636;HOG:0007638;HOG:0011541",FALSE,"anion binding","MF","recurrent_coverage","annual",1,0.25,"Brachypodium=0.2157;Hordeum=-0.07812;Briza=-0.05;Festuca/Vulpia=-0.1031",0.579015712245163
"GO:0032991",0.150655021834061,0.879370952821462,0.16823816568964,0.365656738716335,1.26184086374326,31,"HOG:0027706;HOG:0028636;HOG:0027639;HOG:0004116;HOG:0006661;HOG:0012011;HOG:0028850;HOG:0025316;HOG:0027704;HOG:0011544;HOG:0028661",FALSE,"protein-containing complex","CC","recurrent_coverage","annual",1,0.25,"Brachypodium= 0.25;Hordeum=-0.008197;Briza=-0.04478;Festuca/Vulpia=-0.123",0.59056768558952
"GO:0016192",0.158798283261803,0.879370952821462,0.161978948883402,0.466023686464496,1.30173497978186,13,"HOG:0026838;HOG:0028636;HOG:0012011;HOG:0027005",FALSE,"vesicle-mediated transport","BP","recurrent_coverage","annual",2,0.5,"Brachypodium=0.3269;Hordeum=0.09278;Briza=-0.07865;Festuca/Vulpia=-0.05634",0.611997878188745
"GO:0043169",0.174672489082969,0.879370952821462,0.155241966228839,0.354589045812947,1.22364748264523,31,"HOG:0020549;HOG:0024629;HOG:0028333;HOG:0032348;HOG:0007920;HOG:0018459;HOG:0021825;HOG:0032765;HOG:0006332;HOG:0025149;HOG:0012102;HOG:0007636",FALSE,"cation binding","MF","recurrent_coverage","annual",1,0.25,"Brachypodium=0.2407;Hordeum=-0.05;Briza=-0.02564;Festuca/Vulpia=-0.06522",0.649762219547329
"GO:0006412",0.177121771217712,0.879370952821462,0.140406238523342,-0.421378775899017,-1.25668197496572,19,"HOG:0006139;HOG:0028394;HOG:0005788;HOG:0021123;HOG:0006208;HOG:0028395;HOG:0024337;HOG:0012402;HOG:0007833;HOG:0023227;HOG:0033476",FALSE,"translation","BP","recurrent_coverage","perennial",3,0.75,"Brachypodium=0.1429;Hordeum=-0.01818;Briza=-0.03922;Festuca/Vulpia=-0.2206",0.649762219547329
"GO:0160307",0.177121771217712,0.879370952821462,0.140406238523342,-0.421378775899017,-1.25668197496572,19,"HOG:0006139;HOG:0028394;HOG:0005788;HOG:0021123;HOG:0006208;HOG:0028395;HOG:0024337;HOG:0012402;HOG:0007833;HOG:0023227;HOG:0033476",FALSE,"protein biosynthetic process","BP","recurrent_coverage","perennial",3,0.75,"Brachypodium=0.1429;Hordeum=-0.01818;Briza=-0.03922;Festuca/Vulpia=-0.2206",0.649762219547329
"GO:0046914",0.180873180873181,0.879370952821462,0.148261500475107,0.426455981518081,1.2675592673794,16,"HOG:0028333;HOG:0007920;HOG:0021825;HOG:0032765;HOG:0006332;HOG:0025149;HOG:0007636",FALSE,"transition metal ion binding","MF","recurrent_coverage","annual",1,0.25,"Brachypodium=0.2729;Hordeum=-0.04461;Briza=-0.009259;Festuca/Vulpia=-0.07731",0.653047379363169
"GO:0032559",0.18510158013544,0.879370952821462,0.153158808683073,0.350438625889442,1.21962997801102,33,"HOG:0008733;HOG:0011775;HOG:0027706;HOG:0017189;HOG:0027639;HOG:0025149;HOG:0012102;HOG:0023048;HOG:0025848;HOG:0007636;HOG:0007638;HOG:0011541",FALSE,"adenyl ribonucleotide binding","MF","recurrent_coverage","annual",1,0.25,"Brachypodium=0.2333;Hordeum=-0.08333;Briza=-0.01961;Festuca/Vulpia=-0.1031",0.657054285920265
"GO:0017076",0.205298013245033,0.879370952821462,0.142901149386948,0.307105112083391,1.16626197329358,46,"HOG:0008733;HOG:0020549;HOG:0011775;HOG:0027706;HOG:0017189;HOG:0027639;HOG:0032961;HOG:0025149;HOG:0012102;HOG:0023048;HOG:0025848;HOG:0007636;HOG:0007638;HOG:0011541",FALSE,"purine nucleotide binding","MF","recurrent_coverage","annual",1,0.25,"Brachypodium=0.2053;Hordeum=-0.08221;Briza=-0.06167;Festuca/Vulpia=-0.1042",0.667865914830318
"GO:0008270",0.227467811158798,0.879370952821462,0.132846300606183,0.432340958190384,1.20764966420158,13,"HOG:0028333;HOG:0021825;HOG:0032765;HOG:0006332;HOG:0025149;HOG:0007636;HOG:0028145",FALSE,"zinc ion binding","MF","recurrent_coverage","annual",1,0.25,"Brachypodium=0.2549;Hordeum=-0.03922;Briza=0;Festuca/Vulpia=-0.07071",0.689657740311578
"GO:0046872",0.228381374722838,0.879370952821462,0.135002033828631,0.345859158856453,1.17563474652991,30,"HOG:0020549;HOG:0024629;HOG:0028333;HOG:0032348;HOG:0007920;HOG:0018459;HOG:0021825;HOG:0032765;HOG:0006332;HOG:0025149",FALSE,"metal ion binding","MF","recurrent_coverage","annual",1,0.25,"Brachypodium=0.2344;Hordeum=-0.05042;Briza=-0.0296;Festuca/Vulpia=-0.06796",0.689657740311578
"GO:0044281",0.231203007518797,0.879370952821462,0.122107920287081,-0.3883827287161,-1.19425007109834,22,"HOG:0006505;HOG:0007713;HOG:0030062;HOG:0017319;HOG:0026770;HOG:0025863;HOG:0032397;HOG:0029110;HOG:0011640;HOG:0026340;HOG:0011862;HOG:0028766;HOG:0011497;HOG:0004085;HOG:0006123;HOG:0007697",FALSE,"small molecule metabolic process","BP","recurrent_coverage","perennial",3,0.75,"Brachypodium=0.2446;Hordeum=-0.0984;Briza=-0.02027;Festuca/Vulpia=-0.1315",0.689657740311578
"GO:0016070",0.232954545454545,0.879370952821462,0.122107920287081,-0.441390791833481,-1.20902322829167,14,"HOG:0010929;HOG:0006139",FALSE,"RNA metabolic process","BP","recurrent_coverage","perennial",3,0.75,"Brachypodium=0.2275;Hordeum=-0.02056;Briza=-0.09838;Festuca/Vulpia=-0.05172",0.689657740311578
"GO:0005524",0.236725663716814,0.879370952821462,0.132147260608774,0.334257510021005,1.16332983085899,32,"HOG:0008733;HOG:0011775;HOG:0027706;HOG:0017189;HOG:0027639;HOG:0025149;HOG:0023048;HOG:0025848;HOG:0007636;HOG:0007638;HOG:0011541",FALSE,"ATP binding","MF","recurrent_coverage","annual",1,0.25,"Brachypodium=0.2303;Hordeum=-0.08712;Briza=-0.0348;Festuca/Vulpia=-0.1035",0.689657740311578
"GO:0000166",0.25,0.879370952821462,0.128788713061714,0.28898960235224,1.12480978982842,51,"HOG:0008733;HOG:0020549;HOG:0011775;HOG:0027706;HOG:0017189;HOG:0027639;HOG:0032961;HOG:0029921;HOG:0025149;HOG:0012102;HOG:0023048;HOG:0025848;HOG:0007636;HOG:0007638;HOG:0011541",FALSE,"nucleotide binding","MF","recurrent_coverage","annual",1,0.25,"Brachypodium=0.2069;Hordeum=-0.08333;Briza=-0.07333;Festuca/Vulpia=-0.1031",0.717573221757322
"GO:1901265",0.25,0.879370952821462,0.128788713061714,0.28898960235224,1.12480978982842,51,"HOG:0008733;HOG:0020549;HOG:0011775;HOG:0027706;HOG:0017189;HOG:0027639;HOG:0032961;HOG:0029921;HOG:0025149;HOG:0012102;HOG:0023048;HOG:0025848;HOG:0007636;HOG:0007638;HOG:0011541",FALSE,"nucleoside phosphate binding","MF","recurrent_coverage","annual",1,0.25,"Brachypodium=0.2069;Hordeum=-0.08333;Briza=-0.07333;Festuca/Vulpia=-0.1031",0.717573221757322
"GO:0016772",0.268191268191268,0.879370952821462,0.118815039412263,0.385608177258332,1.14614694093663,16,"HOG:0008733;HOG:0011775;HOG:0026019",FALSE,"transferase activity, transferring phosphorus-containing groups","MF","recurrent_coverage","annual",1,0.25,"Brachypodium=0.2717;Hordeum=-0.1059;Briza=-0.04241;Festuca/Vulpia=-0.09533",0.747882967395163
"GO:1901363",0.29438202247191,0.879370952821462,0.11776578836269,0.279378067214207,1.09541910495754,53,"HOG:0008733;HOG:0020549;HOG:0011775;HOG:0027706;HOG:0017189;HOG:0027639;HOG:0032961;HOG:0029921;HOG:0025149;HOG:0012102;HOG:0023048;HOG:0025848;HOG:0007636;HOG:0007638;HOG:0011541",FALSE,"heterocyclic compound binding","MF","recurrent_coverage","annual",1,0.25,"Brachypodium=0.2069;Hordeum=-0.08108;Briza=-0.06338;Festuca/Vulpia=-0.1031",0.785938253738543
"GO:0043170",0.295373665480427,0.879370952821462,0.102449405629826,-0.280891442456346,-1.10097948732676,65,"HOG:0006009;HOG:0010929;HOG:0006139;HOG:0006008;HOG:0027281;HOG:0027303;HOG:0029544;HOG:0031227;HOG:0031321;HOG:0010710;HOG:0028394;HOG:0005788;HOG:0027147;HOG:0012035;HOG:0021123;HOG:0032904;HOG:0007936;HOG:0006208;HOG:0000079;HOG:0028395;HOG:0032593;HOG:0024976;HOG:0022830;HOG:0024337",FALSE,"macromolecule metabolic process","BP","recurrent_coverage","perennial",3,0.75,"Brachypodium=0.1882;Hordeum=-0.05;Briza=-0.03922;Festuca/Vulpia=-0.1733",0.785938253738543
"GO:0006793",0.295744680851064,0.879370952821462,0.11378726182188,0.350277023129004,1.1229637218857,22,"HOG:0008733;HOG:0011775;HOG:0024629;HOG:0018459;HOG:0011628;HOG:0023669;HOG:0012102",FALSE,"phosphorus metabolic process","BP","recurrent_coverage","annual",1,0.25,"Brachypodium=0.231;Hordeum=-0.1073;Briza=-0.009804;Festuca/Vulpia=-0.09003",0.785938253738543
"GO:0006796",0.295744680851064,0.879370952821462,0.11378726182188,0.350277023129004,1.1229637218857,22,"HOG:0008733;HOG:0011775;HOG:0024629;HOG:0018459;HOG:0011628;HOG:0023669;HOG:0012102",FALSE,"phosphate-containing compound metabolic process","BP","recurrent_coverage","annual",1,0.25,"Brachypodium=0.231;Hordeum=-0.1073;Briza=-0.009804;Festuca/Vulpia=-0.09003",0.785938253738543
"GO:0032555",0.309090909090909,0.879370952821462,0.115240003147781,0.297561553320507,1.09637065549446,42,"HOG:0008733;HOG:0011775;HOG:0027706;HOG:0017189;HOG:0027639;HOG:0032961;HOG:0025149;HOG:0012102;HOG:0023048;HOG:0025848;HOG:0007636;HOG:0007638;HOG:0011541",FALSE,"purine ribonucleotide binding","MF","recurrent_coverage","annual",1,0.25,"Brachypodium=0.2019;Hordeum=-0.08221;Briza=-0.06167;Festuca/Vulpia=-0.1035",0.795967106004281
"GO:0016301",0.314775160599572,0.879370952821462,0.110122263835536,0.427417275196432,1.12461353436102,11,"HOG:0008733;HOG:0011775",FALSE,"kinase activity","MF","recurrent_coverage","annual",1,0.25,"Brachypodium=0.2333;Hordeum=-0.1457;Briza=-0.01961;Festuca/Vulpia=-0.1046",0.799135400113125
"GO:0019538",0.347905282331512,0.879370952821462,0.0940503465727813,-0.289564831662877,-1.07676597950932,46,"HOG:0006139;HOG:0027281;HOG:0027303;HOG:0029544;HOG:0031227;HOG:0031321;HOG:0010710;HOG:0028394;HOG:0005788;HOG:0027147;HOG:0021123;HOG:0007936;HOG:0006208;HOG:0000079;HOG:0028395;HOG:0032593;HOG:0022830;HOG:0024337",FALSE,"protein metabolic process","BP","recurrent_coverage","perennial",3,0.75,"Brachypodium=0.1659;Hordeum=-0.08221;Briza=-0.03783;Festuca/Vulpia=-0.2043",0.811148648648649
"GO:0032553",0.356818181818182,0.879370952821462,0.105920292736253,0.288616819912588,1.06252910223797,43,"HOG:0008733;HOG:0011775;HOG:0027706;HOG:0017189;HOG:0027639;HOG:0032961;HOG:0025149;HOG:0012102;HOG:0023048;HOG:0025848;HOG:0007636;HOG:0007638;HOG:0011541",FALSE,"ribonucleotide binding","MF","recurrent_coverage","annual",1,0.25,"Brachypodium=0.2037;Hordeum=-0.08333;Briza=-0.06338;Festuca/Vulpia=-0.1031",0.815924242424242
"GO:0097367",0.356818181818182,0.879370952821462,0.105920292736253,0.288616819912588,1.06252910223797,43,"HOG:0008733;HOG:0011775;HOG:0027706;HOG:0017189;HOG:0027639;HOG:0032961;HOG:0025149;HOG:0012102;HOG:0023048;HOG:0025848;HOG:0007636;HOG:0007638;HOG:0011541",FALSE,"carbohydrate derivative binding","MF","recurrent_coverage","annual",1,0.25,"Brachypodium=0.2037;Hordeum=-0.08333;Briza=-0.06338;Festuca/Vulpia=-0.1031",0.815924242424242
"GO:0006082",0.363805970149254,0.879370952821462,0.0928481214159878,-0.397631422159587,-1.07148950813136,13,"HOG:0006505;HOG:0007713;HOG:0017319;HOG:0026770;HOG:0025863;HOG:0032397;HOG:0011640;HOG:0026340;HOG:0011497;HOG:0006123",FALSE,"organic acid metabolic process","BP","recurrent_coverage","perennial",3,0.75,"Brachypodium=0.2286;Hordeum=-0.09091;Briza=-0.02685;Festuca/Vulpia=-0.1127",0.820143102979803
"GO:0019752",0.363805970149254,0.879370952821462,0.0928481214159878,-0.397631422159587,-1.07148950813136,13,"HOG:0006505;HOG:0007713;HOG:0017319;HOG:0026770;HOG:0025863;HOG:0032397;HOG:0011640;HOG:0026340;HOG:0011497;HOG:0006123",FALSE,"carboxylic acid metabolic process","BP","recurrent_coverage","perennial",3,0.75,"Brachypodium=0.2286;Hordeum=-0.09091;Briza=-0.02685;Festuca/Vulpia=-0.1127",0.820143102979803
"GO:0043436",0.363805970149254,0.879370952821462,0.0928481214159878,-0.397631422159587,-1.07148950813136,13,"HOG:0006505;HOG:0007713;HOG:0017319;HOG:0026770;HOG:0025863;HOG:0032397;HOG:0011640;HOG:0026340;HOG:0011497;HOG:0006123",FALSE,"oxoacid metabolic process","BP","recurrent_coverage","perennial",3,0.75,"Brachypodium=0.2286;Hordeum=-0.09091;Briza=-0.02685;Festuca/Vulpia=-0.1127",0.820143102979803
"GO:0006810",0.364640883977901,0.879370952821462,0.0919686140000427,-0.317730515958331,-1.06628095157257,29,"HOG:0028065;HOG:0007645;HOG:0026902;HOG:0011532;HOG:0023825;HOG:0016371;HOG:0011064;HOG:0023564;HOG:0025186",FALSE,"transport","BP","recurrent_coverage","perennial",3,0.75,"Brachypodium=0.2727;Hordeum=-0.02564;Briza=-0.07865;Festuca/Vulpia=-0.1176",0.820143102979803
"GO:0005975",0.374538745387454,0.879370952821462,0.0905428948469474,-0.356262997946683,-1.06248656428329,19,"HOG:0006505;HOG:0005639;HOG:0023358;HOG:0026770;HOG:0025863;HOG:0012035;HOG:0026834;HOG:0024976;HOG:0028008;HOG:0011862;HOG:0004085;HOG:0006123",FALSE,"carbohydrate metabolic process","BP","recurrent_coverage","perennial",3,0.75,"Brachypodium=0.2876;Hordeum=-0.1523;Briza=-0.02685;Festuca/Vulpia=-0.137",0.821786527173262
"GO:0016491",0.376906318082789,0.879370952821462,0.0999276973731092,0.310283739852122,1.04480458284072,29,"HOG:0020549;HOG:0016944;HOG:0024629;HOG:0031129;HOG:0007920;HOG:0029921;HOG:0011628",FALSE,"oxidoreductase activity","MF","recurrent_coverage","annual",1,0.25,"Brachypodium=0.2676;Hordeum=-0.08333;Briza=-0.02649;Festuca/Vulpia=-0.1127",0.821786527173262
"GO:0051179",0.395644283121597,0.879370952821462,0.0865399737444125,-0.305914247920384,-1.03707827919815,30,"HOG:0028065;HOG:0007645;HOG:0026902;HOG:0011532;HOG:0023825;HOG:0016371;HOG:0011064;HOG:0023564;HOG:0025186",FALSE,"localization","BP","recurrent_coverage","perennial",3,0.75,"Brachypodium=0.2627;Hordeum=-0.02225;Briza=-0.07829;Festuca/Vulpia=-0.1251",0.837691290806838
"GO:0051234",0.395644283121597,0.879370952821462,0.0865399737444125,-0.305914247920384,-1.03707827919815,30,"HOG:0028065;HOG:0007645;HOG:0026902;HOG:0011532;HOG:0023825;HOG:0016371;HOG:0011064;HOG:0023564;HOG:0025186",FALSE,"establishment of localization","BP","recurrent_coverage","perennial",3,0.75,"Brachypodium=0.2627;Hordeum=-0.02225;Briza=-0.07829;Festuca/Vulpia=-0.1251",0.837691290806838
"GO:0035639",0.417233560090703,0.879370952821462,0.096240602328129,0.282344641784909,1.02955470369826,41,"HOG:0008733;HOG:0011775;HOG:0027706;HOG:0017189;HOG:0027639;HOG:0032961;HOG:0025149;HOG:0023048;HOG:0025848;HOG:0007636;HOG:0007638;HOG:0011541",FALSE,"purine ribonucleoside triphosphate binding","MF","recurrent_coverage","annual",1,0.25,"Brachypodium=  0.2;Hordeum=-0.08333;Briza=-0.07333;Festuca/Vulpia=-0.1039",0.844134536505332
"GO:0098796",0.417558886509636,0.879370952821462,0.0928481214159878,0.384224109526037,1.03989519803864,12,"HOG:0028636;HOG:0012011;HOG:0028850;HOG:0027704;HOG:0025124",FALSE,"membrane protein complex","CC","recurrent_coverage","annual",2,0.5,"Brachypodium=0.2141;Hordeum=0.04139;Briza=-0.07562;Festuca/Vulpia=-0.04704",0.844134536505332
"GO:0043228",0.421739130434783,0.879370952821462,0.0931454575337804,0.413101024909053,1.05123793709437,10,"HOG:0027706;HOG:0027639",FALSE,"membraneless organelle","CC","recurrent_coverage","annual",2,0.5,"Brachypodium=0.1575;Hordeum=0.02176;Briza=-0.06383;Festuca/Vulpia=-0.1706",0.844134536505332
"GO:0043232",0.421739130434783,0.879370952821462,0.0931454575337804,0.413101024909053,1.05123793709437,10,"HOG:0027706;HOG:0027639",FALSE,"intracellular membraneless organelle","CC","recurrent_coverage","annual",2,0.5,"Brachypodium=0.1575;Hordeum=0.02176;Briza=-0.06383;Festuca/Vulpia=-0.1706",0.844134536505332
"GO:0098796",0.420618556701031,0.883049488135114,0.0902635484340068,0.372097256265125,1.02541770185115,12,"HOG:0028636;HOG:0012011;HOG:0028850;HOG:0027704;HOG:0025124",FALSE,"membrane protein complex","CC","anchor_module_mean_strength_ratio","annual",2,0.5,"Brachypodium=0.2251;Hordeum=0.04543;Briza=-0.07881;Festuca/Vulpia=-0.05444",0.844134536505332
"GO:0035639",0.42350332594235,0.883049488135114,0.0940503465727813,0.269970923710868,1.02048272696723,41,"HOG:0008733;HOG:0011775;HOG:0027706;HOG:0017189;HOG:0027639;HOG:0032961;HOG:0025149;HOG:0007636;HOG:0025848;HOG:0023048;HOG:0007638;HOG:0011541",FALSE,"purine ribonucleoside triphosphate binding","MF","anchor_module_mean_strength_ratio","annual",1,0.25,"Brachypodium=0.2155;Hordeum=-0.09104;Briza=-0.07845;Festuca/Vulpia=-0.1143",0.844134536505332
"GO:0006810",0.647058823529412,0.883449456056717,0.138022242496643,-0.258530904673301,-0.891355097622513,29,"HOG:0025124;HOG:0008637;HOG:0006523;HOG:0012012;HOG:0028850;HOG:0023564;HOG:0012011;HOG:0028263;HOG:0028636;HOG:0027704;HOG:0011064;HOG:0027005;HOG:0027975;HOG:0007645;HOG:0012261",FALSE,"transport","BP","root_mean_activity","perennial",4,1,"Brachypodium=-0.0373;Hordeum=-0.01375;Briza=-0.0003463;Festuca/Vulpia=-0.01841",0.988600931952623
"GO:0017076",0.649064906490649,0.883449456056717,0.0380842053196415,0.339907675561614,0.889647904064929,46,"HOG:0023048;HOG:0025149;HOG:0025848;HOG:0011775;HOG:0011541",FALSE,"purine nucleotide binding","MF","root_mean_activity","annual",2,0.5,"Brachypodium=0.03581;Hordeum=0.05645;Briza=-0.005378;Festuca/Vulpia=-0.01426",0.988600931952623
"GO:0006412",0.866666666666667,0.884722222222222,0.048701086452153,0.270944084053841,0.714843611266849,19,"HOG:0019536;HOG:0024277",FALSE,"translation","BP","leaf_early_to_late","annual",2,0.5,"Brachypodium=-0.02719;Hordeum=0.5812;Briza=0.02752;Festuca/Vulpia=-0.1856",0.99474518780812
"GO:0160307",0.866666666666667,0.884722222222222,0.048701086452153,0.270944084053841,0.714843611266849,19,"HOG:0019536;HOG:0024277",FALSE,"protein biosynthetic process","BP","leaf_early_to_late","annual",2,0.5,"Brachypodium=-0.02719;Hordeum=0.5812;Briza=0.02752;Festuca/Vulpia=-0.1856",0.99474518780812
"GO:0017111",0.697674418604651,0.886439120910183,0.0886261133285098,-0.31663460506742,-0.85443022634346,12,"HOG:0033476",FALSE,"ribonucleoside triphosphate phosphatase activity","MF","root_mean_activity","perennial",1,0.25,"Brachypodium=0.03009;Hordeum=0.01674;Briza=0.001988;Festuca/Vulpia=-0.01697",0.993089981736005
"GO:1901363",0.70479302832244,0.886439120910183,0.0337507376805299,0.325498075847586,0.860912299692492,53,"HOG:0023048;HOG:0025149;HOG:0025848;HOG:0011775;HOG:0011541;HOG:0011497;HOG:0006139",FALSE,"heterocyclic compound binding","MF","root_mean_activity","annual",2,0.5,"Brachypodium=0.03005;Hordeum=0.05651;Briza=-0.00734;Festuca/Vulpia=-0.01803",0.99474518780812
"GO:0000166",0.73551912568306,0.886439120910183,0.0318534652552707,0.317459424602996,0.835890578957181,51,"HOG:0023048;HOG:0025149;HOG:0025848;HOG:0011775;HOG:0011541",FALSE,"nucleotide binding","MF","root_mean_activity","annual",2,0.5,"Brachypodium=0.03005;Hordeum=0.05651;Briza=-0.00734;Festuca/Vulpia=-0.01803",0.99474518780812
"GO:1901265",0.73551912568306,0.886439120910183,0.0318534652552707,0.317459424602996,0.835890578957181,51,"HOG:0023048;HOG:0025149;HOG:0025848;HOG:0011775;HOG:0011541",FALSE,"nucleoside phosphate binding","MF","root_mean_activity","annual",2,0.5,"Brachypodium=0.03005;Hordeum=0.05651;Briza=-0.00734;Festuca/Vulpia=-0.01803",0.99474518780812
"GO:0005622",0.736842105263158,0.886439120910183,0.030918431706181,0.310026236015957,0.834428693811297,62,"HOG:0032903;HOG:0011540;HOG:0025959;HOG:0032904;HOG:0018459;HOG:0031227;HOG:0007857;HOG:0027918;HOG:0011541",FALSE,"intracellular anatomical structure","CC","root_mean_activity","annual",0,0,"Brachypodium=-0.02611;Hordeum=-0.03376;Briza=-0.02092;Festuca/Vulpia=-0.01442",0.99474518780812
"GO:0006753",0.746794871794872,0.886439120910183,0.0828962134571565,-0.292307692307692,-0.781284129113388,11,"HOG:0011628;HOG:0012102;HOG:0023230;HOG:0006123;HOG:0023669;HOG:0020076;HOG:0028766;HOG:0029110;HOG:0007697;HOG:0006505;HOG:0030062",FALSE,"nucleoside phosphate metabolic process","BP","root_mean_activity","perennial",1,0.25,"Brachypodium=0.02131;Hordeum=0.04982;Briza=-0.0003431;Festuca/Vulpia=0.01141",0.99474518780812
"GO:0055086",0.746794871794872,0.886439120910183,0.0828962134571565,-0.292307692307692,-0.781284129113388,11,"HOG:0011628;HOG:0012102;HOG:0023230;HOG:0006123;HOG:0023669;HOG:0020076;HOG:0028766;HOG:0029110;HOG:0007697;HOG:0006505;HOG:0030062",FALSE,"nucleobase-containing small molecule metabolic process","BP","root_mean_activity","perennial",1,0.25,"Brachypodium=0.02131;Hordeum=0.04982;Briza=-0.0003431;Festuca/Vulpia=0.01141",0.99474518780812
"GO:0072521",0.746794871794872,0.886439120910183,0.0828962134571565,-0.292307692307692,-0.781284129113388,11,"HOG:0011628;HOG:0012102;HOG:0023230;HOG:0006123;HOG:0023669;HOG:0020076;HOG:0028766;HOG:0029110;HOG:0007697;HOG:0006505;HOG:0030062",FALSE,"purine-containing compound metabolic process","BP","root_mean_activity","perennial",1,0.25,"Brachypodium=0.02131;Hordeum=0.04982;Briza=-0.0003431;Festuca/Vulpia=0.01141",0.99474518780812
"GO:0016192",0.750877192982456,0.886439120910183,0.0875697115548511,-0.29584545866895,-0.818487557195283,13,"HOG:0025124;HOG:0012012;HOG:0028850;HOG:0012011;HOG:0028636;HOG:0027704;HOG:0027005",FALSE,"vesicle-mediated transport","BP","root_mean_activity","perennial",2,0.5,"Brachypodium=-0.06668;Hordeum=-0.03453;Briza=0.00002008;Festuca/Vulpia=0.0101",0.99474518780812
"GO:0019637",0.750877192982456,0.886439120910183,0.0875697115548511,-0.294117647058824,-0.813707384768677,13,"HOG:0011628;HOG:0012102;HOG:0023230;HOG:0006123;HOG:0023669;HOG:0020076;HOG:0028766;HOG:0029110;HOG:0007697;HOG:0024629;HOG:0004085;HOG:0006505;HOG:0030062",FALSE,"organophosphate metabolic process","BP","root_mean_activity","perennial",2,0.5,"Brachypodium=0.02515;Hordeum=0.05595;Briza=-0.0003431;Festuca/Vulpia=-0.006287",0.99474518780812
"GO:0044281",0.751322751322751,0.886439120910183,0.112378519110475,-0.255704676291772,-0.834782004899538,22,"HOG:0026340;HOG:0031418",FALSE,"small molecule metabolic process","BP","root_mean_activity","perennial",1,0.25,"Brachypodium=0.02697;Hordeum=0.05654;Briza=-0.007071;Festuca/Vulpia=0.01298",0.99474518780812
"GO:1901135",0.760797342192691,0.886439120910183,0.0838361057159929,-0.29320987654321,-0.79121920716028,12,"HOG:0032629;HOG:0023230;HOG:0006123;HOG:0023669;HOG:0020076;HOG:0028766;HOG:0029110;HOG:0007697;HOG:0024629;HOG:0004085;HOG:0006505;HOG:0030062",FALSE,"carbohydrate derivative metabolic process","BP","root_mean_activity","perennial",1,0.25,"Brachypodium=0.02697;Hordeum=0.0572;Briza=0.001013;Festuca/Vulpia=-0.006836",0.99474518780812
"GO:1902494",0.783018867924528,0.886439120910183,0.0793434960134973,-0.288178745634897,-0.736210704103462,10,"HOG:0006661",FALSE,"catalytic complex","CC","root_mean_activity","perennial",2,0.5,"Brachypodium=-0.08781;Hordeum=0.02545;Briza=-0.01379;Festuca/Vulpia=0.07128",0.99474518780812
"GO:0009058",0.795550847457627,0.886439120910183,0.0263245268606861,0.292422736732897,0.791927939111161,65,"HOG:0032903;HOG:0025959;HOG:0032904;HOG:0026742",FALSE,"biosynthetic process","BP","root_mean_activity","annual",2,0.5,"Brachypodium=0.04401;Hordeum=0.0449;Briza=-0.01834;Festuca/Vulpia=-0.004425",0.99474518780812
"GO:0110165",0.798748696558916,0.886439120910183,0.0252712808055621,0.289308765140766,0.793833019858646,78,"HOG:0032903;HOG:0011540;HOG:0025959;HOG:0032904;HOG:0018459;HOG:0027285;HOG:0031227;HOG:0007857;HOG:0027918;HOG:0011541;HOG:0024976;HOG:0032920;HOG:0006139;HOG:0005683",FALSE,"cellular anatomical structure","CC","root_mean_activity","annual",1,0.25,"Brachypodium=0.000534;Hordeum=-0.01408;Briza=-0.01497;Festuca/Vulpia=-0.006936",0.99474518780812
"GO:0016757",0.80503144654088,0.886439120910183,0.0778840111977068,-0.279858882217415,-0.714955935674465,10,"HOG:0006661;HOG:0028005",FALSE,"glycosyltransferase activity","MF","root_mean_activity","perennial",3,0.75,"Brachypodium=-0.05625;Hordeum=-0.04612;Briza=-0.03796;Festuca/Vulpia=0.01481",0.99474518780812
"GO:0016758",0.80503144654088,0.886439120910183,0.0778840111977068,-0.279858882217415,-0.714955935674465,10,"HOG:0006661;HOG:0028005",FALSE,"hexosyltransferase activity","MF","root_mean_activity","perennial",3,0.75,"Brachypodium=-0.05625;Hordeum=-0.04612;Briza=-0.03796;Festuca/Vulpia=0.01481",0.99474518780812
"GO:0016020",0.431570839501016,0.897484964461454,0.203508959461977,-0.242465194630067,-1.00909417606506,29,"HOG:0031056;HOG:0027601;HOG:0024574;HOG:0027285;HOG:0024976;HOG:0021943;HOG:0007857",FALSE,"membrane","CC","root_early_to_late","perennial",3,0.75,"Brachypodium=1.199;Hordeum=-0.0127;Briza=-0.2219;Festuca/Vulpia=-0.02539",0.853191919013535
"GO:0006753",0.461038961038961,0.897484964461454,0.165656695205483,-0.326359196383772,-0.974198012346517,11,"HOG:0011628;HOG:0007697;HOG:0012102",FALSE,"nucleoside phosphate metabolic process","BP","root_early_to_late","perennial",1,0.25,"Brachypodium=0.2032;Hordeum=-0.03479;Briza=0.1092;Festuca/Vulpia=0.005818",0.86685704037854
"GO:0055086",0.461038961038961,0.897484964461454,0.165656695205483,-0.326359196383772,-0.974198012346517,11,"HOG:0011628;HOG:0007697;HOG:0012102",FALSE,"nucleobase-containing small molecule metabolic process","BP","root_early_to_late","perennial",1,0.25,"Brachypodium=0.2032;Hordeum=-0.03479;Briza=0.1092;Festuca/Vulpia=0.005818",0.86685704037854
"GO:0072521",0.461038961038961,0.897484964461454,0.165656695205483,-0.326359196383772,-0.974198012346517,11,"HOG:0011628;HOG:0007697;HOG:0012102",FALSE,"purine-containing compound metabolic process","BP","root_early_to_late","perennial",1,0.25,"Brachypodium=0.2032;Hordeum=-0.03479;Briza=0.1092;Festuca/Vulpia=0.005818",0.86685704037854
"GO:0016740",0.478701825557809,0.897484964461454,0.0483117581055019,0.49383718500397,1.01818741259186,37,"HOG:0023138;HOG:0025342;HOG:0011775;HOG:0025959;HOG:0026019",FALSE,"transferase activity","MF","root_early_to_late","annual",1,0.25,"Brachypodium=0.705;Hordeum=-0.04462;Briza=-0.009331;Festuca/Vulpia=-0.01141",0.87928441253321
"GO:0012505",0.48051948051948,0.897484964461454,0.161978948883402,-0.316923076923077,-0.946030738604172,11,"HOG:0021943;HOG:0008696;HOG:0012511;HOG:0012012;HOG:0032629;HOG:0008697;HOG:0027704;HOG:0012011;HOG:0028850;HOG:0026073;HOG:0011717",FALSE,"endomembrane system","CC","root_early_to_late","perennial",2,0.5,"Brachypodium=1.387;Hordeum=0.06789;Briza=-0.2905;Festuca/Vulpia=-0.04493",0.87928441253321
"GO:0051641",0.526315789473684,0.897484964461454,0.224966093540314,-0.258184343498281,-0.975343101604912,19,"HOG:0011064;HOG:0007857;HOG:0012261;HOG:0023564;HOG:0016371;HOG:0005666;HOG:0028661;HOG:0029148;HOG:0008637;HOG:0012511;HOG:0012012;HOG:0028636;HOG:0006523;HOG:0025124;HOG:0027704;HOG:0012011;HOG:0028850",FALSE,"cellular localization","BP","root_early_to_late","perennial",2,0.5,"Brachypodium=1.461;Hordeum=0.03217;Briza=-0.2777;Festuca/Vulpia=-0.06345",0.923408264907794
"GO:0016787",0.533872598584429,0.897484964461454,0.0431901998334182,0.478290783590071,0.989593711508272,38,"HOG:0011540;HOG:0025149;HOG:0011541;HOG:0025848;HOG:0003782",FALSE,"hydrolase activity","MF","root_early_to_late","annual",2,0.5,"Brachypodium=0.6638;Hordeum=-0.03494;Briza=0.03919;Festuca/Vulpia=-0.01251",0.933655643129926
"GO:0140096",0.539748953974895,0.897484964461454,0.0442407423477375,0.494861980259231,0.995416598128544,25,"HOG:0011540;HOG:0011775;HOG:0025959;HOG:0032963;HOG:0031321;HOG:0028718;HOG:0010571;HOG:0007637;HOG:0007636;HOG:0032593;HOG:0029544;HOG:0007936;HOG:0022830;HOG:0003541;HOG:0027281",FALSE,"catalytic activity, acting on a protein","MF","root_early_to_late","annual",3,0.75,"Brachypodium=0.2895;Hordeum=-0.04272;Briza=0.09473;Festuca/Vulpia=0.05291",0.933655643129926
"GO:0050789",0.539842873176206,0.897484964461454,0.0474483193656297,0.527579837490205,0.998423644782848,14,"HOG:0011541;HOG:0025959;HOG:0026742",FALSE,"regulation of biological process","BP","root_early_to_late","annual",3,0.75,"Brachypodium=1.499;Hordeum=0.05145;Briza=-0.2867;Festuca/Vulpia=0.001543",0.933655643129926
"GO:0050794",0.539842873176206,0.897484964461454,0.0474483193656297,0.527579837490205,0.998423644782848,14,"HOG:0011541;HOG:0025959;HOG:0026742",FALSE,"regulation of cellular process","BP","root_early_to_late","annual",3,0.75,"Brachypodium=1.499;Hordeum=0.05145;Briza=-0.2867;Festuca/Vulpia=0.001543",0.933655643129926
"GO:0065007",0.539842873176206,0.897484964461454,0.0474483193656297,0.527579837490205,0.998423644782848,14,"HOG:0011541;HOG:0025959;HOG:0026742",FALSE,"biological regulation","BP","root_early_to_late","annual",3,0.75,"Brachypodium=1.499;Hordeum=0.05145;Briza=-0.2867;Festuca/Vulpia=0.001543",0.933655643129926
"GO:0019637",0.540322580645161,0.897484964461454,0.170932335370056,-0.292150537206216,-0.910058825014286,13,"HOG:0011628;HOG:0007697;HOG:0012102",FALSE,"organophosphate metabolic process","BP","root_early_to_late","perennial",1,0.25,"Brachypodium=0.2032;Hordeum=-0.03479;Briza=0.09992;Festuca/Vulpia=0.02692",0.933655643129926
"GO:0016874",0.444649446494465,0.907825953259533,0.0810802057550866,-0.402092948357473,-1.01042191185618,10,"HOG:0006139;HOG:0011942",FALSE,"ligase activity","MF","recurrent_coverage","perennial",3,0.75,"Brachypodium=0.3637;Hordeum=-0.05092;Briza=-0.06776;Festuca/Vulpia=-0.185",0.857092334272562
"GO:0098796",0.810841983852365,0.916971267019175,0.0297064584935533,-0.368168495292741,-0.752222064243672,12,"HOG:0012012;HOG:0012011;HOG:0025124;HOG:0028850;HOG:0026073;HOG:0028636;HOG:0027704;HOG:0032629;HOG:0005666",FALSE,"membrane protein complex","CC","leaf_mean_activity","perennial",3,0.75,"Brachypodium=-0.2516;Hordeum=-0.06068;Briza=0.02135;Festuca/Vulpia=-0.006161",0.99474518780812
"GO:0050896",0.81615925058548,0.916971267019175,0.0301329841082956,-0.370699760627978,-0.74273942430512,11,"HOG:0003561;HOG:0032060",FALSE,"response to stimulus","BP","leaf_mean_activity","perennial",1,0.25,"Brachypodium=-0.04634;Hordeum=0.09702;Briza=0.01993;Festuca/Vulpia=0.007589",0.99474518780812
"GO:0005975",0.842105263157895,0.916971267019175,0.175204047558551,0.225672919962452,0.77646710902778,19,"HOG:0006505;HOG:0005639;HOG:0028008;HOG:0023358;HOG:0004085;HOG:0033256;HOG:0011862;HOG:0025863;HOG:0026770;HOG:0000322;HOG:0000191",FALSE,"carbohydrate metabolic process","BP","leaf_mean_activity","annual",3,0.75,"Brachypodium=-0.0584;Hordeum=0.1181;Briza=0.01736;Festuca/Vulpia=0.0406",0.99474518780812
"GO:0016787",0.844195519348269,0.916971267019175,0.0207818350435559,-0.325835598513301,-0.762298678180907,38,"HOG:0011540;HOG:0025149;HOG:0025848;HOG:0011541",FALSE,"hydrolase activity","MF","leaf_mean_activity","perennial",1,0.25,"Brachypodium=-0.09176;Hordeum=0.1009;Briza=0.02959;Festuca/Vulpia=0.02928",0.99474518780812
"GO:0045184",0.866886688668867,0.916971267019175,0.0237208606775806,-0.316523269565655,-0.687480719741361,17,"HOG:0012012;HOG:0012011;HOG:0008637;HOG:0025124;HOG:0028661;HOG:0006523;HOG:0028850;HOG:0011064;HOG:0028636;HOG:0027704;HOG:0005666;HOG:0012261;HOG:0026902",FALSE,"establishment of protein localization","BP","leaf_mean_activity","perennial",2,0.5,"Brachypodium=-0.2633;Hordeum=-0.04147;Briza=0.008107;Festuca/Vulpia=0.001039",0.99474518780812
"GO:0051641",0.868250539956803,0.916971267019175,0.0225842720346634,-0.310124716900269,-0.681293394145127,19,"HOG:0012012;HOG:0012011;HOG:0008637;HOG:0025124;HOG:0028661;HOG:0006523;HOG:0028850;HOG:0011064;HOG:0023564;HOG:0028636;HOG:0027704;HOG:0005666;HOG:0012261;HOG:0026902",FALSE,"cellular localization","BP","leaf_mean_activity","perennial",2,0.5,"Brachypodium=-0.2633;Hordeum=-0.04147;Briza=0.008107;Festuca/Vulpia=0.001039",0.99474518780812
"GO:0012505",0.870023419203747,0.916971267019175,0.0268860833830403,-0.337421941354692,-0.676063502294003,11,"HOG:0011717;HOG:0012012;HOG:0012011;HOG:0028850;HOG:0026073;HOG:0027704;HOG:0032629",FALSE,"endomembrane system","CC","leaf_mean_activity","perennial",2,0.5,"Brachypodium=-0.2712;Hordeum=-0.06287;Briza=0.02114;Festuca/Vulpia=0.07824",0.99474518780812
"GO:0046907",0.87018701870187,0.916971267019175,0.0235084845013289,-0.314597867010167,-0.683298792970368,17,"HOG:0012012;HOG:0012011;HOG:0008637;HOG:0025124;HOG:0006523;HOG:0028850;HOG:0011064;HOG:0023564;HOG:0028636;HOG:0027704;HOG:0005666;HOG:0012261;HOG:0026902",FALSE,"intracellular transport","BP","leaf_mean_activity","perennial",2,0.5,"Brachypodium=-0.2633;Hordeum=-0.04147;Briza=0.008107;Festuca/Vulpia=0.001039",0.99474518780812
"GO:0051649",0.87018701870187,0.916971267019175,0.0235084845013289,-0.314597867010167,-0.683298792970368,17,"HOG:0012012;HOG:0012011;HOG:0008637;HOG:0025124;HOG:0006523;HOG:0028850;HOG:0011064;HOG:0023564;HOG:0028636;HOG:0027704;HOG:0005666;HOG:0012261;HOG:0026902",FALSE,"establishment of localization in cell","BP","leaf_mean_activity","perennial",2,0.5,"Brachypodium=-0.2633;Hordeum=-0.04147;Briza=0.008107;Festuca/Vulpia=0.001039",0.99474518780812
"GO:0016301",0.912778904665314,0.922077922077922,0.0504983044100709,0.273846153846154,0.621925720842104,11,"HOG:0011775;HOG:0031321;HOG:0010710;HOG:0010571;HOG:0032593;HOG:0000191;HOG:0022830;HOG:0004085;HOG:0006505;HOG:0027147;HOG:0008733",FALSE,"kinase activity","MF","leaf_early_to_late","annual",1,0.25,"Brachypodium=0.1599;Hordeum=-0.4022;Briza=-0.05465;Festuca/Vulpia=-0.00668",0.99474518780812
"GO:0005975",0.922077922077922,0.922077922077922,0.0530212512043078,-0.24491758194309,-0.661112832752787,19,"HOG:0028695;HOG:0028005;HOG:0005639;HOG:0012035;HOG:0006505;HOG:0023358;HOG:0028008;HOG:0004085;HOG:0026770",FALSE,"carbohydrate metabolic process","BP","leaf_early_to_late","perennial",3,0.75,"Brachypodium=0.1491;Hordeum=-0.4056;Briza=-0.07439;Festuca/Vulpia=-0.00688",0.99474518780812
"GO:0016757",0.0604938271604938,0.924812588493483,0.20207170902116,-0.58128446185691,-1.43480898108618,10,"HOG:0031056;HOG:0008585;HOG:0033256;HOG:0008696;HOG:0024976;HOG:0028198;HOG:0027285;HOG:0008697",FALSE,"glycosyltransferase activity","MF","internal_edge_density","perennial",4,1,"Brachypodium=-0.01042;Hordeum=-0.09668;Briza=-0.05762;Festuca/Vulpia=-0.04541",0.360076153873528
"GO:0016758",0.0604938271604938,0.924812588493483,0.20207170902116,-0.58128446185691,-1.43480898108618,10,"HOG:0031056;HOG:0008585;HOG:0033256;HOG:0008696;HOG:0024976;HOG:0028198;HOG:0027285;HOG:0008697",FALSE,"hexosyltransferase activity","MF","internal_edge_density","perennial",4,1,"Brachypodium=-0.01042;Hordeum=-0.09668;Briza=-0.05762;Festuca/Vulpia=-0.04541",0.360076153873528
"GO:0140096",0.0696902654867257,0.924812588493483,0.176694268938498,-0.460419802477577,-1.38327898235071,25,"HOG:0031129;HOG:0000079;HOG:0027281;HOG:0007638;HOG:0028718;HOG:0029544;HOG:0010571;HOG:0027147;HOG:0007637;HOG:0031530;HOG:0010710;HOG:0032593;HOG:0011540;HOG:0032963;HOG:0007936;HOG:0003541;HOG:0025959;HOG:0023914;HOG:0007636;HOG:0031321;HOG:0022830",FALSE,"catalytic activity, acting on a protein","MF","internal_edge_density","perennial",3,0.75,"Brachypodium=0.05869;Hordeum=-0.06912;Briza=-0.06623;Festuca/Vulpia=-0.08202",0.401743883394066
"GO:0043226",0.0754949051831415,0.924812588493483,0.287805130535564,0.267503432341772,1.26869627710562,32,"HOG:0027639;HOG:0027918;HOG:0021123;HOG:0000122;HOG:0024337;HOG:0023227;HOG:0007833;HOG:0005683",FALSE,"organelle","CC","internal_edge_density","annual",1,0.25,"Brachypodium=0.07478;Hordeum=-0.01286;Briza=-0.02172;Festuca/Vulpia=-0.04329",0.427236342934366
"GO:0043229",0.0754949051831415,0.924812588493483,0.287805130535564,0.267503432341772,1.26869627710562,32,"HOG:0027639;HOG:0027918;HOG:0021123;HOG:0000122;HOG:0024337;HOG:0023227;HOG:0007833;HOG:0005683",FALSE,"intracellular organelle","CC","internal_edge_density","annual",1,0.25,"Brachypodium=0.07478;Hordeum=-0.01286;Briza=-0.02172;Festuca/Vulpia=-0.04329",0.427236342934366
"GO:0005575",0.859228362877998,0.935604217356042,0.0211456362513594,0.273905915987891,0.751112156721644,83,"HOG:0032903;HOG:0011540;HOG:0025959;HOG:0032904;HOG:0018459;HOG:0027285;HOG:0031227;HOG:0007857;HOG:0027918;HOG:0011541;HOG:0024976;HOG:0032920;HOG:0006139;HOG:0005683",FALSE,"cellular_component","CC","root_mean_activity","annual",0,0,"Brachypodium=-0.002756;Hordeum=-0.01441;Briza=-0.01255;Festuca/Vulpia=-0.0009417",0.99474518780812
"GO:0005975",0.878923766816143,0.946533287340462,0.0925528864684773,-0.231219055121123,-0.723745708153906,19,"HOG:0006661;HOG:0028005",FALSE,"carbohydrate metabolic process","BP","root_mean_activity","perennial",1,0.25,"Brachypodium=0.02846;Hordeum=0.05595;Briza=-0.0176;Festuca/Vulpia=0.01042",0.99474518780812
"GO:0016874",0.464354527938343,0.94805716120745,0.0810802057550866,-0.399772114567562,-1.00017074942046,10,"HOG:0006139;HOG:0011942",FALSE,"ligase activity","MF","anchor_module_mean_strength_ratio","perennial",3,0.75,"Brachypodium=0.3807;Hordeum=-0.05118;Briza=-0.07171;Festuca/Vulpia=-0.1985",0.87034755782979
"GO:0006412",0.592105263157895,0.951251078515962,0.211400189384923,-0.242902208201893,-0.917611772752184,19,"HOG:0019536;HOG:0028395;HOG:0021123;HOG:0026397;HOG:0000096;HOG:0023227;HOG:0006057;HOG:0007833;HOG:0033476;HOG:0024337;HOG:0024277;HOG:0012403;HOG:0006139;HOG:0006208;HOG:0000122;HOG:0005788;HOG:0012402;HOG:0028394;HOG:0016166",FALSE,"translation","BP","root_early_to_late","perennial",2,0.5,"Brachypodium=1.333;Hordeum=0.07476;Briza=-0.1426;Festuca/Vulpia=-0.1741",0.950350881933204
"GO:0160307",0.592105263157895,0.951251078515962,0.211400189384923,-0.242902208201893,-0.917611772752184,19,"HOG:0019536;HOG:0028395;HOG:0021123;HOG:0026397;HOG:0000096;HOG:0023227;HOG:0006057;HOG:0007833;HOG:0033476;HOG:0024337;HOG:0024277;HOG:0012403;HOG:0006139;HOG:0006208;HOG:0000122;HOG:0005788;HOG:0012402;HOG:0028394;HOG:0016166",FALSE,"protein biosynthetic process","BP","root_early_to_late","perennial",2,0.5,"Brachypodium=1.333;Hordeum=0.07476;Briza=-0.1426;Festuca/Vulpia=-0.1741",0.950350881933204
"GO:0051179",0.941176470588235,0.96036608024462,0.0142522226913804,-0.263831849696431,-0.606449871998375,30,"HOG:0026838;HOG:0028263;HOG:0012012;HOG:0023825;HOG:0012011;HOG:0027005;HOG:0008637;HOG:0025124;HOG:0028661;HOG:0006523;HOG:0028850;HOG:0007645;HOG:0027975;HOG:0011064;HOG:0023564;HOG:0028636;HOG:0027704;HOG:0016200;HOG:0005666;HOG:0012261;HOG:0026902",FALSE,"localization","BP","leaf_mean_activity","perennial",2,0.5,"Brachypodium=-0.2516;Hordeum=-0.02991;Briza=0.006741;Festuca/Vulpia=0.009435",0.99474518780812
"GO:0051234",0.941176470588235,0.96036608024462,0.0142522226913804,-0.263831849696431,-0.606449871998375,30,"HOG:0026838;HOG:0028263;HOG:0012012;HOG:0023825;HOG:0012011;HOG:0027005;HOG:0008637;HOG:0025124;HOG:0028661;HOG:0006523;HOG:0028850;HOG:0007645;HOG:0027975;HOG:0011064;HOG:0023564;HOG:0028636;HOG:0027704;HOG:0016200;HOG:0005666;HOG:0012261;HOG:0026902",FALSE,"establishment of localization","BP","leaf_mean_activity","perennial",2,0.5,"Brachypodium=-0.2516;Hordeum=-0.02991;Briza=0.006741;Festuca/Vulpia=0.009435",0.99474518780812
"GO:0016020",0.949536560247168,0.96036608024462,0.0133546284394486,-0.254646710253924,-0.585651963746632,29,"HOG:0031056;HOG:0027285;HOG:0006661;HOG:0028263;HOG:0024976",FALSE,"membrane","CC","leaf_mean_activity","perennial",2,0.5,"Brachypodium=-0.2354;Hordeum=-0.01011;Briza=0.02114;Festuca/Vulpia=0.02411",0.99474518780812
"GO:0006810",0.950566426364573,0.96036608024462,0.0132626420191661,-0.254503640850806,-0.585322924047653,29,"HOG:0026838;HOG:0028263;HOG:0012012;HOG:0023825;HOG:0012011;HOG:0027005;HOG:0008637;HOG:0025124;HOG:0006523;HOG:0028850;HOG:0007645;HOG:0027975;HOG:0011064;HOG:0023564;HOG:0028636;HOG:0027704;HOG:0016200;HOG:0005666;HOG:0012261;HOG:0026902",FALSE,"transport","BP","leaf_mean_activity","perennial",2,0.5,"Brachypodium=-0.2511;Hordeum=-0.02479;Briza=0.008107;Festuca/Vulpia=0.01783",0.99474518780812
"GO:0016491",0.918727915194346,0.978644953141804,0.024285888595648,0.262175705467334,0.638618687088592,29,"HOG:0025231;HOG:0026234;HOG:0025863;HOG:0031530;HOG:0028720;HOG:0032320;HOG:0011023;HOG:0007713;HOG:0031129;HOG:0020408;HOG:0026770;HOG:0027495;HOG:0000322;HOG:0027098;HOG:0024629",FALSE,"oxidoreductase activity","MF","root_mean_activity","annual",2,0.5,"Brachypodium=0.04514;Hordeum=0.06073;Briza=-0.01028;Festuca/Vulpia=-0.0001258",0.99474518780812
"GO:0006629",0.931982633863965,0.98047419804742,0.0339723613634993,0.270806261080067,0.555852439238736,11,"HOG:0026234;HOG:0019459;HOG:0021895;HOG:0026770;HOG:0027098;HOG:0024629;HOG:0020549;HOG:0007920;HOG:0024444",FALSE,"lipid metabolic process","BP","root_mean_activity","annual",2,0.5,"Brachypodium=0.1022;Hordeum=0.05113;Briza=-0.02183;Festuca/Vulpia=-0.01122",0.99474518780812
"GO:0050896",0.949348769898698,0.98047419804742,0.0330894161454377,0.25916787971571,0.531963690712882,11,"HOG:0003561;HOG:0031530;HOG:0032320;HOG:0022830;HOG:0024574",FALSE,"response to stimulus","BP","root_mean_activity","annual",2,0.5,"Brachypodium=0.03637;Hordeum=0.0586;Briza=-0.01324;Festuca/Vulpia=-0.04876",0.99474518780812
"GO:0008610",0.972222222222222,0.98047419804742,0.0324330694656715,0.238686391163749,0.481806755152858,10,"HOG:0026234;HOG:0019459;HOG:0026770;HOG:0027098;HOG:0024629;HOG:0020549;HOG:0007920;HOG:0024444",FALSE,"lipid biosynthetic process","BP","root_mean_activity","annual",2,0.5,"Brachypodium=0.1027;Hordeum=0.05116;Briza=-0.02538;Festuca/Vulpia=-0.0138",0.99474518780812
"GO:0016462",0.98047419804742,0.98047419804742,0.0297064584935533,0.223218548570608,0.475691398461798,13,"HOG:0018459",FALSE,"pyrophosphatase activity","MF","root_mean_activity","annual",3,0.75,"Brachypodium=0.03913;Hordeum=0.04242;Briza=0.007392;Festuca/Vulpia=-0.01591",0.99474518780812
"GO:0016817",0.98047419804742,0.98047419804742,0.0297064584935533,0.223218548570608,0.475691398461798,13,"HOG:0018459",FALSE,"hydrolase activity, acting on acid anhydrides","MF","root_mean_activity","annual",3,0.75,"Brachypodium=0.03913;Hordeum=0.04242;Briza=0.007392;Festuca/Vulpia=-0.01591",0.99474518780812
"GO:0016818",0.98047419804742,0.98047419804742,0.0297064584935533,0.223218548570608,0.475691398461798,13,"HOG:0018459",FALSE,"hydrolase activity, acting on acid anhydrides, in phosphorus-containing anhydrides","MF","root_mean_activity","annual",3,0.75,"Brachypodium=0.03913;Hordeum=0.04242;Briza=0.007392;Festuca/Vulpia=-0.01591",0.99474518780812
"GO:0180051",0.551257253384913,0.983293556085919,0.0723570851036907,-0.361319647873323,-0.948278158995888,12,"HOG:0005788;HOG:0028394;HOG:0028395;HOG:0012402;HOG:0033476;HOG:0016166;HOG:0000535;HOG:0019536;HOG:0000096",FALSE,"translation factor activity","MF","anchor_module_mean_strength_ratio","perennial",3,0.75,"Brachypodium=0.1609;Hordeum=-0.009897;Briza=-0.06252;Festuca/Vulpia=-0.2379",0.946392296741791
"GO:0016787",0.598230088495575,0.983293556085919,0.0639271933359996,-0.256497722798713,-0.925591685352435,38,"HOG:0006139;HOG:0027281;HOG:0029472;HOG:0026142;HOG:0029544;HOG:0031227;HOG:0005788;HOG:0028394;HOG:0028381;HOG:0026834;HOG:0007936;HOG:0000079;HOG:0006208;HOG:0028395;HOG:0026340",FALSE,"hydrolase activity","MF","anchor_module_mean_strength_ratio","perennial",3,0.75,"Brachypodium=0.2538;Hordeum=-0.09893;Briza=-0.03695;Festuca/Vulpia=-0.1335",0.950350881933204
"GO:0016773",0.602083333333333,0.983293556085919,0.0716527366829457,0.32896380397269,0.877527712435805,11,"HOG:0011775;HOG:0026019",FALSE,"phosphotransferase activity, alcohol group as acceptor","MF","anchor_module_mean_strength_ratio","annual",1,0.25,"Brachypodium=0.2981;Hordeum=-0.1396;Briza=-0.02302;Festuca/Vulpia=-0.1173",0.950350881933204
"GO:0003677",0.618691588785047,0.983293556085919,0.0649407684612899,-0.325390180759226,-0.883597750581066,13,"HOG:0010929;HOG:0026549",FALSE,"DNA binding","MF","anchor_module_mean_strength_ratio","perennial",2,0.5,"Brachypodium=0.2743;Hordeum=-0.06418;Briza=-0.06009;Festuca/Vulpia=0.04009",0.953758269452904
"GO:0043227",0.673285198555957,0.983293556085919,0.059221919380382,-0.275466518355748,-0.869434906943463,23,"HOG:0010929;HOG:0026902",FALSE,"membrane-bounded organelle","CC","anchor_module_mean_strength_ratio","perennial",2,0.5,"Brachypodium=0.1818;Hordeum=0.01497;Briza=-0.06647;Festuca/Vulpia=-0.09172",0.993089981736005
"GO:0043231",0.673285198555957,0.983293556085919,0.059221919380382,-0.275466518355748,-0.869434906943463,23,"HOG:0010929;HOG:0026902",FALSE,"intracellular membrane-bounded organelle","CC","anchor_module_mean_strength_ratio","perennial",2,0.5,"Brachypodium=0.1818;Hordeum=0.01497;Briza=-0.06647;Festuca/Vulpia=-0.09172",0.993089981736005
"GO:0012505",0.677083333333333,0.983293556085919,0.0658311958368866,0.313661365553429,0.836707678077682,11,"HOG:0012011;HOG:0028850;HOG:0021943;HOG:0027704",FALSE,"endomembrane system","CC","anchor_module_mean_strength_ratio","annual",2,0.5,"Brachypodium=0.1138;Hordeum=0.1144;Briza=-0.06841;Festuca/Vulpia=-0.06604",0.993089981736005
"GO:0032774",0.685823754789272,0.983293556085919,0.0611692626746689,-0.326361462348317,-0.834065847571657,11,"HOG:0010929",FALSE,"RNA biosynthetic process","BP","anchor_module_mean_strength_ratio","perennial",2,0.5,"Brachypodium=0.2161;Hordeum=-0.02451;Briza=-0.06009;Festuca/Vulpia=0.01269",0.993089981736005
"GO:0141187",0.685823754789272,0.983293556085919,0.0611692626746689,-0.326361462348317,-0.834065847571657,11,"HOG:0010929",FALSE,"nucleic acid biosynthetic process","BP","anchor_module_mean_strength_ratio","perennial",2,0.5,"Brachypodium=0.2161;Hordeum=-0.02451;Briza=-0.06009;Festuca/Vulpia=0.01269",0.993089981736005
"GO:0016020",0.709534368070953,0.983293556085919,0.0665892104103933,0.245530900638559,0.852649803242288,29,"HOG:0028636;HOG:0006661;HOG:0012011;HOG:0027601;HOG:0007636;HOG:0007638;HOG:0028850;HOG:0021943;HOG:0031056;HOG:0027704",FALSE,"membrane","CC","anchor_module_mean_strength_ratio","annual",1,0.25,"Brachypodium=0.2276;Hordeum=-0.02029;Briza=-0.07194;Festuca/Vulpia=-0.09172",0.99474518780812
"GO:0004175",0.710727969348659,0.983293556085919,0.059476028695732,-0.317871048301961,-0.812367316327027,11,"HOG:0027281;HOG:0029544;HOG:0031227",FALSE,"endopeptidase activity","MF","anchor_module_mean_strength_ratio","perennial",3,0.75,"Brachypodium=0.281;Hordeum=-0.1278;Briza=-0.02246;Festuca/Vulpia=-0.1256",0.99474518780812
"GO:0008233",0.710727969348659,0.983293556085919,0.059476028695732,-0.317871048301961,-0.812367316327027,11,"HOG:0027281;HOG:0029544;HOG:0031227",FALSE,"peptidase activity","MF","anchor_module_mean_strength_ratio","perennial",3,0.75,"Brachypodium=0.281;Hordeum=-0.1278;Briza=-0.02246;Festuca/Vulpia=-0.1256",0.99474518780812
"GO:0005634",0.71588785046729,0.983293556085919,0.0579754757571486,-0.303093703901068,-0.823051618697852,13,"HOG:0010929",FALSE,"nucleus","CC","anchor_module_mean_strength_ratio","perennial",2,0.5,"Brachypodium=0.2161;Hordeum=0.01466;Briza=-0.06009;Festuca/Vulpia=-0.1116",0.99474518780812
"GO:0140096",0.748283752860412,0.983293556085919,0.0655321029282414,0.239766049421606,0.798874495552036,25,"HOG:0011775;HOG:0031129;HOG:0032963",FALSE,"catalytic activity, acting on a protein","MF","anchor_module_mean_strength_ratio","annual",1,0.25,"Brachypodium=0.2472;Hordeum=-0.1127;Briza=-0.01245;Festuca/Vulpia=-0.1089",0.99474518780812
"GO:0017111",0.762088974854932,0.983293556085919,0.0566484183613995,-0.295832376601611,-0.776407768319055,12,"HOG:0029544;HOG:0005788;HOG:0028394",FALSE,"ribonucleoside triphosphate phosphatase activity","MF","anchor_module_mean_strength_ratio","perennial",3,0.75,"Brachypodium=0.1716;Hordeum=-0.06056;Briza=-0.08457;Festuca/Vulpia=-0.1593",0.99474518780812
"GO:0019637",0.830835117773019,0.983293556085919,0.0573667426768556,0.257232664351954,0.716500664486803,13,"HOG:0024629;HOG:0011628;HOG:0023669;HOG:0012102",FALSE,"organophosphate metabolic process","BP","anchor_module_mean_strength_ratio","annual",1,0.25,"Brachypodium=0.2963;Hordeum=-0.1134;Briza=-0.02302;Festuca/Vulpia=-0.1067",0.99474518780812
"GO:1902494",0.832298136645963,0.983293556085919,0.0557104226766671,0.27784724901799,0.715343652330127,10,"HOG:0004116;HOG:0006661",FALSE,"catalytic complex","CC","anchor_module_mean_strength_ratio","annual",1,0.25,"Brachypodium=0.2498;Hordeum=-0.05368;Briza=-0.04703;Festuca/Vulpia=-0.156",0.99474518780812
"GO:0005737",0.834437086092715,0.983293556085919,0.0585937568945671,0.215482304495963,0.759959531227014,31,"HOG:0026451;HOG:0028636;HOG:0018459;HOG:0012011",FALSE,"cytoplasm","CC","anchor_module_mean_strength_ratio","annual",2,0.5,"Brachypodium=0.1954;Hordeum=0.09948;Briza=-0.0776;Festuca/Vulpia=-0.188",0.99474518780812
"GO:0003676",0.848648648648649,0.983293556085919,0.0484087618816951,-0.236796072953086,-0.719139748571901,20,"HOG:0010929;HOG:0026549",FALSE,"nucleic acid binding","MF","anchor_module_mean_strength_ratio","perennial",2,0.5,"Brachypodium=0.2751;Hordeum=0.01573;Briza=-0.05835;Festuca/Vulpia=-0.08414",0.99474518780812
"GO:0016462",0.856531049250535,0.983293556085919,0.0559428593065705,0.2484611718179,0.692068385464138,13,"HOG:0018459;HOG:0032961",FALSE,"pyrophosphatase activity","MF","anchor_module_mean_strength_ratio","annual",1,0.25,"Brachypodium=0.1789;Hordeum=-0.04467;Briza=-0.0803;Festuca/Vulpia=-0.1594",0.99474518780812
"GO:0016817",0.856531049250535,0.983293556085919,0.0559428593065705,0.2484611718179,0.692068385464138,13,"HOG:0018459;HOG:0032961",FALSE,"hydrolase activity, acting on acid anhydrides","MF","anchor_module_mean_strength_ratio","annual",1,0.25,"Brachypodium=0.1789;Hordeum=-0.04467;Briza=-0.0803;Festuca/Vulpia=-0.1594",0.99474518780812
"GO:0016818",0.856531049250535,0.983293556085919,0.0559428593065705,0.2484611718179,0.692068385464138,13,"HOG:0018459;HOG:0032961",FALSE,"hydrolase activity, acting on acid anhydrides, in phosphorus-containing anhydrides","MF","anchor_module_mean_strength_ratio","annual",1,0.25,"Brachypodium=0.1789;Hordeum=-0.04467;Briza=-0.0803;Festuca/Vulpia=-0.1594",0.99474518780812
"GO:0010467",0.859712230215827,0.983293556085919,0.0477342401407188,-0.212161683855151,-0.755241500859366,36,"HOG:0010929;HOG:0006139",FALSE,"gene expression","BP","anchor_module_mean_strength_ratio","perennial",3,0.75,"Brachypodium=0.1741;Hordeum=-0.004964;Briza=-0.04267;Festuca/Vulpia=-0.1728",0.99474518780812
"GO:1901135",0.868471953578337,0.983293556085919,0.0506004243853618,-0.261184314584848,-0.685474433651492,12,"HOG:0006505;HOG:0030062;HOG:0029110;HOG:0028766;HOG:0006123;HOG:0004085;HOG:0007697;HOG:0020076",FALSE,"carbohydrate derivative metabolic process","BP","anchor_module_mean_strength_ratio","perennial",3,0.75,"Brachypodium=0.2846;Hordeum=-0.1136;Briza=-0.02392;Festuca/Vulpia=-0.1358",0.99474518780812
"GO:0016740",0.872146118721461,0.983293556085919,0.0580983576873206,0.200930158471184,0.739019238193374,37,"HOG:0008733;HOG:0011775;HOG:0026019;HOG:0006661",FALSE,"transferase activity","MF","anchor_module_mean_strength_ratio","annual",1,0.25,"Brachypodium=0.2327;Hordeum=-0.09222;Briza=-0.02302;Festuca/Vulpia=-0.09371",0.99474518780812
"GO:0051641",0.875912408759124,0.983293556085919,0.0475434194201301,-0.229432832322803,-0.68427246423924,19,"HOG:0026902;HOG:0016371;HOG:0011064;HOG:0023564;HOG:0025186",FALSE,"cellular localization","BP","anchor_module_mean_strength_ratio","perennial",3,0.75,"Brachypodium=0.228;Hordeum=-0.02029;Briza=-0.0776;Festuca/Vulpia=-0.1143",0.99474518780812
"GO:0005198",0.881226053639847,0.983293556085919,0.0494904866135495,-0.264547014180547,-0.676089719715606,11,"HOG:0016913;HOG:0021123;HOG:0024337;HOG:0007833;HOG:0023227;HOG:0005666;HOG:0016166",FALSE,"structural molecule activity","MF","anchor_module_mean_strength_ratio","perennial",2,0.5,"Brachypodium=0.2276;Hordeum=0.01517;Briza=-0.0776;Festuca/Vulpia=-0.1576",0.99474518780812
"GO:0005622",0.881326352530541,0.983293556085919,0.0452247443372884,-0.195957153586497,-0.776815375933783,62,"HOG:0010929;HOG:0006139;HOG:0026902;HOG:0031227;HOG:0023400;HOG:0018221;HOG:0008696;HOG:0016371;HOG:0011064;HOG:0005788;HOG:0028394",FALSE,"intracellular anatomical structure","CC","anchor_module_mean_strength_ratio","perennial",2,0.5,"Brachypodium=0.1979;Hordeum=0.01507;Briza=-0.0675;Festuca/Vulpia=-0.1508",0.99474518780812
"GO:0006753",0.89272030651341,0.983293556085919,0.0488970772260102,-0.258950080076712,-0.661785912049322,11,"HOG:0006505;HOG:0030062;HOG:0029110;HOG:0028766;HOG:0006123;HOG:0007697;HOG:0020076",FALSE,"nucleoside phosphate metabolic process","BP","anchor_module_mean_strength_ratio","perennial",3,0.75,"Brachypodium=0.273;Hordeum=-0.1017;Briza=-0.02308;Festuca/Vulpia=-0.1067",0.99474518780812
"GO:0055086",0.89272030651341,0.983293556085919,0.0488970772260102,-0.258950080076712,-0.661785912049322,11,"HOG:0006505;HOG:0030062;HOG:0029110;HOG:0028766;HOG:0006123;HOG:0007697;HOG:0020076",FALSE,"nucleobase-containing small molecule metabolic process","BP","anchor_module_mean_strength_ratio","perennial",3,0.75,"Brachypodium=0.273;Hordeum=-0.1017;Briza=-0.02308;Festuca/Vulpia=-0.1067",0.99474518780812
"GO:0072521",0.89272030651341,0.983293556085919,0.0488970772260102,-0.258950080076712,-0.661785912049322,11,"HOG:0006505;HOG:0030062;HOG:0029110;HOG:0028766;HOG:0006123;HOG:0007697;HOG:0020076",FALSE,"purine-containing compound metabolic process","BP","anchor_module_mean_strength_ratio","perennial",3,0.75,"Brachypodium=0.273;Hordeum=-0.1017;Briza=-0.02308;Festuca/Vulpia=-0.1067",0.99474518780812
"GO:0034654",0.897959183673469,0.983293556085919,0.0564118388217596,0.230456992785711,0.689871219068342,17,"HOG:0011628;HOG:0023669;HOG:0024562;HOG:0012102;HOG:0026742;HOG:0011541",FALSE,"nucleobase-containing compound biosynthetic process","BP","anchor_module_mean_strength_ratio","annual",2,0.5,"Brachypodium=0.2161;Hordeum=-0.02583;Briza=-0.02308;Festuca/Vulpia=0.01269",0.99474518780812
"GO:0045184",0.91609977324263,0.983293556085919,0.0554793308704233,0.218136552057253,0.652990075380486,17,"HOG:0028636;HOG:0012011;HOG:0028850;HOG:0027704;HOG:0028661;HOG:0012261;HOG:0025124",FALSE,"establishment of protein localization","BP","anchor_module_mean_strength_ratio","annual",1,0.25,"Brachypodium=0.2276;Hordeum=-0.01512;Briza=-0.07194;Festuca/Vulpia=-0.1133",0.99474518780812
"GO:0050789",0.922246220302376,0.983293556085919,0.0529129848430583,0.222307040046484,0.636512651912689,14,"HOG:0024562;HOG:0026742;HOG:0011541;HOG:0025316;HOG:0011544;HOG:0025959;HOG:0024574;HOG:0016397",FALSE,"regulation of biological process","BP","anchor_module_mean_strength_ratio","annual",2,0.5,"Brachypodium=0.2142;Hordeum=-0.07475;Briza=0.04536;Festuca/Vulpia=-0.1072",0.99474518780812
"GO:0050794",0.922246220302376,0.983293556085919,0.0529129848430583,0.222307040046484,0.636512651912689,14,"HOG:0024562;HOG:0026742;HOG:0011541;HOG:0025316;HOG:0011544;HOG:0025959;HOG:0024574;HOG:0016397",FALSE,"regulation of cellular process","BP","anchor_module_mean_strength_ratio","annual",2,0.5,"Brachypodium=0.2142;Hordeum=-0.07475;Briza=0.04536;Festuca/Vulpia=-0.1072",0.99474518780812
"GO:0065007",0.922246220302376,0.983293556085919,0.0529129848430583,0.222307040046484,0.636512651912689,14,"HOG:0024562;HOG:0026742;HOG:0011541;HOG:0025316;HOG:0011544;HOG:0025959;HOG:0024574;HOG:0016397",FALSE,"biological regulation","BP","anchor_module_mean_strength_ratio","annual",2,0.5,"Brachypodium=0.2142;Hordeum=-0.07475;Briza=0.04536;Festuca/Vulpia=-0.1072",0.99474518780812
"GO:0043226",0.953947368421053,0.983293556085919,0.0520570030732099,0.175356946745117,0.626530366441424,32,"HOG:0027706;HOG:0027639;HOG:0007835;HOG:0012011",FALSE,"organelle","CC","anchor_module_mean_strength_ratio","annual",2,0.5,"Brachypodium=0.1671;Hordeum=0.01583;Briza=-0.06653;Festuca/Vulpia=-0.1021",0.99474518780812
"GO:0043229",0.953947368421053,0.983293556085919,0.0520570030732099,0.175356946745117,0.626530366441424,32,"HOG:0027706;HOG:0027639;HOG:0007835;HOG:0012011",FALSE,"intracellular organelle","CC","anchor_module_mean_strength_ratio","annual",2,0.5,"Brachypodium=0.1671;Hordeum=0.01583;Briza=-0.06653;Festuca/Vulpia=-0.1021",0.99474518780812
"GO:0110165",0.959933222036728,0.983293556085919,0.0392758570896778,-0.167761270913415,-0.695286446948065,78,"HOG:0010929;HOG:0006139;HOG:0026902;HOG:0029544;HOG:0031227;HOG:0023400;HOG:0027285;HOG:0018221;HOG:0008696;HOG:0016371;HOG:0011064;HOG:0005788;HOG:0028394",FALSE,"cellular anatomical structure","CC","anchor_module_mean_strength_ratio","perennial",2,0.5,"Brachypodium=0.2158;Hordeum=0.01145;Briza=-0.06653;Festuca/Vulpia=-0.1476",0.99474518780812
"GO:0009059",0.960072595281307,0.983293556085919,0.0431036828790402,-0.17545142791023,-0.640340642313279,41,"HOG:0010929;HOG:0006139",FALSE,"macromolecule biosynthetic process","BP","anchor_module_mean_strength_ratio","perennial",3,0.75,"Brachypodium=0.1818;Hordeum=-0.0106;Briza=-0.06009;Festuca/Vulpia=-0.1511",0.99474518780812
"GO:0046907",0.96078431372549,0.983293556085919,0.0422468188360053,-0.196935134606765,-0.577666036874649,17,"HOG:0026902;HOG:0011064;HOG:0023564;HOG:0025186",FALSE,"intracellular transport","BP","anchor_module_mean_strength_ratio","perennial",3,0.75,"Brachypodium=0.228;Hordeum=-0.02029;Briza=-0.0776;Festuca/Vulpia=-0.1133",0.99474518780812
"GO:0051649",0.96078431372549,0.983293556085919,0.0422468188360053,-0.196935134606765,-0.577666036874649,17,"HOG:0026902;HOG:0011064;HOG:0023564;HOG:0025186",FALSE,"establishment of localization in cell","BP","anchor_module_mean_strength_ratio","perennial",3,0.75,"Brachypodium=0.228;Hordeum=-0.02029;Briza=-0.0776;Festuca/Vulpia=-0.1133",0.99474518780812
"GO:0006886",0.961538461538462,0.983293556085919,0.0531298054705469,0.186476447523919,0.539607840389454,15,"HOG:0028636;HOG:0012011",FALSE,"intracellular protein transport","BP","anchor_module_mean_strength_ratio","annual",1,0.25,"Brachypodium=0.2628;Hordeum=-0.02029;Briza=-0.07194;Festuca/Vulpia=-0.1133",0.99474518780812
"GO:0008104",0.966592427616927,0.983293556085919,0.0521630305460055,0.190896463400906,0.566323493803376,16,"HOG:0028636;HOG:0012011;HOG:0028850;HOG:0027704;HOG:0012261;HOG:0025124",FALSE,"intracellular protein localization","BP","anchor_module_mean_strength_ratio","annual",1,0.25,"Brachypodium=0.2452;Hordeum=-0.01771;Briza=-0.07477;Festuca/Vulpia=-0.1025",0.99474518780812
"GO:0015031",0.966592427616927,0.983293556085919,0.0521630305460055,0.190896463400906,0.566323493803376,16,"HOG:0028636;HOG:0012011;HOG:0028850;HOG:0027704;HOG:0012261;HOG:0025124",FALSE,"protein transport","BP","anchor_module_mean_strength_ratio","annual",1,0.25,"Brachypodium=0.2452;Hordeum=-0.01771;Briza=-0.07477;Festuca/Vulpia=-0.1025",0.99474518780812
"GO:0033036",0.966592427616927,0.983293556085919,0.0521630305460055,0.190896463400906,0.566323493803376,16,"HOG:0028636;HOG:0012011;HOG:0028850;HOG:0027704;HOG:0012261;HOG:0025124",FALSE,"macromolecule localization","BP","anchor_module_mean_strength_ratio","annual",1,0.25,"Brachypodium=0.2452;Hordeum=-0.01771;Briza=-0.07477;Festuca/Vulpia=-0.1025",0.99474518780812
"GO:0016757",0.968944099378882,0.983293556085919,0.048701086452153,0.215588270594737,0.555052106622763,10,"HOG:0006661;HOG:0028005",FALSE,"glycosyltransferase activity","MF","anchor_module_mean_strength_ratio","annual",1,0.25,"Brachypodium=0.2925;Hordeum=-0.01913;Briza=-0.101;Festuca/Vulpia=-0.0653",0.99474518780812
"GO:0016758",0.968944099378882,0.983293556085919,0.048701086452153,0.215588270594737,0.555052106622763,10,"HOG:0006661;HOG:0028005",FALSE,"hexosyltransferase activity","MF","anchor_module_mean_strength_ratio","annual",1,0.25,"Brachypodium=0.2925;Hordeum=-0.01913;Briza=-0.101;Festuca/Vulpia=-0.0653",0.99474518780812
"GO:0009058",0.976798143851508,0.983293556085919,0.0535669384770951,0.156060340897042,0.649468760729289,65,"HOG:0020549;HOG:0024629;HOG:0026451;HOG:0007920;HOG:0006661;HOG:0031418",FALSE,"biosynthetic process","BP","anchor_module_mean_strength_ratio","annual",1,0.25,"Brachypodium=0.2042;Hordeum=-0.02583;Briza=-0.03126;Festuca/Vulpia=-0.1236",0.99474518780812
"GO:0005575",0.983293556085919,0.983293556085919,0.054568064667094,0.14539799509039,0.631354447448398,83,"HOG:0026451;HOG:0027706;HOG:0028636;HOG:0027639;HOG:0004116;HOG:0006661;HOG:0007835;HOG:0018459",FALSE,"cellular_component","CC","anchor_module_mean_strength_ratio","annual",2,0.5,"Brachypodium=0.2176;Hordeum=0.008244;Briza=-0.06193;Festuca/Vulpia=-0.1511",0.99474518780812
"GO:0019538",0.989929506545821,0.989929506545821,0.00617356336775808,-0.222678860963977,-0.529814908451551,46,"HOG:0011540;HOG:0011775;HOG:0033476;HOG:0011544;HOG:0021123;HOG:0000122;HOG:0019536;HOG:0024337;HOG:0028395;HOG:0024277;HOG:0012403;HOG:0006208",FALSE,"protein metabolic process","BP","leaf_mean_activity","perennial",1,0.25,"Brachypodium=-0.2506;Hordeum=0.06794;Briza=0.01793;Festuca/Vulpia=0.05855",0.99474518780812
"GO:0180051",0.564485981308411,0.990521327014218,0.0694481442003175,-0.351851851851852,-0.93103053448425,12,"HOG:0028394;HOG:0005788;HOG:0028395;HOG:0012402;HOG:0033476;HOG:0016166;HOG:0000535;HOG:0019536;HOG:0000096;HOG:0026397;HOG:0012403;HOG:0023439",FALSE,"translation factor activity","MF","recurrent_coverage","perennial",3,0.75,"Brachypodium=0.1497;Hordeum=-0.009091;Briza=-0.05702;Festuca/Vulpia=-0.2228",0.950350881933204
"GO:0016773",0.599571734475375,0.990521327014218,0.0732558655828455,0.342670725404315,0.901629760851134,11,"HOG:0011775;HOG:0026019;HOG:0023138",FALSE,"phosphotransferase activity, alcohol group as acceptor","MF","recurrent_coverage","annual",1,0.25,"Brachypodium=0.2826;Hordeum=-0.1357;Briza=-0.01961;Festuca/Vulpia=-0.1046",0.950350881933204
"GO:0003677",0.621268656716418,0.990521327014218,0.0646484568421928,-0.326583943415315,-0.880039276054079,13,"HOG:0010929;HOG:0026549",FALSE,"DNA binding","MF","recurrent_coverage","perennial",2,0.5,"Brachypodium=0.2549;Hordeum=-0.06452;Briza=-0.05882;Festuca/Vulpia=0.04167",0.955042750758481
"GO:0032774",0.65981308411215,0.990521327014218,0.0618406035753285,-0.329290730664084,-0.850783112731441,11,"HOG:0010929",FALSE,"RNA biosynthetic process","BP","recurrent_coverage","perennial",2,0.5,"Brachypodium=  0.2;Hordeum=-0.01786;Briza=-0.05882;Festuca/Vulpia=0.02326",0.993089981736005
"GO:0141187",0.65981308411215,0.990521327014218,0.0618406035753285,-0.329290730664084,-0.850783112731441,11,"HOG:0010929",FALSE,"nucleic acid biosynthetic process","BP","recurrent_coverage","perennial",2,0.5,"Brachypodium=  0.2;Hordeum=-0.01786;Briza=-0.05882;Festuca/Vulpia=0.02326",0.993089981736005
"GO:0016787",0.672661870503597,0.990521327014218,0.0590954798717342,-0.246194594501919,-0.875612525966057,38,"HOG:0006139;HOG:0027281;HOG:0026142;HOG:0029472;HOG:0029544;HOG:0031227;HOG:0028394;HOG:0005788;HOG:0028381;HOG:0026834;HOG:0007936;HOG:0006208;HOG:0000079;HOG:0028395;HOG:0026340;HOG:0028008",FALSE,"hydrolase activity","MF","recurrent_coverage","perennial",3,0.75,"Brachypodium=0.2417;Hordeum=-0.09321;Briza=-0.03216;Festuca/Vulpia=-0.122",0.993089981736005
"GO:0043227",0.675977653631285,0.990521327014218,0.0605092988656667,-0.27350848794393,-0.85291190294769,23,"HOG:0010929;HOG:0026902",FALSE,"membrane-bounded organelle","CC","recurrent_coverage","perennial",2,0.5,"Brachypodium= 0.17;Hordeum=0.01724;Briza=-0.0625;Festuca/Vulpia=-0.08511",0.993089981736005
"GO:0043231",0.675977653631285,0.990521327014218,0.0605092988656667,-0.27350848794393,-0.85291190294769,23,"HOG:0010929;HOG:0026902",FALSE,"intracellular membrane-bounded organelle","CC","recurrent_coverage","perennial",2,0.5,"Brachypodium= 0.17;Hordeum=0.01724;Briza=-0.0625;Festuca/Vulpia=-0.08511",0.993089981736005
"GO:0012505",0.676659528907923,0.990521327014218,0.0672065093710464,0.321360953747758,0.845559828703228,11,"HOG:0012011;HOG:0028850;HOG:0021943;HOG:0027704",FALSE,"endomembrane system","CC","recurrent_coverage","annual",2,0.5,"Brachypodium=0.1034;Hordeum=0.1129;Briza=-0.06593;Festuca/Vulpia=-0.05634",0.993089981736005
"GO:0004175",0.682242990654206,0.990521327014218,0.0602484086158019,-0.322107319849257,-0.832223450876573,11,"HOG:0027281;HOG:0029544;HOG:0031227",FALSE,"endopeptidase activity","MF","recurrent_coverage","perennial",3,0.75,"Brachypodium=0.2676;Hordeum=-0.1298;Briza=-0.01754;Festuca/Vulpia=-0.1127",0.993089981736005
"GO:0008233",0.682242990654206,0.990521327014218,0.0602484086158019,-0.322107319849257,-0.832223450876573,11,"HOG:0027281;HOG:0029544;HOG:0031227",FALSE,"peptidase activity","MF","recurrent_coverage","perennial",3,0.75,"Brachypodium=0.2676;Hordeum=-0.1298;Briza=-0.01754;Festuca/Vulpia=-0.1127",0.993089981736005
"GO:0005634",0.686567164179104,0.990521327014218,0.0598603117764473,-0.309293735320062,-0.833447695170321,13,"HOG:0010929",FALSE,"nucleus","CC","recurrent_coverage","perennial",2,0.5,"Brachypodium=  0.2;Hordeum=0.01667;Briza=-0.05882;Festuca/Vulpia=-0.09804",0.993089981736005
"GO:0140096",0.770386266094421,0.990521327014218,0.0610363728309177,0.248814396295723,0.810553103241435,25,"HOG:0011775;HOG:0031129;HOG:0032963;HOG:0027005;HOG:0011540;HOG:0007636;HOG:0007638",FALSE,"catalytic activity, acting on a protein","MF","recurrent_coverage","annual",1,0.25,"Brachypodium=0.2348;Hordeum=-0.1071;Briza=-0.007874;Festuca/Vulpia=-0.09924",0.99474518780812
"GO:0017111",0.783177570093458,0.990521327014218,0.05378728077603,-0.284914211044967,-0.753907727912268,12,"HOG:0029544;HOG:0028394;HOG:0005788",FALSE,"ribonucleoside triphosphate phosphatase activity","MF","recurrent_coverage","perennial",3,0.75,"Brachypodium=0.1626;Hordeum=-0.05787;Briza=-0.07962;Festuca/Vulpia=-0.147",0.99474518780812
"GO:1902494",0.791304347826087,0.990521327014218,0.0603786357920401,0.28440887900002,0.723748877933978,10,"HOG:0004116;HOG:0006661",FALSE,"catalytic complex","CC","recurrent_coverage","annual",1,0.25,"Brachypodium=0.2341;Hordeum=-0.05329;Briza=-0.04351;Festuca/Vulpia=-0.1472",0.99474518780812
"GO:0019637",0.793991416309013,0.990521327014218,0.0596037042575973,0.267413153990445,0.746960008071767,13,"HOG:0024629;HOG:0011628;HOG:0023669;HOG:0012102",FALSE,"organophosphate metabolic process","BP","recurrent_coverage","annual",1,0.25,"Brachypodium=0.2819;Hordeum=-0.1046;Briza=-0.01961;Festuca/Vulpia=-0.09396",0.99474518780812
"GO:0016462",0.809012875536481,0.990521327014218,0.0587185879555941,0.264421458470271,0.738603362646699,13,"HOG:0018459;HOG:0032961",FALSE,"pyrophosphatase activity","MF","recurrent_coverage","annual",1,0.25,"Brachypodium=0.1688;Hordeum=-0.04167;Briza=-0.07483;Festuca/Vulpia=-0.1481",0.99474518780812
"GO:0016817",0.809012875536481,0.990521327014218,0.0587185879555941,0.264421458470271,0.738603362646699,13,"HOG:0018459;HOG:0032961",FALSE,"hydrolase activity, acting on acid anhydrides","MF","recurrent_coverage","annual",1,0.25,"Brachypodium=0.1688;Hordeum=-0.04167;Briza=-0.07483;Festuca/Vulpia=-0.1481",0.99474518780812
"GO:0016818",0.809012875536481,0.990521327014218,0.0587185879555941,0.264421458470271,0.738603362646699,13,"HOG:0018459;HOG:0032961",FALSE,"hydrolase activity, acting on acid anhydrides, in phosphorus-containing anhydrides","MF","recurrent_coverage","annual",1,0.25,"Brachypodium=0.1688;Hordeum=-0.04167;Briza=-0.07483;Festuca/Vulpia=-0.1481",0.99474518780812
"GO:0016020",0.812636165577342,0.990521327014218,0.059221919380382,0.236183954597322,0.795291684554059,29,"HOG:0028636;HOG:0006661;HOG:0012011;HOG:0027601;HOG:0007636;HOG:0007638;HOG:0028850;HOG:0021943;HOG:0027704;HOG:0031056;HOG:0025124",FALSE,"membrane","CC","recurrent_coverage","annual",1,0.25,"Brachypodium=0.217;Hordeum=-0.01887;Briza=-0.06731;Festuca/Vulpia=-0.08511",0.99474518780812
"GO:0005737",0.820960698689956,0.990521327014218,0.0588438169595807,0.224806036159317,0.77578070580024,31,"HOG:0026451;HOG:0028636;HOG:0018459;HOG:0012011",FALSE,"cytoplasm","CC","recurrent_coverage","annual",2,0.5,"Brachypodium=0.1885;Hordeum=0.09278;Briza=-0.07258;Festuca/Vulpia=-0.1733",0.99474518780812
"GO:0010467",0.827027027027027,0.990521327014218,0.0495901956956338,-0.221151266370092,-0.776738497759793,36,"HOG:0010929;HOG:0006139",FALSE,"gene expression","BP","recurrent_coverage","perennial",3,0.75,"Brachypodium=0.1659;Hordeum=-0.004098;Briza=-0.03836;Festuca/Vulpia=-0.159",0.99474518780812
"GO:0034654",0.836477987421384,0.990521327014218,0.0560595875032335,0.243158807263895,0.732130186682759,17,"HOG:0011628;HOG:0023669;HOG:0024562;HOG:0012102;HOG:0026742;HOG:0011541",FALSE,"nucleobase-containing compound biosynthetic process","BP","recurrent_coverage","annual",2,0.5,"Brachypodium=  0.2;Hordeum=-0.02857;Briza=-0.02013;Festuca/Vulpia=0.02326",0.99474518780812
"GO:0016740",0.862527716186253,0.990521327014218,0.0572461135202884,0.206915597014698,0.742330663526165,37,"HOG:0008733;HOG:0011775;HOG:0026019;HOG:0006661",FALSE,"transferase activity","MF","recurrent_coverage","annual",1,0.25,"Brachypodium=0.2273;Hordeum=-0.09091;Briza=-0.01961;Festuca/Vulpia=-0.08609",0.99474518780812
"GO:0050789",0.867088607594937,0.990521327014218,0.0546808488785442,0.246403983512493,0.698728435228849,14,"HOG:0024562;HOG:0026742;HOG:0011541;HOG:0025316;HOG:0011544;HOG:0025959",FALSE,"regulation of biological process","BP","recurrent_coverage","annual",2,0.5,"Brachypodium=  0.2;Hordeum=-0.07392;Briza=0.04655;Festuca/Vulpia=-0.09408",0.99474518780812
"GO:0050794",0.867088607594937,0.990521327014218,0.0546808488785442,0.246403983512493,0.698728435228849,14,"HOG:0024562;HOG:0026742;HOG:0011541;HOG:0025316;HOG:0011544;HOG:0025959",FALSE,"regulation of cellular process","BP","recurrent_coverage","annual",2,0.5,"Brachypodium=  0.2;Hordeum=-0.07392;Briza=0.04655;Festuca/Vulpia=-0.09408",0.99474518780812
"GO:0065007",0.867088607594937,0.990521327014218,0.0546808488785442,0.246403983512493,0.698728435228849,14,"HOG:0024562;HOG:0026742;HOG:0011541;HOG:0025316;HOG:0011544;HOG:0025959",FALSE,"biological regulation","BP","recurrent_coverage","annual",2,0.5,"Brachypodium=  0.2;Hordeum=-0.07392;Briza=0.04655;Festuca/Vulpia=-0.09408",0.99474518780812
"GO:0045184",0.867924528301887,0.990521327014218,0.0543434390269162,0.233368476199756,0.702652344648869,17,"HOG:0028636;HOG:0012011;HOG:0028850;HOG:0027704;HOG:0028661;HOG:0012261;HOG:0025124",FALSE,"establishment of protein localization","BP","recurrent_coverage","annual",1,0.25,"Brachypodium=0.217;Hordeum=-0.01124;Briza=-0.06731;Festuca/Vulpia=-0.1039",0.99474518780812
"GO:0003676",0.903954802259887,0.990521327014218,0.0475434194201301,-0.237609228479017,-0.712150616104044,20,"HOG:0010929;HOG:0026549",FALSE,"nucleic acid binding","MF","recurrent_coverage","perennial",2,0.5,"Brachypodium=0.2554;Hordeum=0.01788;Briza=-0.05441;Festuca/Vulpia=-0.0723",0.99474518780812
"GO:0005198",0.908411214953271,0.990521327014218,0.0469758727821845,-0.252307692307692,-0.651883286828997,11,"HOG:0016913;HOG:0021123;HOG:0024337;HOG:0007833;HOG:0023227;HOG:0005666;HOG:0016166;HOG:0012511;HOG:0000122;HOG:0024277;HOG:0027704",FALSE,"structural molecule activity","MF","recurrent_coverage","perennial",2,0.5,"Brachypodium=0.217;Hordeum=0.01852;Briza=-0.07258;Festuca/Vulpia=-0.1452",0.99474518780812
"GO:0051641",0.922509225092251,0.990521327014218,0.0456790414930062,-0.222122851056805,-0.662439114441722,19,"HOG:0026902;HOG:0016371;HOG:0011064;HOG:0023564;HOG:0025186",FALSE,"cellular localization","BP","recurrent_coverage","perennial",3,0.75,"Brachypodium=0.2174;Hordeum=-0.01887;Briza=-0.07258;Festuca/Vulpia=-0.1039",0.99474518780812
"GO:1901135",0.925233644859813,0.990521327014218,0.0461379160269737,-0.237398966992546,-0.628178268671276,12,"HOG:0006505;HOG:0030062;HOG:0029110;HOG:0028766;HOG:0004085;HOG:0006123;HOG:0007697",FALSE,"carbohydrate derivative metabolic process","BP","recurrent_coverage","perennial",3,0.75,"Brachypodium=0.2714;Hordeum=-0.106;Briza=-0.02027;Festuca/Vulpia=-0.1221",0.99474518780812
"GO:0005622",0.930357142857143,0.990521327014218,0.0438002031299891,-0.186045371842887,-0.724371278312186,62,"HOG:0010929;HOG:0006139;HOG:0026902;HOG:0031227;HOG:0023400;HOG:0008696;HOG:0016371;HOG:0018221;HOG:0011064;HOG:0028394;HOG:0005788",FALSE,"intracellular anatomical structure","CC","recurrent_coverage","perennial",2,0.5,"Brachypodium=0.189;Hordeum=0.01695;Briza=-0.06537;Festuca/Vulpia=-0.1386",0.99474518780812
"GO:0006753",0.949532710280374,0.990521327014218,0.0449543067640062,-0.232344253614304,-0.60030407450762,11,"HOG:0006505;HOG:0030062;HOG:0029110;HOG:0028766;HOG:0006123;HOG:0007697;HOG:0020076",FALSE,"nucleoside phosphate metabolic process","BP","recurrent_coverage","perennial",3,0.75,"Brachypodium=0.2609;Hordeum=-0.09524;Briza=-0.02013;Festuca/Vulpia=-0.09396",0.99474518780812
"GO:0055086",0.949532710280374,0.990521327014218,0.0449543067640062,-0.232344253614304,-0.60030407450762,11,"HOG:0006505;HOG:0030062;HOG:0029110;HOG:0028766;HOG:0006123;HOG:0007697;HOG:0020076",FALSE,"nucleobase-containing small molecule metabolic process","BP","recurrent_coverage","perennial",3,0.75,"Brachypodium=0.2609;Hordeum=-0.09524;Briza=-0.02013;Festuca/Vulpia=-0.09396",0.99474518780812
"GO:0072521",0.949532710280374,0.990521327014218,0.0449543067640062,-0.232344253614304,-0.60030407450762,11,"HOG:0006505;HOG:0030062;HOG:0029110;HOG:0028766;HOG:0006123;HOG:0007697;HOG:0020076",FALSE,"purine-containing compound metabolic process","BP","recurrent_coverage","perennial",3,0.75,"Brachypodium=0.2609;Hordeum=-0.09524;Briza=-0.02013;Festuca/Vulpia=-0.09396",0.99474518780812
"GO:0008104",0.95010395010395,0.990521327014218,0.0497903187820785,0.205777780702359,0.611635301776115,16,"HOG:0028636;HOG:0012011;HOG:0028850;HOG:0027704;HOG:0012261;HOG:0025124",FALSE,"intracellular protein localization","BP","recurrent_coverage","annual",1,0.25,"Brachypodium=0.2348;Hordeum=-0.01505;Briza=-0.06994;Festuca/Vulpia=-0.0945",0.99474518780812
"GO:0015031",0.95010395010395,0.990521327014218,0.0497903187820785,0.205777780702359,0.611635301776115,16,"HOG:0028636;HOG:0012011;HOG:0028850;HOG:0027704;HOG:0012261;HOG:0025124",FALSE,"protein transport","BP","recurrent_coverage","annual",1,0.25,"Brachypodium=0.2348;Hordeum=-0.01505;Briza=-0.06994;Festuca/Vulpia=-0.0945",0.99474518780812
"GO:0033036",0.95010395010395,0.990521327014218,0.0497903187820785,0.205777780702359,0.611635301776115,16,"HOG:0028636;HOG:0012011;HOG:0028850;HOG:0027704;HOG:0012261;HOG:0025124",FALSE,"macromolecule localization","BP","recurrent_coverage","annual",1,0.25,"Brachypodium=0.2348;Hordeum=-0.01505;Briza=-0.06994;Festuca/Vulpia=-0.0945",0.99474518780812
"GO:0006886",0.954356846473029,0.990521327014218,0.0494904866135495,0.199124161093214,0.57850407863915,15,"HOG:0028636;HOG:0012011",FALSE,"intracellular protein transport","BP","recurrent_coverage","annual",1,0.25,"Brachypodium=0.2526;Hordeum=-0.01887;Briza=-0.06731;Festuca/Vulpia=-0.1039",0.99474518780812
"GO:0009059",0.955436720142603,0.990521327014218,0.0425023180036553,-0.18403272764858,-0.665807952686562,41,"HOG:0010929;HOG:0006139",FALSE,"macromolecule biosynthetic process","BP","recurrent_coverage","perennial",3,0.75,"Brachypodium= 0.17;Hordeum=-0.01;Briza=-0.05882;Festuca/Vulpia=-0.1393",0.99474518780812
"GO:0043226",0.964601769911504,0.990521327014218,0.0519512476197082,0.181991149769596,0.63339110455886,32,"HOG:0027706;HOG:0027639;HOG:0007835;HOG:0012011",FALSE,"organelle","CC","recurrent_coverage","annual",2,0.5,"Brachypodium=0.1575;Hordeum=0.01788;Briza=-0.06366;Festuca/Vulpia=-0.09553",0.99474518780812
"GO:0043229",0.964601769911504,0.990521327014218,0.0519512476197082,0.181991149769596,0.63339110455886,32,"HOG:0027706;HOG:0027639;HOG:0007835;HOG:0012011",FALSE,"intracellular organelle","CC","recurrent_coverage","annual",2,0.5,"Brachypodium=0.1575;Hordeum=0.01788;Briza=-0.06366;Festuca/Vulpia=-0.09553",0.99474518780812
"GO:0046907",0.973333333333333,0.990521327014218,0.0446854397644147,-0.188248564432546,-0.541624685312104,17,"HOG:0026902;HOG:0011064;HOG:0023564;HOG:0025186",FALSE,"intracellular transport","BP","recurrent_coverage","perennial",3,0.75,"Brachypodium=0.2174;Hordeum=-0.01887;Briza=-0.07258;Festuca/Vulpia=-0.1039",0.99474518780812
"GO:0051649",0.973333333333333,0.990521327014218,0.0446854397644147,-0.188248564432546,-0.541624685312104,17,"HOG:0026902;HOG:0011064;HOG:0023564;HOG:0025186",FALSE,"establishment of localization in cell","BP","recurrent_coverage","perennial",3,0.75,"Brachypodium=0.2174;Hordeum=-0.01887;Briza=-0.07258;Festuca/Vulpia=-0.1039",0.99474518780812
"GO:0016757",0.97970479704797,0.990521327014218,0.0429311093452583,-0.213926040723674,-0.537576100120183,10,"HOG:0027285;HOG:0008696",FALSE,"glycosyltransferase activity","MF","recurrent_coverage","perennial",3,0.75,"Brachypodium=0.2811;Hordeum=-0.01765;Briza=-0.09507;Festuca/Vulpia=-0.0579",0.99474518780812
"GO:0016758",0.97970479704797,0.990521327014218,0.0429311093452583,-0.213926040723674,-0.537576100120183,10,"HOG:0027285;HOG:0008696",FALSE,"hexosyltransferase activity","MF","recurrent_coverage","perennial",3,0.75,"Brachypodium=0.2811;Hordeum=-0.01765;Briza=-0.09507;Festuca/Vulpia=-0.0579",0.99474518780812
"GO:0009058",0.984090909090909,0.990521327014218,0.0522693317499306,0.161042468146077,0.658709719092842,65,"HOG:0020549;HOG:0024629;HOG:0026451;HOG:0007920;HOG:0006661;HOG:0031418",FALSE,"biosynthetic process","BP","recurrent_coverage","annual",1,0.25,"Brachypodium=0.1987;Hordeum=-0.02857;Briza=-0.02797;Festuca/Vulpia=-0.1125",0.99474518780812
"GO:0110165",0.98780487804878,0.990521327014218,0.0399218624292714,-0.157552541983225,-0.63563759791165,78,"HOG:0010929;HOG:0006139;HOG:0026902;HOG:0029544;HOG:0031227;HOG:0023400;HOG:0027285;HOG:0008696;HOG:0016371;HOG:0018221;HOG:0011064;HOG:0028394;HOG:0005788",FALSE,"cellular anatomical structure","CC","recurrent_coverage","perennial",2,0.5,"Brachypodium=0.2019;Hordeum=0.01145;Briza=-0.06366;Festuca/Vulpia=-0.1377",0.99474518780812
"GO:0005575",0.990521327014218,0.990521327014218,0.0538979025357319,0.142965561755642,0.604271196654739,83,"HOG:0026451;HOG:0027706;HOG:0028636;HOG:0027639;HOG:0004116;HOG:0006661;HOG:0018459;HOG:0007835",FALSE,"cellular_component","CC","recurrent_coverage","annual",2,0.5,"Brachypodium=0.2059;Hordeum=0.008197;Briza=-0.06061;Festuca/Vulpia=-0.1393",0.99474518780812
"GO:1902494",0.649940262843489,0.991562126642772,0.0418238690062304,0.500392535477972,0.90522843716899,10,"HOG:0005683",FALSE,"catalytic complex","CC","root_early_to_late","annual",1,0.25,"Brachypodium=1.599;Hordeum=-0.01959;Briza=-0.2317;Festuca/Vulpia=-0.1452",0.988600931952623
"GO:0016301",0.667452830188679,0.991562126642772,0.0400031517498194,0.490272016806984,0.895590155124091,11,"HOG:0011775;HOG:0031321;HOG:0010571;HOG:0032593;HOG:0022830;HOG:0004085;HOG:0006505;HOG:0000191",FALSE,"kinase activity","MF","root_early_to_late","annual",3,0.75,"Brachypodium=0.2002;Hordeum=-0.03163;Briza=0.1108;Festuca/Vulpia=0.04272",0.993089981736005
"GO:0004175",0.691037735849057,0.991562126642772,0.0383995813369433,0.47472175876852,0.867184173278363,11,"HOG:0011540;HOG:0028718;HOG:0007637;HOG:0007636;HOG:0029544;HOG:0007936;HOG:0027281",FALSE,"endopeptidase activity","MF","root_early_to_late","annual",3,0.75,"Brachypodium=0.3451;Hordeum=-0.05686;Briza=0.09694;Festuca/Vulpia=0.03128",0.993089981736005
"GO:0008233",0.691037735849057,0.991562126642772,0.0383995813369433,0.47472175876852,0.867184173278363,11,"HOG:0011540;HOG:0028718;HOG:0007637;HOG:0007636;HOG:0029544;HOG:0007936;HOG:0027281",FALSE,"peptidase activity","MF","root_early_to_late","annual",3,0.75,"Brachypodium=0.3451;Hordeum=-0.05686;Briza=0.09694;Festuca/Vulpia=0.03128",0.993089981736005
"GO:0005975",0.697368421052632,0.991562126642772,0.193813302725311,-0.217176569391775,-0.820428016340574,19,"HOG:0031056;HOG:0000322;HOG:0024976;HOG:0012035",FALSE,"carbohydrate metabolic process","BP","root_early_to_late","perennial",1,0.25,"Brachypodium=0.3922;Hordeum=-0.04479;Briza=0.08294;Festuca/Vulpia=0.008864",0.993089981736005
"GO:0046907",0.71264367816092,0.991562126642772,0.178219874951973,-0.232812138144998,-0.838651627211347,17,"HOG:0011064;HOG:0007857;HOG:0012261;HOG:0023564;HOG:0005666;HOG:0029148;HOG:0008637;HOG:0012511;HOG:0012012;HOG:0028636;HOG:0006523;HOG:0025124;HOG:0027704;HOG:0012011;HOG:0028850",FALSE,"intracellular transport","BP","root_early_to_late","perennial",2,0.5,"Brachypodium=1.387;Hordeum=0.03217;Briza=-0.2777;Festuca/Vulpia=-0.06345",0.99474518780812
"GO:0051649",0.71264367816092,0.991562126642772,0.178219874951973,-0.232812138144998,-0.838651627211347,17,"HOG:0011064;HOG:0007857;HOG:0012261;HOG:0023564;HOG:0005666;HOG:0029148;HOG:0008637;HOG:0012511;HOG:0012012;HOG:0028636;HOG:0006523;HOG:0025124;HOG:0027704;HOG:0012011;HOG:0028850",FALSE,"establishment of localization in cell","BP","root_early_to_late","perennial",2,0.5,"Brachypodium=1.387;Hordeum=0.03217;Briza=-0.2777;Festuca/Vulpia=-0.06345",0.99474518780812
"GO:0009058",0.744255744255744,0.991562126642772,0.0267456741432593,0.42168165791578,0.887756045201948,65,"HOG:0032904;HOG:0027918;HOG:0005683;HOG:0011541;HOG:0025923;HOG:0025959;HOG:0026742;HOG:0032903",FALSE,"biosynthetic process","BP","root_early_to_late","annual",1,0.25,"Brachypodium=0.9762;Hordeum=-0.01847;Briza=-0.1201;Festuca/Vulpia=-0.0377",0.99474518780812
"GO:0016192",0.750569476082005,0.991562126642772,0.0328701032730105,0.429237073760728,0.803948529843308,13,"HOG:0026838",FALSE,"vesicle-mediated transport","BP","root_early_to_late","annual",2,0.5,"Brachypodium=1.461;Hordeum=0.06088;Briza=-0.3061;Festuca/Vulpia=-0.06345",0.99474518780812
"GO:0110165",0.752247752247752,0.991562126642772,0.0261841515946199,0.420758134830074,0.889169857919372,78,"HOG:0032904;HOG:0027918;HOG:0005683;HOG:0011540;HOG:0011541;HOG:0025923;HOG:0025959;HOG:0032903;HOG:0028263;HOG:0026902;HOG:0010929",FALSE,"cellular anatomical structure","CC","root_early_to_late","annual",2,0.5,"Brachypodium=1.333;Hordeum=0.02828;Briza=-0.1879;Festuca/Vulpia=-0.06285",0.99474518780812
"GO:0005198",0.753246753246753,0.991562126642772,0.126253987849115,-0.260731857475987,-0.778297226255679,11,"HOG:0021123;HOG:0023227;HOG:0007833;HOG:0005666;HOG:0024337;HOG:0024277;HOG:0012511;HOG:0016913;HOG:0027704;HOG:0000122",FALSE,"structural molecule activity","MF","root_early_to_late","perennial",2,0.5,"Brachypodium=1.499;Hordeum=0.08965;Briza=-0.1533;Festuca/Vulpia=-0.1873",0.99474518780812
"GO:0045184",0.770114942528736,0.991562126642772,0.170932335370056,-0.220015979357205,-0.792556438726144,17,"HOG:0011064;HOG:0007857;HOG:0012261;HOG:0005666;HOG:0028661;HOG:0029148;HOG:0008637;HOG:0012511;HOG:0012012;HOG:0028636;HOG:0006523;HOG:0025124;HOG:0027704;HOG:0012011;HOG:0028850;HOG:0025186",FALSE,"establishment of protein localization","BP","root_early_to_late","perennial",2,0.5,"Brachypodium=1.512;Hordeum=0.03217;Briza=-0.2777;Festuca/Vulpia=-0.05261",0.99474518780812
"GO:0032991",0.788717948717949,0.991562126642772,0.0250603987343648,0.403151887001819,0.820616924845857,31,"HOG:0005683;HOG:0025923",FALSE,"protein-containing complex","CC","root_early_to_late","annual",2,0.5,"Brachypodium=1.615;Hordeum=0.05171;Briza=-0.2715;Festuca/Vulpia=-0.05261",0.99474518780812
"GO:0008104",0.818181818181818,0.991562126642772,0.154190966581424,-0.213831349865264,-0.740906855134275,16,"HOG:0011064;HOG:0007857;HOG:0012261;HOG:0005666;HOG:0029148;HOG:0008637;HOG:0012511;HOG:0012012;HOG:0028636;HOG:0006523;HOG:0025124;HOG:0027704;HOG:0012011;HOG:0028850;HOG:0025186",FALSE,"intracellular protein localization","BP","root_early_to_late","perennial",2,0.5,"Brachypodium=1.449;Hordeum=0.04194;Briza=-0.2887;Festuca/Vulpia=-0.04462",0.99474518780812
"GO:0015031",0.818181818181818,0.991562126642772,0.154190966581424,-0.213831349865264,-0.740906855134275,16,"HOG:0011064;HOG:0007857;HOG:0012261;HOG:0005666;HOG:0029148;HOG:0008637;HOG:0012511;HOG:0012012;HOG:0028636;HOG:0006523;HOG:0025124;HOG:0027704;HOG:0012011;HOG:0028850;HOG:0025186",FALSE,"protein transport","BP","root_early_to_late","perennial",2,0.5,"Brachypodium=1.449;Hordeum=0.04194;Briza=-0.2887;Festuca/Vulpia=-0.04462",0.99474518780812
"GO:0033036",0.818181818181818,0.991562126642772,0.154190966581424,-0.213831349865264,-0.740906855134275,16,"HOG:0011064;HOG:0007857;HOG:0012261;HOG:0005666;HOG:0029148;HOG:0008637;HOG:0012511;HOG:0012012;HOG:0028636;HOG:0006523;HOG:0025124;HOG:0027704;HOG:0012011;HOG:0028850;HOG:0025186",FALSE,"macromolecule localization","BP","root_early_to_late","perennial",2,0.5,"Brachypodium=1.449;Hordeum=0.04194;Briza=-0.2887;Festuca/Vulpia=-0.04462",0.99474518780812
"GO:0050896",0.836084905660377,0.991562126642772,0.0292811015816512,0.370929468181973,0.677584623558017,11,"HOG:0003561;HOG:0006008",FALSE,"response to stimulus","BP","root_early_to_late","annual",3,0.75,"Brachypodium=0.3073;Hordeum=-0.05797;Briza=0.04734;Festuca/Vulpia=0.02796",0.99474518780812
"GO:0006886",0.842592592592593,0.991562126642772,0.144630528034484,-0.20680692277651,-0.701971933816284,15,"HOG:0011064;HOG:0007857;HOG:0012261;HOG:0005666;HOG:0029148;HOG:0008637;HOG:0012511;HOG:0012012;HOG:0028636;HOG:0006523;HOG:0025124;HOG:0027704;HOG:0012011",FALSE,"intracellular protein transport","BP","root_early_to_late","perennial",2,0.5,"Brachypodium=1.387;Hordeum=0.03217;Briza=-0.2777;Festuca/Vulpia=-0.06345",0.99474518780812
"GO:1901135",0.849825378346915,0.991562126642772,0.0277995594097672,0.370162066062557,0.684098709009232,12,"HOG:0029110;HOG:0023669;HOG:0020076;HOG:0004085;HOG:0023230;HOG:0028766;HOG:0006123;HOG:0006505;HOG:0030062",FALSE,"carbohydrate derivative metabolic process","BP","root_early_to_late","annual",3,0.75,"Brachypodium=0.1827;Hordeum=-0.03321;Briza=0.1046;Festuca/Vulpia=0.03451",0.99474518780812
"GO:0005575",0.854145854145854,0.991562126642772,0.0188532541830902,0.392138053170574,0.828686150733265,83,"HOG:0032904;HOG:0027918;HOG:0005683;HOG:0011540;HOG:0011541;HOG:0025923;HOG:0025959",FALSE,"cellular_component","CC","root_early_to_late","annual",2,0.5,"Brachypodium=1.387;Hordeum=0.02662;Briza=-0.1975;Festuca/Vulpia=-0.06345",0.99474518780812
"GO:0043228",0.872727272727273,0.991562126642772,0.11146266692298,-0.236196319018405,-0.684812813111755,10,"HOG:0021123;HOG:0023227;HOG:0007833;HOG:0024337;HOG:0024277;HOG:0027639;HOG:0000122;HOG:0027706;HOG:0018221;HOG:0016166",FALSE,"membraneless organelle","CC","root_early_to_late","perennial",2,0.5,"Brachypodium=1.416;Hordeum=0.08692;Briza=-0.148;Festuca/Vulpia=-0.1919",0.99474518780812
"GO:0043232",0.872727272727273,0.991562126642772,0.11146266692298,-0.236196319018405,-0.684812813111755,10,"HOG:0021123;HOG:0023227;HOG:0007833;HOG:0024337;HOG:0024277;HOG:0027639;HOG:0000122;HOG:0027706;HOG:0018221;HOG:0016166",FALSE,"intracellular membraneless organelle","CC","root_early_to_late","perennial",2,0.5,"Brachypodium=1.416;Hordeum=0.08692;Briza=-0.148;Festuca/Vulpia=-0.1919",0.99474518780812
"GO:0017111",0.884749708963911,0.991562126642772,0.0256927476530375,0.340981168620019,0.630169319429918,12,"HOG:0007637;HOG:0028394;HOG:0012402;HOG:0029544;HOG:0005788",FALSE,"ribonucleoside triphosphate phosphatase activity","MF","root_early_to_late","annual",1,0.25,"Brachypodium=0.7192;Hordeum=-0.02668;Briza=-0.01266;Festuca/Vulpia=-0.04109",0.99474518780812
"GO:0006793",0.932131495227996,0.991562126642772,0.0169971052149879,0.296420342280639,0.588318678034975,22,"HOG:0011775;HOG:0031321;HOG:0029110;HOG:0010571;HOG:0023669;HOG:0020076;HOG:0032593;HOG:0022830;HOG:0004085;HOG:0023230;HOG:0028766;HOG:0006123;HOG:0006505",FALSE,"phosphorus metabolic process","BP","root_early_to_late","annual",3,0.75,"Brachypodium=0.2017;Hordeum=-0.03706;Briza=0.09708;Festuca/Vulpia=0.03504",0.99474518780812
"GO:0006796",0.932131495227996,0.991562126642772,0.0169971052149879,0.296420342280639,0.588318678034975,22,"HOG:0011775;HOG:0031321;HOG:0029110;HOG:0010571;HOG:0023669;HOG:0020076;HOG:0032593;HOG:0022830;HOG:0004085;HOG:0023230;HOG:0028766;HOG:0006123;HOG:0006505",FALSE,"phosphate-containing compound metabolic process","BP","root_early_to_late","annual",3,0.75,"Brachypodium=0.2017;Hordeum=-0.03706;Briza=0.09708;Festuca/Vulpia=0.03504",0.99474518780812
"GO:0016491",0.935483870967742,0.991562126642772,0.266350657088526,-0.179153094462541,-0.745601217205652,29,"HOG:0011628;HOG:0000322;HOG:0007920;HOG:0016944;HOG:0020549;HOG:0012540;HOG:0031129;HOG:0029921;HOG:0031530;HOG:0028720;HOG:0024629;HOG:0025231;HOG:0026770;HOG:0032320;HOG:0026234;HOG:0011862;HOG:0033359;HOG:0012056;HOG:0025863;HOG:0023914;HOG:0027495;HOG:0007713;HOG:0020408;HOG:0023085;HOG:0011023;HOG:0027098;HOG:0028012;HOG:0028089;HOG:0024444",FALSE,"oxidoreductase activity","MF","root_early_to_late","perennial",1,0.25,"Brachypodium=0.1551;Hordeum=-0.04479;Briza=0.08725;Festuca/Vulpia=0.02356",0.99474518780812
"GO:0016462",0.937357630979499,0.991562126642772,0.0212181723861707,0.288814399110267,0.540940952578831,13,"HOG:0007637;HOG:0028394;HOG:0012402;HOG:0029544;HOG:0005788",FALSE,"pyrophosphatase activity","MF","root_early_to_late","annual",1,0.25,"Brachypodium=0.7773;Hordeum=-0.02362;Briza=-0.07879;Festuca/Vulpia=-0.07833",0.99474518780812
"GO:0016817",0.937357630979499,0.991562126642772,0.0212181723861707,0.288814399110267,0.540940952578831,13,"HOG:0007637;HOG:0028394;HOG:0012402;HOG:0029544;HOG:0005788",FALSE,"hydrolase activity, acting on acid anhydrides","MF","root_early_to_late","annual",1,0.25,"Brachypodium=0.7773;Hordeum=-0.02362;Briza=-0.07879;Festuca/Vulpia=-0.07833",0.99474518780812
"GO:0016818",0.937357630979499,0.991562126642772,0.0212181723861707,0.288814399110267,0.540940952578831,13,"HOG:0007637;HOG:0028394;HOG:0012402;HOG:0029544;HOG:0005788",FALSE,"hydrolase activity, acting on acid anhydrides, in phosphorus-containing anhydrides","MF","root_early_to_late","annual",1,0.25,"Brachypodium=0.7773;Hordeum=-0.02362;Briza=-0.07879;Festuca/Vulpia=-0.07833",0.99474518780812
"GO:0019538",0.938631790744467,0.991562126642772,0.0123167455730572,0.31266296108633,0.652745037741427,46,"HOG:0011540;HOG:0011775;HOG:0031321;HOG:0010571;HOG:0016166;HOG:0007637;HOG:0007636;HOG:0026451;HOG:0028394;HOG:0032593;HOG:0012402;HOG:0029544;HOG:0005788;HOG:0007936;HOG:0022830;HOG:0003541;HOG:0027281",FALSE,"protein metabolic process","BP","root_early_to_late","annual",1,0.25,"Brachypodium= 1.06;Hordeum=-0.01019;Briza=-0.08844;Festuca/Vulpia=-0.08177",0.99474518780812
"GO:0180051",0.952270081490105,0.991562126642772,0.0215798086475871,0.280323541589957,0.518067599271981,12,"HOG:0016166;HOG:0028394;HOG:0012402;HOG:0005788",FALSE,"translation factor activity","MF","root_early_to_late","annual",2,0.5,"Brachypodium=  1.6;Hordeum=0.05374;Briza=-0.111;Festuca/Vulpia=-0.1276",0.99474518780812
"GO:0051179",0.966049382716049,0.991562126642772,0.0117231586093378,0.272775718143059,0.553817931774061,30,"HOG:0026838;HOG:0028263;HOG:0026902;HOG:0007645;HOG:0011532",FALSE,"localization","BP","root_early_to_late","annual",2,0.5,"Brachypodium=1.424;Hordeum=0.01491;Briza=-0.2726;Festuca/Vulpia=-0.06055",0.99474518780812
"GO:0051234",0.966049382716049,0.991562126642772,0.0117231586093378,0.272775718143059,0.553817931774061,30,"HOG:0026838;HOG:0028263;HOG:0026902;HOG:0007645;HOG:0011532",FALSE,"establishment of localization","BP","root_early_to_late","annual",2,0.5,"Brachypodium=1.424;Hordeum=0.01491;Briza=-0.2726;Festuca/Vulpia=-0.06055",0.99474518780812
"GO:0006810",0.967044284243048,0.991562126642772,0.0117231586093378,0.277089433858826,0.560353622913058,29,"HOG:0026838;HOG:0028263;HOG:0026902;HOG:0007645;HOG:0011532",FALSE,"transport","BP","root_early_to_late","annual",2,0.5,"Brachypodium=1.387;Hordeum=0.004204;Briza=-0.2736;Festuca/Vulpia=-0.06226",0.99474518780812
"GO:0016874",0.971326164874552,0.991562126642772,0.0219398252709772,0.249796587716382,0.45189118277445,10,"HOG:0032963;HOG:0025232;HOG:0023669",FALSE,"ligase activity","MF","root_early_to_late","annual",1,0.25,"Brachypodium=0.7637;Hordeum=-0.02826;Briza=-0.05136;Festuca/Vulpia=-0.0691",0.99474518780812
"GO:0006629",0.987012987012987,0.994026284348865,0.107972360317345,-0.169230769230769,-0.505162044885723,11,"HOG:0007920;HOG:0020549;HOG:0019459;HOG:0024629;HOG:0021895;HOG:0026770;HOG:0026234;HOG:0031418;HOG:0004192;HOG:0027098;HOG:0024444",FALSE,"lipid metabolic process","BP","root_early_to_late","perennial",1,0.25,"Brachypodium=0.1326;Hordeum=-0.03823;Briza=0.07102;Festuca/Vulpia=0.04275",0.99474518780812
"GO:0008610",0.994026284348865,0.994026284348865,0.020562605901185,0.191696717047706,0.346786387246497,10,"HOG:0024444;HOG:0027098;HOG:0004192;HOG:0031418;HOG:0026234;HOG:0026770",FALSE,"lipid biosynthetic process","BP","root_early_to_late","annual",3,0.75,"Brachypodium=0.1015;Hordeum=-0.03892;Briza=0.08081;Festuca/Vulpia=0.04695",0.995294117647059
"GO:0016874",0.0975308641975309,0.995294117647059,0.156312403073186,-0.546517875832309,-1.3489931488335,10,"HOG:0011942;HOG:0006057;HOG:0023669;HOG:0025232;HOG:0006139;HOG:0028766",FALSE,"ligase activity","MF","internal_edge_density","perennial",3,0.75,"Brachypodium=0.07509;Hordeum=-0.1175;Briza=-0.05932;Festuca/Vulpia=-0.1003",0.476318008232902
"GO:0098796",0.18562874251497,0.995294117647059,0.257206466468838,0.345679012345679,1.1798963345401,12,"HOG:0028636;HOG:0012011;HOG:0025124;HOG:0005666;HOG:0028850;HOG:0026073;HOG:0018221;HOG:0012012;HOG:0032629;HOG:0027704;HOG:0012511;HOG:0007857",FALSE,"membrane protein complex","CC","internal_edge_density","annual",1,0.25,"Brachypodium=0.04938;Hordeum=-0.0132;Briza=-0.01672;Festuca/Vulpia=-0.04835",0.657054285920265
"GO:0016491",0.190998902305159,0.995294117647059,0.0995791200495904,-0.394678438026264,-1.21280011047644,29,"HOG:0031129;HOG:0027495;HOG:0025231;HOG:0028012;HOG:0033359;HOG:0028720;HOG:0029921;HOG:0020408;HOG:0012540",FALSE,"oxidoreductase activity","MF","internal_edge_density","perennial",3,0.75,"Brachypodium=0.07831;Hordeum=-0.04383;Briza=-0.04428;Festuca/Vulpia=-0.09303",0.667865914830318
"GO:0004175",0.205412054120541,0.995294117647059,0.102080107662747,-0.481219731852105,-1.20889626099576,11,"HOG:0000079;HOG:0027281;HOG:0007638;HOG:0028718;HOG:0029544;HOG:0007637;HOG:0011540;HOG:0007936;HOG:0007636",FALSE,"endopeptidase activity","MF","internal_edge_density","perennial",3,0.75,"Brachypodium=0.05869;Hordeum=-0.06912;Briza=-0.06623;Festuca/Vulpia=-0.05112",0.667865914830318
"GO:0008233",0.205412054120541,0.995294117647059,0.102080107662747,-0.481219731852105,-1.20889626099576,11,"HOG:0000079;HOG:0027281;HOG:0007638;HOG:0028718;HOG:0029544;HOG:0007637;HOG:0011540;HOG:0007936;HOG:0007636",FALSE,"peptidase activity","MF","internal_edge_density","perennial",3,0.75,"Brachypodium=0.05869;Hordeum=-0.06912;Briza=-0.06623;Festuca/Vulpia=-0.05112",0.667865914830318
"GO:0005198",0.28042328042328,0.995294117647059,0.193813302725311,0.331660371837761,1.09952214602521,11,"HOG:0021123;HOG:0000122;HOG:0024337;HOG:0023227;HOG:0007833",FALSE,"structural molecule activity","MF","internal_edge_density","annual",2,0.5,"Brachypodium=0.06248;Hordeum=0.01519;Briza=-0.03612;Festuca/Vulpia=-0.07975",0.772951525541042
"GO:0006082",0.345882352941176,0.995294117647059,0.0707899094502623,-0.420636196311666,-1.10294650025767,13,"HOG:0017319;HOG:0031418;HOG:0011640;HOG:0011497",FALSE,"organic acid metabolic process","BP","internal_edge_density","perennial",3,0.75,"Brachypodium=0.06667;Hordeum=-0.06696;Briza=-0.0466;Festuca/Vulpia=-0.08837",0.811148648648649
"GO:0019752",0.345882352941176,0.995294117647059,0.0707899094502623,-0.420636196311666,-1.10294650025767,13,"HOG:0017319;HOG:0031418;HOG:0011640;HOG:0011497",FALSE,"carboxylic acid metabolic process","BP","internal_edge_density","perennial",3,0.75,"Brachypodium=0.06667;Hordeum=-0.06696;Briza=-0.0466;Festuca/Vulpia=-0.08837",0.811148648648649
"GO:0043436",0.345882352941176,0.995294117647059,0.0707899094502623,-0.420636196311666,-1.10294650025767,13,"HOG:0017319;HOG:0031418;HOG:0011640;HOG:0011497",FALSE,"oxoacid metabolic process","BP","internal_edge_density","perennial",3,0.75,"Brachypodium=0.06667;Hordeum=-0.06696;Briza=-0.0466;Festuca/Vulpia=-0.08837",0.811148648648649
"GO:0008270",0.348684210526316,0.995294117647059,0.193813302725311,0.295695423434161,1.03862401759727,13,"HOG:0028145;HOG:0027918",FALSE,"zinc ion binding","MF","internal_edge_density","annual",1,0.25,"Brachypodium=0.1163;Hordeum=-0.06304;Briza=-0.01998;Festuca/Vulpia=-0.0589",0.811148648648649
"GO:0016787",0.354564755838641,0.995294117647059,0.0645031249656493,-0.339092051866112,-1.09680491062279,38,"HOG:0000079;HOG:0003782;HOG:0029484;HOG:0012403;HOG:0007725;HOG:0006139;HOG:0027281;HOG:0028008;HOG:0007638;HOG:0028718;HOG:0032961;HOG:0029544;HOG:0028395;HOG:0007637;HOG:0005788;HOG:0026142;HOG:0005689;HOG:0012402;HOG:0011540;HOG:0007936;HOG:0007636;HOG:0028394;HOG:0026834",FALSE,"hydrolase activity","MF","internal_edge_density","perennial",3,0.75,"Brachypodium=0.05298;Hordeum=-0.05335;Briza=-0.05207;Festuca/Vulpia=-0.06096",0.815924242424242
"GO:0032991",0.379746835443038,0.995294117647059,0.261663521711573,0.226411020988615,1.03086182751455,31,"HOG:0027639;HOG:0028636;HOG:0005683;HOG:0006661;HOG:0012011;HOG:0025124;HOG:0023439",FALSE,"protein-containing complex","CC","internal_edge_density","annual",1,0.25,"Brachypodium=0.02703;Hordeum=-0.01566;Briza=-0.02297;Festuca/Vulpia=-0.03508",0.821786527173262
"GO:0016020",0.383095499451153,0.995294117647059,0.0623861492893626,-0.349625986756397,-1.07435926189455,29,"HOG:0031056;HOG:0000178;HOG:0024574;HOG:0007638;HOG:0024976;HOG:0026902;HOG:0029544;HOG:0028198;HOG:0007637;HOG:0007857;HOG:0027285;HOG:0021943;HOG:0012511;HOG:0032920",FALSE,"membrane","CC","internal_edge_density","perennial",3,0.75,"Brachypodium=0.05307;Hordeum=-0.07053;Briza=-0.02728;Festuca/Vulpia=-0.06029",0.826426140325442
"GO:0005622",0.413984123325034,0.995294117647059,0.203508959461977,0.193051652729008,1.01484183677054,62,"HOG:0027639;HOG:0027918;HOG:0033476;HOG:0018459;HOG:0010703;HOG:0021123;HOG:0000122;HOG:0024337;HOG:0028636;HOG:0023227;HOG:0007833;HOG:0005683;HOG:0012011;HOG:0025124;HOG:0023439",FALSE,"intracellular anatomical structure","CC","internal_edge_density","annual",1,0.25,"Brachypodium=0.05378;Hordeum=-0.01668;Briza=-0.02951;Festuca/Vulpia=-0.04329",0.844134536505332
"GO:0003677",0.427631578947368,0.995294117647059,0.173747838999571,0.277210608869954,0.973696491346631,13,"HOG:0027918;HOG:0010482",FALSE,"DNA binding","MF","internal_edge_density","annual",1,0.25,"Brachypodium=0.06386;Hordeum=-0.04421;Briza=-0.02266;Festuca/Vulpia=-0.03189",0.847847581381199
"GO:0044281",0.440223463687151,0.995294117647059,0.0566484183613995,-0.353861230504417,-1.03747304953991,22,"HOG:0017319;HOG:0031418;HOG:0023669;HOG:0011640;HOG:0011497;HOG:0020076;HOG:0028766;HOG:0004085;HOG:0023230;HOG:0006505",FALSE,"small molecule metabolic process","BP","internal_edge_density","perennial",3,0.75,"Brachypodium=0.07372;Hordeum=-0.06201;Briza=-0.05404;Festuca/Vulpia=-0.0885",0.857092334272562
"GO:0043168",0.444788441692466,0.995294117647059,0.0524827622635459,-0.305581626070405,-1.03157433332887,49,"HOG:0027495;HOG:0006057;HOG:0032893;HOG:0012403;HOG:0033359;HOG:0027706;HOG:0011497;HOG:0029921;HOG:0006139;HOG:0007638;HOG:0004085;HOG:0032961;HOG:0010736;HOG:0029544;HOG:0017189;HOG:0000191;HOG:0010571;HOG:0028395;HOG:0027147;HOG:0007637;HOG:0005788;HOG:0010710;HOG:0005689;HOG:0012102;HOG:0012402;HOG:0032593",FALSE,"anion binding","MF","internal_edge_density","perennial",3,0.75,"Brachypodium=0.06295;Hordeum=-0.06318;Briza=-0.03766;Festuca/Vulpia=-0.08359",0.857092334272562
"GO:0006412",0.454545454545455,0.995294117647059,0.190023305279108,0.253786972901639,0.976048720903682,19,"HOG:0033476;HOG:0021123;HOG:0000122;HOG:0024337;HOG:0000096;HOG:0023227;HOG:0007833",FALSE,"translation","BP","internal_edge_density","annual",2,0.5,"Brachypodium=0.1023;Hordeum=0.006629;Briza=-0.03442;Festuca/Vulpia=-0.07532",0.86685704037854
"GO:0160307",0.454545454545455,0.995294117647059,0.190023305279108,0.253786972901639,0.976048720903682,19,"HOG:0033476;HOG:0021123;HOG:0000122;HOG:0024337;HOG:0000096;HOG:0023227;HOG:0007833",FALSE,"protein biosynthetic process","BP","internal_edge_density","annual",2,0.5,"Brachypodium=0.1023;Hordeum=0.006629;Briza=-0.03442;Festuca/Vulpia=-0.07532",0.86685704037854
"GO:0016773",0.460024600246002,0.995294117647059,0.0590954798717342,-0.40003012069868,-1.00493576050398,11,"HOG:0004085;HOG:0000191;HOG:0010571;HOG:0027147;HOG:0010710;HOG:0032593;HOG:0031321;HOG:0022830",FALSE,"phosphotransferase activity, alcohol group as acceptor","MF","internal_edge_density","perennial",3,0.75,"Brachypodium=0.1046;Hordeum=-0.03328;Briza=-0.07604;Festuca/Vulpia=-0.05956",0.86685704037854
"GO:0005975",0.476730987514188,0.995294117647059,0.0536769600638126,-0.357297904878914,-1.0148399309019,19,"HOG:0005639;HOG:0031056;HOG:0033256;HOG:0028008;HOG:0024976;HOG:0004085;HOG:0000191;HOG:0006505;HOG:0006123;HOG:0011862;HOG:0023358;HOG:0026834",FALSE,"carbohydrate metabolic process","BP","internal_edge_density","perennial",3,0.75,"Brachypodium=0.03251;Hordeum=-0.0467;Briza=-0.05292;Festuca/Vulpia=-0.07356",0.87928441253321
"GO:1901363",0.515088449531738,0.995294117647059,0.0461379160269737,-0.290906471909099,-0.986163547751052,53,"HOG:0027495;HOG:0006057;HOG:0032893;HOG:0012403;HOG:0033359;HOG:0027706;HOG:0011497;HOG:0029921;HOG:0006139;HOG:0007638;HOG:0012540;HOG:0004085;HOG:0032961;HOG:0010736;HOG:0029544;HOG:0017189;HOG:0000191;HOG:0010571;HOG:0028395;HOG:0027147;HOG:0007637;HOG:0005788;HOG:0010710;HOG:0005689;HOG:0012102;HOG:0012402;HOG:0032593",FALSE,"heterocyclic compound binding","MF","internal_edge_density","perennial",3,0.75,"Brachypodium=0.06295;Hordeum=-0.06318;Briza=-0.03646;Festuca/Vulpia=-0.08359",0.915692531277644
"GO:0036094",0.515243902439024,0.995294117647059,0.0450442767152794,-0.281351441728742,-0.993943642098299,79,"HOG:0027495;HOG:0032348;HOG:0020711;HOG:0017178;HOG:0006057;HOG:0032893;HOG:0028012;HOG:0012403;HOG:0033359;HOG:0027706;HOG:0011497;HOG:0029921;HOG:0028065;HOG:0006139;HOG:0028008;HOG:0007638;HOG:0024976;HOG:0027303;HOG:0012540;HOG:0016913;HOG:0004085;HOG:0032961;HOG:0010736;HOG:0029544;HOG:0017189;HOG:0000191;HOG:0010571;HOG:0028395;HOG:0027147;HOG:0007637;HOG:0005788;HOG:0010710;HOG:0023400;HOG:0005689;HOG:0012102;HOG:0012402;HOG:0032593;HOG:0025959;HOG:0019394;HOG:0011862;HOG:0016795;HOG:0007636;HOG:0028394;HOG:0017159;HOG:0031321;HOG:0016636;HOG:0026361;HOG:0022830",FALSE,"small molecule binding","MF","internal_edge_density","perennial",3,0.75,"Brachypodium=0.07507;Hordeum=-0.06318;Briza=-0.03908;Festuca/Vulpia=-0.08115",0.915692531277644
"GO:1901135",0.524550898203593,0.995294117647059,0.0517405459873163,-0.378574959237804,-0.96780753568664,12,"HOG:0023669;HOG:0020076;HOG:0028766;HOG:0004085;HOG:0023230;HOG:0006505",FALSE,"carbohydrate derivative metabolic process","BP","internal_edge_density","perennial",3,0.75,"Brachypodium=0.1001;Hordeum=-0.06362;Briza=-0.0573;Festuca/Vulpia=-0.08722",0.922671579917089
"GO:0043167",0.55091649694501,0.995294117647059,0.042077210988939,-0.278840955110613,-0.981343067878073,75,"HOG:0027495;HOG:0032348;HOG:0020711;HOG:0017178;HOG:0006057;HOG:0032893;HOG:0028012;HOG:0012403;HOG:0033359;HOG:0027706;HOG:0011497;HOG:0029921;HOG:0028065;HOG:0006139;HOG:0028008;HOG:0007638;HOG:0024976;HOG:0027303;HOG:0004085;HOG:0032961;HOG:0010736;HOG:0029544;HOG:0017189;HOG:0000191;HOG:0010571;HOG:0028395;HOG:0027147;HOG:0007637;HOG:0005788;HOG:0010710;HOG:0023400;HOG:0005689;HOG:0012102;HOG:0012402;HOG:0032593",FALSE,"ion binding","MF","internal_edge_density","perennial",3,0.75,"Brachypodium=0.07957;Hordeum=-0.06318;Briza=-0.03939;Festuca/Vulpia=-0.08115",0.946392296741791
"GO:0043170",0.553846153846154,0.995294117647059,0.0421619430092452,-0.281368513992705,-0.974562883633601,65,"HOG:0026637;HOG:0031056;HOG:0000079;HOG:0006057;HOG:0012403;HOG:0024574;HOG:0026451;HOG:0006139;HOG:0027281;HOG:0007638;HOG:0024976;HOG:0027303;HOG:0016166;HOG:0024277;HOG:0006009;HOG:0029544;HOG:0010571;HOG:0028395;HOG:0024562;HOG:0027147;HOG:0007637;HOG:0031530;HOG:0006008;HOG:0005788;HOG:0010710;HOG:0012402;HOG:0032593;HOG:0011540;HOG:0007936;HOG:0003541;HOG:0016397;HOG:0025959;HOG:0026742;HOG:0007636;HOG:0028394;HOG:0010929;HOG:0031321;HOG:0016636;HOG:0026361;HOG:0022830",FALSE,"macromolecule metabolic process","BP","internal_edge_density","perennial",3,0.75,"Brachypodium=0.05307;Hordeum=-0.04978;Briza=-0.05151;Festuca/Vulpia=-0.05112",0.946392296741791
"GO:0016772",0.554913294797688,0.995294117647059,0.0475434194201301,-0.352347251581024,-0.960785853821378,16,"HOG:0007813;HOG:0004085;HOG:0000191;HOG:0010571;HOG:0027147;HOG:0006505;HOG:0010710;HOG:0032593;HOG:0031321;HOG:0022830;HOG:0025219",FALSE,"transferase activity, transferring phosphorus-containing groups","MF","internal_edge_density","perennial",3,0.75,"Brachypodium=0.1031;Hordeum=-0.05034;Briza=-0.06905;Festuca/Vulpia=-0.05742",0.946392296741791
"GO:0046914",0.562043795620438,0.995294117647059,0.158514105424824,0.253377773483758,0.941158196620294,16,"HOG:0028145;HOG:0027918",FALSE,"transition metal ion binding","MF","internal_edge_density","annual",1,0.25,"Brachypodium=0.1141;Hordeum=-0.06579;Briza=-0.02953;Festuca/Vulpia=-0.06366",0.950350881933204
"GO:0016301",0.578105781057811,0.995294117647059,0.048505983646947,-0.371743386260619,-0.933875234024028,11,"HOG:0004085;HOG:0000191;HOG:0010571;HOG:0027147;HOG:0006505;HOG:0010710;HOG:0032593;HOG:0031321;HOG:0022830",FALSE,"kinase activity","MF","internal_edge_density","perennial",3,0.75,"Brachypodium=0.1016;Hordeum=-0.06318;Briza=-0.06449;Festuca/Vulpia=-0.05956",0.950350881933204
"GO:0008610",0.579012345679012,0.995294117647059,0.0486034247259069,-0.374268180663465,-0.923821953257222,10,"HOG:0031418;HOG:0026234;HOG:0004192;HOG:0019459",FALSE,"lipid biosynthetic process","BP","internal_edge_density","perennial",3,0.75,"Brachypodium=0.09705;Hordeum=-0.0501;Briza=-0.02153;Festuca/Vulpia=-0.1004",0.950350881933204
"GO:0006629",0.579335793357934,0.995294117647059,0.0484087618816951,-0.371203729643443,-0.932519535528011,11,"HOG:0031418;HOG:0026234;HOG:0004192;HOG:0019459;HOG:0021895",FALSE,"lipid metabolic process","BP","internal_edge_density","perennial",3,0.75,"Brachypodium=0.09453;Hordeum=-0.05705;Briza=-0.02281;Festuca/Vulpia=-0.08837",0.950350881933204
"GO:0010467",0.583333333333333,0.995294117647059,0.219250346703755,0.197231296489585,0.937721591916472,36,"HOG:0027918;HOG:0033476;HOG:0010703;HOG:0021123;HOG:0000122;HOG:0024337;HOG:0000096;HOG:0023227;HOG:0007833;HOG:0005683",FALSE,"gene expression","BP","internal_edge_density","annual",1,0.25,"Brachypodium=0.06177;Hordeum=-0.003883;Briza=-0.03856;Festuca/Vulpia=-0.04735",0.950350881933204
"GO:0019538",0.585161964472309,0.995294117647059,0.0404934829859503,-0.285501604596761,-0.950749263590654,46,"HOG:0000079;HOG:0006057;HOG:0012403;HOG:0024574;HOG:0026451;HOG:0006139;HOG:0027281;HOG:0007638;HOG:0027303;HOG:0016166;HOG:0024277;HOG:0029544;HOG:0010571;HOG:0028395;HOG:0027147;HOG:0007637;HOG:0031530;HOG:0005788;HOG:0010710;HOG:0012402;HOG:0032593;HOG:0011540;HOG:0007936;HOG:0003541;HOG:0007636;HOG:0028394;HOG:0031321;HOG:0016636;HOG:0026361;HOG:0022830;HOG:0025316",FALSE,"protein metabolic process","BP","internal_edge_density","perennial",3,0.75,"Brachypodium=0.06798;Hordeum=-0.04045;Briza=-0.05136;Festuca/Vulpia=-0.06919",0.950350881933204
"GO:0046872",0.591748099891422,0.995294117647059,0.0417397034728504,-0.299887429915235,-0.931297132581826,30,"HOG:0032348;HOG:0020711;HOG:0017178;HOG:0028012;HOG:0028065;HOG:0028008;HOG:0024976;HOG:0027303",FALSE,"metal ion binding","MF","internal_edge_density","perennial",3,0.75,"Brachypodium=0.1069;Hordeum=-0.06579;Briza=-0.02953;Festuca/Vulpia=-0.08053",0.950350881933204
"GO:0050896",0.601476014760148,0.995294117647059,0.0466948041282054,-0.363260980699766,-0.912566156926755,11,"HOG:0024574;HOG:0006009;HOG:0031530;HOG:0006008",FALSE,"response to stimulus","BP","internal_edge_density","perennial",3,0.75,"Brachypodium=0.08372;Hordeum=-0.0273;Briza=-0.06774;Festuca/Vulpia=-0.07234",0.950350881933204
"GO:0009058",0.604102564102564,0.995294117647059,0.0381628909049257,-0.272799087338239,-0.944881363718832,65,"HOG:0026637;HOG:0031056;HOG:0031418;HOG:0006057;HOG:0023669;HOG:0032893;HOG:0028012;HOG:0012403;HOG:0025232;HOG:0024574;HOG:0011640;HOG:0026451;HOG:0006139;HOG:0020076;HOG:0024976;HOG:0028766;HOG:0016166;HOG:0018037;HOG:0024277",FALSE,"biosynthetic process","BP","internal_edge_density","perennial",3,0.75,"Brachypodium=0.06796;Hordeum=-0.05429;Briza=-0.03646;Festuca/Vulpia=-0.0729",0.950350881933204
"GO:0017111",0.607185628742515,0.995294117647059,0.0450442767152794,-0.354199591736764,-0.905493154407612,12,"HOG:0012403;HOG:0032961;HOG:0029544;HOG:0028395;HOG:0007637;HOG:0005788;HOG:0005689;HOG:0012402;HOG:0028394;HOG:0026361",FALSE,"ribonucleoside triphosphate phosphatase activity","MF","internal_edge_density","perennial",3,0.75,"Brachypodium=0.05082;Hordeum=-0.0506;Briza=-0.02894;Festuca/Vulpia=-0.08013",0.950350881933204
"GO:0006139",0.608505997818975,0.995294117647059,0.0406579344155557,-0.300878058073407,-0.925142745619163,28,"HOG:0026637;HOG:0006057;HOG:0023669;HOG:0006139;HOG:0020076;HOG:0028766;HOG:0006009;HOG:0023230;HOG:0024562;HOG:0006505;HOG:0006008;HOG:0012102;HOG:0025959;HOG:0006123;HOG:0026742;HOG:0010929;HOG:0029110",FALSE,"nucleobase-containing compound metabolic process","BP","internal_edge_density","perennial",3,0.75,"Brachypodium=0.05378;Hordeum=-0.04859;Briza=-0.05375;Festuca/Vulpia=-0.07262",0.950350881933204
"GO:0006810",0.665203073545554,0.995294117647059,0.0368389606870506,-0.289854078559686,-0.890687264947166,29,"HOG:0012261;HOG:0023564;HOG:0023825;HOG:0028065;HOG:0027975;HOG:0026902;HOG:0016200;HOG:0007857;HOG:0026838;HOG:0012511;HOG:0032920",FALSE,"transport","BP","internal_edge_density","perennial",3,0.75,"Brachypodium=0.03627;Hordeum=-0.07053;Briza=-0.01713;Festuca/Vulpia=-0.05551",0.993089981736005
"GO:0000166",0.675675675675676,0.995294117647059,0.0335297167141207,-0.264689022336304,-0.89659675437086,51,"HOG:0027495;HOG:0006057;HOG:0012403;HOG:0033359;HOG:0027706;HOG:0029921;HOG:0006139;HOG:0007638;HOG:0012540;HOG:0004085;HOG:0032961;HOG:0010736;HOG:0029544;HOG:0017189;HOG:0000191;HOG:0010571;HOG:0028395;HOG:0027147;HOG:0007637;HOG:0005788;HOG:0010710;HOG:0005689;HOG:0012102;HOG:0012402;HOG:0032593",FALSE,"nucleotide binding","MF","internal_edge_density","perennial",3,0.75,"Brachypodium=0.06386;Hordeum=-0.05165;Briza=-0.03174;Festuca/Vulpia=-0.07532",0.993089981736005
"GO:1901265",0.675675675675676,0.995294117647059,0.0335297167141207,-0.264689022336304,-0.89659675437086,51,"HOG:0027495;HOG:0006057;HOG:0012403;HOG:0033359;HOG:0027706;HOG:0029921;HOG:0006139;HOG:0007638;HOG:0012540;HOG:0004085;HOG:0032961;HOG:0010736;HOG:0029544;HOG:0017189;HOG:0000191;HOG:0010571;HOG:0028395;HOG:0027147;HOG:0007637;HOG:0005788;HOG:0010710;HOG:0005689;HOG:0012102;HOG:0012402;HOG:0032593",FALSE,"nucleoside phosphate binding","MF","internal_edge_density","perennial",3,0.75,"Brachypodium=0.06386;Hordeum=-0.05165;Briza=-0.03174;Festuca/Vulpia=-0.07532",0.993089981736005
"GO:0043169",0.691224268689057,0.995294117647059,0.0344174840212229,-0.280687007793237,-0.874617469557035,31,"HOG:0032348;HOG:0020711;HOG:0017178;HOG:0028012;HOG:0028065;HOG:0028008;HOG:0024976;HOG:0027303",FALSE,"cation binding","MF","internal_edge_density","perennial",3,0.75,"Brachypodium=0.1019;Hordeum=-0.06696;Briza=-0.01998;Festuca/Vulpia=-0.08115",0.993089981736005
"GO:0050789",0.693287037037037,0.995294117647059,0.0373806494758473,-0.315392491945916,-0.840341809219899,14,"HOG:0024574;HOG:0024562;HOG:0016397;HOG:0025959;HOG:0026742;HOG:0022830;HOG:0025316;HOG:0011064",FALSE,"regulation of biological process","BP","internal_edge_density","perennial",3,0.75,"Brachypodium=0.0961;Hordeum=-0.02187;Briza=-0.05186;Festuca/Vulpia=-0.04324",0.993089981736005
"GO:0050794",0.693287037037037,0.995294117647059,0.0373806494758473,-0.315392491945916,-0.840341809219899,14,"HOG:0024574;HOG:0024562;HOG:0016397;HOG:0025959;HOG:0026742;HOG:0022830;HOG:0025316;HOG:0011064",FALSE,"regulation of cellular process","BP","internal_edge_density","perennial",3,0.75,"Brachypodium=0.0961;Hordeum=-0.02187;Briza=-0.05186;Festuca/Vulpia=-0.04324",0.993089981736005
"GO:0065007",0.693287037037037,0.995294117647059,0.0373806494758473,-0.315392491945916,-0.840341809219899,14,"HOG:0024574;HOG:0024562;HOG:0016397;HOG:0025959;HOG:0026742;HOG:0022830;HOG:0025316;HOG:0011064",FALSE,"biological regulation","BP","internal_edge_density","perennial",3,0.75,"Brachypodium=0.0961;Hordeum=-0.02187;Briza=-0.05186;Festuca/Vulpia=-0.04324",0.993089981736005
"GO:0090304",0.701834862385321,0.995294117647059,0.0363783055518278,-0.308336452781982,-0.850273002428206,17,"HOG:0026637;HOG:0006057;HOG:0006139;HOG:0006009;HOG:0024562;HOG:0006008;HOG:0025959;HOG:0026742;HOG:0010929",FALSE,"nucleic acid metabolic process","BP","internal_edge_density","perennial",3,0.75,"Brachypodium=0.05197;Hordeum=-0.05476;Briza=-0.04595;Festuca/Vulpia=-0.05113",0.99474518780812
"GO:0017076",0.71264367816092,0.995294117647059,0.0312052969963336,-0.261890924164984,-0.872123306076015,46,"HOG:0027495;HOG:0006057;HOG:0012403;HOG:0027706;HOG:0006139;HOG:0007638;HOG:0012540;HOG:0004085;HOG:0032961;HOG:0010736;HOG:0029544;HOG:0017189;HOG:0000191;HOG:0010571;HOG:0028395;HOG:0027147;HOG:0007637;HOG:0005788;HOG:0010710;HOG:0005689;HOG:0012102;HOG:0012402;HOG:0032593;HOG:0011862;HOG:0007636;HOG:0028394;HOG:0031321;HOG:0016636;HOG:0026361;HOG:0022830",FALSE,"purine nucleotide binding","MF","internal_edge_density","perennial",3,0.75,"Brachypodium=0.06593;Hordeum=-0.0573;Briza=-0.0341;Festuca/Vulpia=-0.07038",0.99474518780812
"GO:0051179",0.719869706840391,0.995294117647059,0.0325785172778622,-0.274217907733305,-0.85158071229194,30,"HOG:0012261;HOG:0023564;HOG:0023825;HOG:0028065;HOG:0027975;HOG:0026902;HOG:0016200;HOG:0007857;HOG:0026838;HOG:0012511;HOG:0032920",FALSE,"localization","BP","internal_edge_density","perennial",3,0.75,"Brachypodium=0.03266;Hordeum=-0.06923;Briza=-0.02005;Festuca/Vulpia=-0.05403",0.99474518780812
"GO:0051234",0.719869706840391,0.995294117647059,0.0325785172778622,-0.274217907733305,-0.85158071229194,30,"HOG:0012261;HOG:0023564;HOG:0023825;HOG:0028065;HOG:0027975;HOG:0026902;HOG:0016200;HOG:0007857;HOG:0026838;HOG:0012511;HOG:0032920",FALSE,"establishment of localization","BP","internal_edge_density","perennial",3,0.75,"Brachypodium=0.03266;Hordeum=-0.06923;Briza=-0.02005;Festuca/Vulpia=-0.05403",0.99474518780812
"GO:0005737",0.759493670886076,0.995294117647059,0.181383128498408,0.177396332902267,0.807695257640334,31,"HOG:0033476;HOG:0018459;HOG:0010703",FALSE,"cytoplasm","CC","internal_edge_density","annual",1,0.25,"Brachypodium=0.02779;Hordeum=-0.03092;Briza=-0.02297;Festuca/Vulpia=-0.04243",0.99474518780812
"GO:0019637",0.763529411764706,0.995294117647059,0.0336033244336697,-0.304398289919626,-0.798160100093979,13,"HOG:0023669;HOG:0020076;HOG:0028766;HOG:0004085;HOG:0023230;HOG:0006505;HOG:0012102;HOG:0006123;HOG:0029110",FALSE,"organophosphate metabolic process","BP","internal_edge_density","perennial",3,0.75,"Brachypodium=0.105;Hordeum=-0.03991;Briza=-0.0545;Festuca/Vulpia=-0.09722",0.99474518780812
"GO:1902494",0.765432098765432,0.995294117647059,0.0357690767485421,-0.328682003284999,-0.811299666824401,10,"HOG:0000079",FALSE,"catalytic complex","CC","internal_edge_density","perennial",3,0.75,"Brachypodium=0.01582;Hordeum=-0.02969;Briza=-0.03743;Festuca/Vulpia=-0.02447",0.99474518780812
"GO:0016070",0.769675925925926,0.995294117647059,0.0324330694656715,-0.29658898226676,-0.79024113863648,14,"HOG:0026637;HOG:0006057;HOG:0006139",FALSE,"RNA metabolic process","BP","internal_edge_density","perennial",3,0.75,"Brachypodium=0.05378;Hordeum=-0.05603;Briza=-0.03612;Festuca/Vulpia=-0.04735",0.99474518780812
"GO:0046907",0.797018348623853,0.995294117647059,0.0302754424728262,-0.277568811469152,-0.765427715662222,17,"HOG:0012261;HOG:0023564",FALSE,"intracellular transport","BP","internal_edge_density","perennial",3,0.75,"Brachypodium=0.03627;Hordeum=-0.06307;Briza=-0.02297;Festuca/Vulpia=-0.04035",0.99474518780812
"GO:0051649",0.797018348623853,0.995294117647059,0.0302754424728262,-0.277568811469152,-0.765427715662222,17,"HOG:0012261;HOG:0023564",FALSE,"establishment of localization in cell","BP","internal_edge_density","perennial",3,0.75,"Brachypodium=0.03627;Hordeum=-0.06307;Briza=-0.02297;Festuca/Vulpia=-0.04035",0.99474518780812
"GO:0030554",0.821581196581197,0.995294117647059,0.0250603987343648,-0.243939409300725,-0.783531064425096,37,"HOG:0027495;HOG:0006057;HOG:0027706;HOG:0006139;HOG:0007638;HOG:0012540;HOG:0004085;HOG:0010736;HOG:0029544;HOG:0017189;HOG:0000191;HOG:0010571;HOG:0027147;HOG:0007637;HOG:0010710;HOG:0012102;HOG:0032593;HOG:0011862;HOG:0007636;HOG:0031321;HOG:0016636;HOG:0026361;HOG:0022830",FALSE,"adenyl nucleotide binding","MF","internal_edge_density","perennial",3,0.75,"Brachypodium=0.06386;Hordeum=-0.06318;Briza=-0.03939;Festuca/Vulpia=-0.06786",0.99474518780812
"GO:0051641",0.825198637911464,0.995294117647059,0.0280106629226489,-0.262092790422953,-0.744427061258182,19,"HOG:0012261;HOG:0023564",FALSE,"cellular localization","BP","internal_edge_density","perennial",3,0.75,"Brachypodium=0.02779;Hordeum=-0.05726;Briza=-0.02297;Festuca/Vulpia=-0.04035",0.99474518780812
"GO:0032555",0.825765575501584,0.995294117647059,0.0241447930798382,-0.237387414269823,-0.77968750505571,42,"HOG:0006057;HOG:0012403;HOG:0027706;HOG:0006139;HOG:0007638;HOG:0004085;HOG:0032961;HOG:0010736;HOG:0029544;HOG:0017189;HOG:0000191;HOG:0010571;HOG:0028395;HOG:0027147;HOG:0007637;HOG:0005788;HOG:0010710;HOG:0005689;HOG:0012102;HOG:0012402;HOG:0032593",FALSE,"purine ribonucleotide binding","MF","internal_edge_density","perennial",3,0.75,"Brachypodium=0.06593;Hordeum=-0.0573;Briza=-0.0341;Festuca/Vulpia=-0.06277",0.99474518780812
"GO:0006753",0.838868388683887,0.995294117647059,0.0312052969963336,-0.297652252871515,-0.747747176094447,11,"HOG:0023669;HOG:0020076;HOG:0028766;HOG:0023230;HOG:0006505;HOG:0012102;HOG:0006123;HOG:0029110",FALSE,"nucleoside phosphate metabolic process","BP","internal_edge_density","perennial",3,0.75,"Brachypodium=0.09526;Hordeum=-0.03991;Briza=-0.0545;Festuca/Vulpia=-0.09722",0.99474518780812
"GO:0055086",0.838868388683887,0.995294117647059,0.0312052969963336,-0.297652252871515,-0.747747176094447,11,"HOG:0023669;HOG:0020076;HOG:0028766;HOG:0023230;HOG:0006505;HOG:0012102;HOG:0006123;HOG:0029110",FALSE,"nucleobase-containing small molecule metabolic process","BP","internal_edge_density","perennial",3,0.75,"Brachypodium=0.09526;Hordeum=-0.03991;Briza=-0.0545;Festuca/Vulpia=-0.09722",0.99474518780812
"GO:0072521",0.838868388683887,0.995294117647059,0.0312052969963336,-0.297652252871515,-0.747747176094447,11,"HOG:0023669;HOG:0020076;HOG:0028766;HOG:0023230;HOG:0006505;HOG:0012102;HOG:0006123;HOG:0029110",FALSE,"purine-containing compound metabolic process","BP","internal_edge_density","perennial",3,0.75,"Brachypodium=0.09526;Hordeum=-0.03991;Briza=-0.0545;Festuca/Vulpia=-0.09722",0.99474518780812
"GO:0012505",0.845018450184502,0.995294117647059,0.0308468245215279,-0.293667517095694,-0.737736921190922,11,"HOG:0008696;HOG:0021943;HOG:0008697;HOG:0012511",FALSE,"endomembrane system","CC","internal_edge_density","perennial",3,0.75,"Brachypodium=0.02621;Hordeum=-0.05726;Briza=-0.01713;Festuca/Vulpia=-0.03508",0.99474518780812
"GO:0016462",0.857647058823529,0.995294117647059,0.0278699114874201,-0.27537850795775,-0.722067583012124,13,"HOG:0012403;HOG:0032961;HOG:0029544;HOG:0028395;HOG:0007637;HOG:0005788;HOG:0005689;HOG:0012402",FALSE,"pyrophosphatase activity","MF","internal_edge_density","perennial",3,0.75,"Brachypodium=0.04856;Hordeum=-0.04978;Briza=-0.02614;Festuca/Vulpia=-0.07532",0.99474518780812
"GO:0016817",0.857647058823529,0.995294117647059,0.0278699114874201,-0.27537850795775,-0.722067583012124,13,"HOG:0012403;HOG:0032961;HOG:0029544;HOG:0028395;HOG:0007637;HOG:0005788;HOG:0005689;HOG:0012402",FALSE,"hydrolase activity, acting on acid anhydrides","MF","internal_edge_density","perennial",3,0.75,"Brachypodium=0.04856;Hordeum=-0.04978;Briza=-0.02614;Festuca/Vulpia=-0.07532",0.99474518780812
"GO:0016818",0.857647058823529,0.995294117647059,0.0278699114874201,-0.27537850795775,-0.722067583012124,13,"HOG:0012403;HOG:0032961;HOG:0029544;HOG:0028395;HOG:0007637;HOG:0005788;HOG:0005689;HOG:0012402",FALSE,"hydrolase activity, acting on acid anhydrides, in phosphorus-containing anhydrides","MF","internal_edge_density","perennial",3,0.75,"Brachypodium=0.04856;Hordeum=-0.04978;Briza=-0.02614;Festuca/Vulpia=-0.07532",0.99474518780812
"GO:0035639",0.866807610993658,0.995294117647059,0.0214353576364558,-0.226252557703435,-0.740835018086635,41,"HOG:0006057;HOG:0012403;HOG:0027706;HOG:0006139;HOG:0007638;HOG:0004085;HOG:0032961;HOG:0010736;HOG:0029544;HOG:0017189;HOG:0000191;HOG:0010571;HOG:0028395;HOG:0027147;HOG:0007637;HOG:0005788;HOG:0010710;HOG:0005689;HOG:0012402;HOG:0032593",FALSE,"purine ribonucleoside triphosphate binding","MF","internal_edge_density","perennial",3,0.75,"Brachypodium=0.068;Hordeum=-0.05142;Briza=-0.03646;Festuca/Vulpia=-0.05956",0.99474518780812
"GO:0006793",0.867039106145251,0.995294117647059,0.024567800621605,-0.238490416390947,-0.699221497722315,22,"HOG:0023669;HOG:0020076;HOG:0028766;HOG:0004085;HOG:0023230;HOG:0010571;HOG:0027147;HOG:0006505;HOG:0010710;HOG:0012102;HOG:0032593;HOG:0006123;HOG:0029110;HOG:0031321;HOG:0022830",FALSE,"phosphorus metabolic process","BP","internal_edge_density","perennial",3,0.75,"Brachypodium=0.09975;Hordeum=-0.0366;Briza=-0.05404;Festuca/Vulpia=-0.09655",0.99474518780812
"GO:0006796",0.867039106145251,0.995294117647059,0.024567800621605,-0.238490416390947,-0.699221497722315,22,"HOG:0023669;HOG:0020076;HOG:0028766;HOG:0004085;HOG:0023230;HOG:0010571;HOG:0027147;HOG:0006505;HOG:0010710;HOG:0012102;HOG:0032593;HOG:0006123;HOG:0029110;HOG:0031321;HOG:0022830",FALSE,"phosphate-containing compound metabolic process","BP","internal_edge_density","perennial",3,0.75,"Brachypodium=0.09975;Hordeum=-0.0366;Briza=-0.05404;Festuca/Vulpia=-0.09655",0.99474518780812
"GO:0032553",0.86984126984127,0.995294117647059,0.0212906370865403,-0.227126193791358,-0.74687179306534,43,"HOG:0006057;HOG:0012403;HOG:0027706;HOG:0006139;HOG:0007638;HOG:0004085;HOG:0032961;HOG:0010736;HOG:0029544;HOG:0017189;HOG:0000191;HOG:0010571;HOG:0028395;HOG:0027147;HOG:0007637;HOG:0005788;HOG:0010710;HOG:0005689;HOG:0012102;HOG:0012402;HOG:0032593",FALSE,"ribonucleotide binding","MF","internal_edge_density","perennial",3,0.75,"Brachypodium=0.06386;Hordeum=-0.05142;Briza=-0.03646;Festuca/Vulpia=-0.06598",0.99474518780812
"GO:0097367",0.86984126984127,0.995294117647059,0.0212906370865403,-0.227126193791358,-0.74687179306534,43,"HOG:0006057;HOG:0012403;HOG:0027706;HOG:0006139;HOG:0007638;HOG:0004085;HOG:0032961;HOG:0010736;HOG:0029544;HOG:0017189;HOG:0000191;HOG:0010571;HOG:0028395;HOG:0027147;HOG:0007637;HOG:0005788;HOG:0010710;HOG:0005689;HOG:0012102;HOG:0012402;HOG:0032593",FALSE,"carbohydrate derivative binding","MF","internal_edge_density","perennial",3,0.75,"Brachypodium=0.06386;Hordeum=-0.05142;Briza=-0.03646;Festuca/Vulpia=-0.06598",0.99474518780812
"GO:0005515",0.897540983606557,0.995294117647059,0.0172342687658066,-0.212071897245284,-0.740136786958289,69,"HOG:0020382;HOG:0031129;HOG:0003621;HOG:0024905;HOG:0017319;HOG:0020711;HOG:0031127;HOG:0027706;HOG:0022963;HOG:0007725",FALSE,"protein binding","MF","internal_edge_density","perennial",3,0.75,"Brachypodium=0.05577;Hordeum=-0.02004;Briza=-0.02829;Festuca/Vulpia=-0.05528",0.99474518780812
"GO:0003676",0.908163265306122,0.995294117647059,0.0227981839377501,-0.231855235546285,-0.661109556555066,20,"HOG:0006057;HOG:0026549;HOG:0020076;HOG:0016166;HOG:0024277;HOG:0017189",FALSE,"nucleic acid binding","MF","internal_edge_density","perennial",3,0.75,"Brachypodium=0.0392;Hordeum=-0.00833;Briza=-0.02448;Festuca/Vulpia=-0.03856",0.99474518780812
"GO:0043227",0.922566371681416,0.995294117647059,0.0204160330522345,-0.211034380091279,-0.627334394460346,23,"HOG:0007835;HOG:0008696;HOG:0024277;HOG:0026902;HOG:0021943;HOG:0008697;HOG:0012511;HOG:0025959;HOG:0010929;HOG:0005690;HOG:0027704",FALSE,"membrane-bounded organelle","CC","internal_edge_density","perennial",3,0.75,"Brachypodium=0.06248;Hordeum=-0.05121;Briza=-0.02728;Festuca/Vulpia=-0.04243",0.99474518780812
"GO:0043231",0.922566371681416,0.995294117647059,0.0204160330522345,-0.211034380091279,-0.627334394460346,23,"HOG:0007835;HOG:0008696;HOG:0024277;HOG:0026902;HOG:0021943;HOG:0008697;HOG:0012511;HOG:0025959;HOG:0010929;HOG:0005690;HOG:0027704",FALSE,"intracellular membrane-bounded organelle","CC","internal_edge_density","perennial",3,0.75,"Brachypodium=0.06248;Hordeum=-0.05121;Briza=-0.02728;Festuca/Vulpia=-0.04243",0.99474518780812
"GO:0009059",0.924947145877378,0.995294117647059,0.0173129588067077,-0.206675900021319,-0.676733760203766,41,"HOG:0026637;HOG:0031056;HOG:0006057;HOG:0012403;HOG:0024574;HOG:0026451;HOG:0006139;HOG:0024976;HOG:0016166;HOG:0024277;HOG:0028395;HOG:0024562;HOG:0005788;HOG:0012402;HOG:0003541;HOG:0016397;HOG:0025959;HOG:0026742;HOG:0028394;HOG:0010929",FALSE,"macromolecule biosynthetic process","BP","internal_edge_density","perennial",3,0.75,"Brachypodium=0.04682;Hordeum=-0.03092;Briza=-0.03646;Festuca/Vulpia=-0.04515",0.99474518780812
"GO:0032559",0.932827735644637,0.995294117647059,0.0183973177537706,-0.203158198792186,-0.639184138644857,33,"HOG:0006057;HOG:0027706;HOG:0006139;HOG:0007638;HOG:0004085;HOG:0010736;HOG:0029544;HOG:0017189;HOG:0000191;HOG:0010571;HOG:0027147;HOG:0007637;HOG:0010710;HOG:0012102;HOG:0032593;HOG:0007636;HOG:0031321;HOG:0016636;HOG:0026361;HOG:0022830",FALSE,"adenyl ribonucleotide binding","MF","internal_edge_density","perennial",3,0.75,"Brachypodium=0.06386;Hordeum=-0.06318;Briza=-0.03939;Festuca/Vulpia=-0.05724",0.99474518780812
"GO:0005524",0.934782608695652,0.995294117647059,0.0184736429135616,-0.204476632330953,-0.639917271735332,32,"HOG:0006057;HOG:0027706;HOG:0006139;HOG:0007638;HOG:0004085;HOG:0010736;HOG:0029544;HOG:0017189;HOG:0000191;HOG:0010571;HOG:0027147;HOG:0007637",FALSE,"ATP binding","MF","internal_edge_density","perennial",3,0.75,"Brachypodium=0.06593;Hordeum=-0.05034;Briza=-0.04002;Festuca/Vulpia=-0.05513",0.99474518780812
"GO:0032774",0.937269372693727,0.995294117647059,0.0255522951965404,-0.25246752679888,-0.63423635601005,11,"HOG:0026637",FALSE,"RNA biosynthetic process","BP","internal_edge_density","perennial",3,0.75,"Brachypodium=0.05558;Hordeum=-0.05476;Briza=-0.0263;Festuca/Vulpia=-0.03196",0.99474518780812
"GO:0141187",0.937269372693727,0.995294117647059,0.0255522951965404,-0.25246752679888,-0.63423635601005,11,"HOG:0026637",FALSE,"nucleic acid biosynthetic process","BP","internal_edge_density","perennial",3,0.75,"Brachypodium=0.05558;Hordeum=-0.05476;Briza=-0.0263;Festuca/Vulpia=-0.03196",0.99474518780812
"GO:0005634",0.94078947368421,0.995294117647059,0.111918316325105,0.187348246671498,0.658056815313148,13,"HOG:0027918",FALSE,"nucleus","CC","internal_edge_density","annual",1,0.25,"Brachypodium=0.05558;Hordeum=-0.01497;Briza=-0.0263;Festuca/Vulpia=-0.03196",0.99474518780812
"GO:0034654",0.944954128440367,0.995294117647059,0.0211456362513594,-0.218951155805883,-0.603782831878882,17,"HOG:0026637;HOG:0023669;HOG:0020076;HOG:0028766;HOG:0024562;HOG:0012102;HOG:0025959;HOG:0026742;HOG:0010929",FALSE,"nucleobase-containing compound biosynthetic process","BP","internal_edge_density","perennial",3,0.75,"Brachypodium=0.09526;Hordeum=-0.05731;Briza=-0.0263;Festuca/Vulpia=-0.04954",0.99474518780812
"GO:0006886",0.97459584295612,0.995294117647059,0.019677649030838,-0.199126178535478,-0.536488316545248,15,"HOG:0012261",FALSE,"intracellular protein transport","BP","internal_edge_density","perennial",3,0.75,"Brachypodium=0.06248;Hordeum=-0.06307;Briza=-0.02297;Festuca/Vulpia=-0.04415",0.99474518780812
"GO:0180051",0.977245508982036,0.995294117647059,0.0217240006200525,-0.225412308267426,-0.576255046073186,12,"HOG:0012403;HOG:0016166;HOG:0028395;HOG:0005788;HOG:0012402;HOG:0028394",FALSE,"translation factor activity","MF","internal_edge_density","perennial",3,0.75,"Brachypodium=0.08515;Hordeum=-0.02426;Briza=-0.03308;Festuca/Vulpia=-0.07065",0.99474518780812
"GO:0008104",0.979190751445087,0.995294117647059,0.0194541744944906,-0.198045283942966,-0.54003289758792,16,"HOG:0012261",FALSE,"intracellular protein localization","BP","internal_edge_density","perennial",3,0.75,"Brachypodium=0.04938;Hordeum=-0.06017;Briza=-0.02005;Festuca/Vulpia=-0.03961",0.99474518780812
"GO:0015031",0.979190751445087,0.995294117647059,0.0194541744944906,-0.198045283942966,-0.54003289758792,16,"HOG:0012261",FALSE,"protein transport","BP","internal_edge_density","perennial",3,0.75,"Brachypodium=0.04938;Hordeum=-0.06017;Briza=-0.02005;Festuca/Vulpia=-0.03961",0.99474518780812
"GO:0033036",0.979190751445087,0.995294117647059,0.0194541744944906,-0.198045283942966,-0.54003289758792,16,"HOG:0012261",FALSE,"macromolecule localization","BP","internal_edge_density","perennial",3,0.75,"Brachypodium=0.04938;Hordeum=-0.06017;Briza=-0.02005;Festuca/Vulpia=-0.03961",0.99474518780812
"GO:0110165",0.980651731160896,0.995294117647059,0.00906269502060309,-0.167431268817597,-0.590463823260291,78,"HOG:0031056;HOG:0000079;HOG:0006057;HOG:0012403;HOG:0027706;HOG:0000178;HOG:0024574;HOG:0007835;HOG:0026451;HOG:0006139;HOG:0008696;HOG:0007638;HOG:0024976;HOG:0016166;HOG:0024277;HOG:0026902;HOG:0029544;HOG:0028198;HOG:0028395;HOG:0007637;HOG:0007857;HOG:0027285;HOG:0005788;HOG:0021943;HOG:0008697;HOG:0023400;HOG:0012402;HOG:0011540;HOG:0012511;HOG:0032920;HOG:0025959;HOG:0007636;HOG:0028394;HOG:0010929;HOG:0005690;HOG:0027601;HOG:0016636;HOG:0026361",FALSE,"cellular anatomical structure","CC","internal_edge_density","perennial",3,0.75,"Brachypodium=0.05252;Hordeum=-0.0487;Briza=-0.03135;Festuca/Vulpia=-0.04976",0.99474518780812
"GO:0045184",0.988532110091743,0.995294117647059,0.0183208529217527,-0.188983767895706,-0.521144335316383,17,"HOG:0012261",FALSE,"establishment of protein localization","BP","internal_edge_density","perennial",3,0.75,"Brachypodium=0.03627;Hordeum=-0.05726;Briza=-0.02297;Festuca/Vulpia=-0.03508",0.99474518780812
"GO:0005575",0.99184505606524,0.995294117647059,0.00773927265828568,-0.16087692464394,-0.568094177405367,83,"HOG:0031056;HOG:0000079;HOG:0006057;HOG:0012403;HOG:0027706;HOG:0000178;HOG:0024574;HOG:0007835;HOG:0026451;HOG:0006139;HOG:0008696;HOG:0007638;HOG:0024976;HOG:0016166;HOG:0024277;HOG:0026902;HOG:0029544;HOG:0028198;HOG:0028395;HOG:0007637;HOG:0007857;HOG:0027285;HOG:0005788;HOG:0021943;HOG:0008697;HOG:0023400;HOG:0012402;HOG:0011540;HOG:0012511;HOG:0032920;HOG:0016397;HOG:0025959;HOG:0007636;HOG:0028394;HOG:0010929;HOG:0005690;HOG:0027601;HOG:0016636;HOG:0026361;HOG:0027704;HOG:0004116;HOG:0025316",FALSE,"cellular_component","CC","internal_edge_density","perennial",3,0.75,"Brachypodium=0.04746;Hordeum=-0.04762;Briza=-0.03174;Festuca/Vulpia=-0.04618",0.99474518780812
"GO:0016192",0.995294117647059,0.995294117647059,0.0195287736089407,-0.17631813074671,-0.462322232238348,13,"HOG:0023825;HOG:0007857;HOG:0026838;HOG:0012511",FALSE,"vesicle-mediated transport","BP","internal_edge_density","perennial",3,0.75,"Brachypodium=0.02779;Hordeum=-0.03481;Briza=-0.01713;Festuca/Vulpia=-0.04415",0.995294117647059
