"go_id","pval","padj_within_ranking","log2err","ES","NES","size","leadingEdge","main_pathway","TERM","ONTOLOGY","ranking","direction","n_directional_pairs","pair_consistency","pair_median_effects","padj_global"
"GO:0005737",5.22680442387949e-06,0.00051222683354019,0.610526878385931,-0.696960622489209,-2.1646585298828,31,"HOG:0026451;HOG:0010703;HOG:0026340;HOG:0008696;HOG:0025124;HOG:0016371;HOG:0021943;HOG:0032629;HOG:0012012;HOG:0012511;HOG:0006523;HOG:0008697;HOG:0028636;HOG:0005666;HOG:0027704;HOG:0006139;HOG:0026073;HOG:0026361;HOG:0016636;HOG:0028661;HOG:0012011",TRUE,"cytoplasm","CC","leaf_early_to_late","perennial",3,0.75,"Brachypodium=-0.2022;Hordeum=0.5266;Briza=-0.1633;Festuca/Vulpia=-0.1477",0.00358558783478133
"GO:0003677",1.96549109315897e-05,0.00192618127129579,0.575610261071129,-0.876451107933931,-1.79090285370482,13,"HOG:0010481;HOG:0026742;HOG:0032903;HOG:0010482;HOG:0025149;HOG:0032904;HOG:0025848;HOG:0027918;HOG:0011541",TRUE,"DNA binding","MF","leaf_mean_activity","perennial",4,1,"Brachypodium=-0.76;Hordeum=-0.003775;Briza=-0.4539;Festuca/Vulpia=-0.09719",0.00674163444953528
"GO:0003676",4.79393885211324e-05,0.00234903003753549,0.557332238758646,-0.795219916617102,-1.75132173493346,20,"HOG:0010481;HOG:0026742;HOG:0032903;HOG:0010482;HOG:0025149;HOG:0032904;HOG:0025848;HOG:0027918;HOG:0032849;HOG:0011541;HOG:0025923",FALSE,"nucleic acid binding","MF","leaf_mean_activity","perennial",4,1,"Brachypodium=-0.5029;Hordeum=-0.03637;Briza=-0.4119;Festuca/Vulpia=-0.07575",0.00822160513137421
"GO:0005198",3.62972567817771e-05,0.00323514598498051,0.557332238758646,-0.829346654980133,-2.21668945471061,11,"HOG:0000122;HOG:0021123;HOG:0024337;HOG:0023227;HOG:0007833",TRUE,"structural molecule activity","MF","root_mean_activity","perennial",3,0.75,"Brachypodium=-0.07531;Hordeum=-0.1101;Briza=-0.06175;Festuca/Vulpia=0.07811",0.00822160513137421
"GO:0006412",0.000132046774897164,0.00323514598498051,0.518848077743792,-0.689445261854899,-2.15805331880255,19,"HOG:0000122;HOG:0021123;HOG:0033476;HOG:0024337;HOG:0023227;HOG:0007833;HOG:0000096;HOG:0006208;HOG:0026397",TRUE,"translation","BP","root_mean_activity","perennial",3,0.75,"Brachypodium=-0.02795;Hordeum=-0.1119;Briza=-0.05876;Festuca/Vulpia=0.04895",0.0100648986199394
"GO:0160307",0.000132046774897164,0.00323514598498051,0.518848077743792,-0.689445261854899,-2.15805331880255,19,"HOG:0000122;HOG:0021123;HOG:0033476;HOG:0024337;HOG:0023227;HOG:0007833;HOG:0000096;HOG:0006208;HOG:0026397",FALSE,"protein biosynthetic process","BP","root_mean_activity","perennial",3,0.75,"Brachypodium=-0.02795;Hordeum=-0.1119;Briza=-0.05876;Festuca/Vulpia=0.04895",0.0100648986199394
"GO:0005515",0.000205937640922899,0.00504547220261103,0.518848077743792,-0.631972315620091,-1.52343139561266,69,"HOG:0023048;HOG:0023138;HOG:0025149;HOG:0006131;HOG:0010551;HOG:0005857;HOG:0008732;HOG:0006332;HOG:0027421;HOG:0026019;HOG:0003621;HOG:0028145;HOG:0027918;HOG:0032765;HOG:0032849;HOG:0011541;HOG:0026838;HOG:0010549;HOG:0025923;HOG:0011775;HOG:0011715;HOG:0033004;HOG:0027351;HOG:0029540;HOG:0026507;HOG:0017160;HOG:0027639;HOG:0016116;HOG:0028440;HOG:0024976",TRUE,"protein binding","MF","leaf_mean_activity","perennial",4,1,"Brachypodium=-0.2897;Hordeum=-0.02479;Briza=-0.06676;Festuca/Vulpia=-0.03351",0.0117727684727591
"GO:0043228",0.000400913665267985,0.00654825653271043,0.49849310876659,-0.806443786878809,-2.0602232369701,10,"HOG:0000122;HOG:0021123;HOG:0024337;HOG:0023227;HOG:0007833;HOG:0027639",TRUE,"membraneless organelle","CC","root_mean_activity","perennial",3,0.75,"Brachypodium=-0.2123;Hordeum=-0.1183;Briza=-0.06738;Festuca/Vulpia=0.07342",0.0178561615121817
"GO:0043232",0.000400913665267985,0.00654825653271043,0.49849310876659,-0.806443786878809,-2.0602232369701,10,"HOG:0000122;HOG:0021123;HOG:0024337;HOG:0023227;HOG:0007833;HOG:0027639",FALSE,"intracellular membraneless organelle","CC","root_mean_activity","perennial",3,0.75,"Brachypodium=-0.2123;Hordeum=-0.1183;Briza=-0.06738;Festuca/Vulpia=0.07342",0.0178561615121817
"GO:0034654",0.000519876570539042,0.00793256816732761,0.477270815362862,-0.776929690953916,-1.68747208967725,17,"HOG:0025959;HOG:0026742;HOG:0032903;HOG:0032904;HOG:0005683;HOG:0027918;HOG:0011541;HOG:0025923;HOG:0026637",FALSE,"nucleobase-containing compound biosynthetic process","BP","leaf_mean_activity","perennial",4,1,"Brachypodium=-0.393;Hordeum=-0.003775;Briza=-0.3174;Festuca/Vulpia=-0.04656",0.0204576757999501
"GO:0032774",0.000566612011951972,0.00793256816732761,0.477270815362862,-0.841603290311996,-1.68624857561467,11,"HOG:0025959;HOG:0026742;HOG:0032903;HOG:0032904;HOG:0005683;HOG:0027918;HOG:0011541;HOG:0025923;HOG:0026637",FALSE,"RNA biosynthetic process","BP","leaf_mean_activity","perennial",4,1,"Brachypodium=-0.5958;Hordeum=-0.003775;Briza=-0.4474;Festuca/Vulpia=-0.0786",0.0204576757999501
"GO:0141187",0.000566612011951972,0.00793256816732761,0.477270815362862,-0.841603290311996,-1.68624857561467,11,"HOG:0025959;HOG:0026742;HOG:0032903;HOG:0032904;HOG:0005683;HOG:0027918;HOG:0011541;HOG:0025923;HOG:0026637",FALSE,"nucleic acid biosynthetic process","BP","leaf_mean_activity","perennial",4,1,"Brachypodium=-0.5958;Hordeum=-0.003775;Briza=-0.4474;Festuca/Vulpia=-0.0786",0.0204576757999501
"GO:0051641",0.000704379000231641,0.0115048570037835,0.477270815362862,-0.672602906098192,-1.81557570934886,19,"HOG:0025124;HOG:0016371;HOG:0012012;HOG:0012511;HOG:0006523;HOG:0028636;HOG:0008637;HOG:0005666;HOG:0027704;HOG:0028850;HOG:0028661;HOG:0012011;HOG:0023564;HOG:0011064",FALSE,"cellular localization","BP","leaf_early_to_late","perennial",3,0.75,"Brachypodium=-0.2405;Hordeum=0.5176;Briza=-0.271;Festuca/Vulpia=-0.07111",0.0230097140075669
"GO:0090304",0.0017774989707294,0.0212550321503241,0.45505986738723,-0.753471335243322,-1.63652112076429,17,"HOG:0025959;HOG:0026742;HOG:0032903;HOG:0032904;HOG:0003561;HOG:0005683;HOG:0027918;HOG:0011541;HOG:0025923;HOG:0026637",FALSE,"nucleic acid metabolic process","BP","leaf_mean_activity","perennial",3,0.75,"Brachypodium=-0.4457;Hordeum=0.08314;Briza=-0.3958;Festuca/Vulpia=-0.0786",0.0435487247828702
"GO:0008270",0.00196230385818023,0.0212550321503241,0.431707695803346,-0.795116037420175,-1.62470623580934,13,"HOG:0025959;HOG:0025149;HOG:0028333;HOG:0006332;HOG:0028145;HOG:0021825;HOG:0027918;HOG:0032765",TRUE,"zinc ion binding","MF","leaf_mean_activity","perennial",3,0.75,"Brachypodium=-0.5958;Hordeum=0.01596;Briza=-0.4232;Festuca/Vulpia=-0.04703",0.0448713482237212
"GO:0046914",0.00216888083166573,0.0212550321503241,0.431707695803346,-0.771814355541236,-1.64947642846744,16,"HOG:0025959;HOG:0025149;HOG:0028333;HOG:0006332;HOG:0028145;HOG:0021825;HOG:0027918;HOG:0032765",FALSE,"transition metal ion binding","MF","leaf_mean_activity","perennial",3,0.75,"Brachypodium=-0.3992;Hordeum=0.06771;Briza=-0.2589;Festuca/Vulpia=-0.04397",0.0465122086060573
"GO:0098796",0.00251041280091405,0.0220441952722379,0.431707695803346,-0.735897621972466,-1.74786093473892,12,"HOG:0025124;HOG:0032629;HOG:0012012;HOG:0012511;HOG:0028636;HOG:0005666;HOG:0027704;HOG:0028850;HOG:0026073;HOG:0012011",FALSE,"membrane protein complex","CC","leaf_early_to_late","perennial",3,0.75,"Brachypodium=-0.2581;Hordeum=0.5424;Briza=-0.3033;Festuca/Vulpia=-0.08271",0.0465122086060573
"GO:0051179",0.00261354596507861,0.0220441952722379,0.431707695803346,-0.567818301160125,-1.75519491033707,30,"HOG:0025124;HOG:0016371;HOG:0012012;HOG:0012511;HOG:0006523;HOG:0028636;HOG:0008637;HOG:0005666;HOG:0027704;HOG:0028850;HOG:0016200;HOG:0028661;HOG:0012011;HOG:0028065;HOG:0023564;HOG:0026838;HOG:0011064;HOG:0027005;HOG:0023825",FALSE,"localization","BP","leaf_early_to_late","perennial",3,0.75,"Brachypodium=-0.2136;Hordeum=0.5032;Briza=-0.228;Festuca/Vulpia=-0.03972",0.0465122086060573
"GO:0051234",0.00261354596507861,0.0220441952722379,0.431707695803346,-0.567818301160125,-1.75519491033707,30,"HOG:0025124;HOG:0016371;HOG:0012012;HOG:0012511;HOG:0006523;HOG:0028636;HOG:0008637;HOG:0005666;HOG:0027704;HOG:0028850;HOG:0016200;HOG:0028661;HOG:0012011;HOG:0028065;HOG:0023564;HOG:0026838;HOG:0011064;HOG:0027005;HOG:0023825",FALSE,"establishment of localization","BP","leaf_early_to_late","perennial",3,0.75,"Brachypodium=-0.2136;Hordeum=0.5032;Briza=-0.228;Festuca/Vulpia=-0.03972",0.0465122086060573
"GO:0012505",0.00269928921700872,0.0220441952722379,0.431707695803346,-0.757077418208384,-1.75285597780641,11,"HOG:0008696;HOG:0021943;HOG:0032629;HOG:0012012;HOG:0012511;HOG:0008697;HOG:0027704;HOG:0028850;HOG:0026073;HOG:0012011",FALSE,"endomembrane system","CC","leaf_early_to_late","perennial",3,0.75,"Brachypodium=-0.2483;Hordeum=0.6327;Briza=-0.2965;Festuca/Vulpia=-0.1092",0.0465122086060573
"GO:0045184",0.00340547854563386,0.0222491264981412,0.431707695803346,-0.654684567627642,-1.71077591215815,17,"HOG:0025124;HOG:0012012;HOG:0012511;HOG:0006523;HOG:0028636;HOG:0008637;HOG:0005666;HOG:0027704;HOG:0028850;HOG:0028661;HOG:0012011;HOG:0011064",FALSE,"establishment of protein localization","BP","leaf_early_to_late","perennial",3,0.75,"Brachypodium=-0.2405;Hordeum=0.5176;Briza=-0.271;Festuca/Vulpia=-0.07111",0.0507860496153224
"GO:0046907",0.00340547854563386,0.0222491264981412,0.431707695803346,-0.654491781038673,-1.71027213573069,17,"HOG:0025124;HOG:0012012;HOG:0012511;HOG:0006523;HOG:0028636;HOG:0008637;HOG:0005666;HOG:0027704;HOG:0028850;HOG:0012011;HOG:0023564;HOG:0011064",FALSE,"intracellular transport","BP","leaf_early_to_late","perennial",3,0.75,"Brachypodium=-0.2342;Hordeum=0.5085;Briza=-0.271;Festuca/Vulpia=-0.05853",0.0507860496153224
"GO:0051649",0.00340547854563386,0.0222491264981412,0.431707695803346,-0.654491781038673,-1.71027213573069,17,"HOG:0025124;HOG:0012012;HOG:0012511;HOG:0006523;HOG:0028636;HOG:0008637;HOG:0005666;HOG:0027704;HOG:0028850;HOG:0012011;HOG:0023564;HOG:0011064",FALSE,"establishment of localization in cell","BP","leaf_early_to_late","perennial",3,0.75,"Brachypodium=-0.2342;Hordeum=0.5085;Briza=-0.271;Festuca/Vulpia=-0.05853",0.0507860496153224
"GO:0006810",0.00427308043026974,0.0261726176354022,0.407017918923954,-0.560417185047538,-1.71030358076999,29,"HOG:0025124;HOG:0016371;HOG:0012012;HOG:0012511;HOG:0006523;HOG:0028636;HOG:0008637;HOG:0005666;HOG:0027704;HOG:0028850;HOG:0016200;HOG:0012011;HOG:0028065;HOG:0023564;HOG:0026838;HOG:0011064;HOG:0027005;HOG:0023825",TRUE,"transport","BP","leaf_early_to_late","perennial",3,0.75,"Brachypodium=-0.2121;Hordeum=0.4978;Briza=-0.2381;Festuca/Vulpia=-0.02092",0.0586266635033009
"GO:0016070",0.00453055599362488,0.0317138919553741,0.407017918923954,-0.750374203078025,-1.56929474643435,14,"HOG:0025959;HOG:0026742;HOG:0032903;HOG:0032904;HOG:0005683;HOG:0027918;HOG:0011541;HOG:0025923;HOG:0026637",FALSE,"RNA metabolic process","BP","leaf_mean_activity","perennial",4,1,"Brachypodium=-0.5177;Hordeum=-0.03637;Briza=-0.4039;Festuca/Vulpia=-0.05973",0.060940419835817
"GO:0016020",0.00783745321969598,0.034370137541847,0.380730400722792,-0.544718942622951,-1.66239505664383,29,"HOG:0025124;HOG:0021943;HOG:0032629;HOG:0012012;HOG:0012511;HOG:0028198;HOG:0028636;HOG:0005666;HOG:0027704;HOG:0028850;HOG:0024574;HOG:0026073",FALSE,"membrane","CC","leaf_early_to_late","perennial",3,0.75,"Brachypodium=-0.1692;Hordeum=0.4793;Briza=-0.1633;Festuca/Vulpia=-0.0736",0.0843031533854956
"GO:0008104",0.00786501722546898,0.034370137541847,0.380730400722792,-0.646625346862081,-1.65965880303173,16,"HOG:0025124;HOG:0012012;HOG:0012511;HOG:0006523;HOG:0028636;HOG:0008637;HOG:0005666;HOG:0027704;HOG:0028850;HOG:0012011;HOG:0011064",FALSE,"intracellular protein localization","BP","leaf_early_to_late","perennial",3,0.75,"Brachypodium=-0.2374;Hordeum=0.5175;Briza=-0.2905;Festuca/Vulpia=-0.06482",0.0843031533854956
"GO:0015031",0.00786501722546898,0.034370137541847,0.380730400722792,-0.646625346862081,-1.65965880303173,16,"HOG:0025124;HOG:0012012;HOG:0012511;HOG:0006523;HOG:0028636;HOG:0008637;HOG:0005666;HOG:0027704;HOG:0028850;HOG:0012011;HOG:0011064",FALSE,"protein transport","BP","leaf_early_to_late","perennial",3,0.75,"Brachypodium=-0.2374;Hordeum=0.5175;Briza=-0.2905;Festuca/Vulpia=-0.06482",0.0843031533854956
"GO:0033036",0.00786501722546898,0.034370137541847,0.380730400722792,-0.646625346862081,-1.65965880303173,16,"HOG:0025124;HOG:0012012;HOG:0012511;HOG:0006523;HOG:0028636;HOG:0008637;HOG:0005666;HOG:0027704;HOG:0028850;HOG:0012011;HOG:0011064",FALSE,"macromolecule localization","BP","leaf_early_to_late","perennial",3,0.75,"Brachypodium=-0.2374;Hordeum=0.5175;Briza=-0.2905;Festuca/Vulpia=-0.06482",0.0843031533854956
"GO:0012505",0.00517867488587507,0.0390392414473659,0.407017918923954,-0.6934321977805,-1.85341537359146,11,"HOG:0011717;HOG:0026073;HOG:0012012;HOG:0028850;HOG:0012011;HOG:0027704;HOG:0032629;HOG:0008696;HOG:0008697",TRUE,"endomembrane system","CC","root_mean_activity","perennial",3,0.75,"Brachypodium=-0.1323;Hordeum=-0.03753;Briza=-0.006009;Festuca/Vulpia=0.008163",0.0683186725328903
"GO:0032991",0.0109645670298232,0.0429811027569068,0.380730400722792,-0.525404924782672,-1.63183143405042,31,"HOG:0025124;HOG:0004116;HOG:0016371;HOG:0000079;HOG:0032629;HOG:0012012;HOG:0012511;HOG:0028636;HOG:0005666;HOG:0027704;HOG:0025316;HOG:0028850;HOG:0026073;HOG:0016397;HOG:0011544;HOG:0028661;HOG:0012011",FALSE,"protein-containing complex","CC","leaf_early_to_late","perennial",3,0.75,"Brachypodium=-0.2412;Hordeum=0.5192;Briza=-0.2643;Festuca/Vulpia=-0.1092",0.107452756892267
"GO:0005737",0.0115257763064128,0.0664427104722618,0.380730400722792,-0.467476463785657,-1.65134343834431,31,"HOG:0026340;HOG:0033476;HOG:0006208;HOG:0025124;HOG:0026397;HOG:0006523;HOG:0026073;HOG:0016636;HOG:0012012;HOG:0012011;HOG:0028661;HOG:0006057;HOG:0023439;HOG:0028636;HOG:0027704;HOG:0032629;HOG:0008696;HOG:0008697",FALSE,"cytoplasm","CC","root_mean_activity","perennial",4,1,"Brachypodium=-0.07531;Hordeum=-0.05069;Briza=-0.01739;Festuca/Vulpia=-0.01591",0.111320889747186
"GO:0006139",0.0108880803667815,0.0711354583963057,0.380730400722792,-0.642650258528981,-1.47039933422268,28,"HOG:0025959;HOG:0026742;HOG:0032903;HOG:0032904;HOG:0003561;HOG:0005683;HOG:0027918;HOG:0011541;HOG:0025923;HOG:0026637",FALSE,"nucleobase-containing compound metabolic process","BP","leaf_mean_activity","perennial",3,0.75,"Brachypodium=-0.3234;Hordeum=0.09899;Briza=-0.03454;Festuca/Vulpia=-0.01976",0.107452756892267
"GO:0005634",0.01168382516297,0.071563429123191,0.380730400722792,-0.738827677804265,-1.50968899987461,13,"HOG:0025959;HOG:0032903;HOG:0032904;HOG:0005683;HOG:0027918;HOG:0011541;HOG:0025923",FALSE,"nucleus","CC","leaf_mean_activity","perennial",4,1,"Brachypodium=-0.4457;Hordeum=-0.04756;Briza=-0.3958;Festuca/Vulpia=-0.07291",0.111320889747186
"GO:0006886",0.0206880953815398,0.0750901239774407,0.352487857583619,-0.636176210561657,-1.60239907478201,15,"HOG:0025124;HOG:0012012;HOG:0012511;HOG:0006523;HOG:0028636;HOG:0008637;HOG:0005666;HOG:0027704;HOG:0012011;HOG:0011064",FALSE,"intracellular protein transport","BP","leaf_early_to_late","perennial",3,0.75,"Brachypodium=-0.2405;Hordeum=0.5266;Briza=-0.271;Festuca/Vulpia=-0.07111",0.177400417896704
"GO:0016192",0.0249878726723016,0.0874575543530555,0.352487857583619,-0.66806671138404,-1.63155597695229,13,"HOG:0025124;HOG:0016371;HOG:0012012;HOG:0012511;HOG:0028636;HOG:0005666;HOG:0027704;HOG:0028850;HOG:0012011;HOG:0026838;HOG:0027005;HOG:0023825",FALSE,"vesicle-mediated transport","BP","leaf_early_to_late","perennial",3,0.75,"Brachypodium=-0.247;Hordeum=0.5768;Briza=-0.3184;Festuca/Vulpia=-0.0736",0.201666831214104
"GO:0032991",0.0185034924691208,0.100741236776324,0.352487857583619,-0.449093218706517,-1.58640530030186,31,"HOG:0006661;HOG:0011717;HOG:0025124;HOG:0026397;HOG:0026073;HOG:0027639;HOG:0011544;HOG:0012012;HOG:0028850;HOG:0012011;HOG:0028661;HOG:0023439;HOG:0028636;HOG:0027706;HOG:0027704;HOG:0032629",FALSE,"protein-containing complex","CC","root_mean_activity","perennial",4,1,"Brachypodium=-0.067;Hordeum=-0.02637;Briza=-0.03235;Festuca/Vulpia=-0.01887",0.162735844023293
"GO:0006082",0.0172849205071334,0.112928147313272,0.352487857583619,-0.536480422807698,-1.67115469953397,13,"HOG:0011628;HOG:0032397;HOG:0026340",FALSE,"organic acid metabolic process","BP","root_early_to_late","perennial",2,0.5,"Brachypodium=0.5155;Hordeum=-0.04924;Briza=0.07232;Festuca/Vulpia=-0.1012",0.153992928154462
"GO:0019752",0.0172849205071334,0.112928147313272,0.352487857583619,-0.536480422807698,-1.67115469953397,13,"HOG:0011628;HOG:0032397;HOG:0026340",FALSE,"carboxylic acid metabolic process","BP","root_early_to_late","perennial",2,0.5,"Brachypodium=0.5155;Hordeum=-0.04924;Briza=0.07232;Festuca/Vulpia=-0.1012",0.153992928154462
"GO:0043436",0.0172849205071334,0.112928147313272,0.352487857583619,-0.536480422807698,-1.67115469953397,13,"HOG:0011628;HOG:0032397;HOG:0026340",FALSE,"oxoacid metabolic process","BP","root_early_to_late","perennial",2,0.5,"Brachypodium=0.5155;Hordeum=-0.04924;Briza=0.07232;Festuca/Vulpia=-0.1012",0.153992928154462
"GO:0005737",0.0229278799189308,0.140433264503451,0.352487857583619,-0.386287701128414,-1.71508767542731,31,"HOG:0010703;HOG:0026340;HOG:0021943;HOG:0007857;HOG:0018459;HOG:0026361;HOG:0019536;HOG:0016371;HOG:0026397;HOG:0016636;HOG:0006057;HOG:0008696;HOG:0033476;HOG:0005666;HOG:0023439;HOG:0028661",FALSE,"cytoplasm","CC","root_early_to_late","perennial",2,0.5,"Brachypodium=1.324;Hordeum=0.05171;Briza=-0.2267;Festuca/Vulpia=-0.09057",0.187244352671268
"GO:0005575",0.0465577311426559,0.157333022482079,0.321775918075361,-0.35526769785647,-1.34374918114249,83,"HOG:0026451;HOG:0010703;HOG:0026340;HOG:0008696;HOG:0025124;HOG:0004116;HOG:0016371;HOG:0000079;HOG:0021943;HOG:0032629;HOG:0012012;HOG:0012511;HOG:0028198;HOG:0006523;HOG:0008697;HOG:0028636;HOG:0005666;HOG:0027704;HOG:0025316;HOG:0006139;HOG:0028850;HOG:0024574;HOG:0026073;HOG:0016397;HOG:0026361;HOG:0016636",FALSE,"cellular_component","CC","leaf_early_to_late","perennial",3,0.75,"Brachypodium=-0.09356;Hordeum=0.4935;Briza=-0.06889;Festuca/Vulpia=-0.1399",0.308872901678657
"GO:0180051",0.0332659075238048,0.171582049333309,0.321775918075361,-0.593764202590564,-1.60225721981991,12,"HOG:0033476;HOG:0000096;HOG:0026397;HOG:0023439;HOG:0028395",FALSE,"translation factor activity","MF","root_mean_activity","perennial",2,0.5,"Brachypodium=0.01424;Hordeum=-0.1101;Briza=-0.05584;Festuca/Vulpia=0.004681",0.256409129902586
"GO:0043227",0.0373931623931624,0.174501424501425,0.241339976815091,-0.634614859733854,-1.40998624550769,23,"HOG:0025959;HOG:0032903;HOG:0032904;HOG:0005683;HOG:0027918;HOG:0011541;HOG:0025923",FALSE,"membrane-bounded organelle","CC","leaf_mean_activity","perennial",4,1,"Brachypodium=-0.3157;Hordeum=-0.05944;Briza=-0.05538;Festuca/Vulpia=-0.0391",0.275824832276445
"GO:0043231",0.0373931623931624,0.174501424501425,0.241339976815091,-0.634614859733854,-1.40998624550769,23,"HOG:0025959;HOG:0032903;HOG:0032904;HOG:0005683;HOG:0027918;HOG:0011541;HOG:0025923",FALSE,"intracellular membrane-bounded organelle","CC","leaf_mean_activity","perennial",4,1,"Brachypodium=-0.3157;Hordeum=-0.05944;Briza=-0.05538;Festuca/Vulpia=-0.0391",0.275824832276445
"GO:0043226",0.0472764645426516,0.185323741007194,0.208955027549354,-0.59124838171152,-1.36734788863356,32,"HOG:0025959;HOG:0032903;HOG:0032904;HOG:0005683;HOG:0027918;HOG:0011541;HOG:0025923;HOG:0027639;HOG:0021123;HOG:0000122;HOG:0011717;HOG:0024337;HOG:0024277;HOG:0012012;HOG:0007835;HOG:0012011;HOG:0007833;HOG:0023227",FALSE,"organelle","CC","leaf_mean_activity","perennial",4,1,"Brachypodium=-0.3247;Hordeum=-0.06461;Briza=-0.05537;Festuca/Vulpia=-0.009125",0.308872901678657
"GO:0043229",0.0472764645426516,0.185323741007194,0.208955027549354,-0.59124838171152,-1.36734788863356,32,"HOG:0025959;HOG:0032903;HOG:0032904;HOG:0005683;HOG:0027918;HOG:0011541;HOG:0025923;HOG:0027639;HOG:0021123;HOG:0000122;HOG:0011717;HOG:0024337;HOG:0024277;HOG:0012012;HOG:0007835;HOG:0012011;HOG:0007833;HOG:0023227",FALSE,"intracellular organelle","CC","leaf_mean_activity","perennial",4,1,"Brachypodium=-0.3247;Hordeum=-0.06461;Briza=-0.05537;Festuca/Vulpia=-0.009125",0.308872901678657
"GO:0046872",0.0515995872033024,0.194490751766294,0.199915231309662,-0.594466153778229,-1.36645338036703,30,"HOG:0025959;HOG:0025149;HOG:0028333;HOG:0006332;HOG:0028145;HOG:0021825;HOG:0027918;HOG:0032765",FALSE,"metal ion binding","MF","leaf_mean_activity","perennial",3,0.75,"Brachypodium=-0.1244;Hordeum=0.1246;Briza=-0.01826;Festuca/Vulpia=-0.01103",0.321793789286049
"GO:0016757",0.0447635611019977,0.199401317636171,0.321775918075361,-0.541002785011276,-1.56854958893748,10,"HOG:0031056;HOG:0008585;HOG:0027285;HOG:0024976",FALSE,"glycosyltransferase activity","MF","root_early_to_late","perennial",3,0.75,"Brachypodium=1.151;Hordeum=-0.01601;Briza=-0.2475;Festuca/Vulpia=-0.0911",0.30241289163431
"GO:0016758",0.0447635611019977,0.199401317636171,0.321775918075361,-0.541002785011276,-1.56854958893748,10,"HOG:0031056;HOG:0008585;HOG:0027285;HOG:0024976",FALSE,"hexosyltransferase activity","MF","root_early_to_late","perennial",3,0.75,"Brachypodium=1.151;Hordeum=-0.01601;Briza=-0.2475;Festuca/Vulpia=-0.0911",0.30241289163431
"GO:0043169",0.0608875128998968,0.213106295149639,0.183023938384487,-0.588402764367719,-1.35708864757242,31,"HOG:0025959;HOG:0025149;HOG:0028333;HOG:0006332;HOG:0028145;HOG:0021825;HOG:0027918;HOG:0032765",FALSE,"cation binding","MF","leaf_mean_activity","perennial",3,0.75,"Brachypodium=-0.1651;Hordeum=0.1225;Briza=-0.01752;Festuca/Vulpia=-0.01054",0.360076153873528
"GO:0016757",0.0841487279843444,0.257705479452055,0.216542836735348,-0.618866840685232,-1.40093275315551,10,"HOG:0008696;HOG:0028198;HOG:0008697;HOG:0028005",FALSE,"glycosyltransferase activity","MF","leaf_early_to_late","perennial",3,0.75,"Brachypodium=-0.06406;Hordeum=0.4642;Briza=-0.2679;Festuca/Vulpia=-0.09777",0.44065669768901
"GO:0016758",0.0841487279843444,0.257705479452055,0.216542836735348,-0.618866840685232,-1.40093275315551,10,"HOG:0008696;HOG:0028198;HOG:0008697;HOG:0028005",FALSE,"hexosyltransferase activity","MF","leaf_early_to_late","perennial",3,0.75,"Brachypodium=-0.06406;Hordeum=0.4642;Briza=-0.2679;Festuca/Vulpia=-0.09777",0.44065669768901
"GO:0044281",0.0759808073440125,0.286389196912047,0.287805130535564,-0.357731799202566,-1.39330143495382,22,"HOG:0011628;HOG:0032397;HOG:0026340;HOG:0007697",FALSE,"small molecule metabolic process","BP","root_early_to_late","perennial",2,0.5,"Brachypodium=0.3677;Hordeum=-0.04421;Briza=0.1046;Festuca/Vulpia=-0.0195",0.427236342934366
"GO:0110165",0.0989304812834225,0.293793550478042,0.234392647294686,-0.333384852597142,-1.24007472312461,78,"HOG:0026451;HOG:0010703;HOG:0026340;HOG:0008696;HOG:0025124;HOG:0016371;HOG:0000079;HOG:0021943;HOG:0032629;HOG:0012012;HOG:0012511;HOG:0028198;HOG:0006523;HOG:0008697;HOG:0028636;HOG:0005666;HOG:0027704;HOG:0006139;HOG:0028850;HOG:0024574;HOG:0026073;HOG:0026361;HOG:0016636",FALSE,"cellular anatomical structure","CC","leaf_early_to_late","perennial",3,0.75,"Brachypodium=-0.07869;Hordeum=0.5093;Briza=-0.05887;Festuca/Vulpia=-0.1323",0.477931761693154
"GO:0098796",0.0776826091678228,0.311916859634145,0.287805130535564,-0.545344865116483,-1.47159890005549,12,"HOG:0025124;HOG:0026073;HOG:0012012;HOG:0028850;HOG:0012011;HOG:0028636;HOG:0027704;HOG:0032629",FALSE,"membrane protein complex","CC","root_mean_activity","perennial",4,1,"Brachypodium=-0.07924;Hordeum=-0.03045;Briza=-0.007095;Festuca/Vulpia=-0.03576",0.429760241041342
"GO:0051641",0.0795706274576899,0.311916859634145,0.287805130535564,-0.471221044810003,-1.47498314355789,19,"HOG:0025124;HOG:0008637;HOG:0006523;HOG:0012012;HOG:0028850;HOG:0023564;HOG:0012011;HOG:0028661;HOG:0028636;HOG:0027704;HOG:0011064",FALSE,"cellular localization","BP","root_mean_activity","perennial",4,1,"Brachypodium=-0.07531;Hordeum=-0.02637;Briza=-0.0181;Festuca/Vulpia=-0.02955",0.430213922374747
"GO:0046907",0.102322496776947,0.320494186046512,0.287805130535564,-0.468413118893673,-1.41746782132223,17,"HOG:0025124;HOG:0008637;HOG:0006523;HOG:0012012;HOG:0028850;HOG:0023564;HOG:0012011;HOG:0028636;HOG:0027704;HOG:0011064",FALSE,"intracellular transport","BP","root_mean_activity","perennial",4,1,"Brachypodium=-0.07531;Hordeum=-0.02637;Briza=-0.0181;Festuca/Vulpia=-0.02955",0.480775567047846
"GO:0051649",0.102322496776947,0.320494186046512,0.287805130535564,-0.468413118893673,-1.41746782132223,17,"HOG:0025124;HOG:0008637;HOG:0006523;HOG:0012012;HOG:0028850;HOG:0023564;HOG:0012011;HOG:0028636;HOG:0027704;HOG:0011064",FALSE,"establishment of localization in cell","BP","root_mean_activity","perennial",4,1,"Brachypodium=-0.07531;Hordeum=-0.02637;Briza=-0.0181;Festuca/Vulpia=-0.02955",0.480775567047846
"GO:0045184",0.102322496776947,0.320494186046512,0.287805130535564,-0.467770404046253,-1.4155228979677,17,"HOG:0025124;HOG:0008637;HOG:0006523;HOG:0012012;HOG:0028850;HOG:0012011;HOG:0028661;HOG:0028636;HOG:0027704;HOG:0011064",FALSE,"establishment of protein localization","BP","root_mean_activity","perennial",4,1,"Brachypodium=-0.067;Hordeum=-0.02637;Briza=-0.02445;Festuca/Vulpia=-0.02955",0.480775567047846
"GO:0008104",0.104651162790698,0.320494186046512,0.276500599254472,-0.443747523140666,-1.32563887454409,16,"HOG:0025124;HOG:0008637;HOG:0006523;HOG:0012012;HOG:0028850;HOG:0012011;HOG:0028636;HOG:0027704;HOG:0011064",FALSE,"intracellular protein localization","BP","root_mean_activity","perennial",4,1,"Brachypodium=-0.06579;Hordeum=-0.02039;Briza=-0.01523;Festuca/Vulpia=-0.02398",0.481816762915561
"GO:0015031",0.104651162790698,0.320494186046512,0.276500599254472,-0.443747523140666,-1.32563887454409,16,"HOG:0025124;HOG:0008637;HOG:0006523;HOG:0012012;HOG:0028850;HOG:0012011;HOG:0028636;HOG:0027704;HOG:0011064",FALSE,"protein transport","BP","root_mean_activity","perennial",4,1,"Brachypodium=-0.06579;Hordeum=-0.02039;Briza=-0.01523;Festuca/Vulpia=-0.02398",0.481816762915561
"GO:0033036",0.104651162790698,0.320494186046512,0.276500599254472,-0.443747523140666,-1.32563887454409,16,"HOG:0025124;HOG:0008637;HOG:0006523;HOG:0012012;HOG:0028850;HOG:0012011;HOG:0028636;HOG:0027704;HOG:0011064",FALSE,"macromolecule localization","BP","root_mean_activity","perennial",4,1,"Brachypodium=-0.06579;Hordeum=-0.02039;Briza=-0.01523;Festuca/Vulpia=-0.02398",0.481816762915561
"GO:0016874",0.136986301369863,0.372907153729072,0.166933848713193,-0.587652613297435,-1.33027291062203,10,"HOG:0007697;HOG:0032963;HOG:0006139;HOG:0012102;HOG:0011942;HOG:0006208;HOG:0025232",FALSE,"ligase activity","MF","leaf_early_to_late","perennial",3,0.75,"Brachypodium=0.2085;Hordeum=-0.248;Briza=-0.104;Festuca/Vulpia=-0.1068",0.579015712245163
"GO:0009059",0.132323232323232,0.378378378378378,0.11776578836269,-0.525886779707558,-1.24256000003719,41,"HOG:0025959;HOG:0026742;HOG:0032903;HOG:0032904;HOG:0031056;HOG:0005683;HOG:0027918;HOG:0011541;HOG:0025923;HOG:0026637;HOG:0033476;HOG:0006661;HOG:0021123;HOG:0000122;HOG:0024976;HOG:0019536;HOG:0024337;HOG:0028395;HOG:0024277;HOG:0012403;HOG:0006208",FALSE,"macromolecule biosynthetic process","BP","leaf_mean_activity","perennial",3,0.75,"Brachypodium=-0.3341;Hordeum=-0.09229;Briza=-0.05459;Festuca/Vulpia=0.1438",0.574517325150236
"GO:0016773",0.142857142857143,0.378378378378378,0.122679189568808,-0.646845548496732,-1.29602913552173,11,"HOG:0023138;HOG:0026019;HOG:0011775",FALSE,"phosphotransferase activity, alcohol group as acceptor","MF","leaf_mean_activity","perennial",2,0.5,"Brachypodium=-0.03981;Hordeum=0.1031;Briza=0.02666;Festuca/Vulpia=-0.02347",0.579015712245163
"GO:0050789",0.142857142857143,0.378378378378378,0.120985142145252,-0.613466788399428,-1.28297348735891,14,"HOG:0025959;HOG:0026742;HOG:0011541;HOG:0011544;HOG:0032060",FALSE,"regulation of biological process","BP","leaf_mean_activity","perennial",3,0.75,"Brachypodium=-0.2776;Hordeum=-0.0721;Briza=-0.05614;Festuca/Vulpia=0.01349",0.579015712245163
"GO:0050794",0.142857142857143,0.378378378378378,0.120985142145252,-0.613466788399428,-1.28297348735891,14,"HOG:0025959;HOG:0026742;HOG:0011541;HOG:0011544;HOG:0032060",FALSE,"regulation of cellular process","BP","leaf_mean_activity","perennial",3,0.75,"Brachypodium=-0.2776;Hordeum=-0.0721;Briza=-0.05614;Festuca/Vulpia=0.01349",0.579015712245163
"GO:0065007",0.142857142857143,0.378378378378378,0.120985142145252,-0.613466788399428,-1.28297348735891,14,"HOG:0025959;HOG:0026742;HOG:0011541;HOG:0011544;HOG:0032060",FALSE,"biological regulation","BP","leaf_mean_activity","perennial",3,0.75,"Brachypodium=-0.2776;Hordeum=-0.0721;Briza=-0.05614;Festuca/Vulpia=0.01349",0.579015712245163
"GO:0005622",0.147058823529412,0.383056085810381,0.181383128498408,-0.342801947966674,-1.23521264803872,62,"HOG:0026451;HOG:0010703;HOG:0026340;HOG:0008696;HOG:0025124;HOG:0016371;HOG:0000079;HOG:0021943;HOG:0032629;HOG:0012012;HOG:0012511;HOG:0006523;HOG:0008697;HOG:0028636;HOG:0005666;HOG:0027704;HOG:0006139;HOG:0026073;HOG:0026361;HOG:0016636",FALSE,"intracellular anatomical structure","CC","leaf_early_to_late","perennial",3,0.75,"Brachypodium=-0.09634;Hordeum=0.526;Briza=-0.05629;Festuca/Vulpia=-0.1692",0.58701635097944
"GO:0043170",0.15346038114343,0.395766246106741,0.107554375265169,-0.492438206284205,-1.18689015112709,65,"HOG:0025959;HOG:0011540;HOG:0026742;HOG:0032903;HOG:0032904;HOG:0031056;HOG:0003561;HOG:0005683;HOG:0027918;HOG:0011541;HOG:0025923;HOG:0011775;HOG:0026637;HOG:0033476;HOG:0006661;HOG:0011544;HOG:0021123;HOG:0000122;HOG:0024976;HOG:0019536;HOG:0024337;HOG:0028395;HOG:0024277;HOG:0012403;HOG:0006208",FALSE,"macromolecule metabolic process","BP","leaf_mean_activity","perennial",2,0.5,"Brachypodium=-0.2711;Hordeum=0.04228;Briza=-0.0279;Festuca/Vulpia=0.01872",0.59814671286587
"GO:0005524",0.201438848920863,0.44865925441465,0.0925528864684773,-0.515500311954153,-1.19216945862927,32,"HOG:0023048;HOG:0025149;HOG:0028145;HOG:0025848;HOG:0011541;HOG:0011775;HOG:0017189;HOG:0017160;HOG:0027639",FALSE,"ATP binding","MF","leaf_mean_activity","perennial",2,0.5,"Brachypodium=-0.1012;Hordeum=0.1007;Briza=0.01793;Festuca/Vulpia=-0.00672",0.667865914830318
"GO:0032559",0.210849539406346,0.452619843924192,0.0897104652742981,-0.508316607780992,-1.17964529765249,33,"HOG:0023048;HOG:0025149;HOG:0028145;HOG:0025848;HOG:0011541;HOG:0011775;HOG:0017189;HOG:0017160;HOG:0027639",FALSE,"adenyl ribonucleotide binding","MF","leaf_mean_activity","perennial",1,0.25,"Brachypodium=-0.1108;Hordeum=0.09834;Briza=0.01524;Festuca/Vulpia=0.0008257",0.675900859966137
"GO:0043228",0.218863361547763,0.452619843924192,0.0972150808846466,-0.622876293349582,-1.21758421149351,10,"HOG:0027639;HOG:0021123;HOG:0000122;HOG:0024337;HOG:0024277;HOG:0007833;HOG:0023227",FALSE,"membraneless organelle","CC","leaf_mean_activity","perennial",3,0.75,"Brachypodium=-0.3519;Hordeum=-0.1023;Briza=-0.05255;Festuca/Vulpia=0.1701",0.685571990966965
"GO:0043232",0.218863361547763,0.452619843924192,0.0972150808846466,-0.622876293349582,-1.21758421149351,10,"HOG:0027639;HOG:0021123;HOG:0000122;HOG:0024337;HOG:0024277;HOG:0007833;HOG:0023227",FALSE,"intracellular membraneless organelle","CC","leaf_mean_activity","perennial",3,0.75,"Brachypodium=-0.3519;Hordeum=-0.1023;Briza=-0.05255;Festuca/Vulpia=0.1701",0.685571990966965
"GO:0010467",0.223241590214067,0.452619843924192,0.0862865626267245,-0.503117483594092,-1.17284159101456,36,"HOG:0025959;HOG:0026742;HOG:0032903;HOG:0032904;HOG:0005683;HOG:0027918;HOG:0011541;HOG:0025923;HOG:0026637;HOG:0033476;HOG:0021123;HOG:0000122;HOG:0019536;HOG:0024337;HOG:0028395;HOG:0024277;HOG:0012403;HOG:0006208;HOG:0024562;HOG:0007833;HOG:0023227",FALSE,"gene expression","BP","leaf_mean_activity","perennial",3,0.75,"Brachypodium=-0.3406;Hordeum=-0.08869;Briza=-0.05217;Festuca/Vulpia=0.1182",0.689657740311578
"GO:0016772",0.226309921962096,0.452619843924192,0.0905428948469474,-0.562945093095377,-1.20309327614291,16,"HOG:0025342;HOG:0023138;HOG:0026019;HOG:0011775",FALSE,"transferase activity, transferring phosphorus-containing groups","MF","leaf_mean_activity","perennial",2,0.5,"Brachypodium=-0.06713;Hordeum=0.1038;Briza=0.02939;Festuca/Vulpia=-0.008035",0.689657740311578
"GO:0006886",0.2,0.521744917312748,0.197822021315103,-0.413662683753638,-1.19749199275169,15,"HOG:0025124;HOG:0008637;HOG:0006523;HOG:0012012;HOG:0012011;HOG:0028636;HOG:0027704;HOG:0011064",FALSE,"intracellular protein transport","BP","root_mean_activity","perennial",4,1,"Brachypodium=-0.07531;Hordeum=-0.01441;Briza=-0.006009;Festuca/Vulpia=-0.01841",0.667865914830318
"GO:0044281",0.263636363636364,0.538257575757576,0.126253987849115,-0.409878735823439,-1.14718456077633,22,"HOG:0026340;HOG:0017319;HOG:0007697;HOG:0012102;HOG:0030062;HOG:0011628;HOG:0032397;HOG:0006505;HOG:0011497;HOG:0028766;HOG:0011640",FALSE,"small molecule metabolic process","BP","leaf_early_to_late","perennial",3,0.75,"Brachypodium=0.1808;Hordeum=-0.4062;Briza=-0.07673;Festuca/Vulpia=-0.0164",0.738181818181818
"GO:0004175",0.285714285714286,0.549019607843137,0.080419996876154,-0.584059633305822,-1.17023036396502,11,"HOG:0011540",FALSE,"endopeptidase activity","MF","leaf_mean_activity","perennial",2,0.5,"Brachypodium=-0.08435;Hordeum=0.1194;Briza=0.03504;Festuca/Vulpia=-0.01303",0.780876494023904
"GO:0008233",0.285714285714286,0.549019607843137,0.080419996876154,-0.584059633305822,-1.17023036396502,11,"HOG:0011540",FALSE,"peptidase activity","MF","leaf_mean_activity","perennial",2,0.5,"Brachypodium=-0.08435;Hordeum=0.1194;Briza=0.03504;Festuca/Vulpia=-0.01303",0.780876494023904
"GO:0016491",0.278651685393258,0.557302231237323,0.121543282035469,-0.363802444594074,-1.11026685170145,29,"HOG:0027495;HOG:0028720;HOG:0025231;HOG:0012540;HOG:0011628;HOG:0031129;HOG:0016944;HOG:0029921;HOG:0033359;HOG:0026234;HOG:0028012",FALSE,"oxidoreductase activity","MF","leaf_early_to_late","perennial",3,0.75,"Brachypodium=0.1409;Hordeum=-0.4142;Briza=-0.07253;Festuca/Vulpia=-0.01962",0.772951525541042
"GO:0006082",0.311111111111111,0.557302231237323,0.107140237276725,-0.467771354236964,-1.14239362004921,13,"HOG:0026340;HOG:0017319;HOG:0012102;HOG:0011628;HOG:0032397;HOG:0006505;HOG:0011497",FALSE,"organic acid metabolic process","BP","leaf_early_to_late","perennial",3,0.75,"Brachypodium=0.107;Hordeum=-0.4068;Briza=-0.06828;Festuca/Vulpia=-0.03429",0.795967106004281
"GO:0019752",0.311111111111111,0.557302231237323,0.107140237276725,-0.467771354236964,-1.14239362004921,13,"HOG:0026340;HOG:0017319;HOG:0012102;HOG:0011628;HOG:0032397;HOG:0006505;HOG:0011497",FALSE,"carboxylic acid metabolic process","BP","leaf_early_to_late","perennial",3,0.75,"Brachypodium=0.107;Hordeum=-0.4068;Briza=-0.06828;Festuca/Vulpia=-0.03429",0.795967106004281
"GO:0043436",0.311111111111111,0.557302231237323,0.107140237276725,-0.467771354236964,-1.14239362004921,13,"HOG:0026340;HOG:0017319;HOG:0012102;HOG:0011628;HOG:0032397;HOG:0006505;HOG:0011497",FALSE,"oxoacid metabolic process","BP","leaf_early_to_late","perennial",3,0.75,"Brachypodium=0.107;Hordeum=-0.4068;Briza=-0.06828;Festuca/Vulpia=-0.03429",0.795967106004281
"GO:0035639",0.312121212121212,0.570957458502803,0.0683110858318647,-0.474341139168781,-1.1207684783994,41,"HOG:0023048;HOG:0025149;HOG:0028145;HOG:0025848;HOG:0011541;HOG:0011775;HOG:0033476;HOG:0017189;HOG:0017160;HOG:0027639",FALSE,"purine ribonucleoside triphosphate binding","MF","leaf_mean_activity","perennial",1,0.25,"Brachypodium=-0.1867;Hordeum=0.09702;Briza=0.02432;Festuca/Vulpia=0.005531",0.795967106004281
"GO:0180051",0.319492502883506,0.570957458502803,0.0738052724171275,-0.560104388955391,-1.14437515713277,12,"HOG:0033476;HOG:0019536;HOG:0023439;HOG:0028395;HOG:0012403;HOG:0000535;HOG:0000096;HOG:0026397",FALSE,"translation factor activity","MF","leaf_mean_activity","perennial",3,0.75,"Brachypodium=-0.33;Hordeum=-0.1164;Briza=-0.03434;Festuca/Vulpia=0.08963",0.799340441903925
"GO:1902494",0.32043530834341,0.570957458502803,0.0760837160951725,-0.58569905362597,-1.14491100078107,10,"HOG:0005683;HOG:0006661;HOG:0011544",FALSE,"catalytic complex","CC","leaf_mean_activity","perennial",3,0.75,"Brachypodium=-0.2637;Hordeum=-0.003514;Briza=-0.01376;Festuca/Vulpia=0.1036",0.799340441903925
"GO:0032555",0.32795156407669,0.573915237134208,0.0658311958368866,-0.468127387856937,-1.10936817241846,42,"HOG:0023048;HOG:0025149;HOG:0028145;HOG:0025848;HOG:0011541;HOG:0011775;HOG:0033476;HOG:0017189;HOG:0017160;HOG:0027639",FALSE,"purine ribonucleotide binding","MF","leaf_mean_activity","perennial",1,0.25,"Brachypodium=-0.1876;Hordeum=0.09535;Briza=0.02247;Festuca/Vulpia=0.006465",0.811148648648649
"GO:0005198",0.37328094302554,0.577603143418468,0.0943563635421779,-0.473263175333431,-1.09574287385562,11,"HOG:0012511;HOG:0005666;HOG:0027704",FALSE,"structural molecule activity","MF","leaf_early_to_late","perennial",2,0.5,"Brachypodium=-0.04367;Hordeum=0.644;Briza=0.02752;Festuca/Vulpia=-0.1756",0.821786527173262
"GO:0006753",0.37721021611002,0.577603143418468,0.0937465422491719,-0.470817102620722,-1.09007949904942,11,"HOG:0007697;HOG:0012102;HOG:0030062;HOG:0011628;HOG:0006505;HOG:0028766",FALSE,"nucleoside phosphate metabolic process","BP","leaf_early_to_late","perennial",3,0.75,"Brachypodium=0.203;Hordeum=-0.3778;Briza=-0.08294;Festuca/Vulpia=-0.01241",0.821786527173262
"GO:0055086",0.37721021611002,0.577603143418468,0.0937465422491719,-0.470817102620722,-1.09007949904942,11,"HOG:0007697;HOG:0012102;HOG:0030062;HOG:0011628;HOG:0006505;HOG:0028766",FALSE,"nucleobase-containing small molecule metabolic process","BP","leaf_early_to_late","perennial",3,0.75,"Brachypodium=0.203;Hordeum=-0.3778;Briza=-0.08294;Festuca/Vulpia=-0.01241",0.821786527173262
"GO:0072521",0.37721021611002,0.577603143418468,0.0937465422491719,-0.470817102620722,-1.09007949904942,11,"HOG:0007697;HOG:0012102;HOG:0030062;HOG:0011628;HOG:0006505;HOG:0028766",FALSE,"purine-containing compound metabolic process","BP","leaf_early_to_late","perennial",3,0.75,"Brachypodium=0.203;Hordeum=-0.3778;Briza=-0.08294;Festuca/Vulpia=-0.01241",0.821786527173262
"GO:0032553",0.347432024169184,0.587040316699656,0.0629394692018967,-0.465484531021918,-1.10621857543422,43,"HOG:0023048;HOG:0025149;HOG:0028145;HOG:0025848;HOG:0011541;HOG:0011775;HOG:0033476;HOG:0017189;HOG:0017160;HOG:0027639",FALSE,"ribonucleotide binding","MF","leaf_mean_activity","perennial",1,0.25,"Brachypodium=-0.1867;Hordeum=0.09702;Briza=0.02432;Festuca/Vulpia=0.005531",0.811148648648649
"GO:0097367",0.347432024169184,0.587040316699656,0.0629394692018967,-0.465484531021918,-1.10621857543422,43,"HOG:0023048;HOG:0025149;HOG:0028145;HOG:0025848;HOG:0011541;HOG:0011775;HOG:0033476;HOG:0017189;HOG:0017160;HOG:0027639",FALSE,"carbohydrate derivative binding","MF","leaf_mean_activity","perennial",1,0.25,"Brachypodium=-0.1867;Hordeum=0.09702;Briza=0.02432;Festuca/Vulpia=0.005531",0.811148648648649
"GO:0030554",0.358452138492872,0.595395077496634,0.0619762736001998,-0.468462659717029,-1.09529097136663,37,"HOG:0023048;HOG:0025149;HOG:0028145;HOG:0025848;HOG:0011541;HOG:0011775;HOG:0017189;HOG:0017160;HOG:0027639",FALSE,"adenyl nucleotide binding","MF","leaf_mean_activity","perennial",1,0.25,"Brachypodium=-0.09166;Hordeum=0.1031;Briza=0.02063;Festuca/Vulpia=0.0008257",0.816937431913987
"GO:0016757",0.401451027811366,0.622222222222222,0.0647943366000727,-0.556595463413844,-1.0880199739136,10,"HOG:0031056;HOG:0027285;HOG:0006661;HOG:0024976",FALSE,"glycosyltransferase activity","MF","leaf_mean_activity","perennial",3,0.75,"Brachypodium=-0.2518;Hordeum=-0.09999;Briza=-0.0389;Festuca/Vulpia=0.1074",0.839620137434748
"GO:0016758",0.401451027811366,0.622222222222222,0.0647943366000727,-0.556595463413844,-1.0880199739136,10,"HOG:0031056;HOG:0027285;HOG:0006661;HOG:0024976",FALSE,"hexosyltransferase activity","MF","leaf_mean_activity","perennial",3,0.75,"Brachypodium=-0.2518;Hordeum=-0.09999;Briza=-0.0389;Festuca/Vulpia=0.1074",0.839620137434748
"GO:0036094",0.412,0.622222222222222,0.054568064667094,-0.43002745958174,-1.04336977554116,79,"HOG:0023048;HOG:0025959;HOG:0025149;HOG:0028333;HOG:0006332;HOG:0003561;HOG:0028145;HOG:0021825;HOG:0025848;HOG:0027918;HOG:0032765;HOG:0011541;HOG:0011775",FALSE,"small molecule binding","MF","leaf_mean_activity","perennial",1,0.25,"Brachypodium=-0.09166;Hordeum=0.1066;Briza=0.02181;Festuca/Vulpia=0.00005046",0.844134536505332
"GO:0005198",0.416861826697892,0.622222222222222,0.0614364107201271,-0.534727695819856,-1.0713881775387,11,"HOG:0021123;HOG:0000122;HOG:0024337;HOG:0024277;HOG:0007833;HOG:0023227",FALSE,"structural molecule activity","MF","leaf_mean_activity","perennial",3,0.75,"Brachypodium=-0.3501;Hordeum=-0.09973;Briza=-0.04368;Festuca/Vulpia=0.1683",0.844134536505332
"GO:0006412",0.436285097192225,0.625448743518149,0.0554793308704233,-0.482948248045947,-1.06095848920509,19,"HOG:0033476;HOG:0021123;HOG:0000122;HOG:0019536;HOG:0024337;HOG:0028395;HOG:0024277;HOG:0012403;HOG:0006208;HOG:0007833;HOG:0023227;HOG:0000096;HOG:0006057;HOG:0026397",FALSE,"translation","BP","leaf_mean_activity","perennial",3,0.75,"Brachypodium=-0.3436;Hordeum=-0.1161;Briza=-0.04368;Festuca/Vulpia=0.1445",0.857092334272562
"GO:0160307",0.436285097192225,0.625448743518149,0.0554793308704233,-0.482948248045947,-1.06095848920509,19,"HOG:0033476;HOG:0021123;HOG:0000122;HOG:0019536;HOG:0024337;HOG:0028395;HOG:0024277;HOG:0012403;HOG:0006208;HOG:0007833;HOG:0023227;HOG:0000096;HOG:0006057;HOG:0026397",FALSE,"protein biosynthetic process","BP","leaf_mean_activity","perennial",3,0.75,"Brachypodium=-0.3436;Hordeum=-0.1161;Briza=-0.04368;Festuca/Vulpia=0.1445",0.857092334272562
"GO:0043167",0.456456456456456,0.636625391827298,0.0498907356726307,-0.422588584955701,-1.02345898832187,75,"HOG:0023048;HOG:0025959;HOG:0025149;HOG:0028333;HOG:0006332;HOG:0028145;HOG:0021825;HOG:0025848;HOG:0027918;HOG:0032765;HOG:0011541;HOG:0011775",FALSE,"ion binding","MF","leaf_mean_activity","perennial",1,0.25,"Brachypodium=-0.09166;Hordeum=0.1055;Briza=0.02063;Festuca/Vulpia=0.00005046",0.86685704037854
"GO:0017076",0.46122860020141,0.636625391827298,0.0496901392724606,-0.433638366188137,-1.03174621195954,46,"HOG:0023048;HOG:0025149;HOG:0028145;HOG:0025848;HOG:0011541;HOG:0011775;HOG:0033476;HOG:0017189;HOG:0017160;HOG:0027639",FALSE,"purine nucleotide binding","MF","leaf_mean_activity","perennial",1,0.25,"Brachypodium=-0.1487;Hordeum=0.09768;Briza=0.02512;Festuca/Vulpia=0.006465",0.86685704037854
"GO:0009058",0.470411233701103,0.640281956982057,0.0486034247259069,-0.424864982976951,-1.02402302952726,65,"HOG:0025959;HOG:0026742;HOG:0032903;HOG:0032904;HOG:0031056;HOG:0005683;HOG:0027918;HOG:0011541;HOG:0025923;HOG:0026637;HOG:0033476;HOG:0006661;HOG:0021123;HOG:0000122;HOG:0024976;HOG:0019536;HOG:0024337;HOG:0028395;HOG:0031418;HOG:0024277;HOG:0012403;HOG:0006208",FALSE,"biosynthetic process","BP","leaf_mean_activity","perennial",2,0.5,"Brachypodium=-0.2611;Hordeum=0.04473;Briza=-0.0279;Festuca/Vulpia=0.03616",0.87928441253321
"GO:0019538",0.294219328923999,0.644371735984396,0.203508959461977,-0.295853947776775,-1.15032628993382,46,"HOG:0000122;HOG:0021123;HOG:0033476;HOG:0024337;HOG:0023227;HOG:0007833;HOG:0000096;HOG:0006208;HOG:0026397;HOG:0016636;HOG:0011544",FALSE,"protein metabolic process","BP","root_mean_activity","perennial",1,0.25,"Brachypodium=0.04012;Hordeum=0.04103;Briza=-0.01287;Festuca/Vulpia=0.006877",0.785938253738543
"GO:0032991",0.481940144478844,0.64698813916338,0.0487989701682839,-0.44608984060297,-1.02885896385991,31,"HOG:0005683;HOG:0025923;HOG:0006661;HOG:0011544;HOG:0027639;HOG:0011717;HOG:0019536;HOG:0023439;HOG:0000535;HOG:0012012;HOG:0012011;HOG:0026397;HOG:0025124;HOG:0028661;HOG:0028850;HOG:0032397;HOG:0026073;HOG:0028636;HOG:0027706;HOG:0027704;HOG:0031227;HOG:0032629",FALSE,"protein-containing complex","CC","leaf_mean_activity","perennial",3,0.75,"Brachypodium=-0.2726;Hordeum=-0.05944;Briza=-0.04184;Festuca/Vulpia=0.0194",0.87928441253321
"GO:0050896",0.449901768172888,0.648387842366809,0.0838361057159929,-0.437230625975954,-1.01231696784151,11,"HOG:0032061;HOG:0032060;HOG:0024574;HOG:0011064",FALSE,"response to stimulus","BP","leaf_early_to_late","perennial",3,0.75,"Brachypodium=0.03777;Hordeum=-0.3616;Briza=-0.08038;Festuca/Vulpia=-0.01962",0.864517123155746
"GO:0019637",0.472727272727273,0.654433221099888,0.0826646449123753,-0.40876410903549,-0.998285820706083,13,"HOG:0007697;HOG:0012102;HOG:0030062;HOG:0011628;HOG:0006505;HOG:0028766",FALSE,"organophosphate metabolic process","BP","leaf_early_to_late","perennial",3,0.75,"Brachypodium=0.203;Hordeum=-0.3985;Briza=-0.08165;Festuca/Vulpia=-0.00668",0.87928441253321
"GO:0016462",0.480808080808081,0.654433221099888,0.0817515582532145,-0.405512737393016,-0.990345304068783,13,"HOG:0005689;HOG:0026361;HOG:0018459;HOG:0032961;HOG:0029544;HOG:0028395;HOG:0005788;HOG:0028394;HOG:0012402;HOG:0022739;HOG:0007637;HOG:0012403",FALSE,"pyrophosphatase activity","MF","leaf_early_to_late","perennial",3,0.75,"Brachypodium=0.1096;Hordeum=-0.4022;Briza=-0.06889;Festuca/Vulpia=-0.02194",0.87928441253321
"GO:0016817",0.480808080808081,0.654433221099888,0.0817515582532145,-0.405512737393016,-0.990345304068783,13,"HOG:0005689;HOG:0026361;HOG:0018459;HOG:0032961;HOG:0029544;HOG:0028395;HOG:0005788;HOG:0028394;HOG:0012402;HOG:0022739;HOG:0007637;HOG:0012403",FALSE,"hydrolase activity, acting on acid anhydrides","MF","leaf_early_to_late","perennial",3,0.75,"Brachypodium=0.1096;Hordeum=-0.4022;Briza=-0.06889;Festuca/Vulpia=-0.02194",0.87928441253321
"GO:0016818",0.480808080808081,0.654433221099888,0.0817515582532145,-0.405512737393016,-0.990345304068783,13,"HOG:0005689;HOG:0026361;HOG:0018459;HOG:0032961;HOG:0029544;HOG:0028395;HOG:0005788;HOG:0028394;HOG:0012402;HOG:0022739;HOG:0007637;HOG:0012403",FALSE,"hydrolase activity, acting on acid anhydrides, in phosphorus-containing anhydrides","MF","leaf_early_to_late","perennial",3,0.75,"Brachypodium=0.1096;Hordeum=-0.4022;Briza=-0.06889;Festuca/Vulpia=-0.02194",0.87928441253321
"GO:0017111",0.508230452674897,0.656966326845845,0.0797705918628453,-0.403392810507997,-0.958114979297826,12,"HOG:0005689;HOG:0026361;HOG:0032961;HOG:0029544;HOG:0028395;HOG:0005788;HOG:0028394;HOG:0012402;HOG:0022739;HOG:0007637;HOG:0012403",FALSE,"ribonucleoside triphosphate phosphatase activity","MF","leaf_early_to_late","perennial",3,0.75,"Brachypodium=0.001298;Hordeum=-0.2567;Briza=-0.06417;Festuca/Vulpia=-0.02571",0.911570340963065
"GO:1901135",0.510288065843621,0.656966326845845,0.0795564677235957,-0.401055783338908,-0.952564209231025,12,"HOG:0032629;HOG:0007697;HOG:0030062;HOG:0006505;HOG:0028766;HOG:0004085;HOG:0020076",FALSE,"carbohydrate derivative metabolic process","BP","leaf_early_to_late","perennial",3,0.75,"Brachypodium=0.2087;Hordeum=-0.4004;Briza=-0.08012;Festuca/Vulpia=-0.005131",0.911608367626886
"GO:0019538",0.52289156626506,0.656966326845845,0.086794975677172,-0.286702893664209,-0.960690539781392,46,"HOG:0026451;HOG:0010703;HOG:0000079;HOG:0032629",FALSE,"protein metabolic process","BP","leaf_early_to_late","perennial",3,0.75,"Brachypodium=0.08578;Hordeum=-0.08072;Briza=-0.05199;Festuca/Vulpia=-0.1285",0.922117260817047
"GO:0016740",0.503054989816701,0.665012267788293,0.0462302524077616,-0.433730076214648,-1.01408431736058,37,"HOG:0025342;HOG:0025959;HOG:0023138;HOG:0031056;HOG:0026019;HOG:0011775;HOG:0027285;HOG:0026637;HOG:0006661",FALSE,"transferase activity","MF","leaf_mean_activity","perennial",1,0.25,"Brachypodium=-0.1654;Hordeum=0.09834;Briza=0.02218;Festuca/Vulpia=0.05689",0.905763052530857
"GO:0140096",0.508937960042061,0.665012267788293,0.0471642455670861,-0.446570396384536,-1.00644501598496,25,"HOG:0025959;HOG:0011540;HOG:0011775;HOG:0032963",FALSE,"catalytic activity, acting on a protein","MF","leaf_mean_activity","perennial",2,0.5,"Brachypodium=-0.04755;Hordeum=0.1089;Briza=0.02666;Festuca/Vulpia=-0.01303",0.911570340963065
"GO:0006793",0.586363636363636,0.700776053215078,0.0774767547848578,-0.327071566722424,-0.915420632541717,22,"HOG:0007697;HOG:0012102;HOG:0030062;HOG:0011628;HOG:0008733;HOG:0027147;HOG:0018459",FALSE,"phosphorus metabolic process","BP","leaf_early_to_late","perennial",3,0.75,"Brachypodium=0.1838;Hordeum=-0.4003;Briza=-0.07552;Festuca/Vulpia=-0.005131",0.950350881933204
"GO:0006796",0.586363636363636,0.700776053215078,0.0774767547848578,-0.327071566722424,-0.915420632541717,22,"HOG:0007697;HOG:0012102;HOG:0030062;HOG:0011628;HOG:0008733;HOG:0027147;HOG:0018459",FALSE,"phosphate-containing compound metabolic process","BP","leaf_early_to_late","perennial",3,0.75,"Brachypodium=0.1838;Hordeum=-0.4003;Briza=-0.07552;Festuca/Vulpia=-0.005131",0.950350881933204
"GO:1902494",0.622309197651663,0.70099196976854,0.0668966276500666,-0.39356425911277,-0.890913884563563,10,"HOG:0004116;HOG:0000079;HOG:0032629;HOG:0025316;HOG:0011544",FALSE,"catalytic complex","CC","leaf_early_to_late","perennial",3,0.75,"Brachypodium=-0.2183;Hordeum=0.2163;Briza=-0.2748;Festuca/Vulpia=-0.1037",0.955042750758481
"GO:0043168",0.557344064386318,0.709145728643216,0.0409883873374721,-0.411356551644531,-0.980167302056638,49,"HOG:0023048;HOG:0025149;HOG:0028145;HOG:0025848;HOG:0011541;HOG:0011775;HOG:0033476;HOG:0017189;HOG:0017160;HOG:0027639",FALSE,"anion binding","MF","leaf_mean_activity","perennial",1,0.25,"Brachypodium=-0.09166;Hordeum=0.1031;Briza=0.02432;Festuca/Vulpia=0.0008257",0.946392296741791
"GO:0110165",0.575575575575576,0.709145728643216,0.0392758570896778,-0.400318675658688,-0.97056620886083,78,"HOG:0025959;HOG:0011540;HOG:0032903;HOG:0032904;HOG:0031056;HOG:0005683;HOG:0027918;HOG:0011541;HOG:0025923;HOG:0027285;HOG:0033476;HOG:0006661;HOG:0027639;HOG:0028263;HOG:0021123;HOG:0000122;HOG:0024976;HOG:0011717;HOG:0019536;HOG:0023439;HOG:0024337;HOG:0028395;HOG:0024277;HOG:0012403;HOG:0006208;HOG:0000535;HOG:0012012;HOG:0007835;HOG:0012011;HOG:0007833;HOG:0023227",FALSE,"cellular anatomical structure","CC","leaf_mean_activity","perennial",3,0.75,"Brachypodium=-0.2738;Hordeum=-0.04452;Briza=-0.03377;Festuca/Vulpia=0.06346",0.950350881933204
"GO:0000166",0.577464788732394,0.709145728643216,0.0393561959521291,-0.405569683495473,-0.96477052591689,51,"HOG:0023048;HOG:0025149;HOG:0028145;HOG:0025848;HOG:0011541;HOG:0011775;HOG:0033476;HOG:0017189;HOG:0017160;HOG:0027639",FALSE,"nucleotide binding","MF","leaf_mean_activity","perennial",1,0.25,"Brachypodium=-0.1108;Hordeum=0.09834;Briza=0.02432;Festuca/Vulpia=0.005531",0.950350881933204
"GO:1901265",0.577464788732394,0.709145728643216,0.0393561959521291,-0.405569683495473,-0.96477052591689,51,"HOG:0023048;HOG:0025149;HOG:0028145;HOG:0025848;HOG:0011541;HOG:0011775;HOG:0033476;HOG:0017189;HOG:0017160;HOG:0027639",FALSE,"nucleoside phosphate binding","MF","leaf_mean_activity","perennial",1,0.25,"Brachypodium=-0.1108;Hordeum=0.09834;Briza=0.02432;Festuca/Vulpia=0.005531",0.950350881933204
"GO:0005622",0.578894472361809,0.709145728643216,0.0391956336118146,-0.405411655284287,-0.971958379712316,62,"HOG:0025959;HOG:0011540;HOG:0032903;HOG:0032904;HOG:0005683;HOG:0027918;HOG:0011541;HOG:0025923;HOG:0033476;HOG:0027639;HOG:0021123;HOG:0000122;HOG:0011717;HOG:0019536;HOG:0023439;HOG:0024337;HOG:0028395;HOG:0024277;HOG:0012403;HOG:0006208;HOG:0000535;HOG:0012012;HOG:0007835;HOG:0012011;HOG:0007833;HOG:0023227",FALSE,"intracellular anatomical structure","CC","leaf_mean_activity","perennial",3,0.75,"Brachypodium=-0.2859;Hordeum=-0.06115;Briza=-0.03508;Festuca/Vulpia=0.07126",0.950350881933204
"GO:0016740",0.0135743196541014,0.748182749836125,0.380730400722792,-0.482093968635318,-1.5484812457346,37,"HOG:0026637;HOG:0031056;HOG:0007813;HOG:0017319;HOG:0005589;HOG:0008585;HOG:0011640;HOG:0011497;HOG:0033256;HOG:0008696;HOG:0024976;HOG:0018037;HOG:0004085;HOG:0000191;HOG:0028198;HOG:0010571;HOG:0027147;HOG:0006505;HOG:0027285;HOG:0004192;HOG:0008697;HOG:0010710;HOG:0022810;HOG:0032593",FALSE,"transferase activity","MF","internal_edge_density","perennial",3,0.75,"Brachypodium=0.06295;Hordeum=-0.09714;Briza=-0.06428;Festuca/Vulpia=-0.05759",0.127561414831693
"GO:0005575",0.626,0.757382716049383,0.0353157046479879,-0.391541830688277,-0.949884943184713,83,"HOG:0025959;HOG:0011540;HOG:0032903;HOG:0032904;HOG:0031056;HOG:0005683;HOG:0027918;HOG:0011541;HOG:0025923;HOG:0027285;HOG:0033476;HOG:0006661;HOG:0011544;HOG:0027639;HOG:0028263;HOG:0021123;HOG:0000122;HOG:0024976;HOG:0011717;HOG:0019536;HOG:0023439;HOG:0024337;HOG:0028395;HOG:0024277;HOG:0012403;HOG:0006208;HOG:0000535;HOG:0012012;HOG:0007835;HOG:0012011;HOG:0007833;HOG:0023227",FALSE,"cellular_component","CC","leaf_mean_activity","perennial",3,0.75,"Brachypodium=-0.2726;Hordeum=-0.04756;Briza=-0.03303;Festuca/Vulpia=0.06573",0.9585625
"GO:0016874",0.424528301886792,0.800072568940494,0.115734447701689,-0.399599050440189,-1.020856335659,10,"HOG:0006208;HOG:0032963;HOG:0006057",FALSE,"ligase activity","MF","root_mean_activity","perennial",1,0.25,"Brachypodium=0.01855;Hordeum=0.02972;Briza=0.001399;Festuca/Vulpia=-0.005229",0.844134536505332
"GO:1901363",0.696878147029204,0.829365906532705,0.0304894126298511,-0.376956879965361,-0.89749300719427,53,"HOG:0023048;HOG:0025149;HOG:0028145;HOG:0025848;HOG:0011541;HOG:0011775;HOG:0033476;HOG:0017189;HOG:0017160;HOG:0027639",FALSE,"heterocyclic compound binding","MF","leaf_mean_activity","perennial",1,0.25,"Brachypodium=-0.09166;Hordeum=0.1031;Briza=0.02432;Festuca/Vulpia=0.005531",0.993089981736005
"GO:0017111",0.70242214532872,0.829365906532705,0.0366082221336689,-0.412714198075663,-0.843235447868231,12,"HOG:0033476;HOG:0028395;HOG:0012403",FALSE,"ribonucleoside triphosphate phosphatase activity","MF","leaf_mean_activity","perennial",1,0.25,"Brachypodium=-0.1476;Hordeum=0.05808;Briza=0.04586;Festuca/Vulpia=0.01052",0.99474518780812
"GO:0098796",0.391608391608392,0.834296138643965,0.188204146308491,-0.324074074074074,-1.00174697613952,12,"HOG:0007857;HOG:0005666;HOG:0012511;HOG:0012012;HOG:0032629;HOG:0028636;HOG:0025124;HOG:0027704;HOG:0012011;HOG:0028850;HOG:0026073;HOG:0018221",FALSE,"membrane protein complex","CC","root_early_to_late","perennial",2,0.5,"Brachypodium=1.387;Hordeum=0.06218;Briza=-0.293;Festuca/Vulpia=-0.02559",0.837691290806838
"GO:0016192",0.719953325554259,0.839945546479969,0.035996889024589,-0.411320326715784,-0.840474431755328,13,"HOG:0026838;HOG:0012012;HOG:0023825;HOG:0012011;HOG:0027005;HOG:0025124;HOG:0028850;HOG:0028636;HOG:0027704",FALSE,"vesicle-mediated transport","BP","leaf_mean_activity","perennial",2,0.5,"Brachypodium=-0.2511;Hordeum=-0.06234;Briza=0.01279;Festuca/Vulpia=0.01797",0.99474518780812
"GO:0090304",0.0196483665276238,0.856682769726248,0.352487857583619,-0.566874322821249,-1.66280153170242,17,"HOG:0006009;HOG:0010929;HOG:0006139;HOG:0006008",FALSE,"nucleic acid metabolic process","BP","anchor_module_mean_strength_ratio","perennial",3,0.75,"Brachypodium=0.2743;Hordeum=-0.02583;Briza=-0.1528;Festuca/Vulpia=-0.1116",0.170617461239873
"GO:0050896",0.0478927203065134,0.856682769726248,0.287857117255149,-0.593446822319742,-1.51664269207909,11,"HOG:0006009;HOG:0006008;HOG:0032320;HOG:0011064;HOG:0012056",FALSE,"response to stimulus","BP","anchor_module_mean_strength_ratio","perennial",3,0.75,"Brachypodium=0.2346;Hordeum=-0.1586;Briza=-0.06177;Festuca/Vulpia=-0.2197",0.30994722764404
"GO:0006139",0.0854545454545454,0.856682769726248,0.206587922696891,-0.409102404661357,-1.35353744347858,28,"HOG:0006009;HOG:0010929;HOG:0006139;HOG:0006008;HOG:0006505;HOG:0030062",FALSE,"nucleobase-containing compound metabolic process","BP","anchor_module_mean_strength_ratio","perennial",3,0.75,"Brachypodium=0.2736;Hordeum=-0.06848;Briza=-0.02802;Festuca/Vulpia=-0.1092",0.444104683195592
"GO:0044281",0.196043165467626,0.856682769726248,0.130777137971974,-0.390172942014069,-1.21994995318214,22,"HOG:0006505;HOG:0007713;HOG:0030062;HOG:0017319;HOG:0026770;HOG:0025863;HOG:0032397;HOG:0029110;HOG:0011640;HOG:0026340;HOG:0011862;HOG:0028766;HOG:0006123;HOG:0004085;HOG:0011497;HOG:0007697;HOG:0020076",FALSE,"small molecule metabolic process","BP","anchor_module_mean_strength_ratio","perennial",3,0.75,"Brachypodium=0.2588;Hordeum=-0.1053;Briza=-0.02392;Festuca/Vulpia=-0.1445",0.667865914830318
"GO:0006412",0.20985401459854,0.856682769726248,0.126875729929857,-0.415062021551891,-1.23790265509966,19,"HOG:0006139;HOG:0005788;HOG:0028394;HOG:0021123;HOG:0006208;HOG:0028395;HOG:0024337;HOG:0012402",FALSE,"translation","BP","anchor_module_mean_strength_ratio","perennial",3,0.75,"Brachypodium=0.1574;Hordeum=-0.02046;Briza=-0.04474;Festuca/Vulpia=-0.2349",0.675867859223467
"GO:0160307",0.20985401459854,0.856682769726248,0.126875729929857,-0.415062021551891,-1.23790265509966,19,"HOG:0006139;HOG:0005788;HOG:0028394;HOG:0021123;HOG:0006208;HOG:0028395;HOG:0024337;HOG:0012402",FALSE,"protein biosynthetic process","BP","anchor_module_mean_strength_ratio","perennial",3,0.75,"Brachypodium=0.1574;Hordeum=-0.02046;Briza=-0.04474;Festuca/Vulpia=-0.2349",0.675867859223467
"GO:0016070",0.224489795918367,0.856682769726248,0.123257226381337,-0.436771822282898,-1.21108745103797,14,"HOG:0010929;HOG:0006139",FALSE,"RNA metabolic process","BP","anchor_module_mean_strength_ratio","perennial",3,0.75,"Brachypodium=0.2452;Hordeum=-0.02517;Briza=-0.1065;Festuca/Vulpia=-0.05844",0.689657740311578
"GO:0043170",0.248686514886165,0.856682769726248,0.112378519110475,-0.283032150941112,-1.12402541522655,65,"HOG:0006009;HOG:0010929;HOG:0006139;HOG:0006008;HOG:0027281;HOG:0027303;HOG:0029544;HOG:0031227;HOG:0031321;HOG:0005788;HOG:0028394;HOG:0010710;HOG:0027147;HOG:0012035;HOG:0032904;HOG:0021123;HOG:0007936;HOG:0000079;HOG:0006208;HOG:0032593;HOG:0028395;HOG:0024976;HOG:0024337;HOG:0022830",FALSE,"macromolecule metabolic process","BP","anchor_module_mean_strength_ratio","perennial",3,0.75,"Brachypodium=0.2004;Hordeum=-0.05382;Briza=-0.04474;Festuca/Vulpia=-0.188",0.717573221757322
"GO:0005975",0.315693430656934,0.856682769726248,0.0999276973731092,-0.378855640162087,-1.12991885189259,19,"HOG:0006505;HOG:0005639;HOG:0023358;HOG:0026770;HOG:0025863;HOG:0026834;HOG:0012035;HOG:0011862;HOG:0024976;HOG:0006123;HOG:0004085;HOG:0028008",FALSE,"carbohydrate metabolic process","BP","anchor_module_mean_strength_ratio","perennial",3,0.75,"Brachypodium=0.3021;Hordeum=-0.1588;Briza=-0.03268;Festuca/Vulpia=-0.1493",0.799135400113125
"GO:0019538",0.342007434944238,0.856682769726248,0.096240602328129,-0.291082354373234,-1.07499713994799,46,"HOG:0006139;HOG:0027281;HOG:0027303;HOG:0029544;HOG:0031227;HOG:0031321;HOG:0005788;HOG:0028394;HOG:0010710;HOG:0027147;HOG:0021123;HOG:0007936;HOG:0000079;HOG:0006208;HOG:0032593;HOG:0028395;HOG:0024337;HOG:0022830",FALSE,"protein metabolic process","BP","anchor_module_mean_strength_ratio","perennial",3,0.75,"Brachypodium=0.1741;Hordeum=-0.08542;Briza=-0.04186;Festuca/Vulpia=-0.2187",0.811148648648649
"GO:0006082",0.349532710280374,0.856682769726248,0.0952879846194844,-0.399730362412534,-1.08546867715109,13,"HOG:0006505;HOG:0007713;HOG:0017319;HOG:0026770;HOG:0025863;HOG:0032397;HOG:0011640;HOG:0026340;HOG:0006123;HOG:0011497",FALSE,"organic acid metabolic process","BP","anchor_module_mean_strength_ratio","perennial",3,0.75,"Brachypodium=0.2447;Hordeum=-0.09791;Briza=-0.03128;Festuca/Vulpia=-0.124",0.811148648648649
"GO:0019752",0.349532710280374,0.856682769726248,0.0952879846194844,-0.399730362412534,-1.08546867715109,13,"HOG:0006505;HOG:0007713;HOG:0017319;HOG:0026770;HOG:0025863;HOG:0032397;HOG:0011640;HOG:0026340;HOG:0006123;HOG:0011497",FALSE,"carboxylic acid metabolic process","BP","anchor_module_mean_strength_ratio","perennial",3,0.75,"Brachypodium=0.2447;Hordeum=-0.09791;Briza=-0.03128;Festuca/Vulpia=-0.124",0.811148648648649
"GO:0043436",0.349532710280374,0.856682769726248,0.0952879846194844,-0.399730362412534,-1.08546867715109,13,"HOG:0006505;HOG:0007713;HOG:0017319;HOG:0026770;HOG:0025863;HOG:0032397;HOG:0011640;HOG:0026340;HOG:0006123;HOG:0011497",FALSE,"oxoacid metabolic process","BP","anchor_module_mean_strength_ratio","perennial",3,0.75,"Brachypodium=0.2447;Hordeum=-0.09791;Briza=-0.03128;Festuca/Vulpia=-0.124",0.811148648648649
"GO:0006810",0.352087114337568,0.856682769726248,0.0931454575337804,-0.322964156658563,-1.07787591475559,29,"HOG:0028065;HOG:0026902;HOG:0007645;HOG:0011532;HOG:0023825;HOG:0016371;HOG:0011064;HOG:0023564;HOG:0025186",FALSE,"transport","BP","anchor_module_mean_strength_ratio","perennial",3,0.75,"Brachypodium=0.2871;Hordeum=-0.03003;Briza=-0.08394;Festuca/Vulpia=-0.131",0.81323825062482
"GO:0051179",0.378571428571429,0.856682769726248,0.0880945010398517,-0.311553246476083,-1.05450560209901,30,"HOG:0028065;HOG:0026902;HOG:0007645;HOG:0011532;HOG:0023825;HOG:0016371;HOG:0011064;HOG:0023564;HOG:0025186",FALSE,"localization","BP","anchor_module_mean_strength_ratio","perennial",3,0.75,"Brachypodium=0.275;Hordeum=-0.02516;Briza=-0.08198;Festuca/Vulpia=-0.1352",0.821786527173262
"GO:0051234",0.378571428571429,0.856682769726248,0.0880945010398517,-0.311553246476083,-1.05450560209901,30,"HOG:0028065;HOG:0026902;HOG:0007645;HOG:0011532;HOG:0023825;HOG:0016371;HOG:0011064;HOG:0023564;HOG:0025186",FALSE,"establishment of localization","BP","anchor_module_mean_strength_ratio","perennial",3,0.75,"Brachypodium=0.275;Hordeum=-0.02516;Briza=-0.08198;Festuca/Vulpia=-0.1352",0.821786527173262
"GO:0051179",0.493243243243243,0.859194776931447,0.163180127180689,-0.279801314383601,-0.974336509772539,30,"HOG:0025124;HOG:0008637;HOG:0006523;HOG:0012012;HOG:0028850;HOG:0023564;HOG:0012011;HOG:0028661;HOG:0028263;HOG:0028636;HOG:0027704;HOG:0011064;HOG:0027005;HOG:0027975;HOG:0007645;HOG:0012261",FALSE,"localization","BP","root_mean_activity","perennial",4,1,"Brachypodium=-0.04679;Hordeum=-0.01408;Briza=-0.001792;Festuca/Vulpia=-0.02388",0.895145145145145
"GO:0051234",0.493243243243243,0.859194776931447,0.163180127180689,-0.279801314383601,-0.974336509772539,30,"HOG:0025124;HOG:0008637;HOG:0006523;HOG:0012012;HOG:0028850;HOG:0023564;HOG:0012011;HOG:0028661;HOG:0028263;HOG:0028636;HOG:0027704;HOG:0011064;HOG:0027005;HOG:0027975;HOG:0007645;HOG:0012261",FALSE,"establishment of localization","BP","root_mean_activity","perennial",4,1,"Brachypodium=-0.04679;Hordeum=-0.01408;Briza=-0.001792;Festuca/Vulpia=-0.02388",0.895145145145145
"GO:0016020",0.522875816993464,0.859194776931447,0.155241966228839,-0.273799336266328,-0.943997138040634,29,"HOG:0006661;HOG:0025124;HOG:0026073;HOG:0012012;HOG:0028850;HOG:0012011;HOG:0028263;HOG:0028198;HOG:0028636;HOG:0027704;HOG:0032629",FALSE,"membrane","CC","root_mean_activity","perennial",3,0.75,"Brachypodium=-0.02428;Hordeum=0.02124;Briza=-0.01074;Festuca/Vulpia=-0.0009417",0.922117260817047
"GO:0006082",0.582456140350877,0.859194776931447,0.102449405629826,-0.331197826477336,-0.916293598561406,13,"HOG:0026340;HOG:0031418",FALSE,"organic acid metabolic process","BP","root_mean_activity","perennial",1,0.25,"Brachypodium=0.02515;Hordeum=0.05712;Briza=-0.0178;Festuca/Vulpia=0.02491",0.950350881933204
"GO:0019752",0.582456140350877,0.859194776931447,0.102449405629826,-0.331197826477336,-0.916293598561406,13,"HOG:0026340;HOG:0031418",FALSE,"carboxylic acid metabolic process","BP","root_mean_activity","perennial",1,0.25,"Brachypodium=0.02515;Hordeum=0.05712;Briza=-0.0178;Festuca/Vulpia=0.02491",0.950350881933204
"GO:0043436",0.582456140350877,0.859194776931447,0.102449405629826,-0.331197826477336,-0.916293598561406,13,"HOG:0026340;HOG:0031418",FALSE,"oxoacid metabolic process","BP","root_mean_activity","perennial",1,0.25,"Brachypodium=0.02515;Hordeum=0.05712;Briza=-0.0178;Festuca/Vulpia=0.02491",0.950350881933204
"GO:0090304",0.0216367603825075,0.879370952821462,0.352487857583619,-0.56642485343271,-1.6297052990456,17,"HOG:0006009;HOG:0010929;HOG:0006139;HOG:0006008",FALSE,"nucleic acid metabolic process","BP","recurrent_coverage","perennial",3,0.75,"Brachypodium=0.2549;Hordeum=-0.02326;Briza=-0.1379;Festuca/Vulpia=-0.09804",0.18324466200494
"GO:0050896",0.08124997656807,0.879370952821462,0.287805130535564,-0.588528236168074,-1.52057084536704,11,"HOG:0006009;HOG:0006008;HOG:0032320;HOG:0011064;HOG:0012056",FALSE,"response to stimulus","BP","recurrent_coverage","perennial",3,0.75,"Brachypodium=0.2301;Hordeum=-0.1538;Briza=-0.05714;Festuca/Vulpia=-0.2028",0.432073518803845
"GO:0006139",0.0863970588235294,0.879370952821462,0.206587922696891,-0.416670995460991,-1.3805486820842,28,"HOG:0006009;HOG:0010929;HOG:0006139;HOG:0006008;HOG:0006505;HOG:0030062",FALSE,"nucleobase-containing compound metabolic process","BP","recurrent_coverage","perennial",3,0.75,"Brachypodium=0.2579;Hordeum=-0.06805;Briza=-0.02363;Festuca/Vulpia=-0.096",0.44562693498452
"GO:0006412",0.177121771217712,0.879370952821462,0.140406238523342,-0.421378775899017,-1.25668197496572,19,"HOG:0006139;HOG:0028394;HOG:0005788;HOG:0021123;HOG:0006208;HOG:0028395;HOG:0024337;HOG:0012402;HOG:0007833;HOG:0023227;HOG:0033476",FALSE,"translation","BP","recurrent_coverage","perennial",3,0.75,"Brachypodium=0.1429;Hordeum=-0.01818;Briza=-0.03922;Festuca/Vulpia=-0.2206",0.649762219547329
"GO:0160307",0.177121771217712,0.879370952821462,0.140406238523342,-0.421378775899017,-1.25668197496572,19,"HOG:0006139;HOG:0028394;HOG:0005788;HOG:0021123;HOG:0006208;HOG:0028395;HOG:0024337;HOG:0012402;HOG:0007833;HOG:0023227;HOG:0033476",FALSE,"protein biosynthetic process","BP","recurrent_coverage","perennial",3,0.75,"Brachypodium=0.1429;Hordeum=-0.01818;Briza=-0.03922;Festuca/Vulpia=-0.2206",0.649762219547329
"GO:0044281",0.231203007518797,0.879370952821462,0.122107920287081,-0.3883827287161,-1.19425007109834,22,"HOG:0006505;HOG:0007713;HOG:0030062;HOG:0017319;HOG:0026770;HOG:0025863;HOG:0032397;HOG:0029110;HOG:0011640;HOG:0026340;HOG:0011862;HOG:0028766;HOG:0011497;HOG:0004085;HOG:0006123;HOG:0007697",FALSE,"small molecule metabolic process","BP","recurrent_coverage","perennial",3,0.75,"Brachypodium=0.2446;Hordeum=-0.0984;Briza=-0.02027;Festuca/Vulpia=-0.1315",0.689657740311578
"GO:0016070",0.232954545454545,0.879370952821462,0.122107920287081,-0.441390791833481,-1.20902322829167,14,"HOG:0010929;HOG:0006139",FALSE,"RNA metabolic process","BP","recurrent_coverage","perennial",3,0.75,"Brachypodium=0.2275;Hordeum=-0.02056;Briza=-0.09838;Festuca/Vulpia=-0.05172",0.689657740311578
"GO:0043170",0.295373665480427,0.879370952821462,0.102449405629826,-0.280891442456346,-1.10097948732676,65,"HOG:0006009;HOG:0010929;HOG:0006139;HOG:0006008;HOG:0027281;HOG:0027303;HOG:0029544;HOG:0031227;HOG:0031321;HOG:0010710;HOG:0028394;HOG:0005788;HOG:0027147;HOG:0012035;HOG:0021123;HOG:0032904;HOG:0007936;HOG:0006208;HOG:0000079;HOG:0028395;HOG:0032593;HOG:0024976;HOG:0022830;HOG:0024337",FALSE,"macromolecule metabolic process","BP","recurrent_coverage","perennial",3,0.75,"Brachypodium=0.1882;Hordeum=-0.05;Briza=-0.03922;Festuca/Vulpia=-0.1733",0.785938253738543
"GO:0019538",0.347905282331512,0.879370952821462,0.0940503465727813,-0.289564831662877,-1.07676597950932,46,"HOG:0006139;HOG:0027281;HOG:0027303;HOG:0029544;HOG:0031227;HOG:0031321;HOG:0010710;HOG:0028394;HOG:0005788;HOG:0027147;HOG:0021123;HOG:0007936;HOG:0006208;HOG:0000079;HOG:0028395;HOG:0032593;HOG:0022830;HOG:0024337",FALSE,"protein metabolic process","BP","recurrent_coverage","perennial",3,0.75,"Brachypodium=0.1659;Hordeum=-0.08221;Briza=-0.03783;Festuca/Vulpia=-0.2043",0.811148648648649
"GO:0006082",0.363805970149254,0.879370952821462,0.0928481214159878,-0.397631422159587,-1.07148950813136,13,"HOG:0006505;HOG:0007713;HOG:0017319;HOG:0026770;HOG:0025863;HOG:0032397;HOG:0011640;HOG:0026340;HOG:0011497;HOG:0006123",FALSE,"organic acid metabolic process","BP","recurrent_coverage","perennial",3,0.75,"Brachypodium=0.2286;Hordeum=-0.09091;Briza=-0.02685;Festuca/Vulpia=-0.1127",0.820143102979803
"GO:0019752",0.363805970149254,0.879370952821462,0.0928481214159878,-0.397631422159587,-1.07148950813136,13,"HOG:0006505;HOG:0007713;HOG:0017319;HOG:0026770;HOG:0025863;HOG:0032397;HOG:0011640;HOG:0026340;HOG:0011497;HOG:0006123",FALSE,"carboxylic acid metabolic process","BP","recurrent_coverage","perennial",3,0.75,"Brachypodium=0.2286;Hordeum=-0.09091;Briza=-0.02685;Festuca/Vulpia=-0.1127",0.820143102979803
"GO:0043436",0.363805970149254,0.879370952821462,0.0928481214159878,-0.397631422159587,-1.07148950813136,13,"HOG:0006505;HOG:0007713;HOG:0017319;HOG:0026770;HOG:0025863;HOG:0032397;HOG:0011640;HOG:0026340;HOG:0011497;HOG:0006123",FALSE,"oxoacid metabolic process","BP","recurrent_coverage","perennial",3,0.75,"Brachypodium=0.2286;Hordeum=-0.09091;Briza=-0.02685;Festuca/Vulpia=-0.1127",0.820143102979803
"GO:0006810",0.364640883977901,0.879370952821462,0.0919686140000427,-0.317730515958331,-1.06628095157257,29,"HOG:0028065;HOG:0007645;HOG:0026902;HOG:0011532;HOG:0023825;HOG:0016371;HOG:0011064;HOG:0023564;HOG:0025186",FALSE,"transport","BP","recurrent_coverage","perennial",3,0.75,"Brachypodium=0.2727;Hordeum=-0.02564;Briza=-0.07865;Festuca/Vulpia=-0.1176",0.820143102979803
"GO:0005975",0.374538745387454,0.879370952821462,0.0905428948469474,-0.356262997946683,-1.06248656428329,19,"HOG:0006505;HOG:0005639;HOG:0023358;HOG:0026770;HOG:0025863;HOG:0012035;HOG:0026834;HOG:0024976;HOG:0028008;HOG:0011862;HOG:0004085;HOG:0006123",FALSE,"carbohydrate metabolic process","BP","recurrent_coverage","perennial",3,0.75,"Brachypodium=0.2876;Hordeum=-0.1523;Briza=-0.02685;Festuca/Vulpia=-0.137",0.821786527173262
"GO:0051179",0.395644283121597,0.879370952821462,0.0865399737444125,-0.305914247920384,-1.03707827919815,30,"HOG:0028065;HOG:0007645;HOG:0026902;HOG:0011532;HOG:0023825;HOG:0016371;HOG:0011064;HOG:0023564;HOG:0025186",FALSE,"localization","BP","recurrent_coverage","perennial",3,0.75,"Brachypodium=0.2627;Hordeum=-0.02225;Briza=-0.07829;Festuca/Vulpia=-0.1251",0.837691290806838
"GO:0051234",0.395644283121597,0.879370952821462,0.0865399737444125,-0.305914247920384,-1.03707827919815,30,"HOG:0028065;HOG:0007645;HOG:0026902;HOG:0011532;HOG:0023825;HOG:0016371;HOG:0011064;HOG:0023564;HOG:0025186",FALSE,"establishment of localization","BP","recurrent_coverage","perennial",3,0.75,"Brachypodium=0.2627;Hordeum=-0.02225;Briza=-0.07829;Festuca/Vulpia=-0.1251",0.837691290806838
"GO:0006810",0.647058823529412,0.883449456056717,0.138022242496643,-0.258530904673301,-0.891355097622513,29,"HOG:0025124;HOG:0008637;HOG:0006523;HOG:0012012;HOG:0028850;HOG:0023564;HOG:0012011;HOG:0028263;HOG:0028636;HOG:0027704;HOG:0011064;HOG:0027005;HOG:0027975;HOG:0007645;HOG:0012261",FALSE,"transport","BP","root_mean_activity","perennial",4,1,"Brachypodium=-0.0373;Hordeum=-0.01375;Briza=-0.0003463;Festuca/Vulpia=-0.01841",0.988600931952623
"GO:0017111",0.697674418604651,0.886439120910183,0.0886261133285098,-0.31663460506742,-0.85443022634346,12,"HOG:0033476",FALSE,"ribonucleoside triphosphate phosphatase activity","MF","root_mean_activity","perennial",1,0.25,"Brachypodium=0.03009;Hordeum=0.01674;Briza=0.001988;Festuca/Vulpia=-0.01697",0.993089981736005
"GO:0006753",0.746794871794872,0.886439120910183,0.0828962134571565,-0.292307692307692,-0.781284129113388,11,"HOG:0011628;HOG:0012102;HOG:0023230;HOG:0006123;HOG:0023669;HOG:0020076;HOG:0028766;HOG:0029110;HOG:0007697;HOG:0006505;HOG:0030062",FALSE,"nucleoside phosphate metabolic process","BP","root_mean_activity","perennial",1,0.25,"Brachypodium=0.02131;Hordeum=0.04982;Briza=-0.0003431;Festuca/Vulpia=0.01141",0.99474518780812
"GO:0055086",0.746794871794872,0.886439120910183,0.0828962134571565,-0.292307692307692,-0.781284129113388,11,"HOG:0011628;HOG:0012102;HOG:0023230;HOG:0006123;HOG:0023669;HOG:0020076;HOG:0028766;HOG:0029110;HOG:0007697;HOG:0006505;HOG:0030062",FALSE,"nucleobase-containing small molecule metabolic process","BP","root_mean_activity","perennial",1,0.25,"Brachypodium=0.02131;Hordeum=0.04982;Briza=-0.0003431;Festuca/Vulpia=0.01141",0.99474518780812
"GO:0072521",0.746794871794872,0.886439120910183,0.0828962134571565,-0.292307692307692,-0.781284129113388,11,"HOG:0011628;HOG:0012102;HOG:0023230;HOG:0006123;HOG:0023669;HOG:0020076;HOG:0028766;HOG:0029110;HOG:0007697;HOG:0006505;HOG:0030062",FALSE,"purine-containing compound metabolic process","BP","root_mean_activity","perennial",1,0.25,"Brachypodium=0.02131;Hordeum=0.04982;Briza=-0.0003431;Festuca/Vulpia=0.01141",0.99474518780812
"GO:0016192",0.750877192982456,0.886439120910183,0.0875697115548511,-0.29584545866895,-0.818487557195283,13,"HOG:0025124;HOG:0012012;HOG:0028850;HOG:0012011;HOG:0028636;HOG:0027704;HOG:0027005",FALSE,"vesicle-mediated transport","BP","root_mean_activity","perennial",2,0.5,"Brachypodium=-0.06668;Hordeum=-0.03453;Briza=0.00002008;Festuca/Vulpia=0.0101",0.99474518780812
"GO:0019637",0.750877192982456,0.886439120910183,0.0875697115548511,-0.294117647058824,-0.813707384768677,13,"HOG:0011628;HOG:0012102;HOG:0023230;HOG:0006123;HOG:0023669;HOG:0020076;HOG:0028766;HOG:0029110;HOG:0007697;HOG:0024629;HOG:0004085;HOG:0006505;HOG:0030062",FALSE,"organophosphate metabolic process","BP","root_mean_activity","perennial",2,0.5,"Brachypodium=0.02515;Hordeum=0.05595;Briza=-0.0003431;Festuca/Vulpia=-0.006287",0.99474518780812
"GO:0044281",0.751322751322751,0.886439120910183,0.112378519110475,-0.255704676291772,-0.834782004899538,22,"HOG:0026340;HOG:0031418",FALSE,"small molecule metabolic process","BP","root_mean_activity","perennial",1,0.25,"Brachypodium=0.02697;Hordeum=0.05654;Briza=-0.007071;Festuca/Vulpia=0.01298",0.99474518780812
"GO:1901135",0.760797342192691,0.886439120910183,0.0838361057159929,-0.29320987654321,-0.79121920716028,12,"HOG:0032629;HOG:0023230;HOG:0006123;HOG:0023669;HOG:0020076;HOG:0028766;HOG:0029110;HOG:0007697;HOG:0024629;HOG:0004085;HOG:0006505;HOG:0030062",FALSE,"carbohydrate derivative metabolic process","BP","root_mean_activity","perennial",1,0.25,"Brachypodium=0.02697;Hordeum=0.0572;Briza=0.001013;Festuca/Vulpia=-0.006836",0.99474518780812
"GO:1902494",0.783018867924528,0.886439120910183,0.0793434960134973,-0.288178745634897,-0.736210704103462,10,"HOG:0006661",FALSE,"catalytic complex","CC","root_mean_activity","perennial",2,0.5,"Brachypodium=-0.08781;Hordeum=0.02545;Briza=-0.01379;Festuca/Vulpia=0.07128",0.99474518780812
"GO:0016757",0.80503144654088,0.886439120910183,0.0778840111977068,-0.279858882217415,-0.714955935674465,10,"HOG:0006661;HOG:0028005",FALSE,"glycosyltransferase activity","MF","root_mean_activity","perennial",3,0.75,"Brachypodium=-0.05625;Hordeum=-0.04612;Briza=-0.03796;Festuca/Vulpia=0.01481",0.99474518780812
"GO:0016758",0.80503144654088,0.886439120910183,0.0778840111977068,-0.279858882217415,-0.714955935674465,10,"HOG:0006661;HOG:0028005",FALSE,"hexosyltransferase activity","MF","root_mean_activity","perennial",3,0.75,"Brachypodium=-0.05625;Hordeum=-0.04612;Briza=-0.03796;Festuca/Vulpia=0.01481",0.99474518780812
"GO:0016020",0.431570839501016,0.897484964461454,0.203508959461977,-0.242465194630067,-1.00909417606506,29,"HOG:0031056;HOG:0027601;HOG:0024574;HOG:0027285;HOG:0024976;HOG:0021943;HOG:0007857",FALSE,"membrane","CC","root_early_to_late","perennial",3,0.75,"Brachypodium=1.199;Hordeum=-0.0127;Briza=-0.2219;Festuca/Vulpia=-0.02539",0.853191919013535
"GO:0006753",0.461038961038961,0.897484964461454,0.165656695205483,-0.326359196383772,-0.974198012346517,11,"HOG:0011628;HOG:0007697;HOG:0012102",FALSE,"nucleoside phosphate metabolic process","BP","root_early_to_late","perennial",1,0.25,"Brachypodium=0.2032;Hordeum=-0.03479;Briza=0.1092;Festuca/Vulpia=0.005818",0.86685704037854
"GO:0055086",0.461038961038961,0.897484964461454,0.165656695205483,-0.326359196383772,-0.974198012346517,11,"HOG:0011628;HOG:0007697;HOG:0012102",FALSE,"nucleobase-containing small molecule metabolic process","BP","root_early_to_late","perennial",1,0.25,"Brachypodium=0.2032;Hordeum=-0.03479;Briza=0.1092;Festuca/Vulpia=0.005818",0.86685704037854
"GO:0072521",0.461038961038961,0.897484964461454,0.165656695205483,-0.326359196383772,-0.974198012346517,11,"HOG:0011628;HOG:0007697;HOG:0012102",FALSE,"purine-containing compound metabolic process","BP","root_early_to_late","perennial",1,0.25,"Brachypodium=0.2032;Hordeum=-0.03479;Briza=0.1092;Festuca/Vulpia=0.005818",0.86685704037854
"GO:0012505",0.48051948051948,0.897484964461454,0.161978948883402,-0.316923076923077,-0.946030738604172,11,"HOG:0021943;HOG:0008696;HOG:0012511;HOG:0012012;HOG:0032629;HOG:0008697;HOG:0027704;HOG:0012011;HOG:0028850;HOG:0026073;HOG:0011717",FALSE,"endomembrane system","CC","root_early_to_late","perennial",2,0.5,"Brachypodium=1.387;Hordeum=0.06789;Briza=-0.2905;Festuca/Vulpia=-0.04493",0.87928441253321
"GO:0051641",0.526315789473684,0.897484964461454,0.224966093540314,-0.258184343498281,-0.975343101604912,19,"HOG:0011064;HOG:0007857;HOG:0012261;HOG:0023564;HOG:0016371;HOG:0005666;HOG:0028661;HOG:0029148;HOG:0008637;HOG:0012511;HOG:0012012;HOG:0028636;HOG:0006523;HOG:0025124;HOG:0027704;HOG:0012011;HOG:0028850",FALSE,"cellular localization","BP","root_early_to_late","perennial",2,0.5,"Brachypodium=1.461;Hordeum=0.03217;Briza=-0.2777;Festuca/Vulpia=-0.06345",0.923408264907794
"GO:0019637",0.540322580645161,0.897484964461454,0.170932335370056,-0.292150537206216,-0.910058825014286,13,"HOG:0011628;HOG:0007697;HOG:0012102",FALSE,"organophosphate metabolic process","BP","root_early_to_late","perennial",1,0.25,"Brachypodium=0.2032;Hordeum=-0.03479;Briza=0.09992;Festuca/Vulpia=0.02692",0.933655643129926
"GO:0016874",0.444649446494465,0.907825953259533,0.0810802057550866,-0.402092948357473,-1.01042191185618,10,"HOG:0006139;HOG:0011942",FALSE,"ligase activity","MF","recurrent_coverage","perennial",3,0.75,"Brachypodium=0.3637;Hordeum=-0.05092;Briza=-0.06776;Festuca/Vulpia=-0.185",0.857092334272562
"GO:0098796",0.810841983852365,0.916971267019175,0.0297064584935533,-0.368168495292741,-0.752222064243672,12,"HOG:0012012;HOG:0012011;HOG:0025124;HOG:0028850;HOG:0026073;HOG:0028636;HOG:0027704;HOG:0032629;HOG:0005666",FALSE,"membrane protein complex","CC","leaf_mean_activity","perennial",3,0.75,"Brachypodium=-0.2516;Hordeum=-0.06068;Briza=0.02135;Festuca/Vulpia=-0.006161",0.99474518780812
"GO:0050896",0.81615925058548,0.916971267019175,0.0301329841082956,-0.370699760627978,-0.74273942430512,11,"HOG:0003561;HOG:0032060",FALSE,"response to stimulus","BP","leaf_mean_activity","perennial",1,0.25,"Brachypodium=-0.04634;Hordeum=0.09702;Briza=0.01993;Festuca/Vulpia=0.007589",0.99474518780812
"GO:0016787",0.844195519348269,0.916971267019175,0.0207818350435559,-0.325835598513301,-0.762298678180907,38,"HOG:0011540;HOG:0025149;HOG:0025848;HOG:0011541",FALSE,"hydrolase activity","MF","leaf_mean_activity","perennial",1,0.25,"Brachypodium=-0.09176;Hordeum=0.1009;Briza=0.02959;Festuca/Vulpia=0.02928",0.99474518780812
"GO:0045184",0.866886688668867,0.916971267019175,0.0237208606775806,-0.316523269565655,-0.687480719741361,17,"HOG:0012012;HOG:0012011;HOG:0008637;HOG:0025124;HOG:0028661;HOG:0006523;HOG:0028850;HOG:0011064;HOG:0028636;HOG:0027704;HOG:0005666;HOG:0012261;HOG:0026902",FALSE,"establishment of protein localization","BP","leaf_mean_activity","perennial",2,0.5,"Brachypodium=-0.2633;Hordeum=-0.04147;Briza=0.008107;Festuca/Vulpia=0.001039",0.99474518780812
"GO:0051641",0.868250539956803,0.916971267019175,0.0225842720346634,-0.310124716900269,-0.681293394145127,19,"HOG:0012012;HOG:0012011;HOG:0008637;HOG:0025124;HOG:0028661;HOG:0006523;HOG:0028850;HOG:0011064;HOG:0023564;HOG:0028636;HOG:0027704;HOG:0005666;HOG:0012261;HOG:0026902",FALSE,"cellular localization","BP","leaf_mean_activity","perennial",2,0.5,"Brachypodium=-0.2633;Hordeum=-0.04147;Briza=0.008107;Festuca/Vulpia=0.001039",0.99474518780812
"GO:0012505",0.870023419203747,0.916971267019175,0.0268860833830403,-0.337421941354692,-0.676063502294003,11,"HOG:0011717;HOG:0012012;HOG:0012011;HOG:0028850;HOG:0026073;HOG:0027704;HOG:0032629",FALSE,"endomembrane system","CC","leaf_mean_activity","perennial",2,0.5,"Brachypodium=-0.2712;Hordeum=-0.06287;Briza=0.02114;Festuca/Vulpia=0.07824",0.99474518780812
"GO:0046907",0.87018701870187,0.916971267019175,0.0235084845013289,-0.314597867010167,-0.683298792970368,17,"HOG:0012012;HOG:0012011;HOG:0008637;HOG:0025124;HOG:0006523;HOG:0028850;HOG:0011064;HOG:0023564;HOG:0028636;HOG:0027704;HOG:0005666;HOG:0012261;HOG:0026902",FALSE,"intracellular transport","BP","leaf_mean_activity","perennial",2,0.5,"Brachypodium=-0.2633;Hordeum=-0.04147;Briza=0.008107;Festuca/Vulpia=0.001039",0.99474518780812
"GO:0051649",0.87018701870187,0.916971267019175,0.0235084845013289,-0.314597867010167,-0.683298792970368,17,"HOG:0012012;HOG:0012011;HOG:0008637;HOG:0025124;HOG:0006523;HOG:0028850;HOG:0011064;HOG:0023564;HOG:0028636;HOG:0027704;HOG:0005666;HOG:0012261;HOG:0026902",FALSE,"establishment of localization in cell","BP","leaf_mean_activity","perennial",2,0.5,"Brachypodium=-0.2633;Hordeum=-0.04147;Briza=0.008107;Festuca/Vulpia=0.001039",0.99474518780812
"GO:0005975",0.922077922077922,0.922077922077922,0.0530212512043078,-0.24491758194309,-0.661112832752787,19,"HOG:0028695;HOG:0028005;HOG:0005639;HOG:0012035;HOG:0006505;HOG:0023358;HOG:0028008;HOG:0004085;HOG:0026770",FALSE,"carbohydrate metabolic process","BP","leaf_early_to_late","perennial",3,0.75,"Brachypodium=0.1491;Hordeum=-0.4056;Briza=-0.07439;Festuca/Vulpia=-0.00688",0.99474518780812
"GO:0016757",0.0604938271604938,0.924812588493483,0.20207170902116,-0.58128446185691,-1.43480898108618,10,"HOG:0031056;HOG:0008585;HOG:0033256;HOG:0008696;HOG:0024976;HOG:0028198;HOG:0027285;HOG:0008697",FALSE,"glycosyltransferase activity","MF","internal_edge_density","perennial",4,1,"Brachypodium=-0.01042;Hordeum=-0.09668;Briza=-0.05762;Festuca/Vulpia=-0.04541",0.360076153873528
"GO:0016758",0.0604938271604938,0.924812588493483,0.20207170902116,-0.58128446185691,-1.43480898108618,10,"HOG:0031056;HOG:0008585;HOG:0033256;HOG:0008696;HOG:0024976;HOG:0028198;HOG:0027285;HOG:0008697",FALSE,"hexosyltransferase activity","MF","internal_edge_density","perennial",4,1,"Brachypodium=-0.01042;Hordeum=-0.09668;Briza=-0.05762;Festuca/Vulpia=-0.04541",0.360076153873528
"GO:0140096",0.0696902654867257,0.924812588493483,0.176694268938498,-0.460419802477577,-1.38327898235071,25,"HOG:0031129;HOG:0000079;HOG:0027281;HOG:0007638;HOG:0028718;HOG:0029544;HOG:0010571;HOG:0027147;HOG:0007637;HOG:0031530;HOG:0010710;HOG:0032593;HOG:0011540;HOG:0032963;HOG:0007936;HOG:0003541;HOG:0025959;HOG:0023914;HOG:0007636;HOG:0031321;HOG:0022830",FALSE,"catalytic activity, acting on a protein","MF","internal_edge_density","perennial",3,0.75,"Brachypodium=0.05869;Hordeum=-0.06912;Briza=-0.06623;Festuca/Vulpia=-0.08202",0.401743883394066
"GO:0005975",0.878923766816143,0.946533287340462,0.0925528864684773,-0.231219055121123,-0.723745708153906,19,"HOG:0006661;HOG:0028005",FALSE,"carbohydrate metabolic process","BP","root_mean_activity","perennial",1,0.25,"Brachypodium=0.02846;Hordeum=0.05595;Briza=-0.0176;Festuca/Vulpia=0.01042",0.99474518780812
"GO:0016874",0.464354527938343,0.94805716120745,0.0810802057550866,-0.399772114567562,-1.00017074942046,10,"HOG:0006139;HOG:0011942",FALSE,"ligase activity","MF","anchor_module_mean_strength_ratio","perennial",3,0.75,"Brachypodium=0.3807;Hordeum=-0.05118;Briza=-0.07171;Festuca/Vulpia=-0.1985",0.87034755782979
"GO:0006412",0.592105263157895,0.951251078515962,0.211400189384923,-0.242902208201893,-0.917611772752184,19,"HOG:0019536;HOG:0028395;HOG:0021123;HOG:0026397;HOG:0000096;HOG:0023227;HOG:0006057;HOG:0007833;HOG:0033476;HOG:0024337;HOG:0024277;HOG:0012403;HOG:0006139;HOG:0006208;HOG:0000122;HOG:0005788;HOG:0012402;HOG:0028394;HOG:0016166",FALSE,"translation","BP","root_early_to_late","perennial",2,0.5,"Brachypodium=1.333;Hordeum=0.07476;Briza=-0.1426;Festuca/Vulpia=-0.1741",0.950350881933204
"GO:0160307",0.592105263157895,0.951251078515962,0.211400189384923,-0.242902208201893,-0.917611772752184,19,"HOG:0019536;HOG:0028395;HOG:0021123;HOG:0026397;HOG:0000096;HOG:0023227;HOG:0006057;HOG:0007833;HOG:0033476;HOG:0024337;HOG:0024277;HOG:0012403;HOG:0006139;HOG:0006208;HOG:0000122;HOG:0005788;HOG:0012402;HOG:0028394;HOG:0016166",FALSE,"protein biosynthetic process","BP","root_early_to_late","perennial",2,0.5,"Brachypodium=1.333;Hordeum=0.07476;Briza=-0.1426;Festuca/Vulpia=-0.1741",0.950350881933204
"GO:0051179",0.941176470588235,0.96036608024462,0.0142522226913804,-0.263831849696431,-0.606449871998375,30,"HOG:0026838;HOG:0028263;HOG:0012012;HOG:0023825;HOG:0012011;HOG:0027005;HOG:0008637;HOG:0025124;HOG:0028661;HOG:0006523;HOG:0028850;HOG:0007645;HOG:0027975;HOG:0011064;HOG:0023564;HOG:0028636;HOG:0027704;HOG:0016200;HOG:0005666;HOG:0012261;HOG:0026902",FALSE,"localization","BP","leaf_mean_activity","perennial",2,0.5,"Brachypodium=-0.2516;Hordeum=-0.02991;Briza=0.006741;Festuca/Vulpia=0.009435",0.99474518780812
"GO:0051234",0.941176470588235,0.96036608024462,0.0142522226913804,-0.263831849696431,-0.606449871998375,30,"HOG:0026838;HOG:0028263;HOG:0012012;HOG:0023825;HOG:0012011;HOG:0027005;HOG:0008637;HOG:0025124;HOG:0028661;HOG:0006523;HOG:0028850;HOG:0007645;HOG:0027975;HOG:0011064;HOG:0023564;HOG:0028636;HOG:0027704;HOG:0016200;HOG:0005666;HOG:0012261;HOG:0026902",FALSE,"establishment of localization","BP","leaf_mean_activity","perennial",2,0.5,"Brachypodium=-0.2516;Hordeum=-0.02991;Briza=0.006741;Festuca/Vulpia=0.009435",0.99474518780812
"GO:0016020",0.949536560247168,0.96036608024462,0.0133546284394486,-0.254646710253924,-0.585651963746632,29,"HOG:0031056;HOG:0027285;HOG:0006661;HOG:0028263;HOG:0024976",FALSE,"membrane","CC","leaf_mean_activity","perennial",2,0.5,"Brachypodium=-0.2354;Hordeum=-0.01011;Briza=0.02114;Festuca/Vulpia=0.02411",0.99474518780812
"GO:0006810",0.950566426364573,0.96036608024462,0.0132626420191661,-0.254503640850806,-0.585322924047653,29,"HOG:0026838;HOG:0028263;HOG:0012012;HOG:0023825;HOG:0012011;HOG:0027005;HOG:0008637;HOG:0025124;HOG:0006523;HOG:0028850;HOG:0007645;HOG:0027975;HOG:0011064;HOG:0023564;HOG:0028636;HOG:0027704;HOG:0016200;HOG:0005666;HOG:0012261;HOG:0026902",FALSE,"transport","BP","leaf_mean_activity","perennial",2,0.5,"Brachypodium=-0.2511;Hordeum=-0.02479;Briza=0.008107;Festuca/Vulpia=0.01783",0.99474518780812
"GO:0180051",0.551257253384913,0.983293556085919,0.0723570851036907,-0.361319647873323,-0.948278158995888,12,"HOG:0005788;HOG:0028394;HOG:0028395;HOG:0012402;HOG:0033476;HOG:0016166;HOG:0000535;HOG:0019536;HOG:0000096",FALSE,"translation factor activity","MF","anchor_module_mean_strength_ratio","perennial",3,0.75,"Brachypodium=0.1609;Hordeum=-0.009897;Briza=-0.06252;Festuca/Vulpia=-0.2379",0.946392296741791
"GO:0016787",0.598230088495575,0.983293556085919,0.0639271933359996,-0.256497722798713,-0.925591685352435,38,"HOG:0006139;HOG:0027281;HOG:0029472;HOG:0026142;HOG:0029544;HOG:0031227;HOG:0005788;HOG:0028394;HOG:0028381;HOG:0026834;HOG:0007936;HOG:0000079;HOG:0006208;HOG:0028395;HOG:0026340",FALSE,"hydrolase activity","MF","anchor_module_mean_strength_ratio","perennial",3,0.75,"Brachypodium=0.2538;Hordeum=-0.09893;Briza=-0.03695;Festuca/Vulpia=-0.1335",0.950350881933204
"GO:0003677",0.618691588785047,0.983293556085919,0.0649407684612899,-0.325390180759226,-0.883597750581066,13,"HOG:0010929;HOG:0026549",FALSE,"DNA binding","MF","anchor_module_mean_strength_ratio","perennial",2,0.5,"Brachypodium=0.2743;Hordeum=-0.06418;Briza=-0.06009;Festuca/Vulpia=0.04009",0.953758269452904
"GO:0043227",0.673285198555957,0.983293556085919,0.059221919380382,-0.275466518355748,-0.869434906943463,23,"HOG:0010929;HOG:0026902",FALSE,"membrane-bounded organelle","CC","anchor_module_mean_strength_ratio","perennial",2,0.5,"Brachypodium=0.1818;Hordeum=0.01497;Briza=-0.06647;Festuca/Vulpia=-0.09172",0.993089981736005
"GO:0043231",0.673285198555957,0.983293556085919,0.059221919380382,-0.275466518355748,-0.869434906943463,23,"HOG:0010929;HOG:0026902",FALSE,"intracellular membrane-bounded organelle","CC","anchor_module_mean_strength_ratio","perennial",2,0.5,"Brachypodium=0.1818;Hordeum=0.01497;Briza=-0.06647;Festuca/Vulpia=-0.09172",0.993089981736005
"GO:0032774",0.685823754789272,0.983293556085919,0.0611692626746689,-0.326361462348317,-0.834065847571657,11,"HOG:0010929",FALSE,"RNA biosynthetic process","BP","anchor_module_mean_strength_ratio","perennial",2,0.5,"Brachypodium=0.2161;Hordeum=-0.02451;Briza=-0.06009;Festuca/Vulpia=0.01269",0.993089981736005
"GO:0141187",0.685823754789272,0.983293556085919,0.0611692626746689,-0.326361462348317,-0.834065847571657,11,"HOG:0010929",FALSE,"nucleic acid biosynthetic process","BP","anchor_module_mean_strength_ratio","perennial",2,0.5,"Brachypodium=0.2161;Hordeum=-0.02451;Briza=-0.06009;Festuca/Vulpia=0.01269",0.993089981736005
"GO:0004175",0.710727969348659,0.983293556085919,0.059476028695732,-0.317871048301961,-0.812367316327027,11,"HOG:0027281;HOG:0029544;HOG:0031227",FALSE,"endopeptidase activity","MF","anchor_module_mean_strength_ratio","perennial",3,0.75,"Brachypodium=0.281;Hordeum=-0.1278;Briza=-0.02246;Festuca/Vulpia=-0.1256",0.99474518780812
"GO:0008233",0.710727969348659,0.983293556085919,0.059476028695732,-0.317871048301961,-0.812367316327027,11,"HOG:0027281;HOG:0029544;HOG:0031227",FALSE,"peptidase activity","MF","anchor_module_mean_strength_ratio","perennial",3,0.75,"Brachypodium=0.281;Hordeum=-0.1278;Briza=-0.02246;Festuca/Vulpia=-0.1256",0.99474518780812
"GO:0005634",0.71588785046729,0.983293556085919,0.0579754757571486,-0.303093703901068,-0.823051618697852,13,"HOG:0010929",FALSE,"nucleus","CC","anchor_module_mean_strength_ratio","perennial",2,0.5,"Brachypodium=0.2161;Hordeum=0.01466;Briza=-0.06009;Festuca/Vulpia=-0.1116",0.99474518780812
"GO:0017111",0.762088974854932,0.983293556085919,0.0566484183613995,-0.295832376601611,-0.776407768319055,12,"HOG:0029544;HOG:0005788;HOG:0028394",FALSE,"ribonucleoside triphosphate phosphatase activity","MF","anchor_module_mean_strength_ratio","perennial",3,0.75,"Brachypodium=0.1716;Hordeum=-0.06056;Briza=-0.08457;Festuca/Vulpia=-0.1593",0.99474518780812
"GO:0003676",0.848648648648649,0.983293556085919,0.0484087618816951,-0.236796072953086,-0.719139748571901,20,"HOG:0010929;HOG:0026549",FALSE,"nucleic acid binding","MF","anchor_module_mean_strength_ratio","perennial",2,0.5,"Brachypodium=0.2751;Hordeum=0.01573;Briza=-0.05835;Festuca/Vulpia=-0.08414",0.99474518780812
"GO:0010467",0.859712230215827,0.983293556085919,0.0477342401407188,-0.212161683855151,-0.755241500859366,36,"HOG:0010929;HOG:0006139",FALSE,"gene expression","BP","anchor_module_mean_strength_ratio","perennial",3,0.75,"Brachypodium=0.1741;Hordeum=-0.004964;Briza=-0.04267;Festuca/Vulpia=-0.1728",0.99474518780812
"GO:1901135",0.868471953578337,0.983293556085919,0.0506004243853618,-0.261184314584848,-0.685474433651492,12,"HOG:0006505;HOG:0030062;HOG:0029110;HOG:0028766;HOG:0006123;HOG:0004085;HOG:0007697;HOG:0020076",FALSE,"carbohydrate derivative metabolic process","BP","anchor_module_mean_strength_ratio","perennial",3,0.75,"Brachypodium=0.2846;Hordeum=-0.1136;Briza=-0.02392;Festuca/Vulpia=-0.1358",0.99474518780812
"GO:0051641",0.875912408759124,0.983293556085919,0.0475434194201301,-0.229432832322803,-0.68427246423924,19,"HOG:0026902;HOG:0016371;HOG:0011064;HOG:0023564;HOG:0025186",FALSE,"cellular localization","BP","anchor_module_mean_strength_ratio","perennial",3,0.75,"Brachypodium=0.228;Hordeum=-0.02029;Briza=-0.0776;Festuca/Vulpia=-0.1143",0.99474518780812
"GO:0005198",0.881226053639847,0.983293556085919,0.0494904866135495,-0.264547014180547,-0.676089719715606,11,"HOG:0016913;HOG:0021123;HOG:0024337;HOG:0007833;HOG:0023227;HOG:0005666;HOG:0016166",FALSE,"structural molecule activity","MF","anchor_module_mean_strength_ratio","perennial",2,0.5,"Brachypodium=0.2276;Hordeum=0.01517;Briza=-0.0776;Festuca/Vulpia=-0.1576",0.99474518780812
"GO:0005622",0.881326352530541,0.983293556085919,0.0452247443372884,-0.195957153586497,-0.776815375933783,62,"HOG:0010929;HOG:0006139;HOG:0026902;HOG:0031227;HOG:0023400;HOG:0018221;HOG:0008696;HOG:0016371;HOG:0011064;HOG:0005788;HOG:0028394",FALSE,"intracellular anatomical structure","CC","anchor_module_mean_strength_ratio","perennial",2,0.5,"Brachypodium=0.1979;Hordeum=0.01507;Briza=-0.0675;Festuca/Vulpia=-0.1508",0.99474518780812
"GO:0006753",0.89272030651341,0.983293556085919,0.0488970772260102,-0.258950080076712,-0.661785912049322,11,"HOG:0006505;HOG:0030062;HOG:0029110;HOG:0028766;HOG:0006123;HOG:0007697;HOG:0020076",FALSE,"nucleoside phosphate metabolic process","BP","anchor_module_mean_strength_ratio","perennial",3,0.75,"Brachypodium=0.273;Hordeum=-0.1017;Briza=-0.02308;Festuca/Vulpia=-0.1067",0.99474518780812
"GO:0055086",0.89272030651341,0.983293556085919,0.0488970772260102,-0.258950080076712,-0.661785912049322,11,"HOG:0006505;HOG:0030062;HOG:0029110;HOG:0028766;HOG:0006123;HOG:0007697;HOG:0020076",FALSE,"nucleobase-containing small molecule metabolic process","BP","anchor_module_mean_strength_ratio","perennial",3,0.75,"Brachypodium=0.273;Hordeum=-0.1017;Briza=-0.02308;Festuca/Vulpia=-0.1067",0.99474518780812
"GO:0072521",0.89272030651341,0.983293556085919,0.0488970772260102,-0.258950080076712,-0.661785912049322,11,"HOG:0006505;HOG:0030062;HOG:0029110;HOG:0028766;HOG:0006123;HOG:0007697;HOG:0020076",FALSE,"purine-containing compound metabolic process","BP","anchor_module_mean_strength_ratio","perennial",3,0.75,"Brachypodium=0.273;Hordeum=-0.1017;Briza=-0.02308;Festuca/Vulpia=-0.1067",0.99474518780812
"GO:0110165",0.959933222036728,0.983293556085919,0.0392758570896778,-0.167761270913415,-0.695286446948065,78,"HOG:0010929;HOG:0006139;HOG:0026902;HOG:0029544;HOG:0031227;HOG:0023400;HOG:0027285;HOG:0018221;HOG:0008696;HOG:0016371;HOG:0011064;HOG:0005788;HOG:0028394",FALSE,"cellular anatomical structure","CC","anchor_module_mean_strength_ratio","perennial",2,0.5,"Brachypodium=0.2158;Hordeum=0.01145;Briza=-0.06653;Festuca/Vulpia=-0.1476",0.99474518780812
"GO:0009059",0.960072595281307,0.983293556085919,0.0431036828790402,-0.17545142791023,-0.640340642313279,41,"HOG:0010929;HOG:0006139",FALSE,"macromolecule biosynthetic process","BP","anchor_module_mean_strength_ratio","perennial",3,0.75,"Brachypodium=0.1818;Hordeum=-0.0106;Briza=-0.06009;Festuca/Vulpia=-0.1511",0.99474518780812
"GO:0046907",0.96078431372549,0.983293556085919,0.0422468188360053,-0.196935134606765,-0.577666036874649,17,"HOG:0026902;HOG:0011064;HOG:0023564;HOG:0025186",FALSE,"intracellular transport","BP","anchor_module_mean_strength_ratio","perennial",3,0.75,"Brachypodium=0.228;Hordeum=-0.02029;Briza=-0.0776;Festuca/Vulpia=-0.1133",0.99474518780812
"GO:0051649",0.96078431372549,0.983293556085919,0.0422468188360053,-0.196935134606765,-0.577666036874649,17,"HOG:0026902;HOG:0011064;HOG:0023564;HOG:0025186",FALSE,"establishment of localization in cell","BP","anchor_module_mean_strength_ratio","perennial",3,0.75,"Brachypodium=0.228;Hordeum=-0.02029;Briza=-0.0776;Festuca/Vulpia=-0.1133",0.99474518780812
"GO:0019538",0.989929506545821,0.989929506545821,0.00617356336775808,-0.222678860963977,-0.529814908451551,46,"HOG:0011540;HOG:0011775;HOG:0033476;HOG:0011544;HOG:0021123;HOG:0000122;HOG:0019536;HOG:0024337;HOG:0028395;HOG:0024277;HOG:0012403;HOG:0006208",FALSE,"protein metabolic process","BP","leaf_mean_activity","perennial",1,0.25,"Brachypodium=-0.2506;Hordeum=0.06794;Briza=0.01793;Festuca/Vulpia=0.05855",0.99474518780812
"GO:0180051",0.564485981308411,0.990521327014218,0.0694481442003175,-0.351851851851852,-0.93103053448425,12,"HOG:0028394;HOG:0005788;HOG:0028395;HOG:0012402;HOG:0033476;HOG:0016166;HOG:0000535;HOG:0019536;HOG:0000096;HOG:0026397;HOG:0012403;HOG:0023439",FALSE,"translation factor activity","MF","recurrent_coverage","perennial",3,0.75,"Brachypodium=0.1497;Hordeum=-0.009091;Briza=-0.05702;Festuca/Vulpia=-0.2228",0.950350881933204
"GO:0003677",0.621268656716418,0.990521327014218,0.0646484568421928,-0.326583943415315,-0.880039276054079,13,"HOG:0010929;HOG:0026549",FALSE,"DNA binding","MF","recurrent_coverage","perennial",2,0.5,"Brachypodium=0.2549;Hordeum=-0.06452;Briza=-0.05882;Festuca/Vulpia=0.04167",0.955042750758481
"GO:0032774",0.65981308411215,0.990521327014218,0.0618406035753285,-0.329290730664084,-0.850783112731441,11,"HOG:0010929",FALSE,"RNA biosynthetic process","BP","recurrent_coverage","perennial",2,0.5,"Brachypodium=  0.2;Hordeum=-0.01786;Briza=-0.05882;Festuca/Vulpia=0.02326",0.993089981736005
"GO:0141187",0.65981308411215,0.990521327014218,0.0618406035753285,-0.329290730664084,-0.850783112731441,11,"HOG:0010929",FALSE,"nucleic acid biosynthetic process","BP","recurrent_coverage","perennial",2,0.5,"Brachypodium=  0.2;Hordeum=-0.01786;Briza=-0.05882;Festuca/Vulpia=0.02326",0.993089981736005
"GO:0016787",0.672661870503597,0.990521327014218,0.0590954798717342,-0.246194594501919,-0.875612525966057,38,"HOG:0006139;HOG:0027281;HOG:0026142;HOG:0029472;HOG:0029544;HOG:0031227;HOG:0028394;HOG:0005788;HOG:0028381;HOG:0026834;HOG:0007936;HOG:0006208;HOG:0000079;HOG:0028395;HOG:0026340;HOG:0028008",FALSE,"hydrolase activity","MF","recurrent_coverage","perennial",3,0.75,"Brachypodium=0.2417;Hordeum=-0.09321;Briza=-0.03216;Festuca/Vulpia=-0.122",0.993089981736005
"GO:0043227",0.675977653631285,0.990521327014218,0.0605092988656667,-0.27350848794393,-0.85291190294769,23,"HOG:0010929;HOG:0026902",FALSE,"membrane-bounded organelle","CC","recurrent_coverage","perennial",2,0.5,"Brachypodium= 0.17;Hordeum=0.01724;Briza=-0.0625;Festuca/Vulpia=-0.08511",0.993089981736005
"GO:0043231",0.675977653631285,0.990521327014218,0.0605092988656667,-0.27350848794393,-0.85291190294769,23,"HOG:0010929;HOG:0026902",FALSE,"intracellular membrane-bounded organelle","CC","recurrent_coverage","perennial",2,0.5,"Brachypodium= 0.17;Hordeum=0.01724;Briza=-0.0625;Festuca/Vulpia=-0.08511",0.993089981736005
"GO:0004175",0.682242990654206,0.990521327014218,0.0602484086158019,-0.322107319849257,-0.832223450876573,11,"HOG:0027281;HOG:0029544;HOG:0031227",FALSE,"endopeptidase activity","MF","recurrent_coverage","perennial",3,0.75,"Brachypodium=0.2676;Hordeum=-0.1298;Briza=-0.01754;Festuca/Vulpia=-0.1127",0.993089981736005
"GO:0008233",0.682242990654206,0.990521327014218,0.0602484086158019,-0.322107319849257,-0.832223450876573,11,"HOG:0027281;HOG:0029544;HOG:0031227",FALSE,"peptidase activity","MF","recurrent_coverage","perennial",3,0.75,"Brachypodium=0.2676;Hordeum=-0.1298;Briza=-0.01754;Festuca/Vulpia=-0.1127",0.993089981736005
"GO:0005634",0.686567164179104,0.990521327014218,0.0598603117764473,-0.309293735320062,-0.833447695170321,13,"HOG:0010929",FALSE,"nucleus","CC","recurrent_coverage","perennial",2,0.5,"Brachypodium=  0.2;Hordeum=0.01667;Briza=-0.05882;Festuca/Vulpia=-0.09804",0.993089981736005
"GO:0017111",0.783177570093458,0.990521327014218,0.05378728077603,-0.284914211044967,-0.753907727912268,12,"HOG:0029544;HOG:0028394;HOG:0005788",FALSE,"ribonucleoside triphosphate phosphatase activity","MF","recurrent_coverage","perennial",3,0.75,"Brachypodium=0.1626;Hordeum=-0.05787;Briza=-0.07962;Festuca/Vulpia=-0.147",0.99474518780812
"GO:0010467",0.827027027027027,0.990521327014218,0.0495901956956338,-0.221151266370092,-0.776738497759793,36,"HOG:0010929;HOG:0006139",FALSE,"gene expression","BP","recurrent_coverage","perennial",3,0.75,"Brachypodium=0.1659;Hordeum=-0.004098;Briza=-0.03836;Festuca/Vulpia=-0.159",0.99474518780812
"GO:0003676",0.903954802259887,0.990521327014218,0.0475434194201301,-0.237609228479017,-0.712150616104044,20,"HOG:0010929;HOG:0026549",FALSE,"nucleic acid binding","MF","recurrent_coverage","perennial",2,0.5,"Brachypodium=0.2554;Hordeum=0.01788;Briza=-0.05441;Festuca/Vulpia=-0.0723",0.99474518780812
"GO:0005198",0.908411214953271,0.990521327014218,0.0469758727821845,-0.252307692307692,-0.651883286828997,11,"HOG:0016913;HOG:0021123;HOG:0024337;HOG:0007833;HOG:0023227;HOG:0005666;HOG:0016166;HOG:0012511;HOG:0000122;HOG:0024277;HOG:0027704",FALSE,"structural molecule activity","MF","recurrent_coverage","perennial",2,0.5,"Brachypodium=0.217;Hordeum=0.01852;Briza=-0.07258;Festuca/Vulpia=-0.1452",0.99474518780812
"GO:0051641",0.922509225092251,0.990521327014218,0.0456790414930062,-0.222122851056805,-0.662439114441722,19,"HOG:0026902;HOG:0016371;HOG:0011064;HOG:0023564;HOG:0025186",FALSE,"cellular localization","BP","recurrent_coverage","perennial",3,0.75,"Brachypodium=0.2174;Hordeum=-0.01887;Briza=-0.07258;Festuca/Vulpia=-0.1039",0.99474518780812
"GO:1901135",0.925233644859813,0.990521327014218,0.0461379160269737,-0.237398966992546,-0.628178268671276,12,"HOG:0006505;HOG:0030062;HOG:0029110;HOG:0028766;HOG:0004085;HOG:0006123;HOG:0007697",FALSE,"carbohydrate derivative metabolic process","BP","recurrent_coverage","perennial",3,0.75,"Brachypodium=0.2714;Hordeum=-0.106;Briza=-0.02027;Festuca/Vulpia=-0.1221",0.99474518780812
"GO:0005622",0.930357142857143,0.990521327014218,0.0438002031299891,-0.186045371842887,-0.724371278312186,62,"HOG:0010929;HOG:0006139;HOG:0026902;HOG:0031227;HOG:0023400;HOG:0008696;HOG:0016371;HOG:0018221;HOG:0011064;HOG:0028394;HOG:0005788",FALSE,"intracellular anatomical structure","CC","recurrent_coverage","perennial",2,0.5,"Brachypodium=0.189;Hordeum=0.01695;Briza=-0.06537;Festuca/Vulpia=-0.1386",0.99474518780812
"GO:0006753",0.949532710280374,0.990521327014218,0.0449543067640062,-0.232344253614304,-0.60030407450762,11,"HOG:0006505;HOG:0030062;HOG:0029110;HOG:0028766;HOG:0006123;HOG:0007697;HOG:0020076",FALSE,"nucleoside phosphate metabolic process","BP","recurrent_coverage","perennial",3,0.75,"Brachypodium=0.2609;Hordeum=-0.09524;Briza=-0.02013;Festuca/Vulpia=-0.09396",0.99474518780812
"GO:0055086",0.949532710280374,0.990521327014218,0.0449543067640062,-0.232344253614304,-0.60030407450762,11,"HOG:0006505;HOG:0030062;HOG:0029110;HOG:0028766;HOG:0006123;HOG:0007697;HOG:0020076",FALSE,"nucleobase-containing small molecule metabolic process","BP","recurrent_coverage","perennial",3,0.75,"Brachypodium=0.2609;Hordeum=-0.09524;Briza=-0.02013;Festuca/Vulpia=-0.09396",0.99474518780812
"GO:0072521",0.949532710280374,0.990521327014218,0.0449543067640062,-0.232344253614304,-0.60030407450762,11,"HOG:0006505;HOG:0030062;HOG:0029110;HOG:0028766;HOG:0006123;HOG:0007697;HOG:0020076",FALSE,"purine-containing compound metabolic process","BP","recurrent_coverage","perennial",3,0.75,"Brachypodium=0.2609;Hordeum=-0.09524;Briza=-0.02013;Festuca/Vulpia=-0.09396",0.99474518780812
"GO:0009059",0.955436720142603,0.990521327014218,0.0425023180036553,-0.18403272764858,-0.665807952686562,41,"HOG:0010929;HOG:0006139",FALSE,"macromolecule biosynthetic process","BP","recurrent_coverage","perennial",3,0.75,"Brachypodium= 0.17;Hordeum=-0.01;Briza=-0.05882;Festuca/Vulpia=-0.1393",0.99474518780812
"GO:0046907",0.973333333333333,0.990521327014218,0.0446854397644147,-0.188248564432546,-0.541624685312104,17,"HOG:0026902;HOG:0011064;HOG:0023564;HOG:0025186",FALSE,"intracellular transport","BP","recurrent_coverage","perennial",3,0.75,"Brachypodium=0.2174;Hordeum=-0.01887;Briza=-0.07258;Festuca/Vulpia=-0.1039",0.99474518780812
"GO:0051649",0.973333333333333,0.990521327014218,0.0446854397644147,-0.188248564432546,-0.541624685312104,17,"HOG:0026902;HOG:0011064;HOG:0023564;HOG:0025186",FALSE,"establishment of localization in cell","BP","recurrent_coverage","perennial",3,0.75,"Brachypodium=0.2174;Hordeum=-0.01887;Briza=-0.07258;Festuca/Vulpia=-0.1039",0.99474518780812
"GO:0016757",0.97970479704797,0.990521327014218,0.0429311093452583,-0.213926040723674,-0.537576100120183,10,"HOG:0027285;HOG:0008696",FALSE,"glycosyltransferase activity","MF","recurrent_coverage","perennial",3,0.75,"Brachypodium=0.2811;Hordeum=-0.01765;Briza=-0.09507;Festuca/Vulpia=-0.0579",0.99474518780812
"GO:0016758",0.97970479704797,0.990521327014218,0.0429311093452583,-0.213926040723674,-0.537576100120183,10,"HOG:0027285;HOG:0008696",FALSE,"hexosyltransferase activity","MF","recurrent_coverage","perennial",3,0.75,"Brachypodium=0.2811;Hordeum=-0.01765;Briza=-0.09507;Festuca/Vulpia=-0.0579",0.99474518780812
"GO:0110165",0.98780487804878,0.990521327014218,0.0399218624292714,-0.157552541983225,-0.63563759791165,78,"HOG:0010929;HOG:0006139;HOG:0026902;HOG:0029544;HOG:0031227;HOG:0023400;HOG:0027285;HOG:0008696;HOG:0016371;HOG:0018221;HOG:0011064;HOG:0028394;HOG:0005788",FALSE,"cellular anatomical structure","CC","recurrent_coverage","perennial",2,0.5,"Brachypodium=0.2019;Hordeum=0.01145;Briza=-0.06366;Festuca/Vulpia=-0.1377",0.99474518780812
"GO:0005975",0.697368421052632,0.991562126642772,0.193813302725311,-0.217176569391775,-0.820428016340574,19,"HOG:0031056;HOG:0000322;HOG:0024976;HOG:0012035",FALSE,"carbohydrate metabolic process","BP","root_early_to_late","perennial",1,0.25,"Brachypodium=0.3922;Hordeum=-0.04479;Briza=0.08294;Festuca/Vulpia=0.008864",0.993089981736005
"GO:0046907",0.71264367816092,0.991562126642772,0.178219874951973,-0.232812138144998,-0.838651627211347,17,"HOG:0011064;HOG:0007857;HOG:0012261;HOG:0023564;HOG:0005666;HOG:0029148;HOG:0008637;HOG:0012511;HOG:0012012;HOG:0028636;HOG:0006523;HOG:0025124;HOG:0027704;HOG:0012011;HOG:0028850",FALSE,"intracellular transport","BP","root_early_to_late","perennial",2,0.5,"Brachypodium=1.387;Hordeum=0.03217;Briza=-0.2777;Festuca/Vulpia=-0.06345",0.99474518780812
"GO:0051649",0.71264367816092,0.991562126642772,0.178219874951973,-0.232812138144998,-0.838651627211347,17,"HOG:0011064;HOG:0007857;HOG:0012261;HOG:0023564;HOG:0005666;HOG:0029148;HOG:0008637;HOG:0012511;HOG:0012012;HOG:0028636;HOG:0006523;HOG:0025124;HOG:0027704;HOG:0012011;HOG:0028850",FALSE,"establishment of localization in cell","BP","root_early_to_late","perennial",2,0.5,"Brachypodium=1.387;Hordeum=0.03217;Briza=-0.2777;Festuca/Vulpia=-0.06345",0.99474518780812
"GO:0005198",0.753246753246753,0.991562126642772,0.126253987849115,-0.260731857475987,-0.778297226255679,11,"HOG:0021123;HOG:0023227;HOG:0007833;HOG:0005666;HOG:0024337;HOG:0024277;HOG:0012511;HOG:0016913;HOG:0027704;HOG:0000122",FALSE,"structural molecule activity","MF","root_early_to_late","perennial",2,0.5,"Brachypodium=1.499;Hordeum=0.08965;Briza=-0.1533;Festuca/Vulpia=-0.1873",0.99474518780812
"GO:0045184",0.770114942528736,0.991562126642772,0.170932335370056,-0.220015979357205,-0.792556438726144,17,"HOG:0011064;HOG:0007857;HOG:0012261;HOG:0005666;HOG:0028661;HOG:0029148;HOG:0008637;HOG:0012511;HOG:0012012;HOG:0028636;HOG:0006523;HOG:0025124;HOG:0027704;HOG:0012011;HOG:0028850;HOG:0025186",FALSE,"establishment of protein localization","BP","root_early_to_late","perennial",2,0.5,"Brachypodium=1.512;Hordeum=0.03217;Briza=-0.2777;Festuca/Vulpia=-0.05261",0.99474518780812
"GO:0008104",0.818181818181818,0.991562126642772,0.154190966581424,-0.213831349865264,-0.740906855134275,16,"HOG:0011064;HOG:0007857;HOG:0012261;HOG:0005666;HOG:0029148;HOG:0008637;HOG:0012511;HOG:0012012;HOG:0028636;HOG:0006523;HOG:0025124;HOG:0027704;HOG:0012011;HOG:0028850;HOG:0025186",FALSE,"intracellular protein localization","BP","root_early_to_late","perennial",2,0.5,"Brachypodium=1.449;Hordeum=0.04194;Briza=-0.2887;Festuca/Vulpia=-0.04462",0.99474518780812
"GO:0015031",0.818181818181818,0.991562126642772,0.154190966581424,-0.213831349865264,-0.740906855134275,16,"HOG:0011064;HOG:0007857;HOG:0012261;HOG:0005666;HOG:0029148;HOG:0008637;HOG:0012511;HOG:0012012;HOG:0028636;HOG:0006523;HOG:0025124;HOG:0027704;HOG:0012011;HOG:0028850;HOG:0025186",FALSE,"protein transport","BP","root_early_to_late","perennial",2,0.5,"Brachypodium=1.449;Hordeum=0.04194;Briza=-0.2887;Festuca/Vulpia=-0.04462",0.99474518780812
"GO:0033036",0.818181818181818,0.991562126642772,0.154190966581424,-0.213831349865264,-0.740906855134275,16,"HOG:0011064;HOG:0007857;HOG:0012261;HOG:0005666;HOG:0029148;HOG:0008637;HOG:0012511;HOG:0012012;HOG:0028636;HOG:0006523;HOG:0025124;HOG:0027704;HOG:0012011;HOG:0028850;HOG:0025186",FALSE,"macromolecule localization","BP","root_early_to_late","perennial",2,0.5,"Brachypodium=1.449;Hordeum=0.04194;Briza=-0.2887;Festuca/Vulpia=-0.04462",0.99474518780812
"GO:0006886",0.842592592592593,0.991562126642772,0.144630528034484,-0.20680692277651,-0.701971933816284,15,"HOG:0011064;HOG:0007857;HOG:0012261;HOG:0005666;HOG:0029148;HOG:0008637;HOG:0012511;HOG:0012012;HOG:0028636;HOG:0006523;HOG:0025124;HOG:0027704;HOG:0012011",FALSE,"intracellular protein transport","BP","root_early_to_late","perennial",2,0.5,"Brachypodium=1.387;Hordeum=0.03217;Briza=-0.2777;Festuca/Vulpia=-0.06345",0.99474518780812
"GO:0043228",0.872727272727273,0.991562126642772,0.11146266692298,-0.236196319018405,-0.684812813111755,10,"HOG:0021123;HOG:0023227;HOG:0007833;HOG:0024337;HOG:0024277;HOG:0027639;HOG:0000122;HOG:0027706;HOG:0018221;HOG:0016166",FALSE,"membraneless organelle","CC","root_early_to_late","perennial",2,0.5,"Brachypodium=1.416;Hordeum=0.08692;Briza=-0.148;Festuca/Vulpia=-0.1919",0.99474518780812
"GO:0043232",0.872727272727273,0.991562126642772,0.11146266692298,-0.236196319018405,-0.684812813111755,10,"HOG:0021123;HOG:0023227;HOG:0007833;HOG:0024337;HOG:0024277;HOG:0027639;HOG:0000122;HOG:0027706;HOG:0018221;HOG:0016166",FALSE,"intracellular membraneless organelle","CC","root_early_to_late","perennial",2,0.5,"Brachypodium=1.416;Hordeum=0.08692;Briza=-0.148;Festuca/Vulpia=-0.1919",0.99474518780812
"GO:0016491",0.935483870967742,0.991562126642772,0.266350657088526,-0.179153094462541,-0.745601217205652,29,"HOG:0011628;HOG:0000322;HOG:0007920;HOG:0016944;HOG:0020549;HOG:0012540;HOG:0031129;HOG:0029921;HOG:0031530;HOG:0028720;HOG:0024629;HOG:0025231;HOG:0026770;HOG:0032320;HOG:0026234;HOG:0011862;HOG:0033359;HOG:0012056;HOG:0025863;HOG:0023914;HOG:0027495;HOG:0007713;HOG:0020408;HOG:0023085;HOG:0011023;HOG:0027098;HOG:0028012;HOG:0028089;HOG:0024444",FALSE,"oxidoreductase activity","MF","root_early_to_late","perennial",1,0.25,"Brachypodium=0.1551;Hordeum=-0.04479;Briza=0.08725;Festuca/Vulpia=0.02356",0.99474518780812
"GO:0006629",0.987012987012987,0.994026284348865,0.107972360317345,-0.169230769230769,-0.505162044885723,11,"HOG:0007920;HOG:0020549;HOG:0019459;HOG:0024629;HOG:0021895;HOG:0026770;HOG:0026234;HOG:0031418;HOG:0004192;HOG:0027098;HOG:0024444",FALSE,"lipid metabolic process","BP","root_early_to_late","perennial",1,0.25,"Brachypodium=0.1326;Hordeum=-0.03823;Briza=0.07102;Festuca/Vulpia=0.04275",0.99474518780812
"GO:0016874",0.0975308641975309,0.995294117647059,0.156312403073186,-0.546517875832309,-1.3489931488335,10,"HOG:0011942;HOG:0006057;HOG:0023669;HOG:0025232;HOG:0006139;HOG:0028766",FALSE,"ligase activity","MF","internal_edge_density","perennial",3,0.75,"Brachypodium=0.07509;Hordeum=-0.1175;Briza=-0.05932;Festuca/Vulpia=-0.1003",0.476318008232902
"GO:0016491",0.190998902305159,0.995294117647059,0.0995791200495904,-0.394678438026264,-1.21280011047644,29,"HOG:0031129;HOG:0027495;HOG:0025231;HOG:0028012;HOG:0033359;HOG:0028720;HOG:0029921;HOG:0020408;HOG:0012540",FALSE,"oxidoreductase activity","MF","internal_edge_density","perennial",3,0.75,"Brachypodium=0.07831;Hordeum=-0.04383;Briza=-0.04428;Festuca/Vulpia=-0.09303",0.667865914830318
"GO:0004175",0.205412054120541,0.995294117647059,0.102080107662747,-0.481219731852105,-1.20889626099576,11,"HOG:0000079;HOG:0027281;HOG:0007638;HOG:0028718;HOG:0029544;HOG:0007637;HOG:0011540;HOG:0007936;HOG:0007636",FALSE,"endopeptidase activity","MF","internal_edge_density","perennial",3,0.75,"Brachypodium=0.05869;Hordeum=-0.06912;Briza=-0.06623;Festuca/Vulpia=-0.05112",0.667865914830318
"GO:0008233",0.205412054120541,0.995294117647059,0.102080107662747,-0.481219731852105,-1.20889626099576,11,"HOG:0000079;HOG:0027281;HOG:0007638;HOG:0028718;HOG:0029544;HOG:0007637;HOG:0011540;HOG:0007936;HOG:0007636",FALSE,"peptidase activity","MF","internal_edge_density","perennial",3,0.75,"Brachypodium=0.05869;Hordeum=-0.06912;Briza=-0.06623;Festuca/Vulpia=-0.05112",0.667865914830318
"GO:0006082",0.345882352941176,0.995294117647059,0.0707899094502623,-0.420636196311666,-1.10294650025767,13,"HOG:0017319;HOG:0031418;HOG:0011640;HOG:0011497",FALSE,"organic acid metabolic process","BP","internal_edge_density","perennial",3,0.75,"Brachypodium=0.06667;Hordeum=-0.06696;Briza=-0.0466;Festuca/Vulpia=-0.08837",0.811148648648649
"GO:0019752",0.345882352941176,0.995294117647059,0.0707899094502623,-0.420636196311666,-1.10294650025767,13,"HOG:0017319;HOG:0031418;HOG:0011640;HOG:0011497",FALSE,"carboxylic acid metabolic process","BP","internal_edge_density","perennial",3,0.75,"Brachypodium=0.06667;Hordeum=-0.06696;Briza=-0.0466;Festuca/Vulpia=-0.08837",0.811148648648649
"GO:0043436",0.345882352941176,0.995294117647059,0.0707899094502623,-0.420636196311666,-1.10294650025767,13,"HOG:0017319;HOG:0031418;HOG:0011640;HOG:0011497",FALSE,"oxoacid metabolic process","BP","internal_edge_density","perennial",3,0.75,"Brachypodium=0.06667;Hordeum=-0.06696;Briza=-0.0466;Festuca/Vulpia=-0.08837",0.811148648648649
"GO:0016787",0.354564755838641,0.995294117647059,0.0645031249656493,-0.339092051866112,-1.09680491062279,38,"HOG:0000079;HOG:0003782;HOG:0029484;HOG:0012403;HOG:0007725;HOG:0006139;HOG:0027281;HOG:0028008;HOG:0007638;HOG:0028718;HOG:0032961;HOG:0029544;HOG:0028395;HOG:0007637;HOG:0005788;HOG:0026142;HOG:0005689;HOG:0012402;HOG:0011540;HOG:0007936;HOG:0007636;HOG:0028394;HOG:0026834",FALSE,"hydrolase activity","MF","internal_edge_density","perennial",3,0.75,"Brachypodium=0.05298;Hordeum=-0.05335;Briza=-0.05207;Festuca/Vulpia=-0.06096",0.815924242424242
"GO:0016020",0.383095499451153,0.995294117647059,0.0623861492893626,-0.349625986756397,-1.07435926189455,29,"HOG:0031056;HOG:0000178;HOG:0024574;HOG:0007638;HOG:0024976;HOG:0026902;HOG:0029544;HOG:0028198;HOG:0007637;HOG:0007857;HOG:0027285;HOG:0021943;HOG:0012511;HOG:0032920",FALSE,"membrane","CC","internal_edge_density","perennial",3,0.75,"Brachypodium=0.05307;Hordeum=-0.07053;Briza=-0.02728;Festuca/Vulpia=-0.06029",0.826426140325442
"GO:0044281",0.440223463687151,0.995294117647059,0.0566484183613995,-0.353861230504417,-1.03747304953991,22,"HOG:0017319;HOG:0031418;HOG:0023669;HOG:0011640;HOG:0011497;HOG:0020076;HOG:0028766;HOG:0004085;HOG:0023230;HOG:0006505",FALSE,"small molecule metabolic process","BP","internal_edge_density","perennial",3,0.75,"Brachypodium=0.07372;Hordeum=-0.06201;Briza=-0.05404;Festuca/Vulpia=-0.0885",0.857092334272562
"GO:0043168",0.444788441692466,0.995294117647059,0.0524827622635459,-0.305581626070405,-1.03157433332887,49,"HOG:0027495;HOG:0006057;HOG:0032893;HOG:0012403;HOG:0033359;HOG:0027706;HOG:0011497;HOG:0029921;HOG:0006139;HOG:0007638;HOG:0004085;HOG:0032961;HOG:0010736;HOG:0029544;HOG:0017189;HOG:0000191;HOG:0010571;HOG:0028395;HOG:0027147;HOG:0007637;HOG:0005788;HOG:0010710;HOG:0005689;HOG:0012102;HOG:0012402;HOG:0032593",FALSE,"anion binding","MF","internal_edge_density","perennial",3,0.75,"Brachypodium=0.06295;Hordeum=-0.06318;Briza=-0.03766;Festuca/Vulpia=-0.08359",0.857092334272562
"GO:0016773",0.460024600246002,0.995294117647059,0.0590954798717342,-0.40003012069868,-1.00493576050398,11,"HOG:0004085;HOG:0000191;HOG:0010571;HOG:0027147;HOG:0010710;HOG:0032593;HOG:0031321;HOG:0022830",FALSE,"phosphotransferase activity, alcohol group as acceptor","MF","internal_edge_density","perennial",3,0.75,"Brachypodium=0.1046;Hordeum=-0.03328;Briza=-0.07604;Festuca/Vulpia=-0.05956",0.86685704037854
"GO:0005975",0.476730987514188,0.995294117647059,0.0536769600638126,-0.357297904878914,-1.0148399309019,19,"HOG:0005639;HOG:0031056;HOG:0033256;HOG:0028008;HOG:0024976;HOG:0004085;HOG:0000191;HOG:0006505;HOG:0006123;HOG:0011862;HOG:0023358;HOG:0026834",FALSE,"carbohydrate metabolic process","BP","internal_edge_density","perennial",3,0.75,"Brachypodium=0.03251;Hordeum=-0.0467;Briza=-0.05292;Festuca/Vulpia=-0.07356",0.87928441253321
"GO:1901363",0.515088449531738,0.995294117647059,0.0461379160269737,-0.290906471909099,-0.986163547751052,53,"HOG:0027495;HOG:0006057;HOG:0032893;HOG:0012403;HOG:0033359;HOG:0027706;HOG:0011497;HOG:0029921;HOG:0006139;HOG:0007638;HOG:0012540;HOG:0004085;HOG:0032961;HOG:0010736;HOG:0029544;HOG:0017189;HOG:0000191;HOG:0010571;HOG:0028395;HOG:0027147;HOG:0007637;HOG:0005788;HOG:0010710;HOG:0005689;HOG:0012102;HOG:0012402;HOG:0032593",FALSE,"heterocyclic compound binding","MF","internal_edge_density","perennial",3,0.75,"Brachypodium=0.06295;Hordeum=-0.06318;Briza=-0.03646;Festuca/Vulpia=-0.08359",0.915692531277644
"GO:0036094",0.515243902439024,0.995294117647059,0.0450442767152794,-0.281351441728742,-0.993943642098299,79,"HOG:0027495;HOG:0032348;HOG:0020711;HOG:0017178;HOG:0006057;HOG:0032893;HOG:0028012;HOG:0012403;HOG:0033359;HOG:0027706;HOG:0011497;HOG:0029921;HOG:0028065;HOG:0006139;HOG:0028008;HOG:0007638;HOG:0024976;HOG:0027303;HOG:0012540;HOG:0016913;HOG:0004085;HOG:0032961;HOG:0010736;HOG:0029544;HOG:0017189;HOG:0000191;HOG:0010571;HOG:0028395;HOG:0027147;HOG:0007637;HOG:0005788;HOG:0010710;HOG:0023400;HOG:0005689;HOG:0012102;HOG:0012402;HOG:0032593;HOG:0025959;HOG:0019394;HOG:0011862;HOG:0016795;HOG:0007636;HOG:0028394;HOG:0017159;HOG:0031321;HOG:0016636;HOG:0026361;HOG:0022830",FALSE,"small molecule binding","MF","internal_edge_density","perennial",3,0.75,"Brachypodium=0.07507;Hordeum=-0.06318;Briza=-0.03908;Festuca/Vulpia=-0.08115",0.915692531277644
"GO:1901135",0.524550898203593,0.995294117647059,0.0517405459873163,-0.378574959237804,-0.96780753568664,12,"HOG:0023669;HOG:0020076;HOG:0028766;HOG:0004085;HOG:0023230;HOG:0006505",FALSE,"carbohydrate derivative metabolic process","BP","internal_edge_density","perennial",3,0.75,"Brachypodium=0.1001;Hordeum=-0.06362;Briza=-0.0573;Festuca/Vulpia=-0.08722",0.922671579917089
"GO:0043167",0.55091649694501,0.995294117647059,0.042077210988939,-0.278840955110613,-0.981343067878073,75,"HOG:0027495;HOG:0032348;HOG:0020711;HOG:0017178;HOG:0006057;HOG:0032893;HOG:0028012;HOG:0012403;HOG:0033359;HOG:0027706;HOG:0011497;HOG:0029921;HOG:0028065;HOG:0006139;HOG:0028008;HOG:0007638;HOG:0024976;HOG:0027303;HOG:0004085;HOG:0032961;HOG:0010736;HOG:0029544;HOG:0017189;HOG:0000191;HOG:0010571;HOG:0028395;HOG:0027147;HOG:0007637;HOG:0005788;HOG:0010710;HOG:0023400;HOG:0005689;HOG:0012102;HOG:0012402;HOG:0032593",FALSE,"ion binding","MF","internal_edge_density","perennial",3,0.75,"Brachypodium=0.07957;Hordeum=-0.06318;Briza=-0.03939;Festuca/Vulpia=-0.08115",0.946392296741791
"GO:0043170",0.553846153846154,0.995294117647059,0.0421619430092452,-0.281368513992705,-0.974562883633601,65,"HOG:0026637;HOG:0031056;HOG:0000079;HOG:0006057;HOG:0012403;HOG:0024574;HOG:0026451;HOG:0006139;HOG:0027281;HOG:0007638;HOG:0024976;HOG:0027303;HOG:0016166;HOG:0024277;HOG:0006009;HOG:0029544;HOG:0010571;HOG:0028395;HOG:0024562;HOG:0027147;HOG:0007637;HOG:0031530;HOG:0006008;HOG:0005788;HOG:0010710;HOG:0012402;HOG:0032593;HOG:0011540;HOG:0007936;HOG:0003541;HOG:0016397;HOG:0025959;HOG:0026742;HOG:0007636;HOG:0028394;HOG:0010929;HOG:0031321;HOG:0016636;HOG:0026361;HOG:0022830",FALSE,"macromolecule metabolic process","BP","internal_edge_density","perennial",3,0.75,"Brachypodium=0.05307;Hordeum=-0.04978;Briza=-0.05151;Festuca/Vulpia=-0.05112",0.946392296741791
"GO:0016772",0.554913294797688,0.995294117647059,0.0475434194201301,-0.352347251581024,-0.960785853821378,16,"HOG:0007813;HOG:0004085;HOG:0000191;HOG:0010571;HOG:0027147;HOG:0006505;HOG:0010710;HOG:0032593;HOG:0031321;HOG:0022830;HOG:0025219",FALSE,"transferase activity, transferring phosphorus-containing groups","MF","internal_edge_density","perennial",3,0.75,"Brachypodium=0.1031;Hordeum=-0.05034;Briza=-0.06905;Festuca/Vulpia=-0.05742",0.946392296741791
"GO:0016301",0.578105781057811,0.995294117647059,0.048505983646947,-0.371743386260619,-0.933875234024028,11,"HOG:0004085;HOG:0000191;HOG:0010571;HOG:0027147;HOG:0006505;HOG:0010710;HOG:0032593;HOG:0031321;HOG:0022830",FALSE,"kinase activity","MF","internal_edge_density","perennial",3,0.75,"Brachypodium=0.1016;Hordeum=-0.06318;Briza=-0.06449;Festuca/Vulpia=-0.05956",0.950350881933204
"GO:0008610",0.579012345679012,0.995294117647059,0.0486034247259069,-0.374268180663465,-0.923821953257222,10,"HOG:0031418;HOG:0026234;HOG:0004192;HOG:0019459",FALSE,"lipid biosynthetic process","BP","internal_edge_density","perennial",3,0.75,"Brachypodium=0.09705;Hordeum=-0.0501;Briza=-0.02153;Festuca/Vulpia=-0.1004",0.950350881933204
"GO:0006629",0.579335793357934,0.995294117647059,0.0484087618816951,-0.371203729643443,-0.932519535528011,11,"HOG:0031418;HOG:0026234;HOG:0004192;HOG:0019459;HOG:0021895",FALSE,"lipid metabolic process","BP","internal_edge_density","perennial",3,0.75,"Brachypodium=0.09453;Hordeum=-0.05705;Briza=-0.02281;Festuca/Vulpia=-0.08837",0.950350881933204
"GO:0019538",0.585161964472309,0.995294117647059,0.0404934829859503,-0.285501604596761,-0.950749263590654,46,"HOG:0000079;HOG:0006057;HOG:0012403;HOG:0024574;HOG:0026451;HOG:0006139;HOG:0027281;HOG:0007638;HOG:0027303;HOG:0016166;HOG:0024277;HOG:0029544;HOG:0010571;HOG:0028395;HOG:0027147;HOG:0007637;HOG:0031530;HOG:0005788;HOG:0010710;HOG:0012402;HOG:0032593;HOG:0011540;HOG:0007936;HOG:0003541;HOG:0007636;HOG:0028394;HOG:0031321;HOG:0016636;HOG:0026361;HOG:0022830;HOG:0025316",FALSE,"protein metabolic process","BP","internal_edge_density","perennial",3,0.75,"Brachypodium=0.06798;Hordeum=-0.04045;Briza=-0.05136;Festuca/Vulpia=-0.06919",0.950350881933204
"GO:0046872",0.591748099891422,0.995294117647059,0.0417397034728504,-0.299887429915235,-0.931297132581826,30,"HOG:0032348;HOG:0020711;HOG:0017178;HOG:0028012;HOG:0028065;HOG:0028008;HOG:0024976;HOG:0027303",FALSE,"metal ion binding","MF","internal_edge_density","perennial",3,0.75,"Brachypodium=0.1069;Hordeum=-0.06579;Briza=-0.02953;Festuca/Vulpia=-0.08053",0.950350881933204
"GO:0050896",0.601476014760148,0.995294117647059,0.0466948041282054,-0.363260980699766,-0.912566156926755,11,"HOG:0024574;HOG:0006009;HOG:0031530;HOG:0006008",FALSE,"response to stimulus","BP","internal_edge_density","perennial",3,0.75,"Brachypodium=0.08372;Hordeum=-0.0273;Briza=-0.06774;Festuca/Vulpia=-0.07234",0.950350881933204
"GO:0009058",0.604102564102564,0.995294117647059,0.0381628909049257,-0.272799087338239,-0.944881363718832,65,"HOG:0026637;HOG:0031056;HOG:0031418;HOG:0006057;HOG:0023669;HOG:0032893;HOG:0028012;HOG:0012403;HOG:0025232;HOG:0024574;HOG:0011640;HOG:0026451;HOG:0006139;HOG:0020076;HOG:0024976;HOG:0028766;HOG:0016166;HOG:0018037;HOG:0024277",FALSE,"biosynthetic process","BP","internal_edge_density","perennial",3,0.75,"Brachypodium=0.06796;Hordeum=-0.05429;Briza=-0.03646;Festuca/Vulpia=-0.0729",0.950350881933204
"GO:0017111",0.607185628742515,0.995294117647059,0.0450442767152794,-0.354199591736764,-0.905493154407612,12,"HOG:0012403;HOG:0032961;HOG:0029544;HOG:0028395;HOG:0007637;HOG:0005788;HOG:0005689;HOG:0012402;HOG:0028394;HOG:0026361",FALSE,"ribonucleoside triphosphate phosphatase activity","MF","internal_edge_density","perennial",3,0.75,"Brachypodium=0.05082;Hordeum=-0.0506;Briza=-0.02894;Festuca/Vulpia=-0.08013",0.950350881933204
"GO:0006139",0.608505997818975,0.995294117647059,0.0406579344155557,-0.300878058073407,-0.925142745619163,28,"HOG:0026637;HOG:0006057;HOG:0023669;HOG:0006139;HOG:0020076;HOG:0028766;HOG:0006009;HOG:0023230;HOG:0024562;HOG:0006505;HOG:0006008;HOG:0012102;HOG:0025959;HOG:0006123;HOG:0026742;HOG:0010929;HOG:0029110",FALSE,"nucleobase-containing compound metabolic process","BP","internal_edge_density","perennial",3,0.75,"Brachypodium=0.05378;Hordeum=-0.04859;Briza=-0.05375;Festuca/Vulpia=-0.07262",0.950350881933204
"GO:0006810",0.665203073545554,0.995294117647059,0.0368389606870506,-0.289854078559686,-0.890687264947166,29,"HOG:0012261;HOG:0023564;HOG:0023825;HOG:0028065;HOG:0027975;HOG:0026902;HOG:0016200;HOG:0007857;HOG:0026838;HOG:0012511;HOG:0032920",FALSE,"transport","BP","internal_edge_density","perennial",3,0.75,"Brachypodium=0.03627;Hordeum=-0.07053;Briza=-0.01713;Festuca/Vulpia=-0.05551",0.993089981736005
"GO:0000166",0.675675675675676,0.995294117647059,0.0335297167141207,-0.264689022336304,-0.89659675437086,51,"HOG:0027495;HOG:0006057;HOG:0012403;HOG:0033359;HOG:0027706;HOG:0029921;HOG:0006139;HOG:0007638;HOG:0012540;HOG:0004085;HOG:0032961;HOG:0010736;HOG:0029544;HOG:0017189;HOG:0000191;HOG:0010571;HOG:0028395;HOG:0027147;HOG:0007637;HOG:0005788;HOG:0010710;HOG:0005689;HOG:0012102;HOG:0012402;HOG:0032593",FALSE,"nucleotide binding","MF","internal_edge_density","perennial",3,0.75,"Brachypodium=0.06386;Hordeum=-0.05165;Briza=-0.03174;Festuca/Vulpia=-0.07532",0.993089981736005
"GO:1901265",0.675675675675676,0.995294117647059,0.0335297167141207,-0.264689022336304,-0.89659675437086,51,"HOG:0027495;HOG:0006057;HOG:0012403;HOG:0033359;HOG:0027706;HOG:0029921;HOG:0006139;HOG:0007638;HOG:0012540;HOG:0004085;HOG:0032961;HOG:0010736;HOG:0029544;HOG:0017189;HOG:0000191;HOG:0010571;HOG:0028395;HOG:0027147;HOG:0007637;HOG:0005788;HOG:0010710;HOG:0005689;HOG:0012102;HOG:0012402;HOG:0032593",FALSE,"nucleoside phosphate binding","MF","internal_edge_density","perennial",3,0.75,"Brachypodium=0.06386;Hordeum=-0.05165;Briza=-0.03174;Festuca/Vulpia=-0.07532",0.993089981736005
"GO:0043169",0.691224268689057,0.995294117647059,0.0344174840212229,-0.280687007793237,-0.874617469557035,31,"HOG:0032348;HOG:0020711;HOG:0017178;HOG:0028012;HOG:0028065;HOG:0028008;HOG:0024976;HOG:0027303",FALSE,"cation binding","MF","internal_edge_density","perennial",3,0.75,"Brachypodium=0.1019;Hordeum=-0.06696;Briza=-0.01998;Festuca/Vulpia=-0.08115",0.993089981736005
"GO:0050789",0.693287037037037,0.995294117647059,0.0373806494758473,-0.315392491945916,-0.840341809219899,14,"HOG:0024574;HOG:0024562;HOG:0016397;HOG:0025959;HOG:0026742;HOG:0022830;HOG:0025316;HOG:0011064",FALSE,"regulation of biological process","BP","internal_edge_density","perennial",3,0.75,"Brachypodium=0.0961;Hordeum=-0.02187;Briza=-0.05186;Festuca/Vulpia=-0.04324",0.993089981736005
"GO:0050794",0.693287037037037,0.995294117647059,0.0373806494758473,-0.315392491945916,-0.840341809219899,14,"HOG:0024574;HOG:0024562;HOG:0016397;HOG:0025959;HOG:0026742;HOG:0022830;HOG:0025316;HOG:0011064",FALSE,"regulation of cellular process","BP","internal_edge_density","perennial",3,0.75,"Brachypodium=0.0961;Hordeum=-0.02187;Briza=-0.05186;Festuca/Vulpia=-0.04324",0.993089981736005
"GO:0065007",0.693287037037037,0.995294117647059,0.0373806494758473,-0.315392491945916,-0.840341809219899,14,"HOG:0024574;HOG:0024562;HOG:0016397;HOG:0025959;HOG:0026742;HOG:0022830;HOG:0025316;HOG:0011064",FALSE,"biological regulation","BP","internal_edge_density","perennial",3,0.75,"Brachypodium=0.0961;Hordeum=-0.02187;Briza=-0.05186;Festuca/Vulpia=-0.04324",0.993089981736005
"GO:0090304",0.701834862385321,0.995294117647059,0.0363783055518278,-0.308336452781982,-0.850273002428206,17,"HOG:0026637;HOG:0006057;HOG:0006139;HOG:0006009;HOG:0024562;HOG:0006008;HOG:0025959;HOG:0026742;HOG:0010929",FALSE,"nucleic acid metabolic process","BP","internal_edge_density","perennial",3,0.75,"Brachypodium=0.05197;Hordeum=-0.05476;Briza=-0.04595;Festuca/Vulpia=-0.05113",0.99474518780812
"GO:0017076",0.71264367816092,0.995294117647059,0.0312052969963336,-0.261890924164984,-0.872123306076015,46,"HOG:0027495;HOG:0006057;HOG:0012403;HOG:0027706;HOG:0006139;HOG:0007638;HOG:0012540;HOG:0004085;HOG:0032961;HOG:0010736;HOG:0029544;HOG:0017189;HOG:0000191;HOG:0010571;HOG:0028395;HOG:0027147;HOG:0007637;HOG:0005788;HOG:0010710;HOG:0005689;HOG:0012102;HOG:0012402;HOG:0032593;HOG:0011862;HOG:0007636;HOG:0028394;HOG:0031321;HOG:0016636;HOG:0026361;HOG:0022830",FALSE,"purine nucleotide binding","MF","internal_edge_density","perennial",3,0.75,"Brachypodium=0.06593;Hordeum=-0.0573;Briza=-0.0341;Festuca/Vulpia=-0.07038",0.99474518780812
"GO:0051179",0.719869706840391,0.995294117647059,0.0325785172778622,-0.274217907733305,-0.85158071229194,30,"HOG:0012261;HOG:0023564;HOG:0023825;HOG:0028065;HOG:0027975;HOG:0026902;HOG:0016200;HOG:0007857;HOG:0026838;HOG:0012511;HOG:0032920",FALSE,"localization","BP","internal_edge_density","perennial",3,0.75,"Brachypodium=0.03266;Hordeum=-0.06923;Briza=-0.02005;Festuca/Vulpia=-0.05403",0.99474518780812
"GO:0051234",0.719869706840391,0.995294117647059,0.0325785172778622,-0.274217907733305,-0.85158071229194,30,"HOG:0012261;HOG:0023564;HOG:0023825;HOG:0028065;HOG:0027975;HOG:0026902;HOG:0016200;HOG:0007857;HOG:0026838;HOG:0012511;HOG:0032920",FALSE,"establishment of localization","BP","internal_edge_density","perennial",3,0.75,"Brachypodium=0.03266;Hordeum=-0.06923;Briza=-0.02005;Festuca/Vulpia=-0.05403",0.99474518780812
"GO:0019637",0.763529411764706,0.995294117647059,0.0336033244336697,-0.304398289919626,-0.798160100093979,13,"HOG:0023669;HOG:0020076;HOG:0028766;HOG:0004085;HOG:0023230;HOG:0006505;HOG:0012102;HOG:0006123;HOG:0029110",FALSE,"organophosphate metabolic process","BP","internal_edge_density","perennial",3,0.75,"Brachypodium=0.105;Hordeum=-0.03991;Briza=-0.0545;Festuca/Vulpia=-0.09722",0.99474518780812
"GO:1902494",0.765432098765432,0.995294117647059,0.0357690767485421,-0.328682003284999,-0.811299666824401,10,"HOG:0000079",FALSE,"catalytic complex","CC","internal_edge_density","perennial",3,0.75,"Brachypodium=0.01582;Hordeum=-0.02969;Briza=-0.03743;Festuca/Vulpia=-0.02447",0.99474518780812
"GO:0016070",0.769675925925926,0.995294117647059,0.0324330694656715,-0.29658898226676,-0.79024113863648,14,"HOG:0026637;HOG:0006057;HOG:0006139",FALSE,"RNA metabolic process","BP","internal_edge_density","perennial",3,0.75,"Brachypodium=0.05378;Hordeum=-0.05603;Briza=-0.03612;Festuca/Vulpia=-0.04735",0.99474518780812
"GO:0046907",0.797018348623853,0.995294117647059,0.0302754424728262,-0.277568811469152,-0.765427715662222,17,"HOG:0012261;HOG:0023564",FALSE,"intracellular transport","BP","internal_edge_density","perennial",3,0.75,"Brachypodium=0.03627;Hordeum=-0.06307;Briza=-0.02297;Festuca/Vulpia=-0.04035",0.99474518780812
"GO:0051649",0.797018348623853,0.995294117647059,0.0302754424728262,-0.277568811469152,-0.765427715662222,17,"HOG:0012261;HOG:0023564",FALSE,"establishment of localization in cell","BP","internal_edge_density","perennial",3,0.75,"Brachypodium=0.03627;Hordeum=-0.06307;Briza=-0.02297;Festuca/Vulpia=-0.04035",0.99474518780812
"GO:0030554",0.821581196581197,0.995294117647059,0.0250603987343648,-0.243939409300725,-0.783531064425096,37,"HOG:0027495;HOG:0006057;HOG:0027706;HOG:0006139;HOG:0007638;HOG:0012540;HOG:0004085;HOG:0010736;HOG:0029544;HOG:0017189;HOG:0000191;HOG:0010571;HOG:0027147;HOG:0007637;HOG:0010710;HOG:0012102;HOG:0032593;HOG:0011862;HOG:0007636;HOG:0031321;HOG:0016636;HOG:0026361;HOG:0022830",FALSE,"adenyl nucleotide binding","MF","internal_edge_density","perennial",3,0.75,"Brachypodium=0.06386;Hordeum=-0.06318;Briza=-0.03939;Festuca/Vulpia=-0.06786",0.99474518780812
"GO:0051641",0.825198637911464,0.995294117647059,0.0280106629226489,-0.262092790422953,-0.744427061258182,19,"HOG:0012261;HOG:0023564",FALSE,"cellular localization","BP","internal_edge_density","perennial",3,0.75,"Brachypodium=0.02779;Hordeum=-0.05726;Briza=-0.02297;Festuca/Vulpia=-0.04035",0.99474518780812
"GO:0032555",0.825765575501584,0.995294117647059,0.0241447930798382,-0.237387414269823,-0.77968750505571,42,"HOG:0006057;HOG:0012403;HOG:0027706;HOG:0006139;HOG:0007638;HOG:0004085;HOG:0032961;HOG:0010736;HOG:0029544;HOG:0017189;HOG:0000191;HOG:0010571;HOG:0028395;HOG:0027147;HOG:0007637;HOG:0005788;HOG:0010710;HOG:0005689;HOG:0012102;HOG:0012402;HOG:0032593",FALSE,"purine ribonucleotide binding","MF","internal_edge_density","perennial",3,0.75,"Brachypodium=0.06593;Hordeum=-0.0573;Briza=-0.0341;Festuca/Vulpia=-0.06277",0.99474518780812
"GO:0006753",0.838868388683887,0.995294117647059,0.0312052969963336,-0.297652252871515,-0.747747176094447,11,"HOG:0023669;HOG:0020076;HOG:0028766;HOG:0023230;HOG:0006505;HOG:0012102;HOG:0006123;HOG:0029110",FALSE,"nucleoside phosphate metabolic process","BP","internal_edge_density","perennial",3,0.75,"Brachypodium=0.09526;Hordeum=-0.03991;Briza=-0.0545;Festuca/Vulpia=-0.09722",0.99474518780812
"GO:0055086",0.838868388683887,0.995294117647059,0.0312052969963336,-0.297652252871515,-0.747747176094447,11,"HOG:0023669;HOG:0020076;HOG:0028766;HOG:0023230;HOG:0006505;HOG:0012102;HOG:0006123;HOG:0029110",FALSE,"nucleobase-containing small molecule metabolic process","BP","internal_edge_density","perennial",3,0.75,"Brachypodium=0.09526;Hordeum=-0.03991;Briza=-0.0545;Festuca/Vulpia=-0.09722",0.99474518780812
"GO:0072521",0.838868388683887,0.995294117647059,0.0312052969963336,-0.297652252871515,-0.747747176094447,11,"HOG:0023669;HOG:0020076;HOG:0028766;HOG:0023230;HOG:0006505;HOG:0012102;HOG:0006123;HOG:0029110",FALSE,"purine-containing compound metabolic process","BP","internal_edge_density","perennial",3,0.75,"Brachypodium=0.09526;Hordeum=-0.03991;Briza=-0.0545;Festuca/Vulpia=-0.09722",0.99474518780812
"GO:0012505",0.845018450184502,0.995294117647059,0.0308468245215279,-0.293667517095694,-0.737736921190922,11,"HOG:0008696;HOG:0021943;HOG:0008697;HOG:0012511",FALSE,"endomembrane system","CC","internal_edge_density","perennial",3,0.75,"Brachypodium=0.02621;Hordeum=-0.05726;Briza=-0.01713;Festuca/Vulpia=-0.03508",0.99474518780812
"GO:0016462",0.857647058823529,0.995294117647059,0.0278699114874201,-0.27537850795775,-0.722067583012124,13,"HOG:0012403;HOG:0032961;HOG:0029544;HOG:0028395;HOG:0007637;HOG:0005788;HOG:0005689;HOG:0012402",FALSE,"pyrophosphatase activity","MF","internal_edge_density","perennial",3,0.75,"Brachypodium=0.04856;Hordeum=-0.04978;Briza=-0.02614;Festuca/Vulpia=-0.07532",0.99474518780812
"GO:0016817",0.857647058823529,0.995294117647059,0.0278699114874201,-0.27537850795775,-0.722067583012124,13,"HOG:0012403;HOG:0032961;HOG:0029544;HOG:0028395;HOG:0007637;HOG:0005788;HOG:0005689;HOG:0012402",FALSE,"hydrolase activity, acting on acid anhydrides","MF","internal_edge_density","perennial",3,0.75,"Brachypodium=0.04856;Hordeum=-0.04978;Briza=-0.02614;Festuca/Vulpia=-0.07532",0.99474518780812
"GO:0016818",0.857647058823529,0.995294117647059,0.0278699114874201,-0.27537850795775,-0.722067583012124,13,"HOG:0012403;HOG:0032961;HOG:0029544;HOG:0028395;HOG:0007637;HOG:0005788;HOG:0005689;HOG:0012402",FALSE,"hydrolase activity, acting on acid anhydrides, in phosphorus-containing anhydrides","MF","internal_edge_density","perennial",3,0.75,"Brachypodium=0.04856;Hordeum=-0.04978;Briza=-0.02614;Festuca/Vulpia=-0.07532",0.99474518780812
"GO:0035639",0.866807610993658,0.995294117647059,0.0214353576364558,-0.226252557703435,-0.740835018086635,41,"HOG:0006057;HOG:0012403;HOG:0027706;HOG:0006139;HOG:0007638;HOG:0004085;HOG:0032961;HOG:0010736;HOG:0029544;HOG:0017189;HOG:0000191;HOG:0010571;HOG:0028395;HOG:0027147;HOG:0007637;HOG:0005788;HOG:0010710;HOG:0005689;HOG:0012402;HOG:0032593",FALSE,"purine ribonucleoside triphosphate binding","MF","internal_edge_density","perennial",3,0.75,"Brachypodium=0.068;Hordeum=-0.05142;Briza=-0.03646;Festuca/Vulpia=-0.05956",0.99474518780812
"GO:0006793",0.867039106145251,0.995294117647059,0.024567800621605,-0.238490416390947,-0.699221497722315,22,"HOG:0023669;HOG:0020076;HOG:0028766;HOG:0004085;HOG:0023230;HOG:0010571;HOG:0027147;HOG:0006505;HOG:0010710;HOG:0012102;HOG:0032593;HOG:0006123;HOG:0029110;HOG:0031321;HOG:0022830",FALSE,"phosphorus metabolic process","BP","internal_edge_density","perennial",3,0.75,"Brachypodium=0.09975;Hordeum=-0.0366;Briza=-0.05404;Festuca/Vulpia=-0.09655",0.99474518780812
"GO:0006796",0.867039106145251,0.995294117647059,0.024567800621605,-0.238490416390947,-0.699221497722315,22,"HOG:0023669;HOG:0020076;HOG:0028766;HOG:0004085;HOG:0023230;HOG:0010571;HOG:0027147;HOG:0006505;HOG:0010710;HOG:0012102;HOG:0032593;HOG:0006123;HOG:0029110;HOG:0031321;HOG:0022830",FALSE,"phosphate-containing compound metabolic process","BP","internal_edge_density","perennial",3,0.75,"Brachypodium=0.09975;Hordeum=-0.0366;Briza=-0.05404;Festuca/Vulpia=-0.09655",0.99474518780812
"GO:0032553",0.86984126984127,0.995294117647059,0.0212906370865403,-0.227126193791358,-0.74687179306534,43,"HOG:0006057;HOG:0012403;HOG:0027706;HOG:0006139;HOG:0007638;HOG:0004085;HOG:0032961;HOG:0010736;HOG:0029544;HOG:0017189;HOG:0000191;HOG:0010571;HOG:0028395;HOG:0027147;HOG:0007637;HOG:0005788;HOG:0010710;HOG:0005689;HOG:0012102;HOG:0012402;HOG:0032593",FALSE,"ribonucleotide binding","MF","internal_edge_density","perennial",3,0.75,"Brachypodium=0.06386;Hordeum=-0.05142;Briza=-0.03646;Festuca/Vulpia=-0.06598",0.99474518780812
"GO:0097367",0.86984126984127,0.995294117647059,0.0212906370865403,-0.227126193791358,-0.74687179306534,43,"HOG:0006057;HOG:0012403;HOG:0027706;HOG:0006139;HOG:0007638;HOG:0004085;HOG:0032961;HOG:0010736;HOG:0029544;HOG:0017189;HOG:0000191;HOG:0010571;HOG:0028395;HOG:0027147;HOG:0007637;HOG:0005788;HOG:0010710;HOG:0005689;HOG:0012102;HOG:0012402;HOG:0032593",FALSE,"carbohydrate derivative binding","MF","internal_edge_density","perennial",3,0.75,"Brachypodium=0.06386;Hordeum=-0.05142;Briza=-0.03646;Festuca/Vulpia=-0.06598",0.99474518780812
"GO:0005515",0.897540983606557,0.995294117647059,0.0172342687658066,-0.212071897245284,-0.740136786958289,69,"HOG:0020382;HOG:0031129;HOG:0003621;HOG:0024905;HOG:0017319;HOG:0020711;HOG:0031127;HOG:0027706;HOG:0022963;HOG:0007725",FALSE,"protein binding","MF","internal_edge_density","perennial",3,0.75,"Brachypodium=0.05577;Hordeum=-0.02004;Briza=-0.02829;Festuca/Vulpia=-0.05528",0.99474518780812
"GO:0003676",0.908163265306122,0.995294117647059,0.0227981839377501,-0.231855235546285,-0.661109556555066,20,"HOG:0006057;HOG:0026549;HOG:0020076;HOG:0016166;HOG:0024277;HOG:0017189",FALSE,"nucleic acid binding","MF","internal_edge_density","perennial",3,0.75,"Brachypodium=0.0392;Hordeum=-0.00833;Briza=-0.02448;Festuca/Vulpia=-0.03856",0.99474518780812
"GO:0043227",0.922566371681416,0.995294117647059,0.0204160330522345,-0.211034380091279,-0.627334394460346,23,"HOG:0007835;HOG:0008696;HOG:0024277;HOG:0026902;HOG:0021943;HOG:0008697;HOG:0012511;HOG:0025959;HOG:0010929;HOG:0005690;HOG:0027704",FALSE,"membrane-bounded organelle","CC","internal_edge_density","perennial",3,0.75,"Brachypodium=0.06248;Hordeum=-0.05121;Briza=-0.02728;Festuca/Vulpia=-0.04243",0.99474518780812
"GO:0043231",0.922566371681416,0.995294117647059,0.0204160330522345,-0.211034380091279,-0.627334394460346,23,"HOG:0007835;HOG:0008696;HOG:0024277;HOG:0026902;HOG:0021943;HOG:0008697;HOG:0012511;HOG:0025959;HOG:0010929;HOG:0005690;HOG:0027704",FALSE,"intracellular membrane-bounded organelle","CC","internal_edge_density","perennial",3,0.75,"Brachypodium=0.06248;Hordeum=-0.05121;Briza=-0.02728;Festuca/Vulpia=-0.04243",0.99474518780812
"GO:0009059",0.924947145877378,0.995294117647059,0.0173129588067077,-0.206675900021319,-0.676733760203766,41,"HOG:0026637;HOG:0031056;HOG:0006057;HOG:0012403;HOG:0024574;HOG:0026451;HOG:0006139;HOG:0024976;HOG:0016166;HOG:0024277;HOG:0028395;HOG:0024562;HOG:0005788;HOG:0012402;HOG:0003541;HOG:0016397;HOG:0025959;HOG:0026742;HOG:0028394;HOG:0010929",FALSE,"macromolecule biosynthetic process","BP","internal_edge_density","perennial",3,0.75,"Brachypodium=0.04682;Hordeum=-0.03092;Briza=-0.03646;Festuca/Vulpia=-0.04515",0.99474518780812
"GO:0032559",0.932827735644637,0.995294117647059,0.0183973177537706,-0.203158198792186,-0.639184138644857,33,"HOG:0006057;HOG:0027706;HOG:0006139;HOG:0007638;HOG:0004085;HOG:0010736;HOG:0029544;HOG:0017189;HOG:0000191;HOG:0010571;HOG:0027147;HOG:0007637;HOG:0010710;HOG:0012102;HOG:0032593;HOG:0007636;HOG:0031321;HOG:0016636;HOG:0026361;HOG:0022830",FALSE,"adenyl ribonucleotide binding","MF","internal_edge_density","perennial",3,0.75,"Brachypodium=0.06386;Hordeum=-0.06318;Briza=-0.03939;Festuca/Vulpia=-0.05724",0.99474518780812
"GO:0005524",0.934782608695652,0.995294117647059,0.0184736429135616,-0.204476632330953,-0.639917271735332,32,"HOG:0006057;HOG:0027706;HOG:0006139;HOG:0007638;HOG:0004085;HOG:0010736;HOG:0029544;HOG:0017189;HOG:0000191;HOG:0010571;HOG:0027147;HOG:0007637",FALSE,"ATP binding","MF","internal_edge_density","perennial",3,0.75,"Brachypodium=0.06593;Hordeum=-0.05034;Briza=-0.04002;Festuca/Vulpia=-0.05513",0.99474518780812
"GO:0032774",0.937269372693727,0.995294117647059,0.0255522951965404,-0.25246752679888,-0.63423635601005,11,"HOG:0026637",FALSE,"RNA biosynthetic process","BP","internal_edge_density","perennial",3,0.75,"Brachypodium=0.05558;Hordeum=-0.05476;Briza=-0.0263;Festuca/Vulpia=-0.03196",0.99474518780812
"GO:0141187",0.937269372693727,0.995294117647059,0.0255522951965404,-0.25246752679888,-0.63423635601005,11,"HOG:0026637",FALSE,"nucleic acid biosynthetic process","BP","internal_edge_density","perennial",3,0.75,"Brachypodium=0.05558;Hordeum=-0.05476;Briza=-0.0263;Festuca/Vulpia=-0.03196",0.99474518780812
"GO:0034654",0.944954128440367,0.995294117647059,0.0211456362513594,-0.218951155805883,-0.603782831878882,17,"HOG:0026637;HOG:0023669;HOG:0020076;HOG:0028766;HOG:0024562;HOG:0012102;HOG:0025959;HOG:0026742;HOG:0010929",FALSE,"nucleobase-containing compound biosynthetic process","BP","internal_edge_density","perennial",3,0.75,"Brachypodium=0.09526;Hordeum=-0.05731;Briza=-0.0263;Festuca/Vulpia=-0.04954",0.99474518780812
"GO:0006886",0.97459584295612,0.995294117647059,0.019677649030838,-0.199126178535478,-0.536488316545248,15,"HOG:0012261",FALSE,"intracellular protein transport","BP","internal_edge_density","perennial",3,0.75,"Brachypodium=0.06248;Hordeum=-0.06307;Briza=-0.02297;Festuca/Vulpia=-0.04415",0.99474518780812
"GO:0180051",0.977245508982036,0.995294117647059,0.0217240006200525,-0.225412308267426,-0.576255046073186,12,"HOG:0012403;HOG:0016166;HOG:0028395;HOG:0005788;HOG:0012402;HOG:0028394",FALSE,"translation factor activity","MF","internal_edge_density","perennial",3,0.75,"Brachypodium=0.08515;Hordeum=-0.02426;Briza=-0.03308;Festuca/Vulpia=-0.07065",0.99474518780812
"GO:0008104",0.979190751445087,0.995294117647059,0.0194541744944906,-0.198045283942966,-0.54003289758792,16,"HOG:0012261",FALSE,"intracellular protein localization","BP","internal_edge_density","perennial",3,0.75,"Brachypodium=0.04938;Hordeum=-0.06017;Briza=-0.02005;Festuca/Vulpia=-0.03961",0.99474518780812
"GO:0015031",0.979190751445087,0.995294117647059,0.0194541744944906,-0.198045283942966,-0.54003289758792,16,"HOG:0012261",FALSE,"protein transport","BP","internal_edge_density","perennial",3,0.75,"Brachypodium=0.04938;Hordeum=-0.06017;Briza=-0.02005;Festuca/Vulpia=-0.03961",0.99474518780812
"GO:0033036",0.979190751445087,0.995294117647059,0.0194541744944906,-0.198045283942966,-0.54003289758792,16,"HOG:0012261",FALSE,"macromolecule localization","BP","internal_edge_density","perennial",3,0.75,"Brachypodium=0.04938;Hordeum=-0.06017;Briza=-0.02005;Festuca/Vulpia=-0.03961",0.99474518780812
"GO:0110165",0.980651731160896,0.995294117647059,0.00906269502060309,-0.167431268817597,-0.590463823260291,78,"HOG:0031056;HOG:0000079;HOG:0006057;HOG:0012403;HOG:0027706;HOG:0000178;HOG:0024574;HOG:0007835;HOG:0026451;HOG:0006139;HOG:0008696;HOG:0007638;HOG:0024976;HOG:0016166;HOG:0024277;HOG:0026902;HOG:0029544;HOG:0028198;HOG:0028395;HOG:0007637;HOG:0007857;HOG:0027285;HOG:0005788;HOG:0021943;HOG:0008697;HOG:0023400;HOG:0012402;HOG:0011540;HOG:0012511;HOG:0032920;HOG:0025959;HOG:0007636;HOG:0028394;HOG:0010929;HOG:0005690;HOG:0027601;HOG:0016636;HOG:0026361",FALSE,"cellular anatomical structure","CC","internal_edge_density","perennial",3,0.75,"Brachypodium=0.05252;Hordeum=-0.0487;Briza=-0.03135;Festuca/Vulpia=-0.04976",0.99474518780812
"GO:0045184",0.988532110091743,0.995294117647059,0.0183208529217527,-0.188983767895706,-0.521144335316383,17,"HOG:0012261",FALSE,"establishment of protein localization","BP","internal_edge_density","perennial",3,0.75,"Brachypodium=0.03627;Hordeum=-0.05726;Briza=-0.02297;Festuca/Vulpia=-0.03508",0.99474518780812
"GO:0005575",0.99184505606524,0.995294117647059,0.00773927265828568,-0.16087692464394,-0.568094177405367,83,"HOG:0031056;HOG:0000079;HOG:0006057;HOG:0012403;HOG:0027706;HOG:0000178;HOG:0024574;HOG:0007835;HOG:0026451;HOG:0006139;HOG:0008696;HOG:0007638;HOG:0024976;HOG:0016166;HOG:0024277;HOG:0026902;HOG:0029544;HOG:0028198;HOG:0028395;HOG:0007637;HOG:0007857;HOG:0027285;HOG:0005788;HOG:0021943;HOG:0008697;HOG:0023400;HOG:0012402;HOG:0011540;HOG:0012511;HOG:0032920;HOG:0016397;HOG:0025959;HOG:0007636;HOG:0028394;HOG:0010929;HOG:0005690;HOG:0027601;HOG:0016636;HOG:0026361;HOG:0027704;HOG:0004116;HOG:0025316",FALSE,"cellular_component","CC","internal_edge_density","perennial",3,0.75,"Brachypodium=0.04746;Hordeum=-0.04762;Briza=-0.03174;Festuca/Vulpia=-0.04618",0.99474518780812
"GO:0016192",0.995294117647059,0.995294117647059,0.0195287736089407,-0.17631813074671,-0.462322232238348,13,"HOG:0023825;HOG:0007857;HOG:0026838;HOG:0012511",FALSE,"vesicle-mediated transport","BP","internal_edge_density","perennial",3,0.75,"Brachypodium=0.02779;Hordeum=-0.03481;Briza=-0.01713;Festuca/Vulpia=-0.04415",0.995294117647059
