"anchor_id","anchor_hog","species","tissue","time_point","day","context","n_replicates","value","se","layer","stage_position"
"regulator_HOG:0004224","HOG:0004224","BDIS","leaf","T1",7.47957433613505,"leaf::T1",4,0.186142473700288,0.126208111910327,"anchor",0
"regulator_HOG:0004224","HOG:0004224","BDIS","leaf","T2",14.5,"leaf::T2",4,-0.152979008451953,0.418900511209339,"anchor",0.25
"regulator_HOG:0004224","HOG:0004224","BDIS","leaf","T3",28.4898614550509,"leaf::T3",4,0.566470341020139,0.392375123495349,"anchor",0.5
"regulator_HOG:0004224","HOG:0004224","BDIS","leaf","T4",42.7313175218636,"leaf::T4",4,0.755300644035399,0.570092338565899,"anchor",0.75
"regulator_HOG:0004224","HOG:0004224","BDIS","leaf","T5",56.4998699010652,"leaf::T5",4,0.799600764086788,0.512474774477236,"anchor",1
"regulator_HOG:0004224","HOG:0004224","BDIS","root","T1",7.47957433613505,"root::T1",4,-1.04959902924936,0.143705610710157,"anchor",0
"regulator_HOG:0004224","HOG:0004224","BDIS","root","T2",14.5,"root::T2",4,0.799754830915368,0.87647462305055,"anchor",0.25
"regulator_HOG:0004224","HOG:0004224","BDIS","root","T3",28.4898614550509,"root::T3",4,0.0999171888995574,0.277122467564736,"anchor",0.5
"regulator_HOG:0004224","HOG:0004224","BDIS","root","T4",42.7313175218636,"root::T4",4,-0.465949917124704,0.318655312376543,"anchor",0.75
"regulator_HOG:0004224","HOG:0004224","BDIS","root","T5",56.4998699010652,"root::T5",4,1.12130140957445,0.908006233395656,"anchor",1
"regulator_HOG:0004224","HOG:0004224","BMAX","leaf","T1",7.47957433613505,"leaf::T1",4,-1.45325650715407,0.191128275968548,"anchor",0
"regulator_HOG:0004224","HOG:0004224","BMAX","leaf","T2",14.5,"leaf::T2",4,-1.58553660666935,0.851495679723797,"anchor",0.25
"regulator_HOG:0004224","HOG:0004224","BMAX","leaf","T3",28.4898614550509,"leaf::T3",4,0.441846873840243,0.208589062244752,"anchor",0.5
"regulator_HOG:0004224","HOG:0004224","BMAX","leaf","T4",42.7313175218636,"leaf::T4",4,-0.442105480436634,1.38882051766836,"anchor",0.75
"regulator_HOG:0004224","HOG:0004224","BMAX","leaf","T5",56.4998699010652,"leaf::T5",4,-0.0881633782664047,0.284332993993393,"anchor",1
"regulator_HOG:0004224","HOG:0004224","BMAX","root","T1",7.47957433613505,"root::T1",4,-0.536489027220387,0.081180589803431,"anchor",0
"regulator_HOG:0004224","HOG:0004224","BMAX","root","T2",14.5,"root::T2",4,0.42172705698141,0.544213922842992,"anchor",0.25
"regulator_HOG:0004224","HOG:0004224","BMAX","root","T3",28.4898614550509,"root::T3",4,0.651858701393692,0.498282922029711,"anchor",0.5
"regulator_HOG:0004224","HOG:0004224","BMAX","root","T4",42.7313175218636,"root::T4",4,1.41499707240317,0.307269956209791,"anchor",0.75
"regulator_HOG:0004224","HOG:0004224","BMAX","root","T5",56.4998699010652,"root::T5",4,0.316879905253546,0.258252015788679,"anchor",1
"regulator_HOG:0004224","HOG:0004224","BMED","leaf","T1",7.47957433613505,"leaf::T1",4,-0.642154607597827,0.20820455787435,"anchor",0
"regulator_HOG:0004224","HOG:0004224","BMED","leaf","T2",14.5,"leaf::T2",4,1.45743240313795,0.412455873837169,"anchor",0.25
"regulator_HOG:0004224","HOG:0004224","BMED","leaf","T3",28.4898614550509,"leaf::T3",4,0.717740522613505,0.33650303742942,"anchor",0.5
"regulator_HOG:0004224","HOG:0004224","BMED","leaf","T4",42.7313175218636,"leaf::T4",4,-0.142104536390966,0.38444463257267,"anchor",0.75
"regulator_HOG:0004224","HOG:0004224","BMED","leaf","T5",56.4998699010652,"leaf::T5",4,-0.594760969093236,0.32775283899742,"anchor",1
"regulator_HOG:0004224","HOG:0004224","BMED","root","T1",7.47957433613505,"root::T1",4,-2.29387245351366,1.45779447997752,"anchor",0
"regulator_HOG:0004224","HOG:0004224","BMED","root","T2",14.5,"root::T2",4,1.12371740610684,0.818480870298978,"anchor",0.25
"regulator_HOG:0004224","HOG:0004224","BMED","root","T3",28.4898614550509,"root::T3",4,-1.06572204271573,0.791835247624115,"anchor",0.5
"regulator_HOG:0004224","HOG:0004224","BMED","root","T4",42.7313175218636,"root::T4",4,0.518555131734867,0.395897658561939,"anchor",0.75
"regulator_HOG:0004224","HOG:0004224","BMED","root","T5",56.4998699010652,"root::T5",4,0.84925132772194,0.661919596764603,"anchor",1
"regulator_HOG:0004224","HOG:0004224","BSYL","leaf","T1",7.47957433613505,"leaf::T1",4,0.224097884252814,0.0966057804581543,"anchor",0
"regulator_HOG:0004224","HOG:0004224","BSYL","leaf","T2",14.5,"leaf::T2",4,0.934277343876365,0.294185657450193,"anchor",0.25
"regulator_HOG:0004224","HOG:0004224","BSYL","leaf","T3",28.4898614550509,"leaf::T3",4,0.215417491108159,0.133108793741603,"anchor",0.5
"regulator_HOG:0004224","HOG:0004224","BSYL","leaf","T4",42.7313175218636,"leaf::T4",4,0.361753926955631,0.201639592028189,"anchor",0.75
"regulator_HOG:0004224","HOG:0004224","BSYL","leaf","T5",56.4998699010652,"leaf::T5",4,0.272929939795392,0.353959825171709,"anchor",1
"regulator_HOG:0004224","HOG:0004224","BSYL","root","T1",7.47957433613505,"root::T1",4,-1.15083773830061,0.127490190471146,"anchor",0
"regulator_HOG:0004224","HOG:0004224","BSYL","root","T2",14.5,"root::T2",4,-0.411809787198638,0.324341266720126,"anchor",0.25
"regulator_HOG:0004224","HOG:0004224","BSYL","root","T3",28.4898614550509,"root::T3",4,-0.735642235450186,0.255420190553428,"anchor",0.5
"regulator_HOG:0004224","HOG:0004224","BSYL","root","T4",42.7313175218636,"root::T4",4,-0.940441936335531,0.080839027421043,"anchor",0.75
"regulator_HOG:0004224","HOG:0004224","BSYL","root","T5",56.4998699010652,"root::T5",4,-0.230872785507248,0.229390767882122,"anchor",1
"regulator_HOG:0004224","HOG:0004224","FPRA","leaf","T1",7.47957433613505,"leaf::T1",4,0.415091981168553,0.261989104824717,"anchor",0
"regulator_HOG:0004224","HOG:0004224","FPRA","leaf","T2",14.5,"leaf::T2",4,0.296914220576598,0.417207243662563,"anchor",0.25
"regulator_HOG:0004224","HOG:0004224","FPRA","leaf","T3",28.4898614550509,"leaf::T3",4,0.310022966781622,0.746463299434032,"anchor",0.5
"regulator_HOG:0004224","HOG:0004224","FPRA","leaf","T4",42.7313175218636,"leaf::T4",4,-0.863456514124492,0.664884384843071,"anchor",0.75
"regulator_HOG:0004224","HOG:0004224","FPRA","leaf","T5",56.4998699010652,"leaf::T5",4,-0.0951167659423796,0.474039598897402,"anchor",1
"regulator_HOG:0004224","HOG:0004224","FPRA","root","T1",7.47957433613505,"root::T1",4,-0.276967578441207,0.0628933125387136,"anchor",0
"regulator_HOG:0004224","HOG:0004224","FPRA","root","T2",14.5,"root::T2",4,2.53387703074838,0.655801188739839,"anchor",0.25
"regulator_HOG:0004224","HOG:0004224","FPRA","root","T3",28.4898614550509,"root::T3",4,1.10616658579793,1.02093876808151,"anchor",0.5
"regulator_HOG:0004224","HOG:0004224","FPRA","root","T4",42.7313175218636,"root::T4",4,-0.479657330015951,0.433210005475436,"anchor",0.75
"regulator_HOG:0004224","HOG:0004224","FPRA","root","T5",56.4998699010652,"root::T5",4,-0.125549285350618,0.299297464968925,"anchor",1
"regulator_HOG:0004224","HOG:0004224","HJUB","leaf","T1",7.47957433613505,"leaf::T1",4,-0.474491842235627,0.211189803827937,"anchor",0
"regulator_HOG:0004224","HOG:0004224","HJUB","leaf","T2",14.5,"leaf::T2",4,0.0914591201898215,0.222467135745897,"anchor",0.25
"regulator_HOG:0004224","HOG:0004224","HJUB","leaf","T3",28.4898614550509,"leaf::T3",4,0.829968795651934,0.636824978149382,"anchor",0.5
"regulator_HOG:0004224","HOG:0004224","HJUB","leaf","T4",42.7313175218636,"leaf::T4",4,0.150851847663671,0.294348076183966,"anchor",0.75
"regulator_HOG:0004224","HOG:0004224","HJUB","leaf","T5",56.4998699010652,"leaf::T5",4,-0.280412614720483,0.181924573216578,"anchor",1
"regulator_HOG:0004224","HOG:0004224","HJUB","root","T1",7.47957433613505,"root::T1",4,-0.86677899909605,0.056867662790628,"anchor",0
"regulator_HOG:0004224","HOG:0004224","HJUB","root","T2",14.5,"root::T2",4,0.368034797540636,0.323424238371802,"anchor",0.25
"regulator_HOG:0004224","HOG:0004224","HJUB","root","T3",28.4898614550509,"root::T3",4,-0.128366399337594,0.702424832705137,"anchor",0.5
"regulator_HOG:0004224","HOG:0004224","HJUB","root","T4",42.7313175218636,"root::T4",4,0.849646357207956,0.348378613629785,"anchor",0.75
"regulator_HOG:0004224","HOG:0004224","HJUB","root","T5",56.4998699010652,"root::T5",4,0.412483629063335,0.29266672817106,"anchor",1
"regulator_HOG:0004224","HOG:0004224","HVUL","leaf","T1",7.47957433613505,"leaf::T1",4,-0.920013334034254,0.318732964360939,"anchor",0
"regulator_HOG:0004224","HOG:0004224","HVUL","leaf","T2",14.5,"leaf::T2",4,-0.256624917895043,0.233068540930975,"anchor",0.25
"regulator_HOG:0004224","HOG:0004224","HVUL","leaf","T3",28.4898614550509,"leaf::T3",4,-0.735018720526363,0.510008874895194,"anchor",0.5
"regulator_HOG:0004224","HOG:0004224","HVUL","leaf","T4",42.7313175218636,"leaf::T4",4,-0.558208469802495,0.0954884195434061,"anchor",0.75
"regulator_HOG:0004224","HOG:0004224","HVUL","leaf","T5",56.4998699010652,"leaf::T5",4,-0.633543880184391,0.725930606120417,"anchor",1
"regulator_HOG:0004224","HOG:0004224","HVUL","root","T1",7.47957433613505,"root::T1",4,0.0581453397036154,0.240174227069142,"anchor",0
"regulator_HOG:0004224","HOG:0004224","HVUL","root","T2",14.5,"root::T2",4,0.827923247650184,0.608196351070367,"anchor",0.25
"regulator_HOG:0004224","HOG:0004224","HVUL","root","T3",28.4898614550509,"root::T3",4,1.05879491450386,0.352081767594987,"anchor",0.5
"regulator_HOG:0004224","HOG:0004224","HVUL","root","T4",42.7313175218636,"root::T4",4,1.55932844560394,0.653359717692406,"anchor",0.75
"regulator_HOG:0004224","HOG:0004224","HVUL","root","T5",56.4998699010652,"root::T5",4,1.2795354927026,0.382040562619294,"anchor",1
"regulator_HOG:0004224","HOG:0004224","VBRO","leaf","T1",7.47957433613505,"leaf::T1",4,-0.24743959165827,0.108954490620232,"anchor",0
"regulator_HOG:0004224","HOG:0004224","VBRO","leaf","T2",14.5,"leaf::T2",4,1.59883375170086,0.678389036869691,"anchor",0.25
"regulator_HOG:0004224","HOG:0004224","VBRO","leaf","T3",28.4898614550509,"leaf::T3",3,-0.174564266283106,0.749359329153151,"anchor",0.5
"regulator_HOG:0004224","HOG:0004224","VBRO","leaf","T4",42.7313175218636,"leaf::T4",4,-0.275449093007954,1.55364267912602,"anchor",0.75
"regulator_HOG:0004224","HOG:0004224","VBRO","leaf","T5",56.4998699010652,"leaf::T5",4,-0.339051358935035,0.211768675931258,"anchor",1
"regulator_HOG:0004224","HOG:0004224","VBRO","root","T1",7.47957433613505,"root::T1",4,-1.11564165980827,0.0861395211237137,"anchor",0
"regulator_HOG:0004224","HOG:0004224","VBRO","root","T2",14.5,"root::T2",4,0.663949986840222,0.465657494617373,"anchor",0.25
"regulator_HOG:0004224","HOG:0004224","VBRO","root","T3",28.4898614550509,"root::T3",3,1.23732475811967,2.00210096630321,"anchor",0.5
"regulator_HOG:0004224","HOG:0004224","VBRO","root","T4",42.7313175218636,"root::T4",4,-0.0634396939519509,0.248559604241758,"anchor",0.75
"regulator_HOG:0004224","HOG:0004224","VBRO","root","T5",56.4998699010652,"root::T5",4,2.30695093895778,1.497306371101,"anchor",1
"anchor_162","HOG:0005857","BDIS","leaf","T1",7.47957433613505,"leaf::T1",4,0.0876032383549753,0.229488312670596,"anchor",0
"anchor_162","HOG:0005857","BDIS","leaf","T2",14.5,"leaf::T2",4,-1.12356947800458,0.51941970386932,"anchor",0.25
"anchor_162","HOG:0005857","BDIS","leaf","T3",28.4898614550509,"leaf::T3",4,-1.32233680039305,0.38584407361785,"anchor",0.5
"anchor_162","HOG:0005857","BDIS","leaf","T4",42.7313175218636,"leaf::T4",4,0.5495488144558,0.395250055075868,"anchor",0.75
"anchor_162","HOG:0005857","BDIS","leaf","T5",56.4998699010652,"leaf::T5",4,1.31849820124955,0.43682968404658,"anchor",1
"anchor_162","HOG:0005857","BDIS","root","T1",7.47957433613505,"root::T1",4,0.127912803912684,0.546361949599425,"anchor",0
"anchor_162","HOG:0005857","BDIS","root","T2",14.5,"root::T2",4,2.14071870829445,1.24477100778664,"anchor",0.25
"anchor_162","HOG:0005857","BDIS","root","T3",28.4898614550509,"root::T3",4,-0.936963100846882,0.63334217015041,"anchor",0.5
"anchor_162","HOG:0005857","BDIS","root","T4",42.7313175218636,"root::T4",4,-0.843385912864587,0.374574233548734,"anchor",0.75
"anchor_162","HOG:0005857","BDIS","root","T5",56.4998699010652,"root::T5",4,1.4090643753676,1.28886465254782,"anchor",1
"anchor_162","HOG:0005857","BMAX","leaf","T1",7.47957433613505,"leaf::T1",4,-1.75971798461804,0.086966639767668,"anchor",0
"anchor_162","HOG:0005857","BMAX","leaf","T2",14.5,"leaf::T2",4,-2.18860829864412,0.997617636205075,"anchor",0.25
"anchor_162","HOG:0005857","BMAX","leaf","T3",28.4898614550509,"leaf::T3",4,-0.388009823908501,0.112428696218192,"anchor",0.5
"anchor_162","HOG:0005857","BMAX","leaf","T4",42.7313175218636,"leaf::T4",4,-1.56227252967477,1.24259371732289,"anchor",0.75
"anchor_162","HOG:0005857","BMAX","leaf","T5",56.4998699010652,"leaf::T5",4,-0.941003194875921,0.238064599508274,"anchor",1
"anchor_162","HOG:0005857","BMAX","root","T1",7.47957433613505,"root::T1",4,0.566202816286934,0.045077754371602,"anchor",0
"anchor_162","HOG:0005857","BMAX","root","T2",14.5,"root::T2",4,0.868662053569571,0.419037302432728,"anchor",0.25
"anchor_162","HOG:0005857","BMAX","root","T3",28.4898614550509,"root::T3",4,0.630475670348589,0.241211363067087,"anchor",0.5
"anchor_162","HOG:0005857","BMAX","root","T4",42.7313175218636,"root::T4",4,0.506327197102981,0.271735196928051,"anchor",0.75
"anchor_162","HOG:0005857","BMAX","root","T5",56.4998699010652,"root::T5",4,0.592847945644519,0.344484119845395,"anchor",1
"anchor_162","HOG:0005857","BMED","leaf","T1",7.47957433613505,"leaf::T1",4,-1.15807560592531,0.226916858276024,"anchor",0
"anchor_162","HOG:0005857","BMED","leaf","T2",14.5,"leaf::T2",4,0.528429821046029,0.242917511710678,"anchor",0.25
"anchor_162","HOG:0005857","BMED","leaf","T3",28.4898614550509,"leaf::T3",4,-0.16076654422029,0.259502381369487,"anchor",0.5
"anchor_162","HOG:0005857","BMED","leaf","T4",42.7313175218636,"leaf::T4",4,-0.84436600882801,0.228900597086195,"anchor",0.75
"anchor_162","HOG:0005857","BMED","leaf","T5",56.4998699010652,"leaf::T5",4,-1.68872768323662,0.182279387594378,"anchor",1
"anchor_162","HOG:0005857","BMED","root","T1",7.47957433613505,"root::T1",4,-0.267811976960563,1.07692311947722,"anchor",0
"anchor_162","HOG:0005857","BMED","root","T2",14.5,"root::T2",4,1.53346061311652,0.452030044831607,"anchor",0.25
"anchor_162","HOG:0005857","BMED","root","T3",28.4898614550509,"root::T3",4,-0.466952605837743,0.86510554279781,"anchor",0.5
"anchor_162","HOG:0005857","BMED","root","T4",42.7313175218636,"root::T4",4,0.17888301264305,0.185628823868978,"anchor",0.75
"anchor_162","HOG:0005857","BMED","root","T5",56.4998699010652,"root::T5",4,0.890743501831845,0.72895253109192,"anchor",1
"anchor_162","HOG:0005857","BSYL","leaf","T1",7.47957433613505,"leaf::T1",4,0.166757405186565,0.15500794787363,"anchor",0
"anchor_162","HOG:0005857","BSYL","leaf","T2",14.5,"leaf::T2",4,1.37508854329384,0.211302503774598,"anchor",0.25
"anchor_162","HOG:0005857","BSYL","leaf","T3",28.4898614550509,"leaf::T3",4,1.19387451764397,0.155882573502568,"anchor",0.5
"anchor_162","HOG:0005857","BSYL","leaf","T4",42.7313175218636,"leaf::T4",4,0.549976930377946,0.205342313261316,"anchor",0.75
"anchor_162","HOG:0005857","BSYL","leaf","T5",56.4998699010652,"leaf::T5",4,0.342310546175863,0.517414136588885,"anchor",1
"anchor_162","HOG:0005857","BSYL","root","T1",7.47957433613505,"root::T1",4,-0.381259471600162,0.0422905405501887,"anchor",0
"anchor_162","HOG:0005857","BSYL","root","T2",14.5,"root::T2",4,-0.151756545326075,0.408293604798158,"anchor",0.25
"anchor_162","HOG:0005857","BSYL","root","T3",28.4898614550509,"root::T3",4,0.0605344019033252,0.426680500005451,"anchor",0.5
"anchor_162","HOG:0005857","BSYL","root","T4",42.7313175218636,"root::T4",4,-0.896219364887419,0.178949030757534,"anchor",0.75
"anchor_162","HOG:0005857","BSYL","root","T5",56.4998699010652,"root::T5",4,-0.490366421213057,0.249574685368751,"anchor",1
"anchor_162","HOG:0005857","FPRA","leaf","T1",7.47957433613505,"leaf::T1",4,-0.777374662127744,0.185730385543346,"anchor",0
"anchor_162","HOG:0005857","FPRA","leaf","T2",14.5,"leaf::T2",4,-0.71113170421617,0.268810675717191,"anchor",0.25
"anchor_162","HOG:0005857","FPRA","leaf","T3",28.4898614550509,"leaf::T3",4,-0.848500574018497,0.425514755326933,"anchor",0.5
"anchor_162","HOG:0005857","FPRA","leaf","T4",42.7313175218636,"leaf::T4",4,-1.10559879210836,0.427119980128501,"anchor",0.75
"anchor_162","HOG:0005857","FPRA","leaf","T5",56.4998699010652,"leaf::T5",4,-0.855327884630572,0.212187874287172,"anchor",1
"anchor_162","HOG:0005857","FPRA","root","T1",7.47957433613505,"root::T1",4,0.266522468205945,0.101850546396134,"anchor",0
"anchor_162","HOG:0005857","FPRA","root","T2",14.5,"root::T2",4,2.07685226043743,0.50163736575762,"anchor",0.25
"anchor_162","HOG:0005857","FPRA","root","T3",28.4898614550509,"root::T3",4,1.08227274317913,0.49943592934982,"anchor",0.5
"anchor_162","HOG:0005857","FPRA","root","T4",42.7313175218636,"root::T4",4,0.131369620025771,0.0661954755629505,"anchor",0.75
"anchor_162","HOG:0005857","FPRA","root","T5",56.4998699010652,"root::T5",4,0.194556386855439,0.159455540265899,"anchor",1
"anchor_162","HOG:0005857","HJUB","leaf","T1",7.47957433613505,"leaf::T1",4,-0.829195073294173,0.13989646139141,"anchor",0
"anchor_162","HOG:0005857","HJUB","leaf","T2",14.5,"leaf::T2",4,-1.41713879308006,0.369990470258032,"anchor",0.25
"anchor_162","HOG:0005857","HJUB","leaf","T3",28.4898614550509,"leaf::T3",4,-0.288207969172967,0.715207055848065,"anchor",0.5
"anchor_162","HOG:0005857","HJUB","leaf","T4",42.7313175218636,"leaf::T4",4,-0.182961330455088,0.179391692358756,"anchor",0.75
"anchor_162","HOG:0005857","HJUB","leaf","T5",56.4998699010652,"leaf::T5",4,-0.607610220543412,0.285919617553463,"anchor",1
"anchor_162","HOG:0005857","HJUB","root","T1",7.47957433613505,"root::T1",4,0.405976824678084,0.128670581947617,"anchor",0
"anchor_162","HOG:0005857","HJUB","root","T2",14.5,"root::T2",4,0.832536379605793,0.30693064441921,"anchor",0.25
"anchor_162","HOG:0005857","HJUB","root","T3",28.4898614550509,"root::T3",4,0.850525929076197,0.919793476721265,"anchor",0.5
"anchor_162","HOG:0005857","HJUB","root","T4",42.7313175218636,"root::T4",4,1.1288219561978,0.234865444281358,"anchor",0.75
"anchor_162","HOG:0005857","HJUB","root","T5",56.4998699010652,"root::T5",4,0.428518201965652,0.18785064750263,"anchor",1
"anchor_162","HOG:0005857","HVUL","leaf","T1",7.47957433613505,"leaf::T1",4,-0.809684500229849,0.056946887668045,"anchor",0
"anchor_162","HOG:0005857","HVUL","leaf","T2",14.5,"leaf::T2",4,-0.93172829723335,0.123596256215044,"anchor",0.25
"anchor_162","HOG:0005857","HVUL","leaf","T3",28.4898614550509,"leaf::T3",4,-1.25323669772708,0.313196090496924,"anchor",0.5
"anchor_162","HOG:0005857","HVUL","leaf","T4",42.7313175218636,"leaf::T4",4,-0.541028908544603,0.174474758059249,"anchor",0.75
"anchor_162","HOG:0005857","HVUL","leaf","T5",56.4998699010652,"leaf::T5",4,-0.525927739060715,0.326004320078273,"anchor",1
"anchor_162","HOG:0005857","HVUL","root","T1",7.47957433613505,"root::T1",4,0.401768220068627,0.117472341681847,"anchor",0
"anchor_162","HOG:0005857","HVUL","root","T2",14.5,"root::T2",4,0.797421625219738,0.477460979377321,"anchor",0.25
"anchor_162","HOG:0005857","HVUL","root","T3",28.4898614550509,"root::T3",4,0.0199649604661147,0.662779799747925,"anchor",0.5
"anchor_162","HOG:0005857","HVUL","root","T4",42.7313175218636,"root::T4",4,0.936504214701703,0.489602386580527,"anchor",0.75
"anchor_162","HOG:0005857","HVUL","root","T5",56.4998699010652,"root::T5",4,0.729980543713472,0.15775002076743,"anchor",1
"anchor_162","HOG:0005857","VBRO","leaf","T1",7.47957433613505,"leaf::T1",4,-0.314265872133671,0.118169431607983,"anchor",0
"anchor_162","HOG:0005857","VBRO","leaf","T2",14.5,"leaf::T2",4,-0.480863020229964,0.51327780014918,"anchor",0.25
"anchor_162","HOG:0005857","VBRO","leaf","T3",28.4898614550509,"leaf::T3",3,-0.486289731787376,0.170624798111685,"anchor",0.5
"anchor_162","HOG:0005857","VBRO","leaf","T4",42.7313175218636,"leaf::T4",4,-2.16222056648004,1.64581681093719,"anchor",0.75
"anchor_162","HOG:0005857","VBRO","leaf","T5",56.4998699010652,"leaf::T5",4,-1.63385928176157,0.239425271297526,"anchor",1
"anchor_162","HOG:0005857","VBRO","root","T1",7.47957433613505,"root::T1",4,0.0302704400596276,0.275448473215761,"anchor",0
"anchor_162","HOG:0005857","VBRO","root","T2",14.5,"root::T2",4,0.83787904057644,0.357146784701284,"anchor",0.25
"anchor_162","HOG:0005857","VBRO","root","T3",28.4898614550509,"root::T3",3,1.34464820041225,1.64710911227938,"anchor",0.5
"anchor_162","HOG:0005857","VBRO","root","T4",42.7313175218636,"root::T4",4,0.639760780704234,0.18690404289093,"anchor",0.75
"anchor_162","HOG:0005857","VBRO","root","T5",56.4998699010652,"root::T5",4,2.62971112107068,0.737001432980235,"anchor",1
"anchor_162","HOG:0005857","BDIS","leaf","T1",7.47957433613505,"leaf::T1",4,-0.258518401999874,0.133928477968098,"module",0
"anchor_162","HOG:0005857","BDIS","leaf","T2",14.5,"leaf::T2",4,-0.843970029530559,0.450245261993095,"module",0.25
"anchor_162","HOG:0005857","BDIS","leaf","T3",28.4898614550509,"leaf::T3",4,-0.730469523376045,0.321265181604916,"module",0.5
"anchor_162","HOG:0005857","BDIS","leaf","T4",42.7313175218636,"leaf::T4",4,0.136081286920642,0.343240127158241,"module",0.75
"anchor_162","HOG:0005857","BDIS","leaf","T5",56.4998699010652,"leaf::T5",4,0.616239968366469,0.312703407563416,"module",1
"anchor_162","HOG:0005857","BDIS","root","T1",7.47957433613505,"root::T1",4,-0.308981812968447,0.261606946908242,"module",0
"anchor_162","HOG:0005857","BDIS","root","T2",14.5,"root::T2",4,1.90092285768246,0.976632642745725,"module",0.25
"anchor_162","HOG:0005857","BDIS","root","T3",28.4898614550509,"root::T3",4,0.351171221557639,0.258145678313051,"module",0.5
"anchor_162","HOG:0005857","BDIS","root","T4",42.7313175218636,"root::T4",4,-0.286822114988984,0.248534228303762,"module",0.75
"anchor_162","HOG:0005857","BDIS","root","T5",56.4998699010652,"root::T5",4,1.29545488828707,0.961578487586036,"module",1
"anchor_162","HOG:0005857","BMAX","leaf","T1",7.47957433613505,"leaf::T1",4,-1.17390473572315,0.0742358824046004,"module",0
"anchor_162","HOG:0005857","BMAX","leaf","T2",14.5,"leaf::T2",4,-1.37463518744789,0.746014398512678,"module",0.25
"anchor_162","HOG:0005857","BMAX","leaf","T3",28.4898614550509,"leaf::T3",4,-0.250930771952111,0.0901805008473683,"module",0.5
"anchor_162","HOG:0005857","BMAX","leaf","T4",42.7313175218636,"leaf::T4",4,-1.21819744720182,1.12227399381458,"module",0.75
"anchor_162","HOG:0005857","BMAX","leaf","T5",56.4998699010652,"leaf::T5",4,-0.796456308844502,0.242181798343075,"module",1
"anchor_162","HOG:0005857","BMAX","root","T1",7.47957433613505,"root::T1",4,0.294564985379043,0.0433387026633051,"module",0
"anchor_162","HOG:0005857","BMAX","root","T2",14.5,"root::T2",4,0.694051260565064,0.538576761048992,"module",0.25
"anchor_162","HOG:0005857","BMAX","root","T3",28.4898614550509,"root::T3",4,0.765349071485799,0.348601039374959,"module",0.5
"anchor_162","HOG:0005857","BMAX","root","T4",42.7313175218636,"root::T4",4,0.813940724555666,0.203522773141022,"module",0.75
"anchor_162","HOG:0005857","BMAX","root","T5",56.4998699010652,"root::T5",4,0.792262254252026,0.312832764406592,"module",1
"anchor_162","HOG:0005857","BMED","leaf","T1",7.47957433613505,"leaf::T1",4,-0.816390495239873,0.110685343140565,"module",0
"anchor_162","HOG:0005857","BMED","leaf","T2",14.5,"leaf::T2",4,0.384247925847163,0.0757299754656421,"module",0.25
"anchor_162","HOG:0005857","BMED","leaf","T3",28.4898614550509,"leaf::T3",4,-0.131071692926791,0.13548888440279,"module",0.5
"anchor_162","HOG:0005857","BMED","leaf","T4",42.7313175218636,"leaf::T4",4,-0.444982566574641,0.133762526677941,"module",0.75
"anchor_162","HOG:0005857","BMED","leaf","T5",56.4998699010652,"leaf::T5",4,-1.08859106001915,0.110192114046242,"module",1
"anchor_162","HOG:0005857","BMED","root","T1",7.47957433613505,"root::T1",4,-0.539489832722363,0.648170765834081,"module",0
"anchor_162","HOG:0005857","BMED","root","T2",14.5,"root::T2",4,1.28734215508183,0.311496320905044,"module",0.25
"anchor_162","HOG:0005857","BMED","root","T3",28.4898614550509,"root::T3",4,-0.296125286809246,0.642811611632579,"module",0.5
"anchor_162","HOG:0005857","BMED","root","T4",42.7313175218636,"root::T4",4,0.575160230915342,0.181925881526114,"module",0.75
"anchor_162","HOG:0005857","BMED","root","T5",56.4998699010652,"root::T5",4,0.8781405842678,0.451140287005148,"module",1
"anchor_162","HOG:0005857","BSYL","leaf","T1",7.47957433613505,"leaf::T1",4,0.0528626737551001,0.0966062884978916,"module",0
"anchor_162","HOG:0005857","BSYL","leaf","T2",14.5,"leaf::T2",4,1.44848560331224,0.412763354469411,"module",0.25
"anchor_162","HOG:0005857","BSYL","leaf","T3",28.4898614550509,"leaf::T3",4,0.672677633048515,0.159890734191004,"module",0.5
"anchor_162","HOG:0005857","BSYL","leaf","T4",42.7313175218636,"leaf::T4",4,0.266728302562767,0.134621875262154,"module",0.75
"anchor_162","HOG:0005857","BSYL","leaf","T5",56.4998699010652,"leaf::T5",4,0.0419071786278525,0.532177073099662,"module",1
"anchor_162","HOG:0005857","BSYL","root","T1",7.47957433613505,"root::T1",4,-0.621507326158293,0.0823230194785429,"module",0
"anchor_162","HOG:0005857","BSYL","root","T2",14.5,"root::T2",4,0.390973175189236,0.434534542943815,"module",0.25
"anchor_162","HOG:0005857","BSYL","root","T3",28.4898614550509,"root::T3",4,-0.151132099909339,0.458395869166324,"module",0.5
"anchor_162","HOG:0005857","BSYL","root","T4",42.7313175218636,"root::T4",4,-0.939726370376506,0.147945589662498,"module",0.75
"anchor_162","HOG:0005857","BSYL","root","T5",56.4998699010652,"root::T5",4,-0.663776778678108,0.431434506220035,"module",1
"anchor_162","HOG:0005857","FPRA","leaf","T1",7.47957433613505,"leaf::T1",4,-0.58191384082811,0.0474057686958242,"module",0
"anchor_162","HOG:0005857","FPRA","leaf","T2",14.5,"leaf::T2",4,-0.514415443068144,0.244097380230067,"module",0.25
"anchor_162","HOG:0005857","FPRA","leaf","T3",28.4898614550509,"leaf::T3",4,-0.56526553250095,0.389975413402527,"module",0.5
"anchor_162","HOG:0005857","FPRA","leaf","T4",42.7313175218636,"leaf::T4",4,-1.01966670787622,0.350372685865147,"module",0.75
"anchor_162","HOG:0005857","FPRA","leaf","T5",56.4998699010652,"leaf::T5",4,-0.702776284598572,0.25326785027425,"module",1
"anchor_162","HOG:0005857","FPRA","root","T1",7.47957433613505,"root::T1",4,0.105557377646338,0.063891880853049,"module",0
"anchor_162","HOG:0005857","FPRA","root","T2",14.5,"root::T2",4,2.31325327050728,0.458106236551849,"module",0.25
"anchor_162","HOG:0005857","FPRA","root","T3",28.4898614550509,"root::T3",4,1.55968377940512,0.590438994049737,"module",0.5
"anchor_162","HOG:0005857","FPRA","root","T4",42.7313175218636,"root::T4",4,0.351518876790261,0.128204857000476,"module",0.75
"anchor_162","HOG:0005857","FPRA","root","T5",56.4998699010652,"root::T5",4,0.476887730631667,0.128333923704093,"module",1
"anchor_162","HOG:0005857","HJUB","leaf","T1",7.47957433613505,"leaf::T1",4,-0.797819719851571,0.0750491719428822,"module",0
"anchor_162","HOG:0005857","HJUB","leaf","T2",14.5,"leaf::T2",4,-0.841276960425378,0.267206384083604,"module",0.25
"anchor_162","HOG:0005857","HJUB","leaf","T3",28.4898614550509,"leaf::T3",4,0.00464383988181671,0.637546555175259,"module",0.5
"anchor_162","HOG:0005857","HJUB","leaf","T4",42.7313175218636,"leaf::T4",4,-0.333937540058765,0.222431749788388,"module",0.75
"anchor_162","HOG:0005857","HJUB","leaf","T5",56.4998699010652,"leaf::T5",4,-0.672595662499801,0.174813069361594,"module",1
"anchor_162","HOG:0005857","HJUB","root","T1",7.47957433613505,"root::T1",4,0.0509047652064894,0.093147882143223,"module",0
"anchor_162","HOG:0005857","HJUB","root","T2",14.5,"root::T2",4,0.748307835536059,0.229855410655482,"module",0.25
"anchor_162","HOG:0005857","HJUB","root","T3",28.4898614550509,"root::T3",4,0.705455135672872,0.624755145544909,"module",0.5
"anchor_162","HOG:0005857","HJUB","root","T4",42.7313175218636,"root::T4",4,0.923640401175555,0.243614406171613,"module",0.75
"anchor_162","HOG:0005857","HJUB","root","T5",56.4998699010652,"root::T5",4,0.58181320638719,0.191647532142684,"module",1
"anchor_162","HOG:0005857","HVUL","leaf","T1",7.47957433613505,"leaf::T1",4,-0.865426249020644,0.0503899642814899,"module",0
"anchor_162","HOG:0005857","HVUL","leaf","T2",14.5,"leaf::T2",4,-1.05816579987661,0.0668762785608849,"module",0.25
"anchor_162","HOG:0005857","HVUL","leaf","T3",28.4898614550509,"leaf::T3",4,-0.86138035033868,0.30283027054442,"module",0.5
"anchor_162","HOG:0005857","HVUL","leaf","T4",42.7313175218636,"leaf::T4",4,-0.409238867150031,0.130449489478515,"module",0.75
"anchor_162","HOG:0005857","HVUL","leaf","T5",56.4998699010652,"leaf::T5",4,-0.535022521286989,0.368095433571671,"module",1
"anchor_162","HOG:0005857","HVUL","root","T1",7.47957433613505,"root::T1",4,0.260512468968146,0.107252109043669,"module",0
"anchor_162","HOG:0005857","HVUL","root","T2",14.5,"root::T2",4,0.882155024523575,0.517984598145987,"module",0.25
"anchor_162","HOG:0005857","HVUL","root","T3",28.4898614550509,"root::T3",4,0.393791438900375,0.393624878464308,"module",0.5
"anchor_162","HOG:0005857","HVUL","root","T4",42.7313175218636,"root::T4",4,1.18283133850422,0.511210162931337,"module",0.75
"anchor_162","HOG:0005857","HVUL","root","T5",56.4998699010652,"root::T5",4,0.81664703180877,0.242849264374799,"module",1
"anchor_162","HOG:0005857","VBRO","leaf","T1",7.47957433613505,"leaf::T1",4,-0.360220343394755,0.0690683529630052,"module",0
"anchor_162","HOG:0005857","VBRO","leaf","T2",14.5,"leaf::T2",4,-0.145805277969645,0.381773244931442,"module",0.25
"anchor_162","HOG:0005857","VBRO","leaf","T3",28.4898614550509,"leaf::T3",3,-0.470767041722573,0.282494993735532,"module",0.5
"anchor_162","HOG:0005857","VBRO","leaf","T4",42.7313175218636,"leaf::T4",4,-1.56427957804546,0.939007192244615,"module",0.75
"anchor_162","HOG:0005857","VBRO","leaf","T5",56.4998699010652,"leaf::T5",4,-1.25766345779483,0.133137029637018,"module",1
"anchor_162","HOG:0005857","VBRO","root","T1",7.47957433613505,"root::T1",4,-0.0440832002671308,0.0991123577747928,"module",0
"anchor_162","HOG:0005857","VBRO","root","T2",14.5,"root::T2",4,0.714047178462682,0.224282458164916,"module",0.25
"anchor_162","HOG:0005857","VBRO","root","T3",28.4898614550509,"root::T3",3,1.34518611611037,0.923768835500589,"module",0.5
"anchor_162","HOG:0005857","VBRO","root","T4",42.7313175218636,"root::T4",4,0.188360531126691,0.085450105682026,"module",0.75
"anchor_162","HOG:0005857","VBRO","root","T5",56.4998699010652,"root::T5",4,1.75508340627597,0.682977494521411,"module",1
"anchor_228","HOG:0006131","BDIS","leaf","T1",7.47957433613505,"leaf::T1",4,0.0205844597393541,0.270129782664218,"anchor",0
"anchor_228","HOG:0006131","BDIS","leaf","T2",14.5,"leaf::T2",4,-1.01885135073169,0.61708164221065,"anchor",0.25
"anchor_228","HOG:0006131","BDIS","leaf","T3",28.4898614550509,"leaf::T3",4,0.604258763066242,0.56960241911238,"anchor",0.5
"anchor_228","HOG:0006131","BDIS","leaf","T4",42.7313175218636,"leaf::T4",4,0.450872784685102,0.63901307787812,"anchor",0.75
"anchor_228","HOG:0006131","BDIS","leaf","T5",56.4998699010652,"leaf::T5",4,1.30508652654026,0.893320740935285,"anchor",1
"anchor_228","HOG:0006131","BDIS","root","T1",7.47957433613505,"root::T1",4,-1.67930866823922,0.3985556300814,"anchor",0
"anchor_228","HOG:0006131","BDIS","root","T2",14.5,"root::T2",4,0.751559307189327,0.85275209236905,"anchor",0.25
"anchor_228","HOG:0006131","BDIS","root","T3",28.4898614550509,"root::T3",4,0.0447801963004027,0.27556049617298,"anchor",0.5
"anchor_228","HOG:0006131","BDIS","root","T4",42.7313175218636,"root::T4",4,-0.151929043839932,0.26528337318523,"anchor",0.75
"anchor_228","HOG:0006131","BDIS","root","T5",56.4998699010652,"root::T5",4,1.74527278647155,0.74551623068614,"anchor",1
"anchor_228","HOG:0006131","BMAX","leaf","T1",7.47957433613505,"leaf::T1",4,-0.916614108616318,0.164228153846986,"anchor",0
"anchor_228","HOG:0006131","BMAX","leaf","T2",14.5,"leaf::T2",4,-0.75971634362881,0.483404786351887,"anchor",0.25
"anchor_228","HOG:0006131","BMAX","leaf","T3",28.4898614550509,"leaf::T3",4,0.857320199156578,0.20549554767095,"anchor",0.5
"anchor_228","HOG:0006131","BMAX","leaf","T4",42.7313175218636,"leaf::T4",4,-0.797025080921973,1.00621822764518,"anchor",0.75
"anchor_228","HOG:0006131","BMAX","leaf","T5",56.4998699010652,"leaf::T5",4,-0.971275694288398,0.407435895038236,"anchor",1
"anchor_228","HOG:0006131","BMAX","root","T1",7.47957433613505,"root::T1",4,-0.36966990404021,0.179965565250255,"anchor",0
"anchor_228","HOG:0006131","BMAX","root","T2",14.5,"root::T2",4,0.519393043054504,0.425492683068744,"anchor",0.25
"anchor_228","HOG:0006131","BMAX","root","T3",28.4898614550509,"root::T3",4,1.44380054197762,0.45666587943401,"anchor",0.5
"anchor_228","HOG:0006131","BMAX","root","T4",42.7313175218636,"root::T4",4,2.10661919936654,0.323880749876664,"anchor",0.75
"anchor_228","HOG:0006131","BMAX","root","T5",56.4998699010652,"root::T5",4,0.502171979004684,0.192774582553618,"anchor",1
"anchor_228","HOG:0006131","BMED","leaf","T1",7.47957433613505,"leaf::T1",4,-0.424887248230761,0.138211792897439,"anchor",0
"anchor_228","HOG:0006131","BMED","leaf","T2",14.5,"leaf::T2",4,1.23195536286395,0.456668252104095,"anchor",0.25
"anchor_228","HOG:0006131","BMED","leaf","T3",28.4898614550509,"leaf::T3",4,-0.000707931900114811,0.256657921920035,"anchor",0.5
"anchor_228","HOG:0006131","BMED","leaf","T4",42.7313175218636,"leaf::T4",4,-0.736025927972198,0.246953162512745,"anchor",0.75
"anchor_228","HOG:0006131","BMED","leaf","T5",56.4998699010652,"leaf::T5",4,-1.04138783622724,0.207155338202531,"anchor",1
"anchor_228","HOG:0006131","BMED","root","T1",7.47957433613505,"root::T1",4,-0.334559159604856,0.231372705423487,"anchor",0
"anchor_228","HOG:0006131","BMED","root","T2",14.5,"root::T2",4,1.71818642138916,0.73798354457192,"anchor",0.25
"anchor_228","HOG:0006131","BMED","root","T3",28.4898614550509,"root::T3",4,-0.721144931775283,0.878416264908725,"anchor",0.5
"anchor_228","HOG:0006131","BMED","root","T4",42.7313175218636,"root::T4",4,0.930570837884416,0.623301726168305,"anchor",0.75
"anchor_228","HOG:0006131","BMED","root","T5",56.4998699010652,"root::T5",4,1.01192992038667,0.6305263243822,"anchor",1
"anchor_228","HOG:0006131","BSYL","leaf","T1",7.47957433613505,"leaf::T1",4,0.261808120752271,0.190308750354914,"anchor",0
"anchor_228","HOG:0006131","BSYL","leaf","T2",14.5,"leaf::T2",4,1.1571547590971,0.52446003125764,"anchor",0.25
"anchor_228","HOG:0006131","BSYL","leaf","T3",28.4898614550509,"leaf::T3",4,0.480849428100675,0.259387262318751,"anchor",0.5
"anchor_228","HOG:0006131","BSYL","leaf","T4",42.7313175218636,"leaf::T4",4,0.32308242493859,0.145867880273496,"anchor",0.75
"anchor_228","HOG:0006131","BSYL","leaf","T5",56.4998699010652,"leaf::T5",4,0.371463990497366,0.53373315267027,"anchor",1
"anchor_228","HOG:0006131","BSYL","root","T1",7.47957433613505,"root::T1",4,-1.09867806147113,0.113268697437371,"anchor",0
"anchor_228","HOG:0006131","BSYL","root","T2",14.5,"root::T2",4,-0.0234289078395537,0.290920610601427,"anchor",0.25
"anchor_228","HOG:0006131","BSYL","root","T3",28.4898614550509,"root::T3",4,-0.558755622129822,0.27677108959117,"anchor",0.5
"anchor_228","HOG:0006131","BSYL","root","T4",42.7313175218636,"root::T4",4,-0.746112406773852,0.138600815148438,"anchor",0.75
"anchor_228","HOG:0006131","BSYL","root","T5",56.4998699010652,"root::T5",4,-0.336857122542056,0.281283707898114,"anchor",1
"anchor_228","HOG:0006131","FPRA","leaf","T1",7.47957433613505,"leaf::T1",4,-0.685345418705879,0.098333044668163,"anchor",0
"anchor_228","HOG:0006131","FPRA","leaf","T2",14.5,"leaf::T2",4,-0.459717410051189,0.197672114840434,"anchor",0.25
"anchor_228","HOG:0006131","FPRA","leaf","T3",28.4898614550509,"leaf::T3",4,-0.304806856642421,0.335131924157565,"anchor",0.5
"anchor_228","HOG:0006131","FPRA","leaf","T4",42.7313175218636,"leaf::T4",4,-0.74755133040066,0.232789338235653,"anchor",0.75
"anchor_228","HOG:0006131","FPRA","leaf","T5",56.4998699010652,"leaf::T5",4,-0.402466811848571,0.203430100364485,"anchor",1
"anchor_228","HOG:0006131","FPRA","root","T1",7.47957433613505,"root::T1",4,0.258587135158887,0.072014902662069,"anchor",0
"anchor_228","HOG:0006131","FPRA","root","T2",14.5,"root::T2",4,2.20880210838864,0.377629040360107,"anchor",0.25
"anchor_228","HOG:0006131","FPRA","root","T3",28.4898614550509,"root::T3",4,1.31377603849845,0.60736033643425,"anchor",0.5
"anchor_228","HOG:0006131","FPRA","root","T4",42.7313175218636,"root::T4",4,0.875988121156088,0.30728313577613,"anchor",0.75
"anchor_228","HOG:0006131","FPRA","root","T5",56.4998699010652,"root::T5",4,0.942675336450226,0.273943801294396,"anchor",1
"anchor_228","HOG:0006131","HJUB","leaf","T1",7.47957433613505,"leaf::T1",4,-0.636783550262976,0.170570526333327,"anchor",0
"anchor_228","HOG:0006131","HJUB","leaf","T2",14.5,"leaf::T2",4,-0.564881305685171,0.240958168022686,"anchor",0.25
"anchor_228","HOG:0006131","HJUB","leaf","T3",28.4898614550509,"leaf::T3",4,0.00640438480911942,0.328169493468096,"anchor",0.5
"anchor_228","HOG:0006131","HJUB","leaf","T4",42.7313175218636,"leaf::T4",4,-0.499428052601295,0.203264598077657,"anchor",0.75
"anchor_228","HOG:0006131","HJUB","leaf","T5",56.4998699010652,"leaf::T5",4,-0.311932536217159,0.298060905769393,"anchor",1
"anchor_228","HOG:0006131","HJUB","root","T1",7.47957433613505,"root::T1",4,-0.18273696718461,0.198963223213553,"anchor",0
"anchor_228","HOG:0006131","HJUB","root","T2",14.5,"root::T2",4,0.874302705507554,0.301423763858055,"anchor",0.25
"anchor_228","HOG:0006131","HJUB","root","T3",28.4898614550509,"root::T3",4,0.671942137918416,0.439300736534394,"anchor",0.5
"anchor_228","HOG:0006131","HJUB","root","T4",42.7313175218636,"root::T4",4,1.81051723540355,0.294813947110264,"anchor",0.75
"anchor_228","HOG:0006131","HJUB","root","T5",56.4998699010652,"root::T5",4,1.32900542260144,0.420665844841841,"anchor",1
"anchor_228","HOG:0006131","HVUL","leaf","T1",7.47957433613505,"leaf::T1",4,-0.867527512172319,0.0762776559954235,"anchor",0
"anchor_228","HOG:0006131","HVUL","leaf","T2",14.5,"leaf::T2",4,-0.660837426504793,0.113004590368559,"anchor",0.25
"anchor_228","HOG:0006131","HVUL","leaf","T3",28.4898614550509,"leaf::T3",4,-0.578823679402705,0.414895465227343,"anchor",0.5
"anchor_228","HOG:0006131","HVUL","leaf","T4",42.7313175218636,"leaf::T4",4,-0.264011506171679,0.123309589092259,"anchor",0.75
"anchor_228","HOG:0006131","HVUL","leaf","T5",56.4998699010652,"leaf::T5",4,-0.120661140830474,0.453544224327132,"anchor",1
"anchor_228","HOG:0006131","HVUL","root","T1",7.47957433613505,"root::T1",4,0.0630177876381663,0.15942100888815,"anchor",0
"anchor_228","HOG:0006131","HVUL","root","T2",14.5,"root::T2",4,0.648422680001701,0.349173761340302,"anchor",0.25
"anchor_228","HOG:0006131","HVUL","root","T3",28.4898614550509,"root::T3",4,0.773980140389358,0.337196550074321,"anchor",0.5
"anchor_228","HOG:0006131","HVUL","root","T4",42.7313175218636,"root::T4",4,1.15182547301182,0.497510407896113,"anchor",0.75
"anchor_228","HOG:0006131","HVUL","root","T5",56.4998699010652,"root::T5",4,1.01155828450847,0.325014787207976,"anchor",1
"anchor_228","HOG:0006131","VBRO","leaf","T1",7.47957433613505,"leaf::T1",4,-0.310704731035289,0.140728630668862,"anchor",0
"anchor_228","HOG:0006131","VBRO","leaf","T2",14.5,"leaf::T2",4,1.12357738127057,0.626920352840245,"anchor",0.25
"anchor_228","HOG:0006131","VBRO","leaf","T3",28.4898614550509,"leaf::T3",3,0.0644847018247129,0.396104199155521,"anchor",0.5
"anchor_228","HOG:0006131","VBRO","leaf","T4",42.7313175218636,"leaf::T4",4,-0.835033477165158,0.75386351379573,"anchor",0.75
"anchor_228","HOG:0006131","VBRO","leaf","T5",56.4998699010652,"leaf::T5",4,-0.974784761212984,0.268395126539449,"anchor",1
"anchor_228","HOG:0006131","VBRO","root","T1",7.47957433613505,"root::T1",4,-1.02106466391457,0.122184851043105,"anchor",0
"anchor_228","HOG:0006131","VBRO","root","T2",14.5,"root::T2",4,1.1295129854227,0.403743024078356,"anchor",0.25
"anchor_228","HOG:0006131","VBRO","root","T3",28.4898614550509,"root::T3",3,2.14032310569128,1.53366767277799,"anchor",0.5
"anchor_228","HOG:0006131","VBRO","root","T4",42.7313175218636,"root::T4",4,0.627122079943074,0.344109720806999,"anchor",0.75
"anchor_228","HOG:0006131","VBRO","root","T5",56.4998699010652,"root::T5",4,2.57665692616016,1.3585223982913,"anchor",1
"anchor_228","HOG:0006131","BDIS","leaf","T1",7.47957433613505,"leaf::T1",4,-0.187182464882483,0.109450559463617,"module",0
"anchor_228","HOG:0006131","BDIS","leaf","T2",14.5,"leaf::T2",4,-0.903954846073264,0.480965761553456,"module",0.25
"anchor_228","HOG:0006131","BDIS","leaf","T3",28.4898614550509,"leaf::T3",4,-0.594983096161054,0.280260832825897,"module",0.5
"anchor_228","HOG:0006131","BDIS","leaf","T4",42.7313175218636,"leaf::T4",4,0.23177504400172,0.375892589576883,"module",0.75
"anchor_228","HOG:0006131","BDIS","leaf","T5",56.4998699010652,"leaf::T5",4,0.989301673714345,0.344441523329484,"module",1
"anchor_228","HOG:0006131","BDIS","root","T1",7.47957433613505,"root::T1",4,-0.588579023042185,0.296976713945242,"module",0
"anchor_228","HOG:0006131","BDIS","root","T2",14.5,"root::T2",4,1.53672008444705,0.874371332752017,"module",0.25
"anchor_228","HOG:0006131","BDIS","root","T3",28.4898614550509,"root::T3",4,0.237790922992596,0.232072408080045,"module",0.5
"anchor_228","HOG:0006131","BDIS","root","T4",42.7313175218636,"root::T4",4,-0.248227410450213,0.281214065712774,"module",0.75
"anchor_228","HOG:0006131","BDIS","root","T5",56.4998699010652,"root::T5",4,1.09204379325634,0.908629767176041,"module",1
"anchor_228","HOG:0006131","BMAX","leaf","T1",7.47957433613505,"leaf::T1",4,-1.18826184034551,0.131944794108112,"module",0
"anchor_228","HOG:0006131","BMAX","leaf","T2",14.5,"leaf::T2",4,-1.12107308033412,0.820387445935983,"module",0.25
"anchor_228","HOG:0006131","BMAX","leaf","T3",28.4898614550509,"leaf::T3",4,0.210036697334858,0.13090589490838,"module",0.5
"anchor_228","HOG:0006131","BMAX","leaf","T4",42.7313175218636,"leaf::T4",4,-1.04521051016456,1.28717546341364,"module",0.75
"anchor_228","HOG:0006131","BMAX","leaf","T5",56.4998699010652,"leaf::T5",4,-0.780039745865529,0.267438467096354,"module",1
"anchor_228","HOG:0006131","BMAX","root","T1",7.47957433613505,"root::T1",4,-0.101243990905143,0.0793634504832692,"module",0
"anchor_228","HOG:0006131","BMAX","root","T2",14.5,"root::T2",4,0.573548298352914,0.631798327113252,"module",0.25
"anchor_228","HOG:0006131","BMAX","root","T3",28.4898614550509,"root::T3",4,0.903942284954202,0.462630089426762,"module",0.5
"anchor_228","HOG:0006131","BMAX","root","T4",42.7313175218636,"root::T4",4,1.38351776813671,0.230436816454309,"module",0.75
"anchor_228","HOG:0006131","BMAX","root","T5",56.4998699010652,"root::T5",4,0.600458736500873,0.388363424917598,"module",1
"anchor_228","HOG:0006131","BMED","leaf","T1",7.47957433613505,"leaf::T1",4,-0.873883316288117,0.116574259388061,"module",0
"anchor_228","HOG:0006131","BMED","leaf","T2",14.5,"leaf::T2",4,0.671531675682712,0.0632512675679214,"module",0.25
"anchor_228","HOG:0006131","BMED","leaf","T3",28.4898614550509,"leaf::T3",4,0.0373223367524348,0.139207386182548,"module",0.5
"anchor_228","HOG:0006131","BMED","leaf","T4",42.7313175218636,"leaf::T4",4,-0.218565848888331,0.134899902648001,"module",0.75
"anchor_228","HOG:0006131","BMED","leaf","T5",56.4998699010652,"leaf::T5",4,-0.882580770231875,0.0948042552529086,"module",1
"anchor_228","HOG:0006131","BMED","root","T1",7.47957433613505,"root::T1",4,-1.12880696466788,0.544771352455681,"module",0
"anchor_228","HOG:0006131","BMED","root","T2",14.5,"root::T2",4,1.24358890330484,0.39762558679149,"module",0.25
"anchor_228","HOG:0006131","BMED","root","T3",28.4898614550509,"root::T3",4,-0.507279353751096,0.689171073832679,"module",0.5
"anchor_228","HOG:0006131","BMED","root","T4",42.7313175218636,"root::T4",4,0.518489539296669,0.26190452967198,"module",0.75
"anchor_228","HOG:0006131","BMED","root","T5",56.4998699010652,"root::T5",4,0.855394802008186,0.454731659053946,"module",1
"anchor_228","HOG:0006131","BSYL","leaf","T1",7.47957433613505,"leaf::T1",4,0.00257176145550188,0.0713768838171911,"module",0
"anchor_228","HOG:0006131","BSYL","leaf","T2",14.5,"leaf::T2",4,1.3952629518802,0.404718122859822,"module",0.25
"anchor_228","HOG:0006131","BSYL","leaf","T3",28.4898614550509,"leaf::T3",4,0.549324353470274,0.135225317358963,"module",0.5
"anchor_228","HOG:0006131","BSYL","leaf","T4",42.7313175218636,"leaf::T4",4,0.271347404862647,0.125992477469577,"module",0.75
"anchor_228","HOG:0006131","BSYL","leaf","T5",56.4998699010652,"leaf::T5",4,0.307466099446026,0.535215707681195,"module",1
"anchor_228","HOG:0006131","BSYL","root","T1",7.47957433613505,"root::T1",4,-0.848511578501068,0.0671949182843448,"module",0
"anchor_228","HOG:0006131","BSYL","root","T2",14.5,"root::T2",4,0.233176709238403,0.441384198246802,"module",0.25
"anchor_228","HOG:0006131","BSYL","root","T3",28.4898614550509,"root::T3",4,-0.277218017853772,0.401847833052697,"module",0.5
"anchor_228","HOG:0006131","BSYL","root","T4",42.7313175218636,"root::T4",4,-0.756141383704184,0.153560559872132,"module",0.75
"anchor_228","HOG:0006131","BSYL","root","T5",56.4998699010652,"root::T5",4,-0.465089936975261,0.559338908335834,"module",1
"anchor_228","HOG:0006131","FPRA","leaf","T1",7.47957433613505,"leaf::T1",4,-0.675321664505611,0.0369602743772979,"module",0
"anchor_228","HOG:0006131","FPRA","leaf","T2",14.5,"leaf::T2",4,-0.5746009180693,0.246918919275343,"module",0.25
"anchor_228","HOG:0006131","FPRA","leaf","T3",28.4898614550509,"leaf::T3",4,-0.53004014667304,0.426932690344478,"module",0.5
"anchor_228","HOG:0006131","FPRA","leaf","T4",42.7313175218636,"leaf::T4",4,-0.984380755123698,0.370290628063515,"module",0.75
"anchor_228","HOG:0006131","FPRA","leaf","T5",56.4998699010652,"leaf::T5",4,-0.615190985821826,0.209592454175971,"module",1
"anchor_228","HOG:0006131","FPRA","root","T1",7.47957433613505,"root::T1",4,0.0778783923147405,0.0710002957880392,"module",0
"anchor_228","HOG:0006131","FPRA","root","T2",14.5,"root::T2",4,2.42448031850343,0.476382184142184,"module",0.25
"anchor_228","HOG:0006131","FPRA","root","T3",28.4898614550509,"root::T3",4,1.65473189622752,0.625816342210837,"module",0.5
"anchor_228","HOG:0006131","FPRA","root","T4",42.7313175218636,"root::T4",4,0.402913897125299,0.169956032238323,"module",0.75
"anchor_228","HOG:0006131","FPRA","root","T5",56.4998699010652,"root::T5",4,0.573199015328074,0.176851526282625,"module",1
"anchor_228","HOG:0006131","HJUB","leaf","T1",7.47957433613505,"leaf::T1",4,-0.798315597989984,0.08357260451016,"module",0
"anchor_228","HOG:0006131","HJUB","leaf","T2",14.5,"leaf::T2",4,-0.655268846847407,0.237719634016704,"module",0.25
"anchor_228","HOG:0006131","HJUB","leaf","T3",28.4898614550509,"leaf::T3",4,0.123919684728112,0.56765196198088,"module",0.5
"anchor_228","HOG:0006131","HJUB","leaf","T4",42.7313175218636,"leaf::T4",4,-0.267497275868604,0.233895634204037,"module",0.75
"anchor_228","HOG:0006131","HJUB","leaf","T5",56.4998699010652,"leaf::T5",4,-0.415190737295072,0.143281148474035,"module",1
"anchor_228","HOG:0006131","HJUB","root","T1",7.47957433613505,"root::T1",4,-0.185703642309208,0.103574798488868,"module",0
"anchor_228","HOG:0006131","HJUB","root","T2",14.5,"root::T2",4,0.763965988160601,0.294279389481629,"module",0.25
"anchor_228","HOG:0006131","HJUB","root","T3",28.4898614550509,"root::T3",4,0.660409446453005,0.531591669423908,"module",0.5
"anchor_228","HOG:0006131","HJUB","root","T4",42.7313175218636,"root::T4",4,1.34987978082128,0.310942569248279,"module",0.75
"anchor_228","HOG:0006131","HJUB","root","T5",56.4998699010652,"root::T5",4,0.97035357109398,0.229667781522411,"module",1
"anchor_228","HOG:0006131","HVUL","leaf","T1",7.47957433613505,"leaf::T1",4,-0.993332047712539,0.0628158061746526,"module",0
"anchor_228","HOG:0006131","HVUL","leaf","T2",14.5,"leaf::T2",4,-1.07804095735456,0.186161627151263,"module",0.25
"anchor_228","HOG:0006131","HVUL","leaf","T3",28.4898614550509,"leaf::T3",4,-0.751017579130813,0.408284712849112,"module",0.5
"anchor_228","HOG:0006131","HVUL","leaf","T4",42.7313175218636,"leaf::T4",4,-0.343007782673211,0.149217624777438,"module",0.75
"anchor_228","HOG:0006131","HVUL","leaf","T5",56.4998699010652,"leaf::T5",4,-0.444243522870753,0.440831854689867,"module",1
"anchor_228","HOG:0006131","HVUL","root","T1",7.47957433613505,"root::T1",4,0.0909457792000933,0.101969896086303,"module",0
"anchor_228","HOG:0006131","HVUL","root","T2",14.5,"root::T2",4,0.869879166976819,0.568503008403487,"module",0.25
"anchor_228","HOG:0006131","HVUL","root","T3",28.4898614550509,"root::T3",4,0.603876091223052,0.242251379613009,"module",0.5
"anchor_228","HOG:0006131","HVUL","root","T4",42.7313175218636,"root::T4",4,1.3288294695735,0.595108989021413,"module",0.75
"anchor_228","HOG:0006131","HVUL","root","T5",56.4998699010652,"root::T5",4,0.840112702366482,0.314913949993865,"module",1
"anchor_228","HOG:0006131","VBRO","leaf","T1",7.47957433613505,"leaf::T1",4,-0.29044673713003,0.106254412370559,"module",0
"anchor_228","HOG:0006131","VBRO","leaf","T2",14.5,"leaf::T2",4,0.264908925696669,0.47981114625694,"module",0.25
"anchor_228","HOG:0006131","VBRO","leaf","T3",28.4898614550509,"leaf::T3",3,-0.1329198739059,0.308281976553608,"module",0.5
"anchor_228","HOG:0006131","VBRO","leaf","T4",42.7313175218636,"leaf::T4",4,-1.21903443789454,0.990334544669853,"module",0.75
"anchor_228","HOG:0006131","VBRO","leaf","T5",56.4998699010652,"leaf::T5",4,-0.948793416373303,0.164198446798882,"module",1
"anchor_228","HOG:0006131","VBRO","root","T1",7.47957433613505,"root::T1",4,-0.431543741509037,0.0935539349761875,"module",0
"anchor_228","HOG:0006131","VBRO","root","T2",14.5,"root::T2",4,0.750307402506433,0.288816275498557,"module",0.25
"anchor_228","HOG:0006131","VBRO","root","T3",28.4898614550509,"root::T3",3,1.68605105980662,1.30591824649512,"module",0.5
"anchor_228","HOG:0006131","VBRO","root","T4",42.7313175218636,"root::T4",4,0.172144238816668,0.0974281587866782,"module",0.75
"anchor_228","HOG:0006131","VBRO","root","T5",56.4998699010652,"root::T5",4,2.09010368205473,0.89358722430221,"module",1
"anchor_196","HOG:0006523","BDIS","leaf","T1",7.47957433613505,"leaf::T1",4,-0.966584227613019,0.0234711288944769,"anchor",0
"anchor_196","HOG:0006523","BDIS","leaf","T2",14.5,"leaf::T2",4,-0.911184943055929,0.0285927643917029,"anchor",0.25
"anchor_196","HOG:0006523","BDIS","leaf","T3",28.4898614550509,"leaf::T3",4,-0.85887064303105,0.082229748964699,"anchor",0.5
"anchor_196","HOG:0006523","BDIS","leaf","T4",42.7313175218636,"leaf::T4",4,-0.79168926705513,0.0456431300303497,"anchor",0.75
"anchor_196","HOG:0006523","BDIS","leaf","T5",56.4998699010652,"leaf::T5",4,-0.585699600202773,0.0964270727732045,"anchor",1
"anchor_196","HOG:0006523","BDIS","root","T1",7.47957433613505,"root::T1",4,0.462636230519607,0.0227287512348203,"anchor",0
"anchor_196","HOG:0006523","BDIS","root","T2",14.5,"root::T2",4,0.62462723982633,0.083960662654951,"anchor",0.25
"anchor_196","HOG:0006523","BDIS","root","T3",28.4898614550509,"root::T3",4,0.516542443616991,0.068140668830797,"anchor",0.5
"anchor_196","HOG:0006523","BDIS","root","T4",42.7313175218636,"root::T4",4,0.436798872570762,0.073068080902816,"anchor",0.75
"anchor_196","HOG:0006523","BDIS","root","T5",56.4998699010652,"root::T5",4,0.522660611917423,0.091388321403495,"anchor",1
"anchor_196","HOG:0006523","BMAX","leaf","T1",7.47957433613505,"leaf::T1",4,-0.882117763233963,0.0158466980315074,"anchor",0
"anchor_196","HOG:0006523","BMAX","leaf","T2",14.5,"leaf::T2",4,-0.815803822135337,0.0650145086048855,"anchor",0.25
"anchor_196","HOG:0006523","BMAX","leaf","T3",28.4898614550509,"leaf::T3",4,-0.515953694590727,0.0251320222754698,"anchor",0.5
"anchor_196","HOG:0006523","BMAX","leaf","T4",42.7313175218636,"leaf::T4",4,-0.834915466368923,0.1225674112797,"anchor",0.75
"anchor_196","HOG:0006523","BMAX","leaf","T5",56.4998699010652,"leaf::T5",4,-0.762752696865564,0.0405902273423148,"anchor",1
"anchor_196","HOG:0006523","BMAX","root","T1",7.47957433613505,"root::T1",4,0.611141519674692,0.05331696756476,"anchor",0
"anchor_196","HOG:0006523","BMAX","root","T2",14.5,"root::T2",4,0.811587462356824,0.0554371348556735,"anchor",0.25
"anchor_196","HOG:0006523","BMAX","root","T3",28.4898614550509,"root::T3",4,0.645729099436826,0.0898971959323415,"anchor",0.5
"anchor_196","HOG:0006523","BMAX","root","T4",42.7313175218636,"root::T4",4,0.610857521193894,0.0213018873281895,"anchor",0.75
"anchor_196","HOG:0006523","BMAX","root","T5",56.4998699010652,"root::T5",4,0.640450857755191,0.117770798138837,"anchor",1
"anchor_196","HOG:0006523","BMED","leaf","T1",7.47957433613505,"leaf::T1",4,-0.672662564760193,0.0416791691511382,"anchor",0
"anchor_196","HOG:0006523","BMED","leaf","T2",14.5,"leaf::T2",4,-0.797138482482374,0.0264245701750057,"anchor",0.25
"anchor_196","HOG:0006523","BMED","leaf","T3",28.4898614550509,"leaf::T3",4,-0.638065931382628,0.0159470425650691,"anchor",0.5
"anchor_196","HOG:0006523","BMED","leaf","T4",42.7313175218636,"leaf::T4",4,-0.688230558837517,0.104377255487547,"anchor",0.75
"anchor_196","HOG:0006523","BMED","leaf","T5",56.4998699010652,"leaf::T5",4,-0.305610076527275,0.075425181406375,"anchor",1
"anchor_196","HOG:0006523","BMED","root","T1",7.47957433613505,"root::T1",4,0.337435143045546,0.078486397900036,"anchor",0
"anchor_196","HOG:0006523","BMED","root","T2",14.5,"root::T2",4,0.753683144178127,0.067634799929796,"anchor",0.25
"anchor_196","HOG:0006523","BMED","root","T3",28.4898614550509,"root::T3",4,0.654889628857601,0.100858390964859,"anchor",0.5
"anchor_196","HOG:0006523","BMED","root","T4",42.7313175218636,"root::T4",4,0.731410021050461,0.0809503970743945,"anchor",0.75
"anchor_196","HOG:0006523","BMED","root","T5",56.4998699010652,"root::T5",4,0.8952605490065,0.0418893964421696,"anchor",1
"anchor_196","HOG:0006523","BSYL","leaf","T1",7.47957433613505,"leaf::T1",4,-0.760466803313347,0.0632082773581805,"anchor",0
"anchor_196","HOG:0006523","BSYL","leaf","T2",14.5,"leaf::T2",4,-0.306082591107376,0.108354952056056,"anchor",0.25
"anchor_196","HOG:0006523","BSYL","leaf","T3",28.4898614550509,"leaf::T3",4,-0.368085608536269,0.102112841845636,"anchor",0.5
"anchor_196","HOG:0006523","BSYL","leaf","T4",42.7313175218636,"leaf::T4",4,-0.386954804742229,0.105840628060846,"anchor",0.75
"anchor_196","HOG:0006523","BSYL","leaf","T5",56.4998699010652,"leaf::T5",4,-0.314375100356651,0.124692548212594,"anchor",1
"anchor_196","HOG:0006523","BSYL","root","T1",7.47957433613505,"root::T1",4,1.45215760523171,0.0722287039168945,"anchor",0
"anchor_196","HOG:0006523","BSYL","root","T2",14.5,"root::T2",4,1.64524253524024,0.081061937881353,"anchor",0.25
"anchor_196","HOG:0006523","BSYL","root","T3",28.4898614550509,"root::T3",4,1.44165037552407,0.18554732321742,"anchor",0.5
"anchor_196","HOG:0006523","BSYL","root","T4",42.7313175218636,"root::T4",4,0.71820178406243,0.146022875116598,"anchor",0.75
"anchor_196","HOG:0006523","BSYL","root","T5",56.4998699010652,"root::T5",4,0.198190478297924,0.52720729825512,"anchor",1
"anchor_196","HOG:0006523","FPRA","leaf","T1",7.47957433613505,"leaf::T1",4,-0.817817129876167,0.0484107352908784,"anchor",0
"anchor_196","HOG:0006523","FPRA","leaf","T2",14.5,"leaf::T2",4,-0.644120371829955,0.0533786942840365,"anchor",0.25
"anchor_196","HOG:0006523","FPRA","leaf","T3",28.4898614550509,"leaf::T3",4,-0.639937093191196,0.0248777531805994,"anchor",0.5
"anchor_196","HOG:0006523","FPRA","leaf","T4",42.7313175218636,"leaf::T4",4,-0.711804053083547,0.032384035134147,"anchor",0.75
"anchor_196","HOG:0006523","FPRA","leaf","T5",56.4998699010652,"leaf::T5",4,-0.574343313139363,0.0680321566560175,"anchor",1
"anchor_196","HOG:0006523","FPRA","root","T1",7.47957433613505,"root::T1",4,0.509130961172999,0.0361922035426937,"anchor",0
"anchor_196","HOG:0006523","FPRA","root","T2",14.5,"root::T2",4,0.780341747230991,0.039149600122845,"anchor",0.25
"anchor_196","HOG:0006523","FPRA","root","T3",28.4898614550509,"root::T3",4,0.784819068988809,0.0442011281655576,"anchor",0.5
"anchor_196","HOG:0006523","FPRA","root","T4",42.7313175218636,"root::T4",4,0.661510147478195,0.092516909213389,"anchor",0.75
"anchor_196","HOG:0006523","FPRA","root","T5",56.4998699010652,"root::T5",4,0.512371665449577,0.0392825726089613,"anchor",1
"anchor_196","HOG:0006523","HJUB","leaf","T1",7.47957433613505,"leaf::T1",4,-0.813274127715716,0.0206555044436178,"anchor",0
"anchor_196","HOG:0006523","HJUB","leaf","T2",14.5,"leaf::T2",4,-0.811640735137765,0.02645693503476,"anchor",0.25
"anchor_196","HOG:0006523","HJUB","leaf","T3",28.4898614550509,"leaf::T3",4,-0.568526331483471,0.119699031107639,"anchor",0.5
"anchor_196","HOG:0006523","HJUB","leaf","T4",42.7313175218636,"leaf::T4",4,-0.520595598307009,0.0610205119446575,"anchor",0.75
"anchor_196","HOG:0006523","HJUB","leaf","T5",56.4998699010652,"leaf::T5",4,-0.728061892755413,0.045042366893576,"anchor",1
"anchor_196","HOG:0006523","HJUB","root","T1",7.47957433613505,"root::T1",4,0.639470766536015,0.0257039846632972,"anchor",0
"anchor_196","HOG:0006523","HJUB","root","T2",14.5,"root::T2",4,0.657962409368936,0.081454014061593,"anchor",0.25
"anchor_196","HOG:0006523","HJUB","root","T3",28.4898614550509,"root::T3",4,0.683030657992083,0.0490262773233023,"anchor",0.5
"anchor_196","HOG:0006523","HJUB","root","T4",42.7313175218636,"root::T4",4,0.485092234718319,0.0790398972047335,"anchor",0.75
"anchor_196","HOG:0006523","HJUB","root","T5",56.4998699010652,"root::T5",4,0.641051589280867,0.0247330408924865,"anchor",1
"anchor_196","HOG:0006523","HVUL","leaf","T1",7.47957433613505,"leaf::T1",4,-0.874073905578282,0.0625571784795135,"anchor",0
"anchor_196","HOG:0006523","HVUL","leaf","T2",14.5,"leaf::T2",4,-0.684695691477657,0.11555730019713,"anchor",0.25
"anchor_196","HOG:0006523","HVUL","leaf","T3",28.4898614550509,"leaf::T3",4,-0.573676066805694,0.106770892546978,"anchor",0.5
"anchor_196","HOG:0006523","HVUL","leaf","T4",42.7313175218636,"leaf::T4",4,-0.746393031468191,0.051962212690121,"anchor",0.75
"anchor_196","HOG:0006523","HVUL","leaf","T5",56.4998699010652,"leaf::T5",4,-0.647823508029124,0.0706537813686335,"anchor",1
"anchor_196","HOG:0006523","HVUL","root","T1",7.47957433613505,"root::T1",4,0.667974444030041,0.0438910469582012,"anchor",0
"anchor_196","HOG:0006523","HVUL","root","T2",14.5,"root::T2",4,0.625686832539319,0.099241698922568,"anchor",0.25
"anchor_196","HOG:0006523","HVUL","root","T3",28.4898614550509,"root::T3",4,0.666954647658064,0.0570579578072115,"anchor",0.5
"anchor_196","HOG:0006523","HVUL","root","T4",42.7313175218636,"root::T4",4,0.779984976969952,0.087156376084775,"anchor",0.75
"anchor_196","HOG:0006523","HVUL","root","T5",56.4998699010652,"root::T5",4,0.538999205437867,0.079511545092566,"anchor",1
"anchor_196","HOG:0006523","VBRO","leaf","T1",7.47957433613505,"leaf::T1",4,-0.925746227118609,0.0257444825165935,"anchor",0
"anchor_196","HOG:0006523","VBRO","leaf","T2",14.5,"leaf::T2",4,-0.927834509649374,0.0675095740421405,"anchor",0.25
"anchor_196","HOG:0006523","VBRO","leaf","T3",28.4898614550509,"leaf::T3",3,-0.623738229073615,0.148461481820807,"anchor",0.5
"anchor_196","HOG:0006523","VBRO","leaf","T4",42.7313175218636,"leaf::T4",4,-0.745229371926471,0.15353764878601,"anchor",0.75
"anchor_196","HOG:0006523","VBRO","leaf","T5",56.4998699010652,"leaf::T5",4,-0.670871882849158,0.039791771481733,"anchor",1
"anchor_196","HOG:0006523","VBRO","root","T1",7.47957433613505,"root::T1",4,0.582619457895705,0.0269127425818518,"anchor",0
"anchor_196","HOG:0006523","VBRO","root","T2",14.5,"root::T2",4,0.561199192109973,0.0369898883346607,"anchor",0.25
"anchor_196","HOG:0006523","VBRO","root","T3",28.4898614550509,"root::T3",3,0.836271009916374,0.215365203431386,"anchor",0.5
"anchor_196","HOG:0006523","VBRO","root","T4",42.7313175218636,"root::T4",4,0.475391623871089,0.071249602835239,"anchor",0.75
"anchor_196","HOG:0006523","VBRO","root","T5",56.4998699010652,"root::T5",4,0.709768792570372,0.056184548869499,"anchor",1
"anchor_196","HOG:0006523","BDIS","leaf","T1",7.47957433613505,"leaf::T1",4,-0.819312304777152,0.030571313673568,"module",0
"anchor_196","HOG:0006523","BDIS","leaf","T2",14.5,"leaf::T2",4,-0.832796808244892,0.0477747301591342,"module",0.25
"anchor_196","HOG:0006523","BDIS","leaf","T3",28.4898614550509,"leaf::T3",4,-0.749218917849962,0.0672171315335423,"module",0.5
"anchor_196","HOG:0006523","BDIS","leaf","T4",42.7313175218636,"leaf::T4",4,-0.726775277554736,0.0253175313522703,"module",0.75
"anchor_196","HOG:0006523","BDIS","leaf","T5",56.4998699010652,"leaf::T5",4,-0.622969227697922,0.0526922602500101,"module",1
"anchor_196","HOG:0006523","BDIS","root","T1",7.47957433613505,"root::T1",4,0.553433131384036,0.0180665120715702,"module",0
"anchor_196","HOG:0006523","BDIS","root","T2",14.5,"root::T2",4,0.770558954185603,0.0872414656401437,"module",0.25
"anchor_196","HOG:0006523","BDIS","root","T3",28.4898614550509,"root::T3",4,0.599045317181273,0.0571514150211126,"module",0.5
"anchor_196","HOG:0006523","BDIS","root","T4",42.7313175218636,"root::T4",4,0.576544890518045,0.0467379255358951,"module",0.75
"anchor_196","HOG:0006523","BDIS","root","T5",56.4998699010652,"root::T5",4,0.61083391289358,0.0703614247183346,"module",1
"anchor_196","HOG:0006523","BMAX","leaf","T1",7.47957433613505,"leaf::T1",4,-0.841993329533604,0.0099880877945906,"module",0
"anchor_196","HOG:0006523","BMAX","leaf","T2",14.5,"leaf::T2",4,-0.829827624679677,0.0604246500302037,"module",0.25
"anchor_196","HOG:0006523","BMAX","leaf","T3",28.4898614550509,"leaf::T3",4,-0.67352105332772,0.0197744990629973,"module",0.5
"anchor_196","HOG:0006523","BMAX","leaf","T4",42.7313175218636,"leaf::T4",4,-0.748088493166622,0.107266594354798,"module",0.75
"anchor_196","HOG:0006523","BMAX","leaf","T5",56.4998699010652,"leaf::T5",4,-0.692279743316853,0.0441224969105612,"module",1
"anchor_196","HOG:0006523","BMAX","root","T1",7.47957433613505,"root::T1",4,0.551200817959247,0.0310481886675738,"module",0
"anchor_196","HOG:0006523","BMAX","root","T2",14.5,"root::T2",4,0.766295611387865,0.0733650104756199,"module",0.25
"anchor_196","HOG:0006523","BMAX","root","T3",28.4898614550509,"root::T3",4,0.60046090761037,0.0653842057505038,"module",0.5
"anchor_196","HOG:0006523","BMAX","root","T4",42.7313175218636,"root::T4",4,0.56377857406986,0.0266955469506533,"module",0.75
"anchor_196","HOG:0006523","BMAX","root","T5",56.4998699010652,"root::T5",4,0.604866541034257,0.0808688806783569,"module",1
"anchor_196","HOG:0006523","BMED","leaf","T1",7.47957433613505,"leaf::T1",4,-0.791326577108538,0.0321462006470202,"module",0
"anchor_196","HOG:0006523","BMED","leaf","T2",14.5,"leaf::T2",4,-0.878332861288443,0.0544624238799702,"module",0.25
"anchor_196","HOG:0006523","BMED","leaf","T3",28.4898614550509,"leaf::T3",4,-0.748084029084705,0.0419366016332816,"module",0.5
"anchor_196","HOG:0006523","BMED","leaf","T4",42.7313175218636,"leaf::T4",4,-0.773565777529846,0.0194604411131091,"module",0.75
"anchor_196","HOG:0006523","BMED","leaf","T5",56.4998699010652,"leaf::T5",4,-0.458022148225579,0.0885593519999425,"module",1
"anchor_196","HOG:0006523","BMED","root","T1",7.47957433613505,"root::T1",4,0.447464278548478,0.0659081759894807,"module",0
"anchor_196","HOG:0006523","BMED","root","T2",14.5,"root::T2",4,0.726848974685649,0.0474246715833547,"module",0.25
"anchor_196","HOG:0006523","BMED","root","T3",28.4898614550509,"root::T3",4,0.63773078657242,0.0711731663867708,"module",0.5
"anchor_196","HOG:0006523","BMED","root","T4",42.7313175218636,"root::T4",4,0.703501763423343,0.038247515226265,"module",0.75
"anchor_196","HOG:0006523","BMED","root","T5",56.4998699010652,"root::T5",4,0.82996694941632,0.067231689543206,"module",1
"anchor_196","HOG:0006523","BSYL","leaf","T1",7.47957433613505,"leaf::T1",4,-0.780677823171031,0.0560611100009409,"module",0
"anchor_196","HOG:0006523","BSYL","leaf","T2",14.5,"leaf::T2",4,-0.387744616481358,0.0542040819959081,"module",0.25
"anchor_196","HOG:0006523","BSYL","leaf","T3",28.4898614550509,"leaf::T3",4,-0.376897043413647,0.0751687976605338,"module",0.5
"anchor_196","HOG:0006523","BSYL","leaf","T4",42.7313175218636,"leaf::T4",4,-0.362921387923702,0.0966983999779846,"module",0.75
"anchor_196","HOG:0006523","BSYL","leaf","T5",56.4998699010652,"leaf::T5",4,-0.39419802477244,0.143801244172411,"module",1
"anchor_196","HOG:0006523","BSYL","root","T1",7.47957433613505,"root::T1",4,1.10352014141796,0.0747029310464166,"module",0
"anchor_196","HOG:0006523","BSYL","root","T2",14.5,"root::T2",4,1.35948333935348,0.0847493103257075,"module",0.25
"anchor_196","HOG:0006523","BSYL","root","T3",28.4898614550509,"root::T3",4,1.33531074678785,0.134531887540897,"module",0.5
"anchor_196","HOG:0006523","BSYL","root","T4",42.7313175218636,"root::T4",4,0.598588360975584,0.104273665578715,"module",0.75
"anchor_196","HOG:0006523","BSYL","root","T5",56.4998699010652,"root::T5",4,-0.0998508718567686,0.461097933099399,"module",1
"anchor_196","HOG:0006523","FPRA","leaf","T1",7.47957433613505,"leaf::T1",4,-0.882943661607823,0.052345236181163,"module",0
"anchor_196","HOG:0006523","FPRA","leaf","T2",14.5,"leaf::T2",4,-0.689669431074505,0.0233871051105815,"module",0.25
"anchor_196","HOG:0006523","FPRA","leaf","T3",28.4898614550509,"leaf::T3",4,-0.681653216816824,0.0198847154129395,"module",0.5
"anchor_196","HOG:0006523","FPRA","leaf","T4",42.7313175218636,"leaf::T4",4,-0.800545237561427,0.0554166548003405,"module",0.75
"anchor_196","HOG:0006523","FPRA","leaf","T5",56.4998699010652,"leaf::T5",4,-0.611035754277454,0.0513319362785278,"module",1
"anchor_196","HOG:0006523","FPRA","root","T1",7.47957433613505,"root::T1",4,0.519177346937496,0.0270241131115962,"module",0
"anchor_196","HOG:0006523","FPRA","root","T2",14.5,"root::T2",4,0.81993212419524,0.0409580824950422,"module",0.25
"anchor_196","HOG:0006523","FPRA","root","T3",28.4898614550509,"root::T3",4,0.769418494170661,0.0634633123293843,"module",0.5
"anchor_196","HOG:0006523","FPRA","root","T4",42.7313175218636,"root::T4",4,0.645096418807608,0.0711905542392493,"module",0.75
"anchor_196","HOG:0006523","FPRA","root","T5",56.4998699010652,"root::T5",4,0.566658745127687,0.0400601808216492,"module",1
"anchor_196","HOG:0006523","HJUB","leaf","T1",7.47957433613505,"leaf::T1",4,-0.809394244598579,0.0221677989682713,"module",0
"anchor_196","HOG:0006523","HJUB","leaf","T2",14.5,"leaf::T2",4,-0.759340625824145,0.0230271387660021,"module",0.25
"anchor_196","HOG:0006523","HJUB","leaf","T3",28.4898614550509,"leaf::T3",4,-0.622506430383511,0.0805930671320295,"module",0.5
"anchor_196","HOG:0006523","HJUB","leaf","T4",42.7313175218636,"leaf::T4",4,-0.628894169613051,0.0229874994015453,"module",0.75
"anchor_196","HOG:0006523","HJUB","leaf","T5",56.4998699010652,"leaf::T5",4,-0.72358729276422,0.020842584673264,"module",1
"anchor_196","HOG:0006523","HJUB","root","T1",7.47957433613505,"root::T1",4,0.640227577797984,0.0270404574436265,"module",0
"anchor_196","HOG:0006523","HJUB","root","T2",14.5,"root::T2",4,0.75092877373907,0.0389740458438811,"module",0.25
"anchor_196","HOG:0006523","HJUB","root","T3",28.4898614550509,"root::T3",4,0.712735046459532,0.0589637344203492,"module",0.5
"anchor_196","HOG:0006523","HJUB","root","T4",42.7313175218636,"root::T4",4,0.481125511869628,0.047262944368116,"module",0.75
"anchor_196","HOG:0006523","HJUB","root","T5",56.4998699010652,"root::T5",4,0.670310692688133,0.030164689039579,"module",1
"anchor_196","HOG:0006523","HVUL","leaf","T1",7.47957433613505,"leaf::T1",4,-0.943979212020436,0.0259933400988598,"module",0
"anchor_196","HOG:0006523","HVUL","leaf","T2",14.5,"leaf::T2",4,-0.69707524221703,0.0665178187244331,"module",0.25
"anchor_196","HOG:0006523","HVUL","leaf","T3",28.4898614550509,"leaf::T3",4,-0.668357125107439,0.0965567348343865,"module",0.5
"anchor_196","HOG:0006523","HVUL","leaf","T4",42.7313175218636,"leaf::T4",4,-0.794403792904939,0.0231541806659073,"module",0.75
"anchor_196","HOG:0006523","HVUL","leaf","T5",56.4998699010652,"leaf::T5",4,-0.563845318215898,0.0788474831470175,"module",1
"anchor_196","HOG:0006523","HVUL","root","T1",7.47957433613505,"root::T1",4,0.563328865470866,0.0660836237027143,"module",0
"anchor_196","HOG:0006523","HVUL","root","T2",14.5,"root::T2",4,0.714726965627365,0.0836753975875968,"module",0.25
"anchor_196","HOG:0006523","HVUL","root","T3",28.4898614550509,"root::T3",4,0.608327275560182,0.0628024734204852,"module",0.5
"anchor_196","HOG:0006523","HVUL","root","T4",42.7313175218636,"root::T4",4,0.730497096640391,0.080836751475219,"module",0.75
"anchor_196","HOG:0006523","HVUL","root","T5",56.4998699010652,"root::T5",4,0.569692319867259,0.0663179547075887,"module",1
"anchor_196","HOG:0006523","VBRO","leaf","T1",7.47957433613505,"leaf::T1",4,-0.895360735743735,0.0107306562665086,"module",0
"anchor_196","HOG:0006523","VBRO","leaf","T2",14.5,"leaf::T2",4,-0.900456830883778,0.0469233435351017,"module",0.25
"anchor_196","HOG:0006523","VBRO","leaf","T3",28.4898614550509,"leaf::T3",3,-0.719623860628564,0.0900190344093731,"module",0.5
"anchor_196","HOG:0006523","VBRO","leaf","T4",42.7313175218636,"leaf::T4",4,-0.802436271209948,0.150306524817981,"module",0.75
"anchor_196","HOG:0006523","VBRO","leaf","T5",56.4998699010652,"leaf::T5",4,-0.787060948685039,0.0236217101395713,"module",1
"anchor_196","HOG:0006523","VBRO","root","T1",7.47957433613505,"root::T1",4,0.508648323971436,0.0187147416775761,"module",0
"anchor_196","HOG:0006523","VBRO","root","T2",14.5,"root::T2",4,0.584760470147644,0.0294730529821053,"module",0.25
"anchor_196","HOG:0006523","VBRO","root","T3",28.4898614550509,"root::T3",3,0.641093045782306,0.099070507928692,"module",0.5
"anchor_196","HOG:0006523","VBRO","root","T4",42.7313175218636,"root::T4",4,0.505478042422648,0.0623890173185158,"module",0.75
"anchor_196","HOG:0006523","VBRO","root","T5",56.4998699010652,"root::T5",4,0.626730488053027,0.0385700738045351,"module",1
"anchor_155","HOG:0008637","BDIS","leaf","T1",7.47957433613505,"leaf::T1",4,-0.627536220393942,0.0484995039210527,"anchor",0
"anchor_155","HOG:0008637","BDIS","leaf","T2",14.5,"leaf::T2",4,-0.759022490831149,0.059792043727639,"anchor",0.25
"anchor_155","HOG:0008637","BDIS","leaf","T3",28.4898614550509,"leaf::T3",4,-0.724942089072237,0.069248277791388,"anchor",0.5
"anchor_155","HOG:0008637","BDIS","leaf","T4",42.7313175218636,"leaf::T4",4,-0.623139527115758,0.0173153563003119,"anchor",0.75
"anchor_155","HOG:0008637","BDIS","leaf","T5",56.4998699010652,"leaf::T5",4,-0.682397057912469,0.0298791824880918,"anchor",1
"anchor_155","HOG:0008637","BDIS","root","T1",7.47957433613505,"root::T1",4,0.697952638704174,0.0324156619824976,"anchor",0
"anchor_155","HOG:0008637","BDIS","root","T2",14.5,"root::T2",4,0.879426790247434,0.098013527601371,"anchor",0.25
"anchor_155","HOG:0008637","BDIS","root","T3",28.4898614550509,"root::T3",4,0.708117250539924,0.074586878159158,"anchor",0.5
"anchor_155","HOG:0008637","BDIS","root","T4",42.7313175218636,"root::T4",4,0.6784235532282,0.0655141563993895,"anchor",0.75
"anchor_155","HOG:0008637","BDIS","root","T5",56.4998699010652,"root::T5",4,0.620200982295124,0.0678342659241805,"anchor",1
"anchor_155","HOG:0008637","BMAX","leaf","T1",7.47957433613505,"leaf::T1",4,-0.592637848760039,0.0478037840735605,"anchor",0
"anchor_155","HOG:0008637","BMAX","leaf","T2",14.5,"leaf::T2",4,-0.645856662336214,0.100895805728274,"anchor",0.25
"anchor_155","HOG:0008637","BMAX","leaf","T3",28.4898614550509,"leaf::T3",4,-0.631123392245686,0.059016982850668,"anchor",0.5
"anchor_155","HOG:0008637","BMAX","leaf","T4",42.7313175218636,"leaf::T4",4,-0.588417059784257,0.067478372567295,"anchor",0.75
"anchor_155","HOG:0008637","BMAX","leaf","T5",56.4998699010652,"leaf::T5",4,-0.421886732787896,0.082663103901077,"anchor",1
"anchor_155","HOG:0008637","BMAX","root","T1",7.47957433613505,"root::T1",4,0.951604027236245,0.05327007237061,"anchor",0
"anchor_155","HOG:0008637","BMAX","root","T2",14.5,"root::T2",4,0.927613195684553,0.0335951565942851,"anchor",0.25
"anchor_155","HOG:0008637","BMAX","root","T3",28.4898614550509,"root::T3",4,0.701184228130479,0.080826186506593,"anchor",0.5
"anchor_155","HOG:0008637","BMAX","root","T4",42.7313175218636,"root::T4",4,0.436921217065717,0.078600030931654,"anchor",0.75
"anchor_155","HOG:0008637","BMAX","root","T5",56.4998699010652,"root::T5",4,0.896114642359625,0.0487559265011401,"anchor",1
"anchor_155","HOG:0008637","BMED","leaf","T1",7.47957433613505,"leaf::T1",4,-0.45939896612426,0.0528043622113935,"anchor",0
"anchor_155","HOG:0008637","BMED","leaf","T2",14.5,"leaf::T2",4,-0.496615919910495,0.132757279013611,"anchor",0.25
"anchor_155","HOG:0008637","BMED","leaf","T3",28.4898614550509,"leaf::T3",4,-0.343449417059722,0.085341093769598,"anchor",0.5
"anchor_155","HOG:0008637","BMED","leaf","T4",42.7313175218636,"leaf::T4",4,-0.347156477491612,0.05637753835532,"anchor",0.75
"anchor_155","HOG:0008637","BMED","leaf","T5",56.4998699010652,"leaf::T5",4,-0.38484754348092,0.08175118510099,"anchor",1
"anchor_155","HOG:0008637","BMED","root","T1",7.47957433613505,"root::T1",4,0.645259933702526,0.168080314647139,"anchor",0
"anchor_155","HOG:0008637","BMED","root","T2",14.5,"root::T2",4,1.13026360007971,0.0846971428294305,"anchor",0.25
"anchor_155","HOG:0008637","BMED","root","T3",28.4898614550509,"root::T3",4,0.97751518392699,0.071433793127392,"anchor",0.5
"anchor_155","HOG:0008637","BMED","root","T4",42.7313175218636,"root::T4",4,1.26335060765417,0.053896104591437,"anchor",0.75
"anchor_155","HOG:0008637","BMED","root","T5",56.4998699010652,"root::T5",4,1.29651710606608,0.098971356199739,"anchor",1
"anchor_155","HOG:0008637","BSYL","leaf","T1",7.47957433613505,"leaf::T1",4,-0.702932957082506,0.13320820902572,"anchor",0
"anchor_155","HOG:0008637","BSYL","leaf","T2",14.5,"leaf::T2",4,-0.541915067435871,0.0768238323728275,"anchor",0.25
"anchor_155","HOG:0008637","BSYL","leaf","T3",28.4898614550509,"leaf::T3",4,-0.211915090220725,0.10955478749865,"anchor",0.5
"anchor_155","HOG:0008637","BSYL","leaf","T4",42.7313175218636,"leaf::T4",4,-0.136452314420749,0.0696268846486405,"anchor",0.75
"anchor_155","HOG:0008637","BSYL","leaf","T5",56.4998699010652,"leaf::T5",4,-0.328806809654028,0.215561820543768,"anchor",1
"anchor_155","HOG:0008637","BSYL","root","T1",7.47957433613505,"root::T1",4,1.84153972939108,0.187873126772613,"anchor",0
"anchor_155","HOG:0008637","BSYL","root","T2",14.5,"root::T2",4,1.80055489771915,0.132153275140875,"anchor",0.25
"anchor_155","HOG:0008637","BSYL","root","T3",28.4898614550509,"root::T3",4,1.88430749426713,0.260134936604799,"anchor",0.5
"anchor_155","HOG:0008637","BSYL","root","T4",42.7313175218636,"root::T4",4,0.26112783803242,0.168450741636823,"anchor",0.75
"anchor_155","HOG:0008637","BSYL","root","T5",56.4998699010652,"root::T5",4,-0.529520536668436,1.03040994246095,"anchor",1
"anchor_155","HOG:0008637","FPRA","leaf","T1",7.47957433613505,"leaf::T1",4,-0.94400099790895,0.0764481998490305,"anchor",0
"anchor_155","HOG:0008637","FPRA","leaf","T2",14.5,"leaf::T2",4,-0.645585048110173,0.0495933276033362,"anchor",0.25
"anchor_155","HOG:0008637","FPRA","leaf","T3",28.4898614550509,"leaf::T3",4,-0.616623867272867,0.0473450059632317,"anchor",0.5
"anchor_155","HOG:0008637","FPRA","leaf","T4",42.7313175218636,"leaf::T4",4,-0.798474935915172,0.0614615030995595,"anchor",0.75
"anchor_155","HOG:0008637","FPRA","leaf","T5",56.4998699010652,"leaf::T5",4,-0.495947663283935,0.094034013858879,"anchor",1
"anchor_155","HOG:0008637","FPRA","root","T1",7.47957433613505,"root::T1",4,0.440670878419826,0.048992479039059,"anchor",0
"anchor_155","HOG:0008637","FPRA","root","T2",14.5,"root::T2",4,0.811738445025983,0.065911550417283,"anchor",0.25
"anchor_155","HOG:0008637","FPRA","root","T3",28.4898614550509,"root::T3",4,0.801779162900546,0.100282646744764,"anchor",0.5
"anchor_155","HOG:0008637","FPRA","root","T4",42.7313175218636,"root::T4",4,0.681491993756339,0.0878881643466045,"anchor",0.75
"anchor_155","HOG:0008637","FPRA","root","T5",56.4998699010652,"root::T5",4,0.591720130369222,0.0263807332730406,"anchor",1
"anchor_155","HOG:0008637","HJUB","leaf","T1",7.47957433613505,"leaf::T1",4,-0.579072848968702,0.0170373150282002,"anchor",0
"anchor_155","HOG:0008637","HJUB","leaf","T2",14.5,"leaf::T2",4,-0.607898692589995,0.047541625831476,"anchor",0.25
"anchor_155","HOG:0008637","HJUB","leaf","T3",28.4898614550509,"leaf::T3",4,-0.522175477894136,0.101146567361724,"anchor",0.5
"anchor_155","HOG:0008637","HJUB","leaf","T4",42.7313175218636,"leaf::T4",4,-0.807276990109608,0.0440115804644027,"anchor",0.75
"anchor_155","HOG:0008637","HJUB","leaf","T5",56.4998699010652,"leaf::T5",4,-0.837099708030567,0.0379750073456459,"anchor",1
"anchor_155","HOG:0008637","HJUB","root","T1",7.47957433613505,"root::T1",4,0.670201654941871,0.0358519243936335,"anchor",0
"anchor_155","HOG:0008637","HJUB","root","T2",14.5,"root::T2",4,0.694787188923353,0.0517342044079855,"anchor",0.25
"anchor_155","HOG:0008637","HJUB","root","T3",28.4898614550509,"root::T3",4,0.745948451995895,0.057238149746603,"anchor",0.5
"anchor_155","HOG:0008637","HJUB","root","T4",42.7313175218636,"root::T4",4,0.476563297157565,0.0565213295724775,"anchor",0.75
"anchor_155","HOG:0008637","HJUB","root","T5",56.4998699010652,"root::T5",4,0.560293950753882,0.070359135809783,"anchor",1
"anchor_155","HOG:0008637","HVUL","leaf","T1",7.47957433613505,"leaf::T1",4,-0.741686782227599,0.0416246753745656,"anchor",0
"anchor_155","HOG:0008637","HVUL","leaf","T2",14.5,"leaf::T2",4,-0.64566087027446,0.144209127125164,"anchor",0.25
"anchor_155","HOG:0008637","HVUL","leaf","T3",28.4898614550509,"leaf::T3",4,-0.776882864877826,0.0559899265516105,"anchor",0.5
"anchor_155","HOG:0008637","HVUL","leaf","T4",42.7313175218636,"leaf::T4",4,-0.834620694667555,0.051271855683666,"anchor",0.75
"anchor_155","HOG:0008637","HVUL","leaf","T5",56.4998699010652,"leaf::T5",4,-0.869601480454563,0.10935320048374,"anchor",1
"anchor_155","HOG:0008637","HVUL","root","T1",7.47957433613505,"root::T1",4,0.633860561662855,0.0316347327502726,"anchor",0
"anchor_155","HOG:0008637","HVUL","root","T2",14.5,"root::T2",4,0.685940736401539,0.131034805328484,"anchor",0.25
"anchor_155","HOG:0008637","HVUL","root","T3",28.4898614550509,"root::T3",4,0.501257833176527,0.0497998787714284,"anchor",0.5
"anchor_155","HOG:0008637","HVUL","root","T4",42.7313175218636,"root::T4",4,0.691396704462194,0.142826748241337,"anchor",0.75
"anchor_155","HOG:0008637","HVUL","root","T5",56.4998699010652,"root::T5",4,0.546225186333268,0.0362228792017289,"anchor",1
"anchor_155","HOG:0008637","VBRO","leaf","T1",7.47957433613505,"leaf::T1",4,-0.560673404923528,0.017696813895529,"anchor",0
"anchor_155","HOG:0008637","VBRO","leaf","T2",14.5,"leaf::T2",4,-0.777542928627253,0.109667043545794,"anchor",0.25
"anchor_155","HOG:0008637","VBRO","leaf","T3",28.4898614550509,"leaf::T3",3,-0.714197289392288,0.135453813860234,"anchor",0.5
"anchor_155","HOG:0008637","VBRO","leaf","T4",42.7313175218636,"leaf::T4",4,-0.839034171333208,0.240304103431186,"anchor",0.75
"anchor_155","HOG:0008637","VBRO","leaf","T5",56.4998699010652,"leaf::T5",4,-0.587867653105071,0.0561439616539965,"anchor",1
"anchor_155","HOG:0008637","VBRO","root","T1",7.47957433613505,"root::T1",4,0.777125269884549,0.0263127317874312,"anchor",0
"anchor_155","HOG:0008637","VBRO","root","T2",14.5,"root::T2",4,0.679152509202087,0.0309069595858257,"anchor",0.25
"anchor_155","HOG:0008637","VBRO","root","T3",28.4898614550509,"root::T3",3,0.656622962522139,0.0739629414231959,"anchor",0.5
"anchor_155","HOG:0008637","VBRO","root","T4",42.7313175218636,"root::T4",4,0.7702967492102,0.124504729538037,"anchor",0.75
"anchor_155","HOG:0008637","VBRO","root","T5",56.4998699010652,"root::T5",4,0.630955540778326,0.100461980328741,"anchor",1
"anchor_155","HOG:0008637","BDIS","leaf","T1",7.47957433613505,"leaf::T1",4,-0.678946321736684,0.0274709414532693,"module",0
"anchor_155","HOG:0008637","BDIS","leaf","T2",14.5,"leaf::T2",4,-0.780951363889254,0.0468283439073556,"module",0.25
"anchor_155","HOG:0008637","BDIS","leaf","T3",28.4898614550509,"leaf::T3",4,-0.710299204051414,0.0409291478948358,"module",0.5
"anchor_155","HOG:0008637","BDIS","leaf","T4",42.7313175218636,"leaf::T4",4,-0.665714739701386,0.0187021925316457,"module",0.75
"anchor_155","HOG:0008637","BDIS","leaf","T5",56.4998699010652,"leaf::T5",4,-0.636428783447743,0.0336178890174632,"module",1
"anchor_155","HOG:0008637","BDIS","root","T1",7.47957433613505,"root::T1",4,0.653016852626007,0.0164043021151666,"module",0
"anchor_155","HOG:0008637","BDIS","root","T2",14.5,"root::T2",4,0.811608994236014,0.0758572379709837,"module",0.25
"anchor_155","HOG:0008637","BDIS","root","T3",28.4898614550509,"root::T3",4,0.637162152146195,0.0453253091584738,"module",0.5
"anchor_155","HOG:0008637","BDIS","root","T4",42.7313175218636,"root::T4",4,0.658521061441984,0.0513660634594363,"module",0.75
"anchor_155","HOG:0008637","BDIS","root","T5",56.4998699010652,"root::T5",4,0.637224944945026,0.0588513401478264,"module",1
"anchor_155","HOG:0008637","BMAX","leaf","T1",7.47957433613505,"leaf::T1",4,-0.693254961504305,0.0123309090265549,"module",0
"anchor_155","HOG:0008637","BMAX","leaf","T2",14.5,"leaf::T2",4,-0.863928208735675,0.0941160824784929,"module",0.25
"anchor_155","HOG:0008637","BMAX","leaf","T3",28.4898614550509,"leaf::T3",4,-0.721298185906026,0.0124377076999907,"module",0.5
"anchor_155","HOG:0008637","BMAX","leaf","T4",42.7313175218636,"leaf::T4",4,-0.755523378395275,0.111622757102411,"module",0.75
"anchor_155","HOG:0008637","BMAX","leaf","T5",56.4998699010652,"leaf::T5",4,-0.60371749088226,0.0606838885236228,"module",1
"anchor_155","HOG:0008637","BMAX","root","T1",7.47957433613505,"root::T1",4,0.766417980341134,0.0349482647297191,"module",0
"anchor_155","HOG:0008637","BMAX","root","T2",14.5,"root::T2",4,0.842943874861992,0.0672933730656247,"module",0.25
"anchor_155","HOG:0008637","BMAX","root","T3",28.4898614550509,"root::T3",4,0.602186871708118,0.028894864114604,"module",0.5
"anchor_155","HOG:0008637","BMAX","root","T4",42.7313175218636,"root::T4",4,0.419703720918032,0.0337909334143216,"module",0.75
"anchor_155","HOG:0008637","BMAX","root","T5",56.4998699010652,"root::T5",4,0.684092086302936,0.0660895597562998,"module",1
"anchor_155","HOG:0008637","BMED","leaf","T1",7.47957433613505,"leaf::T1",4,-0.618425358064756,0.0288174097212492,"module",0
"anchor_155","HOG:0008637","BMED","leaf","T2",14.5,"leaf::T2",4,-0.652125267493853,0.0398430721184841,"module",0.25
"anchor_155","HOG:0008637","BMED","leaf","T3",28.4898614550509,"leaf::T3",4,-0.564041951248089,0.0479316816457251,"module",0.5
"anchor_155","HOG:0008637","BMED","leaf","T4",42.7313175218636,"leaf::T4",4,-0.619644273758465,0.0198370352889902,"module",0.75
"anchor_155","HOG:0008637","BMED","leaf","T5",56.4998699010652,"leaf::T5",4,-0.461109802390116,0.0547966429800744,"module",1
"anchor_155","HOG:0008637","BMED","root","T1",7.47957433613505,"root::T1",4,0.565356437324604,0.116190459544959,"module",0
"anchor_155","HOG:0008637","BMED","root","T2",14.5,"root::T2",4,0.904469411241124,0.0424693176101442,"module",0.25
"anchor_155","HOG:0008637","BMED","root","T3",28.4898614550509,"root::T3",4,0.71035539073912,0.107687502868772,"module",0.5
"anchor_155","HOG:0008637","BMED","root","T4",42.7313175218636,"root::T4",4,0.866962338665473,0.0168221449876065,"module",0.75
"anchor_155","HOG:0008637","BMED","root","T5",56.4998699010652,"root::T5",4,0.995497837940797,0.0925131401208822,"module",1
"anchor_155","HOG:0008637","BSYL","leaf","T1",7.47957433613505,"leaf::T1",4,-0.7720828252217,0.0619793197558817,"module",0
"anchor_155","HOG:0008637","BSYL","leaf","T2",14.5,"leaf::T2",4,-0.382122800109238,0.0661066044240109,"module",0.25
"anchor_155","HOG:0008637","BSYL","leaf","T3",28.4898614550509,"leaf::T3",4,-0.289618148907935,0.0597240886146811,"module",0.5
"anchor_155","HOG:0008637","BSYL","leaf","T4",42.7313175218636,"leaf::T4",4,-0.296319349046583,0.0992235124931324,"module",0.75
"anchor_155","HOG:0008637","BSYL","leaf","T5",56.4998699010652,"leaf::T5",4,-0.415612305817529,0.123373926128251,"module",1
"anchor_155","HOG:0008637","BSYL","root","T1",7.47957433613505,"root::T1",4,1.22011885171933,0.104595693689419,"module",0
"anchor_155","HOG:0008637","BSYL","root","T2",14.5,"root::T2",4,1.46541893079181,0.0930574585339731,"module",0.25
"anchor_155","HOG:0008637","BSYL","root","T3",28.4898614550509,"root::T3",4,1.40815182295213,0.133979772402956,"module",0.5
"anchor_155","HOG:0008637","BSYL","root","T4",42.7313175218636,"root::T4",4,0.500191659935696,0.122161388872629,"module",0.75
"anchor_155","HOG:0008637","BSYL","root","T5",56.4998699010652,"root::T5",4,-0.531865076383621,0.792363724414482,"module",1
"anchor_155","HOG:0008637","FPRA","leaf","T1",7.47957433613505,"leaf::T1",4,-0.885202268468678,0.059032130644211,"module",0
"anchor_155","HOG:0008637","FPRA","leaf","T2",14.5,"leaf::T2",4,-0.670453503247741,0.0338206147995098,"module",0.25
"anchor_155","HOG:0008637","FPRA","leaf","T3",28.4898614550509,"leaf::T3",4,-0.682671649233409,0.0352127733233011,"module",0.5
"anchor_155","HOG:0008637","FPRA","leaf","T4",42.7313175218636,"leaf::T4",4,-0.831962493795949,0.062974107372141,"module",0.75
"anchor_155","HOG:0008637","FPRA","leaf","T5",56.4998699010652,"leaf::T5",4,-0.609777124231385,0.0450472900629906,"module",1
"anchor_155","HOG:0008637","FPRA","root","T1",7.47957433613505,"root::T1",4,0.518097993136459,0.0320970999822424,"module",0
"anchor_155","HOG:0008637","FPRA","root","T2",14.5,"root::T2",4,0.860971061354418,0.0590073959536279,"module",0.25
"anchor_155","HOG:0008637","FPRA","root","T3",28.4898614550509,"root::T3",4,0.771986815176049,0.0940648122979238,"module",0.5
"anchor_155","HOG:0008637","FPRA","root","T4",42.7313175218636,"root::T4",4,0.63230088929538,0.0747999135924829,"module",0.75
"anchor_155","HOG:0008637","FPRA","root","T5",56.4998699010652,"root::T5",4,0.555939343568441,0.0439749981094568,"module",1
"anchor_155","HOG:0008637","HJUB","leaf","T1",7.47957433613505,"leaf::T1",4,-0.614565936311856,0.0289900872894566,"module",0
"anchor_155","HOG:0008637","HJUB","leaf","T2",14.5,"leaf::T2",4,-0.634700011692,0.0412607837244342,"module",0.25
"anchor_155","HOG:0008637","HJUB","leaf","T3",28.4898614550509,"leaf::T3",4,-0.569436096074813,0.0815207502469418,"module",0.5
"anchor_155","HOG:0008637","HJUB","leaf","T4",42.7313175218636,"leaf::T4",4,-0.777622870064359,0.0066168130380153,"module",0.75
"anchor_155","HOG:0008637","HJUB","leaf","T5",56.4998699010652,"leaf::T5",4,-0.842900872393042,0.0114714467909814,"module",1
"anchor_155","HOG:0008637","HJUB","root","T1",7.47957433613505,"root::T1",4,0.697879763022153,0.0306167047133161,"module",0
"anchor_155","HOG:0008637","HJUB","root","T2",14.5,"root::T2",4,0.757648549676894,0.029854847636639,"module",0.25
"anchor_155","HOG:0008637","HJUB","root","T3",28.4898614550509,"root::T3",4,0.745167339145743,0.0579722375034978,"module",0.5
"anchor_155","HOG:0008637","HJUB","root","T4",42.7313175218636,"root::T4",4,0.433346879560132,0.0399253825723981,"module",0.75
"anchor_155","HOG:0008637","HJUB","root","T5",56.4998699010652,"root::T5",4,0.625078608938477,0.0310160581052509,"module",1
"anchor_155","HOG:0008637","HVUL","leaf","T1",7.47957433613505,"leaf::T1",4,-0.795753747123797,0.0241992135740502,"module",0
"anchor_155","HOG:0008637","HVUL","leaf","T2",14.5,"leaf::T2",4,-0.621968092123362,0.0649039581740328,"module",0.25
"anchor_155","HOG:0008637","HVUL","leaf","T3",28.4898614550509,"leaf::T3",4,-0.62304320127803,0.0792596274434085,"module",0.5
"anchor_155","HOG:0008637","HVUL","leaf","T4",42.7313175218636,"leaf::T4",4,-0.692235197855553,0.0238691893873044,"module",0.75
"anchor_155","HOG:0008637","HVUL","leaf","T5",56.4998699010652,"leaf::T5",4,-0.564769756062838,0.0605458060491163,"module",1
"anchor_155","HOG:0008637","HVUL","root","T1",7.47957433613505,"root::T1",4,0.644253478417462,0.0551500544511964,"module",0
"anchor_155","HOG:0008637","HVUL","root","T2",14.5,"root::T2",4,0.775663601916929,0.0904335847491135,"module",0.25
"anchor_155","HOG:0008637","HVUL","root","T3",28.4898614550509,"root::T3",4,0.638651216227338,0.0653009931520853,"module",0.5
"anchor_155","HOG:0008637","HVUL","root","T4",42.7313175218636,"root::T4",4,0.760878862979986,0.0974261627707096,"module",0.75
"anchor_155","HOG:0008637","HVUL","root","T5",56.4998699010652,"root::T5",4,0.633494442955921,0.0495181681881362,"module",1
"anchor_155","HOG:0008637","VBRO","leaf","T1",7.47957433613505,"leaf::T1",4,-0.709124452808065,0.0085709923042406,"module",0
"anchor_155","HOG:0008637","VBRO","leaf","T2",14.5,"leaf::T2",4,-0.744673129780958,0.0561336814942711,"module",0.25
"anchor_155","HOG:0008637","VBRO","leaf","T3",28.4898614550509,"leaf::T3",3,-0.648416079167145,0.0547275686697658,"module",0.5
"anchor_155","HOG:0008637","VBRO","leaf","T4",42.7313175218636,"leaf::T4",4,-0.786696662737278,0.15537325857307,"module",0.75
"anchor_155","HOG:0008637","VBRO","leaf","T5",56.4998699010652,"leaf::T5",4,-0.698826253908109,0.017790057250581,"module",1
"anchor_155","HOG:0008637","VBRO","root","T1",7.47957433613505,"root::T1",4,0.697943624343953,0.0189158806772864,"module",0
"anchor_155","HOG:0008637","VBRO","root","T2",14.5,"root::T2",4,0.666285801899293,0.023300889279201,"module",0.25
"anchor_155","HOG:0008637","VBRO","root","T3",28.4898614550509,"root::T3",3,0.592283512884135,0.0711805034386506,"module",0.5
"anchor_155","HOG:0008637","VBRO","root","T4",42.7313175218636,"root::T4",4,0.644990568704371,0.0779772039806147,"module",0.75
"anchor_155","HOG:0008637","VBRO","root","T5",56.4998699010652,"root::T5",4,0.659905387000892,0.0714649940208001,"module",1
"anchor_124","HOG:0008697","BDIS","leaf","T1",7.47957433613505,"leaf::T1",4,-0.760856741161163,0.055223481547858,"anchor",0
"anchor_124","HOG:0008697","BDIS","leaf","T2",14.5,"leaf::T2",4,-0.87702850247929,0.0846137025295515,"anchor",0.25
"anchor_124","HOG:0008697","BDIS","leaf","T3",28.4898614550509,"leaf::T3",4,-0.695696202064527,0.104194065854967,"anchor",0.5
"anchor_124","HOG:0008697","BDIS","leaf","T4",42.7313175218636,"leaf::T4",4,-0.680067119747275,0.0317784966423005,"anchor",0.75
"anchor_124","HOG:0008697","BDIS","leaf","T5",56.4998699010652,"leaf::T5",4,-0.619784913731122,0.0673504321513565,"anchor",1
"anchor_124","HOG:0008697","BDIS","root","T1",7.47957433613505,"root::T1",4,0.59612420600076,0.0326976249012806,"anchor",0
"anchor_124","HOG:0008697","BDIS","root","T2",14.5,"root::T2",4,0.845124826371293,0.116233955714063,"anchor",0.25
"anchor_124","HOG:0008697","BDIS","root","T3",28.4898614550509,"root::T3",4,0.606798767572711,0.0821231441797395,"anchor",0.5
"anchor_124","HOG:0008697","BDIS","root","T4",42.7313175218636,"root::T4",4,0.649576462775103,0.074145380893707,"anchor",0.75
"anchor_124","HOG:0008697","BDIS","root","T5",56.4998699010652,"root::T5",4,0.652747142753053,0.07792404052763,"anchor",1
"anchor_124","HOG:0008697","BMAX","leaf","T1",7.47957433613505,"leaf::T1",4,-0.770049671594472,0.0392088045135737,"anchor",0
"anchor_124","HOG:0008697","BMAX","leaf","T2",14.5,"leaf::T2",4,-0.89784349561681,0.051499766423947,"anchor",0.25
"anchor_124","HOG:0008697","BMAX","leaf","T3",28.4898614550509,"leaf::T3",4,-0.758417197256693,0.0280450511304919,"anchor",0.5
"anchor_124","HOG:0008697","BMAX","leaf","T4",42.7313175218636,"leaf::T4",4,-0.725979685047833,0.052602752524298,"anchor",0.75
"anchor_124","HOG:0008697","BMAX","leaf","T5",56.4998699010652,"leaf::T5",4,-0.618119607586579,0.10848963766745,"anchor",1
"anchor_124","HOG:0008697","BMAX","root","T1",7.47957433613505,"root::T1",4,0.565024545216148,0.0317328946717928,"anchor",0
"anchor_124","HOG:0008697","BMAX","root","T2",14.5,"root::T2",4,0.749407823178084,0.058178060977278,"anchor",0.25
"anchor_124","HOG:0008697","BMAX","root","T3",28.4898614550509,"root::T3",4,0.533526026290158,0.0394846846642055,"anchor",0.5
"anchor_124","HOG:0008697","BMAX","root","T4",42.7313175218636,"root::T4",4,0.397066597262753,0.0372713537467861,"anchor",0.75
"anchor_124","HOG:0008697","BMAX","root","T5",56.4998699010652,"root::T5",4,0.588490437512607,0.0509965703575295,"anchor",1
"anchor_124","HOG:0008697","BMED","leaf","T1",7.47957433613505,"leaf::T1",4,-1.25206309083797,0.070645637256763,"anchor",0
"anchor_124","HOG:0008697","BMED","leaf","T2",14.5,"leaf::T2",4,-1.55396668683496,0.154459540004568,"anchor",0.25
"anchor_124","HOG:0008697","BMED","leaf","T3",28.4898614550509,"leaf::T3",4,-1.11135915831788,0.0680747258254155,"anchor",0.5
"anchor_124","HOG:0008697","BMED","leaf","T4",42.7313175218636,"leaf::T4",4,-1.11368339776183,0.08255214790356,"anchor",0.75
"anchor_124","HOG:0008697","BMED","leaf","T5",56.4998699010652,"leaf::T5",4,-0.707565848815223,0.201689809089174,"anchor",1
"anchor_124","HOG:0008697","BMED","root","T1",7.47957433613505,"root::T1",4,0.249249580918914,0.0442081265571904,"anchor",0
"anchor_124","HOG:0008697","BMED","root","T2",14.5,"root::T2",4,0.544774988945126,0.0318364068153343,"anchor",0.25
"anchor_124","HOG:0008697","BMED","root","T3",28.4898614550509,"root::T3",4,0.485493854204306,0.055452517306193,"anchor",0.5
"anchor_124","HOG:0008697","BMED","root","T4",42.7313175218636,"root::T4",4,0.589158201774138,0.0241761844282083,"anchor",0.75
"anchor_124","HOG:0008697","BMED","root","T5",56.4998699010652,"root::T5",4,0.656513598965785,0.0498933663532248,"anchor",1
"anchor_124","HOG:0008697","BSYL","leaf","T1",7.47957433613505,"leaf::T1",4,-0.692929822180046,0.0411551205621356,"anchor",0
"anchor_124","HOG:0008697","BSYL","leaf","T2",14.5,"leaf::T2",4,-0.505549288182317,0.130167218377746,"anchor",0.25
"anchor_124","HOG:0008697","BSYL","leaf","T3",28.4898614550509,"leaf::T3",4,-0.152130651505652,0.089971922225862,"anchor",0.5
"anchor_124","HOG:0008697","BSYL","leaf","T4",42.7313175218636,"leaf::T4",4,-0.160279803257634,0.055166470155619,"anchor",0.75
"anchor_124","HOG:0008697","BSYL","leaf","T5",56.4998699010652,"leaf::T5",4,-0.265658609371153,0.0978676948109145,"anchor",1
"anchor_124","HOG:0008697","BSYL","root","T1",7.47957433613505,"root::T1",4,1.29240617475459,0.072149372128782,"anchor",0
"anchor_124","HOG:0008697","BSYL","root","T2",14.5,"root::T2",4,1.51978999236643,0.114889805022571,"anchor",0.25
"anchor_124","HOG:0008697","BSYL","root","T3",28.4898614550509,"root::T3",4,1.57839858350552,0.162267664085729,"anchor",0.5
"anchor_124","HOG:0008697","BSYL","root","T4",42.7313175218636,"root::T4",4,0.925995453602689,0.107108911862736,"anchor",0.75
"anchor_124","HOG:0008697","BSYL","root","T5",56.4998699010652,"root::T5",4,0.241856924356401,0.306897985840473,"anchor",1
"anchor_124","HOG:0008697","FPRA","leaf","T1",7.47957433613505,"leaf::T1",4,-0.961357430191593,0.0713134076005235,"anchor",0
"anchor_124","HOG:0008697","FPRA","leaf","T2",14.5,"leaf::T2",4,-0.684677506854863,0.022324918452748,"anchor",0.25
"anchor_124","HOG:0008697","FPRA","leaf","T3",28.4898614550509,"leaf::T3",4,-0.634370927389488,0.0406614238341887,"anchor",0.5
"anchor_124","HOG:0008697","FPRA","leaf","T4",42.7313175218636,"leaf::T4",4,-0.804493864769173,0.069613383805554,"anchor",0.75
"anchor_124","HOG:0008697","FPRA","leaf","T5",56.4998699010652,"leaf::T5",4,-0.623427294902354,0.096311486466112,"anchor",1
"anchor_124","HOG:0008697","FPRA","root","T1",7.47957433613505,"root::T1",4,0.592455627485936,0.0376658735898732,"anchor",0
"anchor_124","HOG:0008697","FPRA","root","T2",14.5,"root::T2",4,0.754805291066573,0.0504509876363625,"anchor",0.25
"anchor_124","HOG:0008697","FPRA","root","T3",28.4898614550509,"root::T3",4,0.721200846924834,0.0549122086983495,"anchor",0.5
"anchor_124","HOG:0008697","FPRA","root","T4",42.7313175218636,"root::T4",4,0.665434083077399,0.050435924976668,"anchor",0.75
"anchor_124","HOG:0008697","FPRA","root","T5",56.4998699010652,"root::T5",4,0.614040804201405,0.015009820468653,"anchor",1
"anchor_124","HOG:0008697","HJUB","leaf","T1",7.47957433613505,"leaf::T1",4,-0.686147218228276,0.0339905878308319,"anchor",0
"anchor_124","HOG:0008697","HJUB","leaf","T2",14.5,"leaf::T2",4,-0.734235281552314,0.0516638386231005,"anchor",0.25
"anchor_124","HOG:0008697","HJUB","leaf","T3",28.4898614550509,"leaf::T3",4,-0.745264836572915,0.0245586479665852,"anchor",0.5
"anchor_124","HOG:0008697","HJUB","leaf","T4",42.7313175218636,"leaf::T4",4,-0.627050138246636,0.0480338954807675,"anchor",0.75
"anchor_124","HOG:0008697","HJUB","leaf","T5",56.4998699010652,"leaf::T5",4,-0.602352196923576,0.0403735846386516,"anchor",1
"anchor_124","HOG:0008697","HJUB","root","T1",7.47957433613505,"root::T1",4,0.572938182805215,0.0181816689900666,"anchor",0
"anchor_124","HOG:0008697","HJUB","root","T2",14.5,"root::T2",4,0.700897718126295,0.0321250067989154,"anchor",0.25
"anchor_124","HOG:0008697","HJUB","root","T3",28.4898614550509,"root::T3",4,0.737385673863478,0.0535001828840005,"anchor",0.5
"anchor_124","HOG:0008697","HJUB","root","T4",42.7313175218636,"root::T4",4,0.624111840778596,0.032110167514433,"anchor",0.75
"anchor_124","HOG:0008697","HJUB","root","T5",56.4998699010652,"root::T5",4,0.662920647021453,0.0253992893004459,"anchor",1
"anchor_124","HOG:0008697","HVUL","leaf","T1",7.47957433613505,"leaf::T1",4,-1.05589133842425,0.0279969080232218,"anchor",0
"anchor_124","HOG:0008697","HVUL","leaf","T2",14.5,"leaf::T2",4,-0.690048375608101,0.133227776408264,"anchor",0.25
"anchor_124","HOG:0008697","HVUL","leaf","T3",28.4898614550509,"leaf::T3",4,-0.670659203333134,0.09645762263942,"anchor",0.5
"anchor_124","HOG:0008697","HVUL","leaf","T4",42.7313175218636,"leaf::T4",4,-0.686726104479566,0.017389733970573,"anchor",0.75
"anchor_124","HOG:0008697","HVUL","leaf","T5",56.4998699010652,"leaf::T5",4,-0.286859068381815,0.123232338308564,"anchor",1
"anchor_124","HOG:0008697","HVUL","root","T1",7.47957433613505,"root::T1",4,0.522884941994542,0.159478226924804,"anchor",0
"anchor_124","HOG:0008697","HVUL","root","T2",14.5,"root::T2",4,0.7879629695522,0.0935847843482845,"anchor",0.25
"anchor_124","HOG:0008697","HVUL","root","T3",28.4898614550509,"root::T3",4,0.713354842868696,0.0813730402804015,"anchor",0.5
"anchor_124","HOG:0008697","HVUL","root","T4",42.7313175218636,"root::T4",4,0.771976710348891,0.082871498520445,"anchor",0.75
"anchor_124","HOG:0008697","HVUL","root","T5",56.4998699010652,"root::T5",4,0.706940016297643,0.059841589250832,"anchor",1
"anchor_124","HOG:0008697","VBRO","leaf","T1",7.47957433613505,"leaf::T1",4,-1.18495428598838,0.0376913265153504,"anchor",0
"anchor_124","HOG:0008697","VBRO","leaf","T2",14.5,"leaf::T2",4,-1.11146442261487,0.0476343256274993,"anchor",0.25
"anchor_124","HOG:0008697","VBRO","leaf","T3",28.4898614550509,"leaf::T3",3,-0.989485789248947,0.151895533495225,"anchor",0.5
"anchor_124","HOG:0008697","VBRO","leaf","T4",42.7313175218636,"leaf::T4",4,-0.695829613302925,0.144963942757776,"anchor",0.75
"anchor_124","HOG:0008697","VBRO","leaf","T5",56.4998699010652,"leaf::T5",4,-0.750325606841664,0.039617230348499,"anchor",1
"anchor_124","HOG:0008697","VBRO","root","T1",7.47957433613505,"root::T1",4,0.498919863293247,0.0166646215690688,"anchor",0
"anchor_124","HOG:0008697","VBRO","root","T2",14.5,"root::T2",4,0.56681022519175,0.0160534171311339,"anchor",0.25
"anchor_124","HOG:0008697","VBRO","root","T3",28.4898614550509,"root::T3",3,0.411545356480904,0.078992671644128,"anchor",0.5
"anchor_124","HOG:0008697","VBRO","root","T4",42.7313175218636,"root::T4",4,0.467040316153747,0.050949438788389,"anchor",0.75
"anchor_124","HOG:0008697","VBRO","root","T5",56.4998699010652,"root::T5",4,0.634845925349103,0.075491861327486,"anchor",1
"anchor_124","HOG:0008697","BDIS","leaf","T1",7.47957433613505,"leaf::T1",4,-0.7277202632337,0.0290343015806064,"module",0
"anchor_124","HOG:0008697","BDIS","leaf","T2",14.5,"leaf::T2",4,-0.851476330540556,0.0549066095455228,"module",0.25
"anchor_124","HOG:0008697","BDIS","leaf","T3",28.4898614550509,"leaf::T3",4,-0.709151712915156,0.0583888253915393,"module",0.5
"anchor_124","HOG:0008697","BDIS","leaf","T4",42.7313175218636,"leaf::T4",4,-0.70949543782706,0.0223899318291336,"module",0.75
"anchor_124","HOG:0008697","BDIS","leaf","T5",56.4998699010652,"leaf::T5",4,-0.635910646839087,0.0416025860184865,"module",1
"anchor_124","HOG:0008697","BDIS","root","T1",7.47957433613505,"root::T1",4,0.600679179494595,0.0217979492524755,"module",0
"anchor_124","HOG:0008697","BDIS","root","T2",14.5,"root::T2",4,0.765537591903292,0.0837582189095498,"module",0.25
"anchor_124","HOG:0008697","BDIS","root","T3",28.4898614550509,"root::T3",4,0.60722940940777,0.060373325789188,"module",0.5
"anchor_124","HOG:0008697","BDIS","root","T4",42.7313175218636,"root::T4",4,0.632721453557927,0.0545652097543783,"module",0.75
"anchor_124","HOG:0008697","BDIS","root","T5",56.4998699010652,"root::T5",4,0.625943154145848,0.0590417434981107,"module",1
"anchor_124","HOG:0008697","BMAX","leaf","T1",7.47957433613505,"leaf::T1",4,-0.775194747589136,0.0268207539589192,"module",0
"anchor_124","HOG:0008697","BMAX","leaf","T2",14.5,"leaf::T2",4,-0.919333183649233,0.0635275299926588,"module",0.25
"anchor_124","HOG:0008697","BMAX","leaf","T3",28.4898614550509,"leaf::T3",4,-0.805415286612728,0.0111163104100562,"module",0.5
"anchor_124","HOG:0008697","BMAX","leaf","T4",42.7313175218636,"leaf::T4",4,-0.745574028263914,0.0563392599534751,"module",0.75
"anchor_124","HOG:0008697","BMAX","leaf","T5",56.4998699010652,"leaf::T5",4,-0.675405351543671,0.0796454515141093,"module",1
"anchor_124","HOG:0008697","BMAX","root","T1",7.47957433613505,"root::T1",4,0.620914738729771,0.0307692084173053,"module",0
"anchor_124","HOG:0008697","BMAX","root","T2",14.5,"root::T2",4,0.760015578491419,0.0515461436195055,"module",0.25
"anchor_124","HOG:0008697","BMAX","root","T3",28.4898614550509,"root::T3",4,0.566216669062714,0.0420592710051286,"module",0.5
"anchor_124","HOG:0008697","BMAX","root","T4",42.7313175218636,"root::T4",4,0.503481392806831,0.0260038801629403,"module",0.75
"anchor_124","HOG:0008697","BMAX","root","T5",56.4998699010652,"root::T5",4,0.597543008899285,0.0624395437314762,"module",1
"anchor_124","HOG:0008697","BMED","leaf","T1",7.47957433613505,"leaf::T1",4,-0.884015702888536,0.0291485161763155,"module",0
"anchor_124","HOG:0008697","BMED","leaf","T2",14.5,"leaf::T2",4,-1.09066601513717,0.0673497761694096,"module",0.25
"anchor_124","HOG:0008697","BMED","leaf","T3",28.4898614550509,"leaf::T3",4,-0.890796809114622,0.0440221004709716,"module",0.5
"anchor_124","HOG:0008697","BMED","leaf","T4",42.7313175218636,"leaf::T4",4,-0.901214183576693,0.0197054631559023,"module",0.75
"anchor_124","HOG:0008697","BMED","leaf","T5",56.4998699010652,"leaf::T5",4,-0.514248055532302,0.114905668903671,"module",1
"anchor_124","HOG:0008697","BMED","root","T1",7.47957433613505,"root::T1",4,0.44707296601027,0.0329738951377742,"module",0
"anchor_124","HOG:0008697","BMED","root","T2",14.5,"root::T2",4,0.617629359051108,0.0312710923385655,"module",0.25
"anchor_124","HOG:0008697","BMED","root","T3",28.4898614550509,"root::T3",4,0.590795926474708,0.0451338501947633,"module",0.5
"anchor_124","HOG:0008697","BMED","root","T4",42.7313175218636,"root::T4",4,0.611281368921735,0.027379268791269,"module",0.75
"anchor_124","HOG:0008697","BMED","root","T5",56.4998699010652,"root::T5",4,0.714164592551802,0.0541336005651552,"module",1
"anchor_124","HOG:0008697","BSYL","leaf","T1",7.47957433613505,"leaf::T1",4,-0.748050989969055,0.0488773219710867,"module",0
"anchor_124","HOG:0008697","BSYL","leaf","T2",14.5,"leaf::T2",4,-0.459697714866688,0.0504032825382913,"module",0.25
"anchor_124","HOG:0008697","BSYL","leaf","T3",28.4898614550509,"leaf::T3",4,-0.392789815784388,0.0715465033078437,"module",0.5
"anchor_124","HOG:0008697","BSYL","leaf","T4",42.7313175218636,"leaf::T4",4,-0.377603625785993,0.0963134173469896,"module",0.75
"anchor_124","HOG:0008697","BSYL","leaf","T5",56.4998699010652,"leaf::T5",4,-0.407983107412493,0.131210917384844,"module",1
"anchor_124","HOG:0008697","BSYL","root","T1",7.47957433613505,"root::T1",4,1.15397282684,0.0695391742903401,"module",0
"anchor_124","HOG:0008697","BSYL","root","T2",14.5,"root::T2",4,1.32507740090206,0.0716016342010289,"module",0.25
"anchor_124","HOG:0008697","BSYL","root","T3",28.4898614550509,"root::T3",4,1.37012703023201,0.108890002730254,"module",0.5
"anchor_124","HOG:0008697","BSYL","root","T4",42.7313175218636,"root::T4",4,0.68654171898846,0.0958618975611999,"module",0.75
"anchor_124","HOG:0008697","BSYL","root","T5",56.4998699010652,"root::T5",4,0.02504647334756,0.377337339197988,"module",1
"anchor_124","HOG:0008697","FPRA","leaf","T1",7.47957433613505,"leaf::T1",4,-0.934728048137253,0.0465036679518356,"module",0
"anchor_124","HOG:0008697","FPRA","leaf","T2",14.5,"leaf::T2",4,-0.71273736451138,0.0235073898166175,"module",0.25
"anchor_124","HOG:0008697","FPRA","leaf","T3",28.4898614550509,"leaf::T3",4,-0.72182172677073,0.0173201197911758,"module",0.5
"anchor_124","HOG:0008697","FPRA","leaf","T4",42.7313175218636,"leaf::T4",4,-0.814330245384622,0.0677947883573004,"module",0.75
"anchor_124","HOG:0008697","FPRA","leaf","T5",56.4998699010652,"leaf::T5",4,-0.602957647283347,0.0493096611637468,"module",1
"anchor_124","HOG:0008697","FPRA","root","T1",7.47957433613505,"root::T1",4,0.553400192172183,0.0280857657929072,"module",0
"anchor_124","HOG:0008697","FPRA","root","T2",14.5,"root::T2",4,0.747998227928105,0.0244425817257854,"module",0.25
"anchor_124","HOG:0008697","FPRA","root","T3",28.4898614550509,"root::T3",4,0.712550510401264,0.0411066776137257,"module",0.5
"anchor_124","HOG:0008697","FPRA","root","T4",42.7313175218636,"root::T4",4,0.645347950556402,0.0628900708518599,"module",0.75
"anchor_124","HOG:0008697","FPRA","root","T5",56.4998699010652,"root::T5",4,0.5793777009491,0.0381301896610489,"module",1
"anchor_124","HOG:0008697","HJUB","leaf","T1",7.47957433613505,"leaf::T1",4,-0.738343717762444,0.0223297540478107,"module",0
"anchor_124","HOG:0008697","HJUB","leaf","T2",14.5,"leaf::T2",4,-0.731028912384251,0.0165998297998126,"module",0.25
"anchor_124","HOG:0008697","HJUB","leaf","T3",28.4898614550509,"leaf::T3",4,-0.65867626917998,0.0508513881684012,"module",0.5
"anchor_124","HOG:0008697","HJUB","leaf","T4",42.7313175218636,"leaf::T4",4,-0.642468119585935,0.0124205176600106,"module",0.75
"anchor_124","HOG:0008697","HJUB","leaf","T5",56.4998699010652,"leaf::T5",4,-0.676799260034872,0.0173508045151198,"module",1
"anchor_124","HOG:0008697","HJUB","root","T1",7.47957433613505,"root::T1",4,0.667247771955901,0.0232139469779091,"module",0
"anchor_124","HOG:0008697","HJUB","root","T2",14.5,"root::T2",4,0.745531143371545,0.02734102150066,"module",0.25
"anchor_124","HOG:0008697","HJUB","root","T3",28.4898614550509,"root::T3",4,0.719078704061087,0.0406241479334139,"module",0.5
"anchor_124","HOG:0008697","HJUB","root","T4",42.7313175218636,"root::T4",4,0.541421374444836,0.0354311783146308,"module",0.75
"anchor_124","HOG:0008697","HJUB","root","T5",56.4998699010652,"root::T5",4,0.678151415280155,0.0186238639251995,"module",1
"anchor_124","HOG:0008697","HVUL","leaf","T1",7.47957433613505,"leaf::T1",4,-1.14656593745888,0.0378034210902969,"module",0
"anchor_124","HOG:0008697","HVUL","leaf","T2",14.5,"leaf::T2",4,-0.712668676097859,0.0983025778443416,"module",0.25
"anchor_124","HOG:0008697","HVUL","leaf","T3",28.4898614550509,"leaf::T3",4,-0.722427547523111,0.114613689875031,"module",0.5
"anchor_124","HOG:0008697","HVUL","leaf","T4",42.7313175218636,"leaf::T4",4,-0.819060774882238,0.0338022903269702,"module",0.75
"anchor_124","HOG:0008697","HVUL","leaf","T5",56.4998699010652,"leaf::T5",4,-0.454814173257033,0.101869983644654,"module",1
"anchor_124","HOG:0008697","HVUL","root","T1",7.47957433613505,"root::T1",4,0.482189952140817,0.10574402151705,"module",0
"anchor_124","HOG:0008697","HVUL","root","T2",14.5,"root::T2",4,0.684611903292052,0.0871763844794999,"module",0.25
"anchor_124","HOG:0008697","HVUL","root","T3",28.4898614550509,"root::T3",4,0.57743816247276,0.0763519421314001,"module",0.5
"anchor_124","HOG:0008697","HVUL","root","T4",42.7313175218636,"root::T4",4,0.708720434224357,0.0756593418002479,"module",0.75
"anchor_124","HOG:0008697","HVUL","root","T5",56.4998699010652,"root::T5",4,0.562335133073857,0.0717733804678429,"module",1
"anchor_124","HOG:0008697","VBRO","leaf","T1",7.47957433613505,"leaf::T1",4,-0.795536194127006,0.00985893865247524,"module",0
"anchor_124","HOG:0008697","VBRO","leaf","T2",14.5,"leaf::T2",4,-0.780061936092911,0.0456716342495342,"module",0.25
"anchor_124","HOG:0008697","VBRO","leaf","T3",28.4898614550509,"leaf::T3",3,-0.665223637877029,0.00930580244078061,"module",0.5
"anchor_124","HOG:0008697","VBRO","leaf","T4",42.7313175218636,"leaf::T4",4,-0.567622216434699,0.0993500812085623,"module",0.75
"anchor_124","HOG:0008697","VBRO","leaf","T5",56.4998699010652,"leaf::T5",4,-0.561079335611357,0.0320486527418261,"module",1
"anchor_124","HOG:0008697","VBRO","root","T1",7.47957433613505,"root::T1",4,0.69600977435584,0.0151704052134892,"module",0
"anchor_124","HOG:0008697","VBRO","root","T2",14.5,"root::T2",4,0.70878676659126,0.0173244179071727,"module",0.25
"anchor_124","HOG:0008697","VBRO","root","T3",28.4898614550509,"root::T3",3,0.580125175056378,0.0963970527162306,"module",0.5
"anchor_124","HOG:0008697","VBRO","root","T4",42.7313175218636,"root::T4",4,0.644489929279759,0.0630582687851415,"module",0.75
"anchor_124","HOG:0008697","VBRO","root","T5",56.4998699010652,"root::T5",4,0.677057309006908,0.0933092323347312,"module",1
"anchor_192","HOG:0010481","BDIS","leaf","T1",7.47957433613505,"leaf::T1",4,-0.412359536583069,0.0895737629903175,"anchor",0
"anchor_192","HOG:0010481","BDIS","leaf","T2",14.5,"leaf::T2",4,-1.735585856755,0.54714808931911,"anchor",0.25
"anchor_192","HOG:0010481","BDIS","leaf","T3",28.4898614550509,"leaf::T3",4,-1.61302701673257,0.445903739009355,"anchor",0.5
"anchor_192","HOG:0010481","BDIS","leaf","T4",42.7313175218636,"leaf::T4",4,0.15203670738983,0.601735332402325,"anchor",0.75
"anchor_192","HOG:0010481","BDIS","leaf","T5",56.4998699010652,"leaf::T5",4,1.40913292283823,0.407055334926681,"anchor",1
"anchor_192","HOG:0010481","BDIS","root","T1",7.47957433613505,"root::T1",4,-0.317074423615735,0.425104063313138,"anchor",0
"anchor_192","HOG:0010481","BDIS","root","T2",14.5,"root::T2",4,2.09095857758143,1.05483502118641,"anchor",0.25
"anchor_192","HOG:0010481","BDIS","root","T3",28.4898614550509,"root::T3",4,0.0763652223368198,0.457954118207476,"anchor",0.5
"anchor_192","HOG:0010481","BDIS","root","T4",42.7313175218636,"root::T4",4,-0.335313855935822,0.194100856787485,"anchor",0.75
"anchor_192","HOG:0010481","BDIS","root","T5",56.4998699010652,"root::T5",4,1.47329374375471,1.1825316087331,"anchor",1
"anchor_192","HOG:0010481","BMAX","leaf","T1",7.47957433613505,"leaf::T1",4,-1.30786557362163,0.165346122234374,"anchor",0
"anchor_192","HOG:0010481","BMAX","leaf","T2",14.5,"leaf::T2",4,-1.58565184379434,1.75589429563963,"anchor",0.25
"anchor_192","HOG:0010481","BMAX","leaf","T3",28.4898614550509,"leaf::T3",4,-0.387726302694783,0.275586912373589,"anchor",0.5
"anchor_192","HOG:0010481","BMAX","leaf","T4",42.7313175218636,"leaf::T4",4,-2.19394062894933,2.07058608972482,"anchor",0.75
"anchor_192","HOG:0010481","BMAX","leaf","T5",56.4998699010652,"leaf::T5",4,-1.43287234697119,0.75647895941717,"anchor",1
"anchor_192","HOG:0010481","BMAX","root","T1",7.47957433613505,"root::T1",4,0.165230672381594,0.110018509185883,"anchor",0
"anchor_192","HOG:0010481","BMAX","root","T2",14.5,"root::T2",4,0.652522800077573,0.952209873178325,"anchor",0.25
"anchor_192","HOG:0010481","BMAX","root","T3",28.4898614550509,"root::T3",4,1.00104982872804,0.59157953412671,"anchor",0.5
"anchor_192","HOG:0010481","BMAX","root","T4",42.7313175218636,"root::T4",4,1.21320137838596,0.193434380374766,"anchor",0.75
"anchor_192","HOG:0010481","BMAX","root","T5",56.4998699010652,"root::T5",4,0.617237667734902,0.484035019806046,"anchor",1
"anchor_192","HOG:0010481","BMED","leaf","T1",7.47957433613505,"leaf::T1",4,-0.872623908455059,0.238211425346027,"anchor",0
"anchor_192","HOG:0010481","BMED","leaf","T2",14.5,"leaf::T2",4,1.55279530867464,0.32772527288498,"anchor",0.25
"anchor_192","HOG:0010481","BMED","leaf","T3",28.4898614550509,"leaf::T3",4,0.373816681457518,0.199941771115173,"anchor",0.5
"anchor_192","HOG:0010481","BMED","leaf","T4",42.7313175218636,"leaf::T4",4,0.00180162467387021,0.16165421958191,"anchor",0.75
"anchor_192","HOG:0010481","BMED","leaf","T5",56.4998699010652,"leaf::T5",4,-1.11875607110128,0.257533877546749,"anchor",1
"anchor_192","HOG:0010481","BMED","root","T1",7.47957433613505,"root::T1",4,-1.04907296203575,0.68506910890136,"anchor",0
"anchor_192","HOG:0010481","BMED","root","T2",14.5,"root::T2",4,1.79706756249446,0.463680528907018,"anchor",0.25
"anchor_192","HOG:0010481","BMED","root","T3",28.4898614550509,"root::T3",4,-1.3006718439105,1.43249312561052,"anchor",0.5
"anchor_192","HOG:0010481","BMED","root","T4",42.7313175218636,"root::T4",4,0.37105799123706,0.33611490698702,"anchor",0.75
"anchor_192","HOG:0010481","BMED","root","T5",56.4998699010652,"root::T5",4,0.622626765177778,0.832764041069175,"anchor",1
"anchor_192","HOG:0010481","BSYL","leaf","T1",7.47957433613505,"leaf::T1",4,-0.0499375895780099,0.172463470813311,"anchor",0
"anchor_192","HOG:0010481","BSYL","leaf","T2",14.5,"leaf::T2",4,1.60554187525021,0.62783491784481,"anchor",0.25
"anchor_192","HOG:0010481","BSYL","leaf","T3",28.4898614550509,"leaf::T3",4,0.633830717566875,0.19345754907463,"anchor",0.5
"anchor_192","HOG:0010481","BSYL","leaf","T4",42.7313175218636,"leaf::T4",4,0.267546735240365,0.264945312179539,"anchor",0.75
"anchor_192","HOG:0010481","BSYL","leaf","T5",56.4998699010652,"leaf::T5",4,0.511870218463292,0.781103705337995,"anchor",1
"anchor_192","HOG:0010481","BSYL","root","T1",7.47957433613505,"root::T1",4,-0.69142256727176,0.093679166292177,"anchor",0
"anchor_192","HOG:0010481","BSYL","root","T2",14.5,"root::T2",4,0.405495352074422,0.541247473847755,"anchor",0.25
"anchor_192","HOG:0010481","BSYL","root","T3",28.4898614550509,"root::T3",4,-0.116500266981678,0.56479831264748,"anchor",0.5
"anchor_192","HOG:0010481","BSYL","root","T4",42.7313175218636,"root::T4",4,-0.80443885629807,0.205756562791725,"anchor",0.75
"anchor_192","HOG:0010481","BSYL","root","T5",56.4998699010652,"root::T5",4,-3.93538565632559,3.9596616320668,"anchor",1
"anchor_192","HOG:0010481","FPRA","leaf","T1",7.47957433613505,"leaf::T1",4,0.104873268198506,0.113530599680904,"anchor",0
"anchor_192","HOG:0010481","FPRA","leaf","T2",14.5,"leaf::T2",4,-0.576010372523024,0.426450555020139,"anchor",0.25
"anchor_192","HOG:0010481","FPRA","leaf","T3",28.4898614550509,"leaf::T3",4,-0.358065185787364,0.723773432377805,"anchor",0.5
"anchor_192","HOG:0010481","FPRA","leaf","T4",42.7313175218636,"leaf::T4",4,-1.62933519151062,0.76490951665897,"anchor",0.75
"anchor_192","HOG:0010481","FPRA","leaf","T5",56.4998699010652,"leaf::T5",4,-0.622636009565907,0.62706401672974,"anchor",1
"anchor_192","HOG:0010481","FPRA","root","T1",7.47957433613505,"root::T1",4,0.192001906432983,0.170101797390344,"anchor",0
"anchor_192","HOG:0010481","FPRA","root","T2",14.5,"root::T2",4,3.01771771622954,0.870742747009785,"anchor",0.25
"anchor_192","HOG:0010481","FPRA","root","T3",28.4898614550509,"root::T3",4,1.32014153252512,0.998778850151305,"anchor",0.5
"anchor_192","HOG:0010481","FPRA","root","T4",42.7313175218636,"root::T4",4,-0.25234233917874,0.373561035698173,"anchor",0.75
"anchor_192","HOG:0010481","FPRA","root","T5",56.4998699010652,"root::T5",4,0.292274394670237,0.328705579562343,"anchor",1
"anchor_192","HOG:0010481","HJUB","leaf","T1",7.47957433613505,"leaf::T1",4,-0.154917167899868,0.174353824706664,"anchor",0
"anchor_192","HOG:0010481","HJUB","leaf","T2",14.5,"leaf::T2",4,-0.651526780640522,0.55803314172674,"anchor",0.25
"anchor_192","HOG:0010481","HJUB","leaf","T3",28.4898614550509,"leaf::T3",4,0.747175340832944,1.45368153550443,"anchor",0.5
"anchor_192","HOG:0010481","HJUB","leaf","T4",42.7313175218636,"leaf::T4",4,0.969150155746494,0.483714754146526,"anchor",0.75
"anchor_192","HOG:0010481","HJUB","leaf","T5",56.4998699010652,"leaf::T5",4,0.350787135565081,0.329232220698131,"anchor",1
"anchor_192","HOG:0010481","HJUB","root","T1",7.47957433613505,"root::T1",4,-0.107259598415344,0.19855551319606,"anchor",0
"anchor_192","HOG:0010481","HJUB","root","T2",14.5,"root::T2",4,0.231153917145432,0.402620498325202,"anchor",0.25
"anchor_192","HOG:0010481","HJUB","root","T3",28.4898614550509,"root::T3",4,0.250448783381882,1.38233828353014,"anchor",0.5
"anchor_192","HOG:0010481","HJUB","root","T4",42.7313175218636,"root::T4",4,0.710518320619472,0.57227937684037,"anchor",0.75
"anchor_192","HOG:0010481","HJUB","root","T5",56.4998699010652,"root::T5",4,-0.408534189074276,0.370752973129565,"anchor",1
"anchor_192","HOG:0010481","HVUL","leaf","T1",7.47957433613505,"leaf::T1",4,-0.407846459469095,0.197622914799726,"anchor",0
"anchor_192","HOG:0010481","HVUL","leaf","T2",14.5,"leaf::T2",4,-2.06974035067101,0.27420063284592,"anchor",0.25
"anchor_192","HOG:0010481","HVUL","leaf","T3",28.4898614550509,"leaf::T3",4,-0.7965373882249,0.87965807730573,"anchor",0.5
"anchor_192","HOG:0010481","HVUL","leaf","T4",42.7313175218636,"leaf::T4",4,0.212892442114382,0.211500268477221,"anchor",0.75
"anchor_192","HOG:0010481","HVUL","leaf","T5",56.4998699010652,"leaf::T5",4,0.0403856667890195,0.80626178371348,"anchor",1
"anchor_192","HOG:0010481","HVUL","root","T1",7.47957433613505,"root::T1",4,-0.00452305013807188,0.198581878335124,"anchor",0
"anchor_192","HOG:0010481","HVUL","root","T2",14.5,"root::T2",4,1.23735709309761,1.2133140816213,"anchor",0.25
"anchor_192","HOG:0010481","HVUL","root","T3",28.4898614550509,"root::T3",4,1.16840011413236,0.249995370923592,"anchor",0.5
"anchor_192","HOG:0010481","HVUL","root","T4",42.7313175218636,"root::T4",4,1.93188613613194,1.14218744443411,"anchor",0.75
"anchor_192","HOG:0010481","HVUL","root","T5",56.4998699010652,"root::T5",4,0.816863924819235,0.60270630143899,"anchor",1
"anchor_192","HOG:0010481","VBRO","leaf","T1",7.47957433613505,"leaf::T1",4,-0.112387116153799,0.135606854094846,"anchor",0
"anchor_192","HOG:0010481","VBRO","leaf","T2",14.5,"leaf::T2",4,0.335102367302911,0.564080895971515,"anchor",0.25
"anchor_192","HOG:0010481","VBRO","leaf","T3",28.4898614550509,"leaf::T3",3,-0.0260620523616942,0.734075758401734,"anchor",0.5
"anchor_192","HOG:0010481","VBRO","leaf","T4",42.7313175218636,"leaf::T4",4,-1.89619755125146,1.0701319835883,"anchor",0.75
"anchor_192","HOG:0010481","VBRO","leaf","T5",56.4998699010652,"leaf::T5",4,-1.34310254397098,0.140065308534737,"anchor",1
"anchor_192","HOG:0010481","VBRO","root","T1",7.47957433613505,"root::T1",4,-0.273092689035471,0.146189912709076,"anchor",0
"anchor_192","HOG:0010481","VBRO","root","T2",14.5,"root::T2",4,0.627662409165255,0.339584094489231,"anchor",0.25
"anchor_192","HOG:0010481","VBRO","root","T3",28.4898614550509,"root::T3",3,1.59982760490948,0.987691917492201,"anchor",0.5
"anchor_192","HOG:0010481","VBRO","root","T4",42.7313175218636,"root::T4",4,0.210911133666093,0.204466349888031,"anchor",0.75
"anchor_192","HOG:0010481","VBRO","root","T5",56.4998699010652,"root::T5",4,1.67498876562716,0.93141008569175,"anchor",1
"anchor_192","HOG:0010481","BDIS","leaf","T1",7.47957433613505,"leaf::T1",4,-0.47032533470781,0.12690260146943,"module",0
"anchor_192","HOG:0010481","BDIS","leaf","T2",14.5,"leaf::T2",4,-1.05619590123002,0.413814181592376,"module",0.25
"anchor_192","HOG:0010481","BDIS","leaf","T3",28.4898614550509,"leaf::T3",4,-0.820823103902756,0.3114678735776,"module",0.5
"anchor_192","HOG:0010481","BDIS","leaf","T4",42.7313175218636,"leaf::T4",4,-0.0813623695228209,0.326276258172467,"module",0.75
"anchor_192","HOG:0010481","BDIS","leaf","T5",56.4998699010652,"leaf::T5",4,0.437126666671101,0.315597034120398,"module",1
"anchor_192","HOG:0010481","BDIS","root","T1",7.47957433613505,"root::T1",4,-0.202539696370374,0.277568719119446,"module",0
"anchor_192","HOG:0010481","BDIS","root","T2",14.5,"root::T2",4,1.76653043090824,0.836331253692746,"module",0.25
"anchor_192","HOG:0010481","BDIS","root","T3",28.4898614550509,"root::T3",4,0.477672949233438,0.20663479230164,"module",0.5
"anchor_192","HOG:0010481","BDIS","root","T4",42.7313175218636,"root::T4",4,-0.0874446724540697,0.234294967175537,"module",0.75
"anchor_192","HOG:0010481","BDIS","root","T5",56.4998699010652,"root::T5",4,1.38086479781014,0.887975909828543,"module",1
"anchor_192","HOG:0010481","BMAX","leaf","T1",7.47957433613505,"leaf::T1",4,-1.0731992980345,0.11312589853214,"module",0
"anchor_192","HOG:0010481","BMAX","leaf","T2",14.5,"leaf::T2",4,-1.09065298861368,0.834924497118367,"module",0.25
"anchor_192","HOG:0010481","BMAX","leaf","T3",28.4898614550509,"leaf::T3",4,0.13450587242291,0.105631299769963,"module",0.5
"anchor_192","HOG:0010481","BMAX","leaf","T4",42.7313175218636,"leaf::T4",4,-1.1565609838363,1.23031404892474,"module",0.75
"anchor_192","HOG:0010481","BMAX","leaf","T5",56.4998699010652,"leaf::T5",4,-0.783555046781144,0.301813633243956,"module",1
"anchor_192","HOG:0010481","BMAX","root","T1",7.47957433613505,"root::T1",4,0.129242655636146,0.0768717779338225,"module",0
"anchor_192","HOG:0010481","BMAX","root","T2",14.5,"root::T2",4,0.623814894917557,0.608588606638258,"module",0.25
"anchor_192","HOG:0010481","BMAX","root","T3",28.4898614550509,"root::T3",4,0.817037635386142,0.402529664822424,"module",0.5
"anchor_192","HOG:0010481","BMAX","root","T4",42.7313175218636,"root::T4",4,1.01785496335979,0.228224877581589,"module",0.75
"anchor_192","HOG:0010481","BMAX","root","T5",56.4998699010652,"root::T5",4,0.661298571452229,0.367276596338951,"module",1
"anchor_192","HOG:0010481","BMED","leaf","T1",7.47957433613505,"leaf::T1",4,-0.733704416026646,0.091673588841814,"module",0
"anchor_192","HOG:0010481","BMED","leaf","T2",14.5,"leaf::T2",4,0.726389614358677,0.0969194025817744,"module",0.25
"anchor_192","HOG:0010481","BMED","leaf","T3",28.4898614550509,"leaf::T3",4,0.120871065821582,0.147877613556192,"module",0.5
"anchor_192","HOG:0010481","BMED","leaf","T4",42.7313175218636,"leaf::T4",4,-0.104927034357261,0.166050569340302,"module",0.75
"anchor_192","HOG:0010481","BMED","leaf","T5",56.4998699010652,"leaf::T5",4,-1.03408556014864,0.163224482802501,"module",1
"anchor_192","HOG:0010481","BMED","root","T1",7.47957433613505,"root::T1",4,-1.06116381747134,0.58684783687178,"module",0
"anchor_192","HOG:0010481","BMED","root","T2",14.5,"root::T2",4,1.05146560122189,0.348955253313137,"module",0.25
"anchor_192","HOG:0010481","BMED","root","T3",28.4898614550509,"root::T3",4,-0.665149829706355,0.674675468750173,"module",0.5
"anchor_192","HOG:0010481","BMED","root","T4",42.7313175218636,"root::T4",4,0.331150878823673,0.217191036488176,"module",0.75
"anchor_192","HOG:0010481","BMED","root","T5",56.4998699010652,"root::T5",4,0.633758292743096,0.45399330287535,"module",1
"anchor_192","HOG:0010481","BSYL","leaf","T1",7.47957433613505,"leaf::T1",4,-0.0278652834989704,0.103785101667566,"module",0
"anchor_192","HOG:0010481","BSYL","leaf","T2",14.5,"leaf::T2",4,1.12493107098973,0.321424242143668,"module",0.25
"anchor_192","HOG:0010481","BSYL","leaf","T3",28.4898614550509,"leaf::T3",4,0.515064384680939,0.169601276195509,"module",0.5
"anchor_192","HOG:0010481","BSYL","leaf","T4",42.7313175218636,"leaf::T4",4,0.338548909692759,0.146126090589912,"module",0.75
"anchor_192","HOG:0010481","BSYL","leaf","T5",56.4998699010652,"leaf::T5",4,0.192143100479754,0.536190479009936,"module",1
"anchor_192","HOG:0010481","BSYL","root","T1",7.47957433613505,"root::T1",4,-0.621898071532953,0.0518879295376087,"module",0
"anchor_192","HOG:0010481","BSYL","root","T2",14.5,"root::T2",4,0.207084217419201,0.359961716355956,"module",0.25
"anchor_192","HOG:0010481","BSYL","root","T3",28.4898614550509,"root::T3",4,-0.31418177785808,0.347636753886452,"module",0.5
"anchor_192","HOG:0010481","BSYL","root","T4",42.7313175218636,"root::T4",4,-0.770251459388472,0.117089904823309,"module",0.75
"anchor_192","HOG:0010481","BSYL","root","T5",56.4998699010652,"root::T5",4,-3.32391801011322,3.30290510198338,"module",1
"anchor_192","HOG:0010481","FPRA","leaf","T1",7.47957433613505,"leaf::T1",4,-0.344461033672549,0.0610652851174116,"module",0
"anchor_192","HOG:0010481","FPRA","leaf","T2",14.5,"leaf::T2",4,-0.350467113436239,0.274706464606761,"module",0.25
"anchor_192","HOG:0010481","FPRA","leaf","T3",28.4898614550509,"leaf::T3",4,-0.333035043368169,0.454239377757671,"module",0.5
"anchor_192","HOG:0010481","FPRA","leaf","T4",42.7313175218636,"leaf::T4",4,-0.799127466728517,0.429077047281557,"module",0.75
"anchor_192","HOG:0010481","FPRA","leaf","T5",56.4998699010652,"leaf::T5",4,-0.61950063011182,0.311685628675719,"module",1
"anchor_192","HOG:0010481","FPRA","root","T1",7.47957433613505,"root::T1",4,-0.0841525224054679,0.0843935109481106,"module",0
"anchor_192","HOG:0010481","FPRA","root","T2",14.5,"root::T2",4,2.2675523430433,0.48580461361253,"module",0.25
"anchor_192","HOG:0010481","FPRA","root","T3",28.4898614550509,"root::T3",4,1.55215521322621,0.664896146017307,"module",0.5
"anchor_192","HOG:0010481","FPRA","root","T4",42.7313175218636,"root::T4",4,0.172983207583339,0.164812570665607,"module",0.75
"anchor_192","HOG:0010481","FPRA","root","T5",56.4998699010652,"root::T5",4,0.403135378017943,0.180055886251984,"module",1
"anchor_192","HOG:0010481","HJUB","leaf","T1",7.47957433613505,"leaf::T1",4,-0.484876691593403,0.124729961457119,"module",0
"anchor_192","HOG:0010481","HJUB","leaf","T2",14.5,"leaf::T2",4,-0.398061791934334,0.244048630941531,"module",0.25
"anchor_192","HOG:0010481","HJUB","leaf","T3",28.4898614550509,"leaf::T3",4,0.840644824841508,0.740968431477875,"module",0.5
"anchor_192","HOG:0010481","HJUB","leaf","T4",42.7313175218636,"leaf::T4",4,0.431202652570029,0.284341683996273,"module",0.75
"anchor_192","HOG:0010481","HJUB","leaf","T5",56.4998699010652,"leaf::T5",4,-0.300497709348989,0.221516620977366,"module",1
"anchor_192","HOG:0010481","HJUB","root","T1",7.47957433613505,"root::T1",4,-0.491235403118496,0.130470942868389,"module",0
"anchor_192","HOG:0010481","HJUB","root","T2",14.5,"root::T2",4,0.294813968130869,0.303133810036804,"module",0.25
"anchor_192","HOG:0010481","HJUB","root","T3",28.4898614550509,"root::T3",4,0.370671000902991,0.715772638315064,"module",0.5
"anchor_192","HOG:0010481","HJUB","root","T4",42.7313175218636,"root::T4",4,0.804811081916614,0.289839446909146,"module",0.75
"anchor_192","HOG:0010481","HJUB","root","T5",56.4998699010652,"root::T5",4,0.186886281490347,0.203460504034996,"module",1
"anchor_192","HOG:0010481","HVUL","leaf","T1",7.47957433613505,"leaf::T1",4,-0.79438627662164,0.0509284738700736,"module",0
"anchor_192","HOG:0010481","HVUL","leaf","T2",14.5,"leaf::T2",4,-0.906485014914065,0.206471244872636,"module",0.25
"anchor_192","HOG:0010481","HVUL","leaf","T3",28.4898614550509,"leaf::T3",4,-0.719073767614331,0.399124772940992,"module",0.5
"anchor_192","HOG:0010481","HVUL","leaf","T4",42.7313175218636,"leaf::T4",4,-0.286082359751175,0.151781485083204,"module",0.75
"anchor_192","HOG:0010481","HVUL","leaf","T5",56.4998699010652,"leaf::T5",4,-0.328617212690349,0.45800697563398,"module",1
"anchor_192","HOG:0010481","HVUL","root","T1",7.47957433613505,"root::T1",4,0.00130639954418449,0.11642657378558,"module",0
"anchor_192","HOG:0010481","HVUL","root","T2",14.5,"root::T2",4,0.843787936815141,0.613592449264494,"module",0.25
"anchor_192","HOG:0010481","HVUL","root","T3",28.4898614550509,"root::T3",4,0.608162091473754,0.12271334090126,"module",0.5
"anchor_192","HOG:0010481","HVUL","root","T4",42.7313175218636,"root::T4",4,1.21396854140956,0.63363280207848,"module",0.75
"anchor_192","HOG:0010481","HVUL","root","T5",56.4998699010652,"root::T5",4,0.767449620642572,0.329199177319084,"module",1
"anchor_192","HOG:0010481","VBRO","leaf","T1",7.47957433613505,"leaf::T1",4,-0.270244889901423,0.0819229145628253,"module",0
"anchor_192","HOG:0010481","VBRO","leaf","T2",14.5,"leaf::T2",4,0.0771454677802618,0.435325840565732,"module",0.25
"anchor_192","HOG:0010481","VBRO","leaf","T3",28.4898614550509,"leaf::T3",3,-0.339529742516437,0.344030879631401,"module",0.5
"anchor_192","HOG:0010481","VBRO","leaf","T4",42.7313175218636,"leaf::T4",4,-1.52500640582859,1.03307918480274,"module",0.75
"anchor_192","HOG:0010481","VBRO","leaf","T5",56.4998699010652,"leaf::T5",4,-1.25459786094169,0.153257126319438,"module",1
"anchor_192","HOG:0010481","VBRO","root","T1",7.47957433613505,"root::T1",4,-0.244293777599515,0.110102143898204,"module",0
"anchor_192","HOG:0010481","VBRO","root","T2",14.5,"root::T2",4,0.70610828233281,0.277531540652709,"module",0.25
"anchor_192","HOG:0010481","VBRO","root","T3",28.4898614550509,"root::T3",3,1.41288761632803,1.0362029101035,"module",0.5
"anchor_192","HOG:0010481","VBRO","root","T4",42.7313175218636,"root::T4",4,0.132666506790873,0.102524322492276,"module",0.75
"anchor_192","HOG:0010481","VBRO","root","T5",56.4998699010652,"root::T5",4,1.90313498715921,0.763592878194796,"module",1
"anchor_178","HOG:0010551","BDIS","leaf","T1",7.47957433613505,"leaf::T1",4,-0.847104465479935,0.205482279874682,"anchor",0
"anchor_178","HOG:0010551","BDIS","leaf","T2",14.5,"leaf::T2",4,-1.14112532964365,0.391139597231734,"anchor",0.25
"anchor_178","HOG:0010551","BDIS","leaf","T3",28.4898614550509,"leaf::T3",4,-0.771436701256476,0.343433307502597,"anchor",0.5
"anchor_178","HOG:0010551","BDIS","leaf","T4",42.7313175218636,"leaf::T4",4,-0.44605819209206,0.218037277976251,"anchor",0.75
"anchor_178","HOG:0010551","BDIS","leaf","T5",56.4998699010652,"leaf::T5",4,0.268936610300505,0.3247120072339,"anchor",1
"anchor_178","HOG:0010551","BDIS","root","T1",7.47957433613505,"root::T1",4,-0.345286996968056,0.184876252069164,"anchor",0
"anchor_178","HOG:0010551","BDIS","root","T2",14.5,"root::T2",4,1.16015918373499,0.445335272370846,"anchor",0.25
"anchor_178","HOG:0010551","BDIS","root","T3",28.4898614550509,"root::T3",4,0.609084964929154,0.227093420559076,"anchor",0.5
"anchor_178","HOG:0010551","BDIS","root","T4",42.7313175218636,"root::T4",4,0.267347465352377,0.227482273525752,"anchor",0.75
"anchor_178","HOG:0010551","BDIS","root","T5",56.4998699010652,"root::T5",4,0.974228751765885,0.542056359662605,"anchor",1
"anchor_178","HOG:0010551","BMAX","leaf","T1",7.47957433613505,"leaf::T1",4,-1.39111432387462,0.161551268166231,"anchor",0
"anchor_178","HOG:0010551","BMAX","leaf","T2",14.5,"leaf::T2",4,-0.921394477984609,0.584847630272705,"anchor",0.25
"anchor_178","HOG:0010551","BMAX","leaf","T3",28.4898614550509,"leaf::T3",4,0.123843170246559,0.120540308517426,"anchor",0.5
"anchor_178","HOG:0010551","BMAX","leaf","T4",42.7313175218636,"leaf::T4",4,-1.22073435976877,1.13174829818101,"anchor",0.75
"anchor_178","HOG:0010551","BMAX","leaf","T5",56.4998699010652,"leaf::T5",4,-1.12164546258201,0.342371530279384,"anchor",1
"anchor_178","HOG:0010551","BMAX","root","T1",7.47957433613505,"root::T1",4,-0.0315202329997602,0.0516435494233775,"anchor",0
"anchor_178","HOG:0010551","BMAX","root","T2",14.5,"root::T2",4,1.08772122168697,0.58457602019446,"anchor",0.25
"anchor_178","HOG:0010551","BMAX","root","T3",28.4898614550509,"root::T3",4,1.08405500205227,0.616370277933105,"anchor",0.5
"anchor_178","HOG:0010551","BMAX","root","T4",42.7313175218636,"root::T4",4,1.89900040394111,0.296279282992567,"anchor",0.75
"anchor_178","HOG:0010551","BMAX","root","T5",56.4998699010652,"root::T5",4,0.707409539242595,0.510666016736035,"anchor",1
"anchor_178","HOG:0010551","BMED","leaf","T1",7.47957433613505,"leaf::T1",4,-0.892947170131521,0.063601540274278,"anchor",0
"anchor_178","HOG:0010551","BMED","leaf","T2",14.5,"leaf::T2",4,0.316795354169865,0.133824044356413,"anchor",0.25
"anchor_178","HOG:0010551","BMED","leaf","T3",28.4898614550509,"leaf::T3",4,-0.151842835798676,0.140626730030919,"anchor",0.5
"anchor_178","HOG:0010551","BMED","leaf","T4",42.7313175218636,"leaf::T4",4,-0.648597655159356,0.088342692210724,"anchor",0.75
"anchor_178","HOG:0010551","BMED","leaf","T5",56.4998699010652,"leaf::T5",4,-0.809585442498975,0.202626006412817,"anchor",1
"anchor_178","HOG:0010551","BMED","root","T1",7.47957433613505,"root::T1",4,-0.425010371862513,0.332517380444146,"anchor",0
"anchor_178","HOG:0010551","BMED","root","T2",14.5,"root::T2",4,1.20465756357191,0.284331213462106,"anchor",0.25
"anchor_178","HOG:0010551","BMED","root","T3",28.4898614550509,"root::T3",4,-0.137822355812231,0.596063798265625,"anchor",0.5
"anchor_178","HOG:0010551","BMED","root","T4",42.7313175218636,"root::T4",4,0.531092984960231,0.232717951503176,"anchor",0.75
"anchor_178","HOG:0010551","BMED","root","T5",56.4998699010652,"root::T5",4,1.25387602637471,0.370001484950052,"anchor",1
"anchor_178","HOG:0010551","BSYL","leaf","T1",7.47957433613505,"leaf::T1",4,0.139403985237859,0.10083943315736,"anchor",0
"anchor_178","HOG:0010551","BSYL","leaf","T2",14.5,"leaf::T2",4,1.89204671715245,0.471129945508844,"anchor",0.25
"anchor_178","HOG:0010551","BSYL","leaf","T3",28.4898614550509,"leaf::T3",4,0.264937124622634,0.207527060765629,"anchor",0.5
"anchor_178","HOG:0010551","BSYL","leaf","T4",42.7313175218636,"leaf::T4",4,-0.36026874940921,0.22407713607231,"anchor",0.75
"anchor_178","HOG:0010551","BSYL","leaf","T5",56.4998699010652,"leaf::T5",4,0.411453239169082,0.877205055607995,"anchor",1
"anchor_178","HOG:0010551","BSYL","root","T1",7.47957433613505,"root::T1",4,-0.980712618301604,0.117373431604832,"anchor",0
"anchor_178","HOG:0010551","BSYL","root","T2",14.5,"root::T2",4,0.73659569069246,0.587384489114595,"anchor",0.25
"anchor_178","HOG:0010551","BSYL","root","T3",28.4898614550509,"root::T3",4,-0.117197426896336,0.509865803039825,"anchor",0.5
"anchor_178","HOG:0010551","BSYL","root","T4",42.7313175218636,"root::T4",4,-0.871848002088799,0.148486461992121,"anchor",0.75
"anchor_178","HOG:0010551","BSYL","root","T5",56.4998699010652,"root::T5",4,-2.2632367665689,2.78770355173981,"anchor",1
"anchor_178","HOG:0010551","FPRA","leaf","T1",7.47957433613505,"leaf::T1",4,-0.517721804233893,0.121323605784738,"anchor",0
"anchor_178","HOG:0010551","FPRA","leaf","T2",14.5,"leaf::T2",4,-0.0599953582740346,0.387949741881465,"anchor",0.25
"anchor_178","HOG:0010551","FPRA","leaf","T3",28.4898614550509,"leaf::T3",4,-0.309594175010487,0.700291420392375,"anchor",0.5
"anchor_178","HOG:0010551","FPRA","leaf","T4",42.7313175218636,"leaf::T4",4,-1.48721494293625,0.72354017717016,"anchor",0.75
"anchor_178","HOG:0010551","FPRA","leaf","T5",56.4998699010652,"leaf::T5",4,-1.14291611569089,0.499537340106847,"anchor",1
"anchor_178","HOG:0010551","FPRA","root","T1",7.47957433613505,"root::T1",4,0.120594236001472,0.062770508137222,"anchor",0
"anchor_178","HOG:0010551","FPRA","root","T2",14.5,"root::T2",4,4.03894250778116,0.74330497681191,"anchor",0.25
"anchor_178","HOG:0010551","FPRA","root","T3",28.4898614550509,"root::T3",4,3.05391530390133,1.43329798141476,"anchor",0.5
"anchor_178","HOG:0010551","FPRA","root","T4",42.7313175218636,"root::T4",4,0.557224377399211,0.430970502602133,"anchor",0.75
"anchor_178","HOG:0010551","FPRA","root","T5",56.4998699010652,"root::T5",4,0.512687305565507,0.456974150393016,"anchor",1
"anchor_178","HOG:0010551","HJUB","leaf","T1",7.47957433613505,"leaf::T1",4,-0.68328709321725,0.0459084043835915,"anchor",0
"anchor_178","HOG:0010551","HJUB","leaf","T2",14.5,"leaf::T2",4,-0.269085781228958,0.426076237001843,"anchor",0.25
"anchor_178","HOG:0010551","HJUB","leaf","T3",28.4898614550509,"leaf::T3",4,0.95621499773462,0.754308372949105,"anchor",0.5
"anchor_178","HOG:0010551","HJUB","leaf","T4",42.7313175218636,"leaf::T4",4,-0.758271962664583,0.29738334683175,"anchor",0.75
"anchor_178","HOG:0010551","HJUB","leaf","T5",56.4998699010652,"leaf::T5",4,-1.27682652373955,0.146823900440186,"anchor",1
"anchor_178","HOG:0010551","HJUB","root","T1",7.47957433613505,"root::T1",4,-0.213666053148434,0.185587614802847,"anchor",0
"anchor_178","HOG:0010551","HJUB","root","T2",14.5,"root::T2",4,0.809650153076759,0.34819696201103,"anchor",0.25
"anchor_178","HOG:0010551","HJUB","root","T3",28.4898614550509,"root::T3",4,0.960775077337262,0.79608487636191,"anchor",0.5
"anchor_178","HOG:0010551","HJUB","root","T4",42.7313175218636,"root::T4",4,0.812291571176695,0.410829081449142,"anchor",0.75
"anchor_178","HOG:0010551","HJUB","root","T5",56.4998699010652,"root::T5",4,0.718504831511975,0.308161989500555,"anchor",1
"anchor_178","HOG:0010551","HVUL","leaf","T1",7.47957433613505,"leaf::T1",4,-0.919443557115801,0.105906878503423,"anchor",0
"anchor_178","HOG:0010551","HVUL","leaf","T2",14.5,"leaf::T2",4,-0.865015605389578,0.244043042683126,"anchor",0.25
"anchor_178","HOG:0010551","HVUL","leaf","T3",28.4898614550509,"leaf::T3",4,-0.408513735497245,0.53996694739293,"anchor",0.5
"anchor_178","HOG:0010551","HVUL","leaf","T4",42.7313175218636,"leaf::T4",4,-0.613343802582033,0.155086139830408,"anchor",0.75
"anchor_178","HOG:0010551","HVUL","leaf","T5",56.4998699010652,"leaf::T5",4,-0.81633666167617,0.43848886877928,"anchor",1
"anchor_178","HOG:0010551","HVUL","root","T1",7.47957433613505,"root::T1",4,0.0574368530579168,0.101606127623504,"anchor",0
"anchor_178","HOG:0010551","HVUL","root","T2",14.5,"root::T2",4,1.01156901135198,0.418699663245439,"anchor",0.25
"anchor_178","HOG:0010551","HVUL","root","T3",28.4898614550509,"root::T3",4,0.505721748324031,0.237963267871336,"anchor",0.5
"anchor_178","HOG:0010551","HVUL","root","T4",42.7313175218636,"root::T4",4,1.25758574990116,0.52264495593629,"anchor",0.75
"anchor_178","HOG:0010551","HVUL","root","T5",56.4998699010652,"root::T5",4,0.686966779710797,0.332347714212832,"anchor",1
"anchor_178","HOG:0010551","VBRO","leaf","T1",7.47957433613505,"leaf::T1",4,-0.230646961080897,0.094797356419086,"anchor",0
"anchor_178","HOG:0010551","VBRO","leaf","T2",14.5,"leaf::T2",4,0.114515245809187,0.61330044870323,"anchor",0.25
"anchor_178","HOG:0010551","VBRO","leaf","T3",28.4898614550509,"leaf::T3",3,-0.250589589660061,0.61848204282444,"anchor",0.5
"anchor_178","HOG:0010551","VBRO","leaf","T4",42.7313175218636,"leaf::T4",4,-1.57483295499183,1.05774929422336,"anchor",0.75
"anchor_178","HOG:0010551","VBRO","leaf","T5",56.4998699010652,"leaf::T5",4,-1.26170933236239,0.290192040821198,"anchor",1
"anchor_178","HOG:0010551","VBRO","root","T1",7.47957433613505,"root::T1",4,-0.0628103507932433,0.081613372103275,"anchor",0
"anchor_178","HOG:0010551","VBRO","root","T2",14.5,"root::T2",4,1.0645192472646,0.442468968921574,"anchor",0.25
"anchor_178","HOG:0010551","VBRO","root","T3",28.4898614550509,"root::T3",3,2.11825418416751,1.33279917415121,"anchor",0.5
"anchor_178","HOG:0010551","VBRO","root","T4",42.7313175218636,"root::T4",4,0.527285716484352,0.176525096852728,"anchor",0.75
"anchor_178","HOG:0010551","VBRO","root","T5",56.4998699010652,"root::T5",4,2.75540202630155,0.794945967124515,"anchor",1
"anchor_178","HOG:0010551","BDIS","leaf","T1",7.47957433613505,"leaf::T1",4,-0.795361585988787,0.100311961312854,"module",0
"anchor_178","HOG:0010551","BDIS","leaf","T2",14.5,"leaf::T2",4,-1.2619911710717,0.349229602041366,"module",0.25
"anchor_178","HOG:0010551","BDIS","leaf","T3",28.4898614550509,"leaf::T3",4,-0.976429907464347,0.280971812787673,"module",0.5
"anchor_178","HOG:0010551","BDIS","leaf","T4",42.7313175218636,"leaf::T4",4,-0.284506745512903,0.29514724830717,"module",0.75
"anchor_178","HOG:0010551","BDIS","leaf","T5",56.4998699010652,"leaf::T5",4,0.204042959073012,0.275771476783011,"module",1
"anchor_178","HOG:0010551","BDIS","root","T1",7.47957433613505,"root::T1",4,-0.0113619738561477,0.229213628119028,"module",0
"anchor_178","HOG:0010551","BDIS","root","T2",14.5,"root::T2",4,1.68171866920052,0.686170345048719,"module",0.25
"anchor_178","HOG:0010551","BDIS","root","T3",28.4898614550509,"root::T3",4,0.650260484463901,0.181147603020378,"module",0.5
"anchor_178","HOG:0010551","BDIS","root","T4",42.7313175218636,"root::T4",4,0.130595299519673,0.214177009740342,"module",0.75
"anchor_178","HOG:0010551","BDIS","root","T5",56.4998699010652,"root::T5",4,1.35573627374532,0.722584591302751,"module",1
"anchor_178","HOG:0010551","BMAX","leaf","T1",7.47957433613505,"leaf::T1",4,-1.17952114872781,0.083531899542676,"module",0
"anchor_178","HOG:0010551","BMAX","leaf","T2",14.5,"leaf::T2",4,-1.16226871041045,0.66737685527767,"module",0.25
"anchor_178","HOG:0010551","BMAX","leaf","T3",28.4898614550509,"leaf::T3",4,-0.10626927109094,0.100365247037551,"module",0.5
"anchor_178","HOG:0010551","BMAX","leaf","T4",42.7313175218636,"leaf::T4",4,-1.08666650691687,1.0378083660673,"module",0.75
"anchor_178","HOG:0010551","BMAX","leaf","T5",56.4998699010652,"leaf::T5",4,-0.80691646153132,0.215841798473432,"module",1
"anchor_178","HOG:0010551","BMAX","root","T1",7.47957433613505,"root::T1",4,0.140185660265339,0.0472503970011354,"module",0
"anchor_178","HOG:0010551","BMAX","root","T2",14.5,"root::T2",4,0.650074672117008,0.522224795920244,"module",0.25
"anchor_178","HOG:0010551","BMAX","root","T3",28.4898614550509,"root::T3",4,0.828935842550162,0.36924313845868,"module",0.5
"anchor_178","HOG:0010551","BMAX","root","T4",42.7313175218636,"root::T4",4,1.09676180920795,0.198436576455207,"module",0.75
"anchor_178","HOG:0010551","BMAX","root","T5",56.4998699010652,"root::T5",4,0.664274273683755,0.320654425125641,"module",1
"anchor_178","HOG:0010551","BMED","leaf","T1",7.47957433613505,"leaf::T1",4,-0.87339311862303,0.130578940726619,"module",0
"anchor_178","HOG:0010551","BMED","leaf","T2",14.5,"leaf::T2",4,0.276482015992267,0.0622085019770719,"module",0.25
"anchor_178","HOG:0010551","BMED","leaf","T3",28.4898614550509,"leaf::T3",4,-0.153579768386101,0.123268383246317,"module",0.5
"anchor_178","HOG:0010551","BMED","leaf","T4",42.7313175218636,"leaf::T4",4,-0.389667160999303,0.121978844443564,"module",0.75
"anchor_178","HOG:0010551","BMED","leaf","T5",56.4998699010652,"leaf::T5",4,-0.936204433818026,0.115022590206963,"module",1
"anchor_178","HOG:0010551","BMED","root","T1",7.47957433613505,"root::T1",4,-0.558914355525831,0.518689293658525,"module",0
"anchor_178","HOG:0010551","BMED","root","T2",14.5,"root::T2",4,1.38076585926847,0.336564572018075,"module",0.25
"anchor_178","HOG:0010551","BMED","root","T3",28.4898614550509,"root::T3",4,-0.182706259098099,0.600197709270474,"module",0.5
"anchor_178","HOG:0010551","BMED","root","T4",42.7313175218636,"root::T4",4,0.642105904557954,0.218267890537994,"module",0.75
"anchor_178","HOG:0010551","BMED","root","T5",56.4998699010652,"root::T5",4,0.958347480358347,0.431052388425347,"module",1
"anchor_178","HOG:0010551","BSYL","leaf","T1",7.47957433613505,"leaf::T1",4,-0.270246759980435,0.121067494217141,"module",0
"anchor_178","HOG:0010551","BSYL","leaf","T2",14.5,"leaf::T2",4,1.20109071929253,0.413722732425196,"module",0.25
"anchor_178","HOG:0010551","BSYL","leaf","T3",28.4898614550509,"leaf::T3",4,0.376408526724515,0.155535222274388,"module",0.5
"anchor_178","HOG:0010551","BSYL","leaf","T4",42.7313175218636,"leaf::T4",4,0.245606273455399,0.143381555011388,"module",0.75
"anchor_178","HOG:0010551","BSYL","leaf","T5",56.4998699010652,"leaf::T5",4,0.128552126618357,0.620356304882008,"module",1
"anchor_178","HOG:0010551","BSYL","root","T1",7.47957433613505,"root::T1",4,-0.56360068376801,0.0847341646809471,"module",0
"anchor_178","HOG:0010551","BSYL","root","T2",14.5,"root::T2",4,0.493151242905387,0.46277459459568,"module",0.25
"anchor_178","HOG:0010551","BSYL","root","T3",28.4898614550509,"root::T3",4,-0.0613700297700561,0.432120686064692,"module",0.5
"anchor_178","HOG:0010551","BSYL","root","T4",42.7313175218636,"root::T4",4,-0.699429684587669,0.147423487489788,"module",0.75
"anchor_178","HOG:0010551","BSYL","root","T5",56.4998699010652,"root::T5",4,-2.722242862291,2.68284325746502,"module",1
"anchor_178","HOG:0010551","FPRA","leaf","T1",7.47957433613505,"leaf::T1",4,-0.49257732710069,0.0447984553926424,"module",0
"anchor_178","HOG:0010551","FPRA","leaf","T2",14.5,"leaf::T2",4,-0.452355553765106,0.250355384922961,"module",0.25
"anchor_178","HOG:0010551","FPRA","leaf","T3",28.4898614550509,"leaf::T3",4,-0.420701033666602,0.421311354355539,"module",0.5
"anchor_178","HOG:0010551","FPRA","leaf","T4",42.7313175218636,"leaf::T4",4,-0.892900560446962,0.363390861694314,"module",0.75
"anchor_178","HOG:0010551","FPRA","leaf","T5",56.4998699010652,"leaf::T5",4,-0.65701210244077,0.276865857551363,"module",1
"anchor_178","HOG:0010551","FPRA","root","T1",7.47957433613505,"root::T1",4,-0.00977433569358505,0.0688919667637098,"module",0
"anchor_178","HOG:0010551","FPRA","root","T2",14.5,"root::T2",4,2.22901427447697,0.469536889908273,"module",0.25
"anchor_178","HOG:0010551","FPRA","root","T3",28.4898614550509,"root::T3",4,1.55142201332776,0.600558530764644,"module",0.5
"anchor_178","HOG:0010551","FPRA","root","T4",42.7313175218636,"root::T4",4,0.274302058688017,0.132395445800748,"module",0.75
"anchor_178","HOG:0010551","FPRA","root","T5",56.4998699010652,"root::T5",4,0.456099296275485,0.148674465449386,"module",1
"anchor_178","HOG:0010551","HJUB","leaf","T1",7.47957433613505,"leaf::T1",4,-0.687033672503218,0.104089314766065,"module",0
"anchor_178","HOG:0010551","HJUB","leaf","T2",14.5,"leaf::T2",4,-0.525423360993358,0.263862949078818,"module",0.25
"anchor_178","HOG:0010551","HJUB","leaf","T3",28.4898614550509,"leaf::T3",4,0.377248269750699,0.655197383008124,"module",0.5
"anchor_178","HOG:0010551","HJUB","leaf","T4",42.7313175218636,"leaf::T4",4,-0.371150422402429,0.257298215373067,"module",0.75
"anchor_178","HOG:0010551","HJUB","leaf","T5",56.4998699010652,"leaf::T5",4,-0.866659105894484,0.151663031257168,"module",1
"anchor_178","HOG:0010551","HJUB","root","T1",7.47957433613505,"root::T1",4,-0.148285242103634,0.102469869690672,"module",0
"anchor_178","HOG:0010551","HJUB","root","T2",14.5,"root::T2",4,0.689987189459767,0.279012833867841,"module",0.25
"anchor_178","HOG:0010551","HJUB","root","T3",28.4898614550509,"root::T3",4,0.655863721629164,0.629106026289764,"module",0.5
"anchor_178","HOG:0010551","HJUB","root","T4",42.7313175218636,"root::T4",4,0.901506539283779,0.288231171158731,"module",0.75
"anchor_178","HOG:0010551","HJUB","root","T5",56.4998699010652,"root::T5",4,0.645949702419237,0.21165474160899,"module",1
"anchor_178","HOG:0010551","HVUL","leaf","T1",7.47957433613505,"leaf::T1",4,-0.954352206314057,0.0538575111753515,"module",0
"anchor_178","HOG:0010551","HVUL","leaf","T2",14.5,"leaf::T2",4,-0.883318884142929,0.122095490581164,"module",0.25
"anchor_178","HOG:0010551","HVUL","leaf","T3",28.4898614550509,"leaf::T3",4,-0.680486321758833,0.352849729095416,"module",0.5
"anchor_178","HOG:0010551","HVUL","leaf","T4",42.7313175218636,"leaf::T4",4,-0.540158209743427,0.129405231266495,"module",0.75
"anchor_178","HOG:0010551","HVUL","leaf","T5",56.4998699010652,"leaf::T5",4,-0.589061151439933,0.381316549166452,"module",1
"anchor_178","HOG:0010551","HVUL","root","T1",7.47957433613505,"root::T1",4,0.186750237137372,0.0768399658790194,"module",0
"anchor_178","HOG:0010551","HVUL","root","T2",14.5,"root::T2",4,0.863214578732171,0.466874907229857,"module",0.25
"anchor_178","HOG:0010551","HVUL","root","T3",28.4898614550509,"root::T3",4,0.547269178771715,0.225776483360487,"module",0.5
"anchor_178","HOG:0010551","HVUL","root","T4",42.7313175218636,"root::T4",4,1.20852692309355,0.444274086787984,"module",0.75
"anchor_178","HOG:0010551","HVUL","root","T5",56.4998699010652,"root::T5",4,0.743968178061439,0.250858300351794,"module",1
"anchor_178","HOG:0010551","VBRO","leaf","T1",7.47957433613505,"leaf::T1",4,-0.422257770172388,0.0760153807008867,"module",0
"anchor_178","HOG:0010551","VBRO","leaf","T2",14.5,"leaf::T2",4,-0.120615775755156,0.399913897164402,"module",0.25
"anchor_178","HOG:0010551","VBRO","leaf","T3",28.4898614550509,"leaf::T3",3,-0.414153929673198,0.290956994711332,"module",0.5
"anchor_178","HOG:0010551","VBRO","leaf","T4",42.7313175218636,"leaf::T4",4,-1.41812235164798,0.898353216344427,"module",0.75
"anchor_178","HOG:0010551","VBRO","leaf","T5",56.4998699010652,"leaf::T5",4,-1.21234378328526,0.150059609704951,"module",1
"anchor_178","HOG:0010551","VBRO","root","T1",7.47957433613505,"root::T1",4,-0.132284286233246,0.0987749728367958,"module",0
"anchor_178","HOG:0010551","VBRO","root","T2",14.5,"root::T2",4,0.744261470904437,0.263454146252411,"module",0.25
"anchor_178","HOG:0010551","VBRO","root","T3",28.4898614550509,"root::T3",3,1.44538947642296,1.00079867764673,"module",0.5
"anchor_178","HOG:0010551","VBRO","root","T4",42.7313175218636,"root::T4",4,0.219285933352269,0.0758802429289927,"module",0.75
"anchor_178","HOG:0010551","VBRO","root","T5",56.4998699010652,"root::T5",4,1.83541377877911,0.694745267986614,"module",1
"anchor_97","HOG:0011541","BDIS","leaf","T1",7.47957433613505,"leaf::T1",4,-0.918778590872986,0.134997049542584,"anchor",0
"anchor_97","HOG:0011541","BDIS","leaf","T2",14.5,"leaf::T2",4,-1.36135743305076,0.204629064663598,"anchor",0.25
"anchor_97","HOG:0011541","BDIS","leaf","T3",28.4898614550509,"leaf::T3",4,-1.07631240577318,0.230617781711351,"anchor",0.5
"anchor_97","HOG:0011541","BDIS","leaf","T4",42.7313175218636,"leaf::T4",4,-0.419368737185372,0.203296249777127,"anchor",0.75
"anchor_97","HOG:0011541","BDIS","leaf","T5",56.4998699010652,"leaf::T5",4,0.0176274602852589,0.274829164493546,"anchor",1
"anchor_97","HOG:0011541","BDIS","root","T1",7.47957433613505,"root::T1",4,0.327036077302558,0.16516871828249,"anchor",0
"anchor_97","HOG:0011541","BDIS","root","T2",14.5,"root::T2",4,1.69930653581695,0.66321290692286,"anchor",0.25
"anchor_97","HOG:0011541","BDIS","root","T3",28.4898614550509,"root::T3",4,0.781392455689133,0.199898894897478,"anchor",0.5
"anchor_97","HOG:0011541","BDIS","root","T4",42.7313175218636,"root::T4",4,0.149400115393339,0.165802202244373,"anchor",0.75
"anchor_97","HOG:0011541","BDIS","root","T5",56.4998699010652,"root::T5",4,1.03751623157912,0.55970456849513,"anchor",1
"anchor_97","HOG:0011541","BMAX","leaf","T1",7.47957433613505,"leaf::T1",4,-1.29023629223369,0.095874055077749,"anchor",0
"anchor_97","HOG:0011541","BMAX","leaf","T2",14.5,"leaf::T2",4,-1.26401589106417,0.420184077297162,"anchor",0.25
"anchor_97","HOG:0011541","BMAX","leaf","T3",28.4898614550509,"leaf::T3",4,-0.321478436600896,0.0916426016609335,"anchor",0.5
"anchor_97","HOG:0011541","BMAX","leaf","T4",42.7313175218636,"leaf::T4",4,-0.916749821586907,0.801198648978165,"anchor",0.75
"anchor_97","HOG:0011541","BMAX","leaf","T5",56.4998699010652,"leaf::T5",4,-0.819442528843782,0.12862237013985,"anchor",1
"anchor_97","HOG:0011541","BMAX","root","T1",7.47957433613505,"root::T1",4,0.256274121889926,0.0502423783470715,"anchor",0
"anchor_97","HOG:0011541","BMAX","root","T2",14.5,"root::T2",4,0.771594712261109,0.390656085476554,"anchor",0.25
"anchor_97","HOG:0011541","BMAX","root","T3",28.4898614550509,"root::T3",4,0.596832223111547,0.323226545021609,"anchor",0.5
"anchor_97","HOG:0011541","BMAX","root","T4",42.7313175218636,"root::T4",4,0.883702018888694,0.164089159968135,"anchor",0.75
"anchor_97","HOG:0011541","BMAX","root","T5",56.4998699010652,"root::T5",4,0.67469394457497,0.274915853213266,"anchor",1
"anchor_97","HOG:0011541","BMED","leaf","T1",7.47957433613505,"leaf::T1",4,-0.711459610058051,0.171794691334199,"anchor",0
"anchor_97","HOG:0011541","BMED","leaf","T2",14.5,"leaf::T2",4,-0.0177599313334838,0.108907933567603,"anchor",0.25
"anchor_97","HOG:0011541","BMED","leaf","T3",28.4898614550509,"leaf::T3",4,-0.261690832565663,0.253946851501013,"anchor",0.5
"anchor_97","HOG:0011541","BMED","leaf","T4",42.7313175218636,"leaf::T4",4,-0.801869463599612,0.0974533261949305,"anchor",0.75
"anchor_97","HOG:0011541","BMED","leaf","T5",56.4998699010652,"leaf::T5",4,-0.700435950552951,0.18195249614922,"anchor",1
"anchor_97","HOG:0011541","BMED","root","T1",7.47957433613505,"root::T1",4,-0.220953566972345,0.191858148832986,"anchor",0
"anchor_97","HOG:0011541","BMED","root","T2",14.5,"root::T2",4,1.56967036077221,0.463943755941189,"anchor",0.25
"anchor_97","HOG:0011541","BMED","root","T3",28.4898614550509,"root::T3",4,0.205110991053922,0.47194261677047,"anchor",0.5
"anchor_97","HOG:0011541","BMED","root","T4",42.7313175218636,"root::T4",4,0.882795305857441,0.22160869204385,"anchor",0.75
"anchor_97","HOG:0011541","BMED","root","T5",56.4998699010652,"root::T5",4,1.4514810151003,0.54740426313747,"anchor",1
"anchor_97","HOG:0011541","BSYL","leaf","T1",7.47957433613505,"leaf::T1",4,-2.2521869919666,0.256454769876166,"anchor",0
"anchor_97","HOG:0011541","BSYL","leaf","T2",14.5,"leaf::T2",4,0.657878645724996,0.965365565875265,"anchor",0.25
"anchor_97","HOG:0011541","BSYL","leaf","T3",28.4898614550509,"leaf::T3",4,-0.0268207499503939,0.150928754531892,"anchor",0.5
"anchor_97","HOG:0011541","BSYL","leaf","T4",42.7313175218636,"leaf::T4",4,-0.560100241925095,0.235854090635115,"anchor",0.75
"anchor_97","HOG:0011541","BSYL","leaf","T5",56.4998699010652,"leaf::T5",4,-0.501501648630986,1.36633978517056,"anchor",1
"anchor_97","HOG:0011541","BSYL","root","T1",7.47957433613505,"root::T1",4,0.0166557600334633,0.177940978007971,"anchor",0
"anchor_97","HOG:0011541","BSYL","root","T2",14.5,"root::T2",4,2.01691823890106,0.99564266989633,"anchor",0.25
"anchor_97","HOG:0011541","BSYL","root","T3",28.4898614550509,"root::T3",4,1.17228713205561,1.11771405200658,"anchor",0.5
"anchor_97","HOG:0011541","BSYL","root","T4",42.7313175218636,"root::T4",4,-0.161748931671137,0.376450909316949,"anchor",0.75
"anchor_97","HOG:0011541","BSYL","root","T5",56.4998699010652,"root::T5",4,0.0741684860392591,0.978272287133665,"anchor",1
"anchor_97","HOG:0011541","FPRA","leaf","T1",7.47957433613505,"leaf::T1",4,-0.79766524159046,0.083181443931522,"anchor",0
"anchor_97","HOG:0011541","FPRA","leaf","T2",14.5,"leaf::T2",4,-0.753824278857464,0.0975626993235965,"anchor",0.25
"anchor_97","HOG:0011541","FPRA","leaf","T3",28.4898614550509,"leaf::T3",4,-0.601906794550016,0.208301855063061,"anchor",0.5
"anchor_97","HOG:0011541","FPRA","leaf","T4",42.7313175218636,"leaf::T4",4,-1.0658205644514,0.159306136387967,"anchor",0.75
"anchor_97","HOG:0011541","FPRA","leaf","T5",56.4998699010652,"leaf::T5",4,-0.528971711793505,0.152170161382554,"anchor",1
"anchor_97","HOG:0011541","FPRA","root","T1",7.47957433613505,"root::T1",4,0.236611764790885,0.0387718695995556,"anchor",0
"anchor_97","HOG:0011541","FPRA","root","T2",14.5,"root::T2",4,1.42907279490564,0.250993890209684,"anchor",0.25
"anchor_97","HOG:0011541","FPRA","root","T3",28.4898614550509,"root::T3",4,0.970724830287463,0.281366318719804,"anchor",0.5
"anchor_97","HOG:0011541","FPRA","root","T4",42.7313175218636,"root::T4",4,0.196564239612744,0.0667571383585555,"anchor",0.75
"anchor_97","HOG:0011541","FPRA","root","T5",56.4998699010652,"root::T5",4,0.284623938594377,0.137253055081102,"anchor",1
"anchor_97","HOG:0011541","HJUB","leaf","T1",7.47957433613505,"leaf::T1",4,-0.95238979814078,0.0545214106702735,"anchor",0
"anchor_97","HOG:0011541","HJUB","leaf","T2",14.5,"leaf::T2",4,-0.834905206427393,0.156599646897322,"anchor",0.25
"anchor_97","HOG:0011541","HJUB","leaf","T3",28.4898614550509,"leaf::T3",4,-0.510046333745953,0.294488511869525,"anchor",0.5
"anchor_97","HOG:0011541","HJUB","leaf","T4",42.7313175218636,"leaf::T4",4,-0.682491415088267,0.170316129539651,"anchor",0.75
"anchor_97","HOG:0011541","HJUB","leaf","T5",56.4998699010652,"leaf::T5",4,-0.817733371622143,0.101630325399355,"anchor",1
"anchor_97","HOG:0011541","HJUB","root","T1",7.47957433613505,"root::T1",4,0.0550227382087158,0.0279028437764012,"anchor",0
"anchor_97","HOG:0011541","HJUB","root","T2",14.5,"root::T2",4,0.530770327490347,0.17674263287204,"anchor",0.25
"anchor_97","HOG:0011541","HJUB","root","T3",28.4898614550509,"root::T3",4,0.32967024828568,0.247853489023959,"anchor",0.5
"anchor_97","HOG:0011541","HJUB","root","T4",42.7313175218636,"root::T4",4,0.299837060352704,0.139573567355458,"anchor",0.75
"anchor_97","HOG:0011541","HJUB","root","T5",56.4998699010652,"root::T5",4,0.459488351492812,0.135717123405018,"anchor",1
"anchor_97","HOG:0011541","HVUL","leaf","T1",7.47957433613505,"leaf::T1",4,-1.2128625836599,0.131725033036639,"anchor",0
"anchor_97","HOG:0011541","HVUL","leaf","T2",14.5,"leaf::T2",4,-0.807633601674633,0.11344706086781,"anchor",0.25
"anchor_97","HOG:0011541","HVUL","leaf","T3",28.4898614550509,"leaf::T3",4,-0.644840784936802,0.30362866458947,"anchor",0.5
"anchor_97","HOG:0011541","HVUL","leaf","T4",42.7313175218636,"leaf::T4",4,-0.577369563353997,0.153723469585243,"anchor",0.75
"anchor_97","HOG:0011541","HVUL","leaf","T5",56.4998699010652,"leaf::T5",4,-0.257826674018004,0.356648161493152,"anchor",1
"anchor_97","HOG:0011541","HVUL","root","T1",7.47957433613505,"root::T1",4,0.0739969837259545,0.147079204640227,"anchor",0
"anchor_97","HOG:0011541","HVUL","root","T2",14.5,"root::T2",4,0.678453155385918,0.430594901731857,"anchor",0.25
"anchor_97","HOG:0011541","HVUL","root","T3",28.4898614550509,"root::T3",4,0.283548991371362,0.50652076961307,"anchor",0.5
"anchor_97","HOG:0011541","HVUL","root","T4",42.7313175218636,"root::T4",4,1.08940020221567,0.314576714635785,"anchor",0.75
"anchor_97","HOG:0011541","HVUL","root","T5",56.4998699010652,"root::T5",4,0.603744669630863,0.269694445934605,"anchor",1
"anchor_97","HOG:0011541","VBRO","leaf","T1",7.47957433613505,"leaf::T1",4,-0.736753181036249,0.124245785163223,"anchor",0
"anchor_97","HOG:0011541","VBRO","leaf","T2",14.5,"leaf::T2",4,-0.748762178601836,0.279721409201685,"anchor",0.25
"anchor_97","HOG:0011541","VBRO","leaf","T3",28.4898614550509,"leaf::T3",3,-0.601149725375522,0.273080743509225,"anchor",0.5
"anchor_97","HOG:0011541","VBRO","leaf","T4",42.7313175218636,"leaf::T4",4,-1.04467420515959,0.64617319452493,"anchor",0.75
"anchor_97","HOG:0011541","VBRO","leaf","T5",56.4998699010652,"leaf::T5",4,-1.16188100638479,0.107799019971722,"anchor",1
"anchor_97","HOG:0011541","VBRO","root","T1",7.47957433613505,"root::T1",4,0.144703743053766,0.0716846741853585,"anchor",0
"anchor_97","HOG:0011541","VBRO","root","T2",14.5,"root::T2",4,0.76406734951624,0.198637344788826,"anchor",0.25
"anchor_97","HOG:0011541","VBRO","root","T3",28.4898614550509,"root::T3",3,1.30638462355122,0.820676521999476,"anchor",0.5
"anchor_97","HOG:0011541","VBRO","root","T4",42.7313175218636,"root::T4",4,0.221910249561557,0.0644537422854745,"anchor",0.75
"anchor_97","HOG:0011541","VBRO","root","T5",56.4998699010652,"root::T5",4,1.56120243241597,0.526989349416705,"anchor",1
"anchor_97","HOG:0011541","BDIS","leaf","T1",7.47957433613505,"leaf::T1",4,-0.906066654843289,0.081566046961553,"module",0
"anchor_97","HOG:0011541","BDIS","leaf","T2",14.5,"leaf::T2",4,-1.18501386824611,0.249335660846141,"module",0.25
"anchor_97","HOG:0011541","BDIS","leaf","T3",28.4898614550509,"leaf::T3",4,-1.0116100334567,0.250053296778414,"module",0.5
"anchor_97","HOG:0011541","BDIS","leaf","T4",42.7313175218636,"leaf::T4",4,-0.487584074425463,0.224473282818388,"module",0.75
"anchor_97","HOG:0011541","BDIS","leaf","T5",56.4998699010652,"leaf::T5",4,-0.160312409258724,0.236730719916468,"module",1
"anchor_97","HOG:0011541","BDIS","root","T1",7.47957433613505,"root::T1",4,0.225229605551156,0.137124238304128,"module",0
"anchor_97","HOG:0011541","BDIS","root","T2",14.5,"root::T2",4,1.61786956111503,0.579517018495258,"module",0.25
"anchor_97","HOG:0011541","BDIS","root","T3",28.4898614550509,"root::T3",4,0.664323506808013,0.161211407468778,"module",0.5
"anchor_97","HOG:0011541","BDIS","root","T4",42.7313175218636,"root::T4",4,0.185855825700166,0.160981668090238,"module",0.75
"anchor_97","HOG:0011541","BDIS","root","T5",56.4998699010652,"root::T5",4,1.20414791935371,0.566060883097562,"module",1
"anchor_97","HOG:0011541","BMAX","leaf","T1",7.47957433613505,"leaf::T1",4,-1.17785958753119,0.0537718775995771,"module",0
"anchor_97","HOG:0011541","BMAX","leaf","T2",14.5,"leaf::T2",4,-1.20473861522659,0.509763109353977,"module",0.25
"anchor_97","HOG:0011541","BMAX","leaf","T3",28.4898614550509,"leaf::T3",4,-0.422898030696829,0.0817052804213347,"module",0.5
"anchor_97","HOG:0011541","BMAX","leaf","T4",42.7313175218636,"leaf::T4",4,-1.06724169413685,0.816584394493556,"module",0.75
"anchor_97","HOG:0011541","BMAX","leaf","T5",56.4998699010652,"leaf::T5",4,-0.790772802276138,0.166489246313119,"module",1
"anchor_97","HOG:0011541","BMAX","root","T1",7.47957433613505,"root::T1",4,0.283956044099653,0.0201114108427325,"module",0
"anchor_97","HOG:0011541","BMAX","root","T2",14.5,"root::T2",4,0.738885848869185,0.410904386190268,"module",0.25
"anchor_97","HOG:0011541","BMAX","root","T3",28.4898614550509,"root::T3",4,0.767409226210049,0.298080713685598,"module",0.5
"anchor_97","HOG:0011541","BMAX","root","T4",42.7313175218636,"root::T4",4,0.909571067447586,0.162502203121576,"module",0.75
"anchor_97","HOG:0011541","BMAX","root","T5",56.4998699010652,"root::T5",4,0.735538003099879,0.2616544779435,"module",1
"anchor_97","HOG:0011541","BMED","leaf","T1",7.47957433613505,"leaf::T1",4,-0.881458247113557,0.0918115292736731,"module",0
"anchor_97","HOG:0011541","BMED","leaf","T2",14.5,"leaf::T2",4,0.0222963976261429,0.0413427828328724,"module",0.25
"anchor_97","HOG:0011541","BMED","leaf","T3",28.4898614550509,"leaf::T3",4,-0.288483809310723,0.111070203756648,"module",0.5
"anchor_97","HOG:0011541","BMED","leaf","T4",42.7313175218636,"leaf::T4",4,-0.513363828558337,0.0843892505515069,"module",0.75
"anchor_97","HOG:0011541","BMED","leaf","T5",56.4998699010652,"leaf::T5",4,-0.733019369733336,0.0839141973169326,"module",1
"anchor_97","HOG:0011541","BMED","root","T1",7.47957433613505,"root::T1",4,-0.199321879410997,0.365712415279149,"module",0
"anchor_97","HOG:0011541","BMED","root","T2",14.5,"root::T2",4,1.3782525902748,0.291261746981523,"module",0.25
"anchor_97","HOG:0011541","BMED","root","T3",28.4898614550509,"root::T3",4,0.13282525769498,0.494224548627017,"module",0.5
"anchor_97","HOG:0011541","BMED","root","T4",42.7313175218636,"root::T4",4,0.814073490738571,0.188156067128255,"module",0.75
"anchor_97","HOG:0011541","BMED","root","T5",56.4998699010652,"root::T5",4,1.15487671797008,0.358830367404722,"module",1
"anchor_97","HOG:0011541","BSYL","leaf","T1",7.47957433613505,"leaf::T1",4,-1.10813839211962,0.106438734990491,"module",0
"anchor_97","HOG:0011541","BSYL","leaf","T2",14.5,"leaf::T2",4,0.800079030236709,0.554105564651481,"module",0.25
"anchor_97","HOG:0011541","BSYL","leaf","T3",28.4898614550509,"leaf::T3",4,0.0644798326638816,0.147944414289871,"module",0.5
"anchor_97","HOG:0011541","BSYL","leaf","T4",42.7313175218636,"leaf::T4",4,-0.290207859394308,0.119814898568902,"module",0.75
"anchor_97","HOG:0011541","BSYL","leaf","T5",56.4998699010652,"leaf::T5",4,-0.268827321986306,0.809301933796522,"module",1
"anchor_97","HOG:0011541","BSYL","root","T1",7.47957433613505,"root::T1",4,-0.119224170929874,0.0932421468270605,"module",0
"anchor_97","HOG:0011541","BSYL","root","T2",14.5,"root::T2",4,1.35403108368894,0.576879794709981,"module",0.25
"anchor_97","HOG:0011541","BSYL","root","T3",28.4898614550509,"root::T3",4,0.631631762372928,0.590255734717381,"module",0.5
"anchor_97","HOG:0011541","BSYL","root","T4",42.7313175218636,"root::T4",4,-0.152933374048459,0.15966182693314,"module",0.75
"anchor_97","HOG:0011541","BSYL","root","T5",56.4998699010652,"root::T5",4,0.0882571127251024,0.727414507480097,"module",1
"anchor_97","HOG:0011541","FPRA","leaf","T1",7.47957433613505,"leaf::T1",4,-0.798469306693572,0.0619684343857058,"module",0
"anchor_97","HOG:0011541","FPRA","leaf","T2",14.5,"leaf::T2",4,-0.64109757904845,0.159096859774293,"module",0.25
"anchor_97","HOG:0011541","FPRA","leaf","T3",28.4898614550509,"leaf::T3",4,-0.57403360831255,0.253922868638474,"module",0.5
"anchor_97","HOG:0011541","FPRA","leaf","T4",42.7313175218636,"leaf::T4",4,-0.99030013298262,0.207473438000274,"module",0.75
"anchor_97","HOG:0011541","FPRA","leaf","T5",56.4998699010652,"leaf::T5",4,-0.679787585336523,0.149228554671122,"module",1
"anchor_97","HOG:0011541","FPRA","root","T1",7.47957433613505,"root::T1",4,0.199066434264865,0.0384086913712748,"module",0
"anchor_97","HOG:0011541","FPRA","root","T2",14.5,"root::T2",4,1.74782364304712,0.283105339516226,"module",0.25
"anchor_97","HOG:0011541","FPRA","root","T3",28.4898614550509,"root::T3",4,1.2454424003749,0.364053423596506,"module",0.5
"anchor_97","HOG:0011541","FPRA","root","T4",42.7313175218636,"root::T4",4,0.391033607606509,0.0729090794209517,"module",0.75
"anchor_97","HOG:0011541","FPRA","root","T5",56.4998699010652,"root::T5",4,0.48103597926011,0.0738088385377896,"module",1
"anchor_97","HOG:0011541","HJUB","leaf","T1",7.47957433613505,"leaf::T1",4,-1.0889415253239,0.0407820561694419,"module",0
"anchor_97","HOG:0011541","HJUB","leaf","T2",14.5,"leaf::T2",4,-0.945495053573545,0.16570445715511,"module",0.25
"anchor_97","HOG:0011541","HJUB","leaf","T3",28.4898614550509,"leaf::T3",4,-0.481232059887261,0.350612018660012,"module",0.5
"anchor_97","HOG:0011541","HJUB","leaf","T4",42.7313175218636,"leaf::T4",4,-0.760077613663839,0.123277172965727,"module",0.75
"anchor_97","HOG:0011541","HJUB","leaf","T5",56.4998699010652,"leaf::T5",4,-0.948898401162837,0.0848017062352854,"module",1
"anchor_97","HOG:0011541","HJUB","root","T1",7.47957433613505,"root::T1",4,0.203968192762812,0.0482777163101107,"module",0
"anchor_97","HOG:0011541","HJUB","root","T2",14.5,"root::T2",4,0.638994166487084,0.143396761332235,"module",0.25
"anchor_97","HOG:0011541","HJUB","root","T3",28.4898614550509,"root::T3",4,0.574016764709098,0.306143300696853,"module",0.5
"anchor_97","HOG:0011541","HJUB","root","T4",42.7313175218636,"root::T4",4,0.548365414518504,0.131261567629748,"module",0.75
"anchor_97","HOG:0011541","HJUB","root","T5",56.4998699010652,"root::T5",4,0.517537259166796,0.1148596482852,"module",1
"anchor_97","HOG:0011541","HVUL","leaf","T1",7.47957433613505,"leaf::T1",4,-1.08769848414919,0.0548882850426671,"module",0
"anchor_97","HOG:0011541","HVUL","leaf","T2",14.5,"leaf::T2",4,-0.902944001500034,0.074670731749771,"module",0.25
"anchor_97","HOG:0011541","HVUL","leaf","T3",28.4898614550509,"leaf::T3",4,-0.759080396367304,0.306066874579292,"module",0.5
"anchor_97","HOG:0011541","HVUL","leaf","T4",42.7313175218636,"leaf::T4",4,-0.537416314091153,0.104472097108814,"module",0.75
"anchor_97","HOG:0011541","HVUL","leaf","T5",56.4998699010652,"leaf::T5",4,-0.46909170481594,0.330543349721675,"module",1
"anchor_97","HOG:0011541","HVUL","root","T1",7.47957433613505,"root::T1",4,0.199570197418316,0.088497884970737,"module",0
"anchor_97","HOG:0011541","HVUL","root","T2",14.5,"root::T2",4,0.794979819913573,0.423118198967997,"module",0.25
"anchor_97","HOG:0011541","HVUL","root","T3",28.4898614550509,"root::T3",4,0.389217632659241,0.348625322465397,"module",0.5
"anchor_97","HOG:0011541","HVUL","root","T4",42.7313175218636,"root::T4",4,1.09345730292775,0.396307249057545,"module",0.75
"anchor_97","HOG:0011541","HVUL","root","T5",56.4998699010652,"root::T5",4,0.71634955795209,0.226865685616877,"module",1
"anchor_97","HOG:0011541","VBRO","leaf","T1",7.47957433613505,"leaf::T1",4,-0.647445332677984,0.0450651165995366,"module",0
"anchor_97","HOG:0011541","VBRO","leaf","T2",14.5,"leaf::T2",4,-0.468146633157155,0.29243716098544,"module",0.25
"anchor_97","HOG:0011541","VBRO","leaf","T3",28.4898614550509,"leaf::T3",3,-0.527565315291911,0.136755190447138,"module",0.5
"anchor_97","HOG:0011541","VBRO","leaf","T4",42.7313175218636,"leaf::T4",4,-1.28683816650536,0.681270831421817,"module",0.75
"anchor_97","HOG:0011541","VBRO","leaf","T5",56.4998699010652,"leaf::T5",4,-1.11822298362455,0.105231333766036,"module",1
"anchor_97","HOG:0011541","VBRO","root","T1",7.47957433613505,"root::T1",4,0.067935036234418,0.071079941317573,"module",0
"anchor_97","HOG:0011541","VBRO","root","T2",14.5,"root::T2",4,0.728473517018872,0.174449132706874,"module",0.25
"anchor_97","HOG:0011541","VBRO","root","T3",28.4898614550509,"root::T3",3,1.17698695022755,0.686559160933933,"module",0.5
"anchor_97","HOG:0011541","VBRO","root","T4",42.7313175218636,"root::T4",4,0.330865091476733,0.0569120941667728,"module",0.75
"anchor_97","HOG:0011541","VBRO","root","T5",56.4998699010652,"root::T5",4,1.52360394611259,0.493117188635166,"module",1
"regulator_HOG:0012239","HOG:0012239","BDIS","leaf","T1",7.47957433613505,"leaf::T1",4,-0.929922978143247,0.0705603898335744,"anchor",0
"regulator_HOG:0012239","HOG:0012239","BDIS","leaf","T2",14.5,"leaf::T2",4,-0.900366783145139,0.573242673289031,"anchor",0.25
"regulator_HOG:0012239","HOG:0012239","BDIS","leaf","T3",28.4898614550509,"leaf::T3",4,-0.480443590551057,0.168415298227695,"anchor",0.5
"regulator_HOG:0012239","HOG:0012239","BDIS","leaf","T4",42.7313175218636,"leaf::T4",4,0.349914725678168,0.225947072253782,"anchor",0.75
"regulator_HOG:0012239","HOG:0012239","BDIS","leaf","T5",56.4998699010652,"leaf::T5",4,0.849707188135354,0.26608240015689,"anchor",1
"regulator_HOG:0012239","HOG:0012239","BDIS","root","T1",7.47957433613505,"root::T1",4,-0.331336156925869,0.0712862576315681,"anchor",0
"regulator_HOG:0012239","HOG:0012239","BDIS","root","T2",14.5,"root::T2",4,1.43248032363558,0.525653587147329,"anchor",0.25
"regulator_HOG:0012239","HOG:0012239","BDIS","root","T3",28.4898614550509,"root::T3",4,0.824469744054892,0.204560566362303,"anchor",0.5
"regulator_HOG:0012239","HOG:0012239","BDIS","root","T4",42.7313175218636,"root::T4",4,-0.174892753598603,0.228167611190116,"anchor",0.75
"regulator_HOG:0012239","HOG:0012239","BDIS","root","T5",56.4998699010652,"root::T5",4,0.501774076985969,0.69796133647627,"anchor",1
"regulator_HOG:0012239","HOG:0012239","BMAX","leaf","T1",7.47957433613505,"leaf::T1",4,-0.728939091907572,0.251208127799769,"anchor",0
"regulator_HOG:0012239","HOG:0012239","BMAX","leaf","T2",14.5,"leaf::T2",4,0.164036367656153,0.479144710409315,"anchor",0.25
"regulator_HOG:0012239","HOG:0012239","BMAX","leaf","T3",28.4898614550509,"leaf::T3",4,0.379563448850209,0.206435517103288,"anchor",0.5
"regulator_HOG:0012239","HOG:0012239","BMAX","leaf","T4",42.7313175218636,"leaf::T4",4,-1.01842590015337,0.769196839432019,"anchor",0.75
"regulator_HOG:0012239","HOG:0012239","BMAX","leaf","T5",56.4998699010652,"leaf::T5",4,-0.976562300718562,0.480412745711484,"anchor",1
"regulator_HOG:0012239","HOG:0012239","BMAX","root","T1",7.47957433613505,"root::T1",4,-0.663637420572886,0.201982359620731,"anchor",0
"regulator_HOG:0012239","HOG:0012239","BMAX","root","T2",14.5,"root::T2",4,0.406374376413247,0.351216951564611,"anchor",0.25
"regulator_HOG:0012239","HOG:0012239","BMAX","root","T3",28.4898614550509,"root::T3",4,0.912969109073392,0.319878780744401,"anchor",0.5
"regulator_HOG:0012239","HOG:0012239","BMAX","root","T4",42.7313175218636,"root::T4",4,1.42237155249115,0.225360000248879,"anchor",0.75
"regulator_HOG:0012239","HOG:0012239","BMAX","root","T5",56.4998699010652,"root::T5",4,0.24112104227407,0.311410884199222,"anchor",1
"regulator_HOG:0012239","HOG:0012239","BMED","leaf","T1",7.47957433613505,"leaf::T1",4,0.0242258006165728,0.449913529646959,"anchor",0
"regulator_HOG:0012239","HOG:0012239","BMED","leaf","T2",14.5,"leaf::T2",4,0.510706646254006,0.319733106873922,"anchor",0.25
"regulator_HOG:0012239","HOG:0012239","BMED","leaf","T3",28.4898614550509,"leaf::T3",4,0.260079178362437,0.417013551469633,"anchor",0.5
"regulator_HOG:0012239","HOG:0012239","BMED","leaf","T4",42.7313175218636,"leaf::T4",4,0.367335676876479,0.31449983477821,"anchor",0.75
"regulator_HOG:0012239","HOG:0012239","BMED","leaf","T5",56.4998699010652,"leaf::T5",4,0.180953876954755,0.247055838218274,"anchor",1
"regulator_HOG:0012239","HOG:0012239","BMED","root","T1",7.47957433613505,"root::T1",4,-1.59349069062633,0.608401225897452,"anchor",0
"regulator_HOG:0012239","HOG:0012239","BMED","root","T2",14.5,"root::T2",4,0.477895628842544,0.357862170540621,"anchor",0.25
"regulator_HOG:0012239","HOG:0012239","BMED","root","T3",28.4898614550509,"root::T3",4,-1.69552245693999,0.888138603556666,"anchor",0.5
"regulator_HOG:0012239","HOG:0012239","BMED","root","T4",42.7313175218636,"root::T4",4,0.0104094577117857,0.391429309635704,"anchor",0.75
"regulator_HOG:0012239","HOG:0012239","BMED","root","T5",56.4998699010652,"root::T5",4,0.30219847254443,0.615968066617372,"anchor",1
"regulator_HOG:0012239","HOG:0012239","BSYL","leaf","T1",7.47957433613505,"leaf::T1",4,0.0777250635004569,0.0888433593513922,"anchor",0
"regulator_HOG:0012239","HOG:0012239","BSYL","leaf","T2",14.5,"leaf::T2",4,1.18563905568068,0.398227124486061,"anchor",0.25
"regulator_HOG:0012239","HOG:0012239","BSYL","leaf","T3",28.4898614550509,"leaf::T3",4,0.0925886091432489,0.428860122562392,"anchor",0.5
"regulator_HOG:0012239","HOG:0012239","BSYL","leaf","T4",42.7313175218636,"leaf::T4",4,0.329597183060177,0.151836722840349,"anchor",0.75
"regulator_HOG:0012239","HOG:0012239","BSYL","leaf","T5",56.4998699010652,"leaf::T5",4,1.00070019111308,0.482395226190155,"anchor",1
"regulator_HOG:0012239","HOG:0012239","BSYL","root","T1",7.47957433613505,"root::T1",4,-0.623901285163561,0.0917894604550619,"anchor",0
"regulator_HOG:0012239","HOG:0012239","BSYL","root","T2",14.5,"root::T2",4,0.845337896187383,0.491603229433874,"anchor",0.25
"regulator_HOG:0012239","HOG:0012239","BSYL","root","T3",28.4898614550509,"root::T3",4,-0.619706984464444,0.284284680246235,"anchor",0.5
"regulator_HOG:0012239","HOG:0012239","BSYL","root","T4",42.7313175218636,"root::T4",4,-1.04485279227217,0.206552191295903,"anchor",0.75
"regulator_HOG:0012239","HOG:0012239","BSYL","root","T5",56.4998699010652,"root::T5",4,-1.04975665557949,0.200421922552979,"anchor",1
"regulator_HOG:0012239","HOG:0012239","FPRA","leaf","T1",7.47957433613505,"leaf::T1",4,-0.258628076962861,0.542059718847859,"anchor",0
"regulator_HOG:0012239","HOG:0012239","FPRA","leaf","T2",14.5,"leaf::T2",4,0.35623363497465,0.536600435509772,"anchor",0.25
"regulator_HOG:0012239","HOG:0012239","FPRA","leaf","T3",28.4898614550509,"leaf::T3",4,0.334100454634753,0.586865409086096,"anchor",0.5
"regulator_HOG:0012239","HOG:0012239","FPRA","leaf","T4",42.7313175218636,"leaf::T4",4,-0.412666881726883,0.52879861592282,"anchor",0.75
"regulator_HOG:0012239","HOG:0012239","FPRA","leaf","T5",56.4998699010652,"leaf::T5",4,-0.558439859145498,0.549636122424149,"anchor",1
"regulator_HOG:0012239","HOG:0012239","FPRA","root","T1",7.47957433613505,"root::T1",4,-0.554496714434732,0.14905620972264,"anchor",0
"regulator_HOG:0012239","HOG:0012239","FPRA","root","T2",14.5,"root::T2",4,1.55237758224364,0.309184441944312,"anchor",0.25
"regulator_HOG:0012239","HOG:0012239","FPRA","root","T3",28.4898614550509,"root::T3",4,1.31439084512795,0.54710831603073,"anchor",0.5
"regulator_HOG:0012239","HOG:0012239","FPRA","root","T4",42.7313175218636,"root::T4",4,-0.212286216959593,0.142331130327528,"anchor",0.75
"regulator_HOG:0012239","HOG:0012239","FPRA","root","T5",56.4998699010652,"root::T5",4,-0.0618532295175191,0.119492692723176,"anchor",1
"regulator_HOG:0012239","HOG:0012239","HJUB","leaf","T1",7.47957433613505,"leaf::T1",4,-0.915777850950292,0.120063317971398,"anchor",0
"regulator_HOG:0012239","HOG:0012239","HJUB","leaf","T2",14.5,"leaf::T2",4,-0.623112310157946,0.249978101357613,"anchor",0.25
"regulator_HOG:0012239","HOG:0012239","HJUB","leaf","T3",28.4898614550509,"leaf::T3",4,-0.424667321864074,0.278016536209978,"anchor",0.5
"regulator_HOG:0012239","HOG:0012239","HJUB","leaf","T4",42.7313175218636,"leaf::T4",4,-0.577263737178024,0.172612967564945,"anchor",0.75
"regulator_HOG:0012239","HOG:0012239","HJUB","leaf","T5",56.4998699010652,"leaf::T5",4,-0.264242728458324,0.255599205091125,"anchor",1
"regulator_HOG:0012239","HOG:0012239","HJUB","root","T1",7.47957433613505,"root::T1",4,0.0141589433985022,0.0648218576527285,"anchor",0
"regulator_HOG:0012239","HOG:0012239","HJUB","root","T2",14.5,"root::T2",4,1.24447573345449,0.325885623425581,"anchor",0.25
"regulator_HOG:0012239","HOG:0012239","HJUB","root","T3",28.4898614550509,"root::T3",4,0.774385285538845,0.476195674700628,"anchor",0.5
"regulator_HOG:0012239","HOG:0012239","HJUB","root","T4",42.7313175218636,"root::T4",4,0.719095922465477,0.220227968352727,"anchor",0.75
"regulator_HOG:0012239","HOG:0012239","HJUB","root","T5",56.4998699010652,"root::T5",4,0.803298202792353,0.342825836803688,"anchor",1
"regulator_HOG:0012239","HOG:0012239","VBRO","leaf","T1",7.47957433613505,"leaf::T1",4,-0.278641183119694,0.130735116960491,"anchor",0
"regulator_HOG:0012239","HOG:0012239","VBRO","leaf","T2",14.5,"leaf::T2",4,-0.108399194297593,0.562345800485517,"anchor",0.25
"regulator_HOG:0012239","HOG:0012239","VBRO","leaf","T3",28.4898614550509,"leaf::T3",3,0.114873175845348,0.346048430925583,"anchor",0.5
"regulator_HOG:0012239","HOG:0012239","VBRO","leaf","T4",42.7313175218636,"leaf::T4",4,-1.15922094953462,0.732042553743175,"anchor",0.75
"regulator_HOG:0012239","HOG:0012239","VBRO","leaf","T5",56.4998699010652,"leaf::T5",4,-1.194517294841,0.319269794807029,"anchor",1
"regulator_HOG:0012239","HOG:0012239","VBRO","root","T1",7.47957433613505,"root::T1",4,-0.41583488192906,0.1787986655062,"anchor",0
"regulator_HOG:0012239","HOG:0012239","VBRO","root","T2",14.5,"root::T2",4,1.00183260585274,0.198939933344661,"anchor",0.25
"regulator_HOG:0012239","HOG:0012239","VBRO","root","T3",28.4898614550509,"root::T3",3,2.44079394028172,1.89066771660653,"anchor",0.5
"regulator_HOG:0012239","HOG:0012239","VBRO","root","T4",42.7313175218636,"root::T4",4,-0.215513366311641,0.280513006910304,"anchor",0.75
"regulator_HOG:0012239","HOG:0012239","VBRO","root","T5",56.4998699010652,"root::T5",4,2.11226310773349,0.641374948751669,"anchor",1
"anchor_106","HOG:0012511","BDIS","leaf","T1",7.47957433613505,"leaf::T1",4,-0.677961083834977,0.0461620024770635,"anchor",0
"anchor_106","HOG:0012511","BDIS","leaf","T2",14.5,"leaf::T2",4,-0.765099502708817,0.0871656863088625,"anchor",0.25
"anchor_106","HOG:0012511","BDIS","leaf","T3",28.4898614550509,"leaf::T3",4,-0.6562717575777,0.056251658946896,"anchor",0.5
"anchor_106","HOG:0012511","BDIS","leaf","T4",42.7313175218636,"leaf::T4",4,-0.686035535183929,0.0411911626237328,"anchor",0.75
"anchor_106","HOG:0012511","BDIS","leaf","T5",56.4998699010652,"leaf::T5",4,-0.56044462311758,0.0601939039871325,"anchor",1
"anchor_106","HOG:0012511","BDIS","root","T1",7.47957433613505,"root::T1",4,0.681942310933531,0.0313639542967124,"anchor",0
"anchor_106","HOG:0012511","BDIS","root","T2",14.5,"root::T2",4,0.78291750027332,0.087800717022441,"anchor",0.25
"anchor_106","HOG:0012511","BDIS","root","T3",28.4898614550509,"root::T3",4,0.636280799740203,0.0681858543295865,"anchor",0.5
"anchor_106","HOG:0012511","BDIS","root","T4",42.7313175218636,"root::T4",4,0.731590463945166,0.07364285290784,"anchor",0.75
"anchor_106","HOG:0012511","BDIS","root","T5",56.4998699010652,"root::T5",4,0.648881643348277,0.0777404587312425,"anchor",1
"anchor_106","HOG:0012511","BMAX","leaf","T1",7.47957433613505,"leaf::T1",4,-0.690562208561405,0.0732753658495375,"anchor",0
"anchor_106","HOG:0012511","BMAX","leaf","T2",14.5,"leaf::T2",4,-0.879377350372209,0.145944905762862,"anchor",0.25
"anchor_106","HOG:0012511","BMAX","leaf","T3",28.4898614550509,"leaf::T3",4,-0.808373186276556,0.00841593188048695,"anchor",0.5
"anchor_106","HOG:0012511","BMAX","leaf","T4",42.7313175218636,"leaf::T4",4,-0.546873293225383,0.060936026254079,"anchor",0.75
"anchor_106","HOG:0012511","BMAX","leaf","T5",56.4998699010652,"leaf::T5",4,-0.760139715573061,0.118475753026586,"anchor",1
"anchor_106","HOG:0012511","BMAX","root","T1",7.47957433613505,"root::T1",4,0.700397440959858,0.0311534030199309,"anchor",0
"anchor_106","HOG:0012511","BMAX","root","T2",14.5,"root::T2",4,0.836634337683589,0.103080734467661,"anchor",0.25
"anchor_106","HOG:0012511","BMAX","root","T3",28.4898614550509,"root::T3",4,0.613668644364168,0.025886920081417,"anchor",0.5
"anchor_106","HOG:0012511","BMAX","root","T4",42.7313175218636,"root::T4",4,0.514723144614544,0.0555042541134005,"anchor",0.75
"anchor_106","HOG:0012511","BMAX","root","T5",56.4998699010652,"root::T5",4,0.75753306009221,0.094767351506915,"anchor",1
"anchor_106","HOG:0012511","BMED","leaf","T1",7.47957433613505,"leaf::T1",4,-1.0720132084965,0.06335297865528,"anchor",0
"anchor_106","HOG:0012511","BMED","leaf","T2",14.5,"leaf::T2",4,-1.12058504937016,0.106739316269712,"anchor",0.25
"anchor_106","HOG:0012511","BMED","leaf","T3",28.4898614550509,"leaf::T3",4,-1.02112265030969,0.098986917197061,"anchor",0.5
"anchor_106","HOG:0012511","BMED","leaf","T4",42.7313175218636,"leaf::T4",4,-0.859602638097199,0.079716695703857,"anchor",0.75
"anchor_106","HOG:0012511","BMED","leaf","T5",56.4998699010652,"leaf::T5",4,-0.464120109927188,0.180094274581925,"anchor",1
"anchor_106","HOG:0012511","BMED","root","T1",7.47957433613505,"root::T1",4,0.288343494786604,0.0738272062024475,"anchor",0
"anchor_106","HOG:0012511","BMED","root","T2",14.5,"root::T2",4,0.500198965913683,0.0146363254078869,"anchor",0.25
"anchor_106","HOG:0012511","BMED","root","T3",28.4898614550509,"root::T3",4,0.516865316863251,0.06182382856095,"anchor",0.5
"anchor_106","HOG:0012511","BMED","root","T4",42.7313175218636,"root::T4",4,0.504456995399919,0.053743112167236,"anchor",0.75
"anchor_106","HOG:0012511","BMED","root","T5",56.4998699010652,"root::T5",4,0.673725434189867,0.061135988673849,"anchor",1
"anchor_106","HOG:0012511","BSYL","leaf","T1",7.47957433613505,"leaf::T1",4,-0.954714870537994,0.111450209325046,"anchor",0
"anchor_106","HOG:0012511","BSYL","leaf","T2",14.5,"leaf::T2",4,-0.411737111165725,0.082829770285219,"anchor",0.25
"anchor_106","HOG:0012511","BSYL","leaf","T3",28.4898614550509,"leaf::T3",4,-0.398041159285024,0.140872827807826,"anchor",0.5
"anchor_106","HOG:0012511","BSYL","leaf","T4",42.7313175218636,"leaf::T4",4,-0.285731301041526,0.139729718337724,"anchor",0.75
"anchor_106","HOG:0012511","BSYL","leaf","T5",56.4998699010652,"leaf::T5",4,-0.516559439186016,0.20181564011611,"anchor",1
"anchor_106","HOG:0012511","BSYL","root","T1",7.47957433613505,"root::T1",4,0.862463523411962,0.085827283249048,"anchor",0
"anchor_106","HOG:0012511","BSYL","root","T2",14.5,"root::T2",4,1.0743531466391,0.0702313528973485,"anchor",0.25
"anchor_106","HOG:0012511","BSYL","root","T3",28.4898614550509,"root::T3",4,1.18984546608706,0.092705806940092,"anchor",0.5
"anchor_106","HOG:0012511","BSYL","root","T4",42.7313175218636,"root::T4",4,0.312648921018115,0.142145444596821,"anchor",0.75
"anchor_106","HOG:0012511","BSYL","root","T5",56.4998699010652,"root::T5",4,-0.552147517875981,0.6347874132865,"anchor",1
"anchor_106","HOG:0012511","FPRA","leaf","T1",7.47957433613505,"leaf::T1",4,-0.84429240394904,0.0744499628090885,"anchor",0
"anchor_106","HOG:0012511","FPRA","leaf","T2",14.5,"leaf::T2",4,-0.694766303806773,0.035350044572849,"anchor",0.25
"anchor_106","HOG:0012511","FPRA","leaf","T3",28.4898614550509,"leaf::T3",4,-0.673719495384511,0.06722058932158,"anchor",0.5
"anchor_106","HOG:0012511","FPRA","leaf","T4",42.7313175218636,"leaf::T4",4,-0.806611066199,0.0653965394085055,"anchor",0.75
"anchor_106","HOG:0012511","FPRA","leaf","T5",56.4998699010652,"leaf::T5",4,-0.578471776590811,0.082755871558979,"anchor",1
"anchor_106","HOG:0012511","FPRA","root","T1",7.47957433613505,"root::T1",4,0.467461052831769,0.0268630995213138,"anchor",0
"anchor_106","HOG:0012511","FPRA","root","T2",14.5,"root::T2",4,0.709167141387155,0.0468974482373052,"anchor",0.25
"anchor_106","HOG:0012511","FPRA","root","T3",28.4898614550509,"root::T3",4,0.699339935176816,0.0815260665320925,"anchor",0.5
"anchor_106","HOG:0012511","FPRA","root","T4",42.7313175218636,"root::T4",4,0.608205406369259,0.122843871085396,"anchor",0.75
"anchor_106","HOG:0012511","FPRA","root","T5",56.4998699010652,"root::T5",4,0.55434490036385,0.053086021633794,"anchor",1
"anchor_106","HOG:0012511","HJUB","leaf","T1",7.47957433613505,"leaf::T1",4,-0.606883270773461,0.0492965812362356,"anchor",0
"anchor_106","HOG:0012511","HJUB","leaf","T2",14.5,"leaf::T2",4,-0.472957825218293,0.058568306157438,"anchor",0.25
"anchor_106","HOG:0012511","HJUB","leaf","T3",28.4898614550509,"leaf::T3",4,-0.455127838888148,0.0912682151401635,"anchor",0.5
"anchor_106","HOG:0012511","HJUB","leaf","T4",42.7313175218636,"leaf::T4",4,-0.743419505934321,0.0182336146582351,"anchor",0.75
"anchor_106","HOG:0012511","HJUB","leaf","T5",56.4998699010652,"leaf::T5",4,-0.936258853105011,0.0134234657692939,"anchor",1
"anchor_106","HOG:0012511","HJUB","root","T1",7.47957433613505,"root::T1",4,0.677486345933496,0.051330864224836,"anchor",0
"anchor_106","HOG:0012511","HJUB","root","T2",14.5,"root::T2",4,0.743805086213601,0.0361816387823537,"anchor",0.25
"anchor_106","HOG:0012511","HJUB","root","T3",28.4898614550509,"root::T3",4,0.71104085516333,0.0476553637980717,"anchor",0.5
"anchor_106","HOG:0012511","HJUB","root","T4",42.7313175218636,"root::T4",4,0.359212994158802,0.053665008379119,"anchor",0.75
"anchor_106","HOG:0012511","HJUB","root","T5",56.4998699010652,"root::T5",4,0.656841580822393,0.036085915664168,"anchor",1
"anchor_106","HOG:0012511","HVUL","leaf","T1",7.47957433613505,"leaf::T1",4,-0.936535160790465,0.0092394688035215,"anchor",0
"anchor_106","HOG:0012511","HVUL","leaf","T2",14.5,"leaf::T2",4,-0.71129668712941,0.119371441239077,"anchor",0.25
"anchor_106","HOG:0012511","HVUL","leaf","T3",28.4898614550509,"leaf::T3",4,-0.644569628735226,0.156197885430785,"anchor",0.5
"anchor_106","HOG:0012511","HVUL","leaf","T4",42.7313175218636,"leaf::T4",4,-0.887274547499799,0.0395882808013825,"anchor",0.75
"anchor_106","HOG:0012511","HVUL","leaf","T5",56.4998699010652,"leaf::T5",4,-0.516079565148801,0.1173795764762,"anchor",1
"anchor_106","HOG:0012511","HVUL","root","T1",7.47957433613505,"root::T1",4,0.51965019149762,0.077262184833978,"anchor",0
"anchor_106","HOG:0012511","HVUL","root","T2",14.5,"root::T2",4,0.699044476639819,0.0907458120809455,"anchor",0.25
"anchor_106","HOG:0012511","HVUL","root","T3",28.4898614550509,"root::T3",4,0.450590018568436,0.0495332931872174,"anchor",0.5
"anchor_106","HOG:0012511","HVUL","root","T4",42.7313175218636,"root::T4",4,0.692570731968439,0.0979486814925495,"anchor",0.75
"anchor_106","HOG:0012511","HVUL","root","T5",56.4998699010652,"root::T5",4,0.559304411415598,0.0542164323006665,"anchor",1
"anchor_106","HOG:0012511","VBRO","leaf","T1",7.47957433613505,"leaf::T1",4,-0.681233681407192,0.0110843547213344,"anchor",0
"anchor_106","HOG:0012511","VBRO","leaf","T2",14.5,"leaf::T2",4,-0.718758593921226,0.034851996759677,"anchor",0.25
"anchor_106","HOG:0012511","VBRO","leaf","T3",28.4898614550509,"leaf::T3",3,-0.574774892770069,0.0510749757765502,"anchor",0.5
"anchor_106","HOG:0012511","VBRO","leaf","T4",42.7313175218636,"leaf::T4",4,-0.532763752205484,0.0835529102056415,"anchor",0.75
"anchor_106","HOG:0012511","VBRO","leaf","T5",56.4998699010652,"leaf::T5",4,-0.537318900666162,0.0320812941677269,"anchor",1
"anchor_106","HOG:0012511","VBRO","root","T1",7.47957433613505,"root::T1",4,0.707011773111602,0.0132452018789618,"anchor",0
"anchor_106","HOG:0012511","VBRO","root","T2",14.5,"root::T2",4,0.664091148130222,0.0230181192998262,"anchor",0.25
"anchor_106","HOG:0012511","VBRO","root","T3",28.4898614550509,"root::T3",3,0.550736120405734,0.125731285848008,"anchor",0.5
"anchor_106","HOG:0012511","VBRO","root","T4",42.7313175218636,"root::T4",4,0.677096105513775,0.103431795856949,"anchor",0.75
"anchor_106","HOG:0012511","VBRO","root","T5",56.4998699010652,"root::T5",4,0.817072756847801,0.0887306461207215,"anchor",1
"anchor_106","HOG:0012511","BDIS","leaf","T1",7.47957433613505,"leaf::T1",4,-0.711721915967115,0.0262020981676603,"module",0
"anchor_106","HOG:0012511","BDIS","leaf","T2",14.5,"leaf::T2",4,-0.826658184066931,0.0514573082282386,"module",0.25
"anchor_106","HOG:0012511","BDIS","leaf","T3",28.4898614550509,"leaf::T3",4,-0.695213540253215,0.0561818946810505,"module",0.5
"anchor_106","HOG:0012511","BDIS","leaf","T4",42.7313175218636,"leaf::T4",4,-0.699990718291763,0.0272510055631509,"module",0.75
"anchor_106","HOG:0012511","BDIS","leaf","T5",56.4998699010652,"leaf::T5",4,-0.633821517667553,0.0375243525671219,"module",1
"anchor_106","HOG:0012511","BDIS","root","T1",7.47957433613505,"root::T1",4,0.618429219402658,0.0204612886432017,"module",0
"anchor_106","HOG:0012511","BDIS","root","T2",14.5,"root::T2",4,0.762054858011411,0.0747185210827631,"module",0.25
"anchor_106","HOG:0012511","BDIS","root","T3",28.4898614550509,"root::T3",4,0.615683307728429,0.0555789120508429,"module",0.5
"anchor_106","HOG:0012511","BDIS","root","T4",42.7313175218636,"root::T4",4,0.658339977183827,0.0595581645310859,"module",0.75
"anchor_106","HOG:0012511","BDIS","root","T5",56.4998699010652,"root::T5",4,0.629435422717356,0.0554099967156669,"module",1
"anchor_106","HOG:0012511","BMAX","leaf","T1",7.47957433613505,"leaf::T1",4,-0.728348247039386,0.0357815496146655,"module",0
"anchor_106","HOG:0012511","BMAX","leaf","T2",14.5,"leaf::T2",4,-0.922143310861097,0.0816184728452138,"module",0.25
"anchor_106","HOG:0012511","BMAX","leaf","T3",28.4898614550509,"leaf::T3",4,-0.822256814525097,0.0127853377504961,"module",0.5
"anchor_106","HOG:0012511","BMAX","leaf","T4",42.7313175218636,"leaf::T4",4,-0.724726987815365,0.0505502492999463,"module",0.75
"anchor_106","HOG:0012511","BMAX","leaf","T5",56.4998699010652,"leaf::T5",4,-0.740687032069902,0.0966271460909138,"module",1
"anchor_106","HOG:0012511","BMAX","root","T1",7.47957433613505,"root::T1",4,0.636681922301785,0.0311309426235856,"module",0
"anchor_106","HOG:0012511","BMAX","root","T2",14.5,"root::T2",4,0.772563239352221,0.0573251850386835,"module",0.25
"anchor_106","HOG:0012511","BMAX","root","T3",28.4898614550509,"root::T3",4,0.545520377867238,0.0319378558191842,"module",0.5
"anchor_106","HOG:0012511","BMAX","root","T4",42.7313175218636,"root::T4",4,0.492794518489862,0.0303026715360471,"module",0.75
"anchor_106","HOG:0012511","BMAX","root","T5",56.4998699010652,"root::T5",4,0.618273208261112,0.0660635319037272,"module",1
"anchor_106","HOG:0012511","BMED","leaf","T1",7.47957433613505,"leaf::T1",4,-0.915360606393313,0.0481069578907159,"module",0
"anchor_106","HOG:0012511","BMED","leaf","T2",14.5,"leaf::T2",4,-1.06412040833979,0.0754114178554116,"module",0.25
"anchor_106","HOG:0012511","BMED","leaf","T3",28.4898614550509,"leaf::T3",4,-0.922893387136517,0.0623327412479739,"module",0.5
"anchor_106","HOG:0012511","BMED","leaf","T4",42.7313175218636,"leaf::T4",4,-0.92314403771009,0.0340251346541684,"module",0.75
"anchor_106","HOG:0012511","BMED","leaf","T5",56.4998699010652,"leaf::T5",4,-0.505112638904281,0.140173529324463,"module",1
"anchor_106","HOG:0012511","BMED","root","T1",7.47957433613505,"root::T1",4,0.428028762695149,0.0442110557863493,"module",0
"anchor_106","HOG:0012511","BMED","root","T2",14.5,"root::T2",4,0.597746593522797,0.0250867869943537,"module",0.25
"anchor_106","HOG:0012511","BMED","root","T3",28.4898614550509,"root::T3",4,0.578713953454349,0.0452783047591755,"module",0.5
"anchor_106","HOG:0012511","BMED","root","T4",42.7313175218636,"root::T4",4,0.579029693518028,0.0351982671814016,"module",0.75
"anchor_106","HOG:0012511","BMED","root","T5",56.4998699010652,"root::T5",4,0.715721160054205,0.0590388273960087,"module",1
"anchor_106","HOG:0012511","BSYL","leaf","T1",7.47957433613505,"leaf::T1",4,-0.807371579236717,0.0590918892092865,"module",0
"anchor_106","HOG:0012511","BSYL","leaf","T2",14.5,"leaf::T2",4,-0.436873328894056,0.0785682734620562,"module",0.25
"anchor_106","HOG:0012511","BSYL","leaf","T3",28.4898614550509,"leaf::T3",4,-0.322845992466273,0.100396558076063,"module",0.5
"anchor_106","HOG:0012511","BSYL","leaf","T4",42.7313175218636,"leaf::T4",4,-0.309471865341307,0.107670012039323,"module",0.75
"anchor_106","HOG:0012511","BSYL","leaf","T5",56.4998699010652,"leaf::T5",4,-0.430447941330685,0.180065950291284,"module",1
"anchor_106","HOG:0012511","BSYL","root","T1",7.47957433613505,"root::T1",4,0.996728526846714,0.070753033826926,"module",0
"anchor_106","HOG:0012511","BSYL","root","T2",14.5,"root::T2",4,1.2275786178726,0.0709559844848613,"module",0.25
"anchor_106","HOG:0012511","BSYL","root","T3",28.4898614550509,"root::T3",4,1.28370278420197,0.122323963672104,"module",0.5
"anchor_106","HOG:0012511","BSYL","root","T4",42.7313175218636,"root::T4",4,0.532004158256127,0.101915589343865,"module",0.75
"anchor_106","HOG:0012511","BSYL","root","T5",56.4998699010652,"root::T5",4,-0.37951206034923,0.651320628926593,"module",1
"anchor_106","HOG:0012511","FPRA","leaf","T1",7.47957433613505,"leaf::T1",4,-0.844396310819258,0.0567663740486901,"module",0
"anchor_106","HOG:0012511","FPRA","leaf","T2",14.5,"leaf::T2",4,-0.689703438852986,0.0267919749841427,"module",0.25
"anchor_106","HOG:0012511","FPRA","leaf","T3",28.4898614550509,"leaf::T3",4,-0.673043970378535,0.0299327077427977,"module",0.5
"anchor_106","HOG:0012511","FPRA","leaf","T4",42.7313175218636,"leaf::T4",4,-0.818474615802105,0.0569359639968491,"module",0.75
"anchor_106","HOG:0012511","FPRA","leaf","T5",56.4998699010652,"leaf::T5",4,-0.61168626589174,0.0445636434213965,"module",1
"anchor_106","HOG:0012511","FPRA","root","T1",7.47957433613505,"root::T1",4,0.539912108228122,0.0284237489513535,"module",0
"anchor_106","HOG:0012511","FPRA","root","T2",14.5,"root::T2",4,0.800089258713564,0.0400152377393309,"module",0.25
"anchor_106","HOG:0012511","FPRA","root","T3",28.4898614550509,"root::T3",4,0.761260103604641,0.073750688448139,"module",0.5
"anchor_106","HOG:0012511","FPRA","root","T4",42.7313175218636,"root::T4",4,0.658486275634007,0.0883697146161832,"module",0.75
"anchor_106","HOG:0012511","FPRA","root","T5",56.4998699010652,"root::T5",4,0.572758070850466,0.0399176124079001,"module",1
"anchor_106","HOG:0012511","HJUB","leaf","T1",7.47957433613505,"leaf::T1",4,-0.633963969750362,0.0297824231597175,"module",0
"anchor_106","HOG:0012511","HJUB","leaf","T2",14.5,"leaf::T2",4,-0.605570732969628,0.0461552933614004,"module",0.25
"anchor_106","HOG:0012511","HJUB","leaf","T3",28.4898614550509,"leaf::T3",4,-0.520126739914383,0.0794667602631254,"module",0.5
"anchor_106","HOG:0012511","HJUB","leaf","T4",42.7313175218636,"leaf::T4",4,-0.786239757894364,0.0198082367347378,"module",0.75
"anchor_106","HOG:0012511","HJUB","leaf","T5",56.4998699010652,"leaf::T5",4,-0.889175864421725,0.00690337940714334,"module",1
"anchor_106","HOG:0012511","HJUB","root","T1",7.47957433613505,"root::T1",4,0.689792261391526,0.0309413743605827,"module",0
"anchor_106","HOG:0012511","HJUB","root","T2",14.5,"root::T2",4,0.763655816965629,0.0327485725372954,"module",0.25
"anchor_106","HOG:0012511","HJUB","root","T3",28.4898614550509,"root::T3",4,0.745807204296775,0.0625571745691552,"module",0.5
"anchor_106","HOG:0012511","HJUB","root","T4",42.7313175218636,"root::T4",4,0.426616783895379,0.0492267727504012,"module",0.75
"anchor_106","HOG:0012511","HJUB","root","T5",56.4998699010652,"root::T5",4,0.672877306031741,0.0287869077473855,"module",1
"anchor_106","HOG:0012511","HVUL","leaf","T1",7.47957433613505,"leaf::T1",4,-1.01307425906149,0.0260674330382543,"module",0
"anchor_106","HOG:0012511","HVUL","leaf","T2",14.5,"leaf::T2",4,-0.734831941761078,0.0465637235330835,"module",0.25
"anchor_106","HOG:0012511","HVUL","leaf","T3",28.4898614550509,"leaf::T3",4,-0.685836718025544,0.0946185018118745,"module",0.5
"anchor_106","HOG:0012511","HVUL","leaf","T4",42.7313175218636,"leaf::T4",4,-0.832191016593386,0.0193554814174535,"module",0.75
"anchor_106","HOG:0012511","HVUL","leaf","T5",56.4998699010652,"leaf::T5",4,-0.500876322284763,0.0857006388613946,"module",1
"anchor_106","HOG:0012511","HVUL","root","T1",7.47957433613505,"root::T1",4,0.541782608339231,0.0582161023654019,"module",0
"anchor_106","HOG:0012511","HVUL","root","T2",14.5,"root::T2",4,0.714282071410606,0.0722206983570597,"module",0.25
"anchor_106","HOG:0012511","HVUL","root","T3",28.4898614550509,"root::T3",4,0.562243443663636,0.0562206610234688,"module",0.5
"anchor_106","HOG:0012511","HVUL","root","T4",42.7313175218636,"root::T4",4,0.724639634388919,0.0677904519395294,"module",0.75
"anchor_106","HOG:0012511","HVUL","root","T5",56.4998699010652,"root::T5",4,0.576578017595518,0.0545367752897014,"module",1
"anchor_106","HOG:0012511","VBRO","leaf","T1",7.47957433613505,"leaf::T1",4,-0.716522948939358,0.0118330556744879,"module",0
"anchor_106","HOG:0012511","VBRO","leaf","T2",14.5,"leaf::T2",4,-0.74121909783252,0.0589018712063371,"module",0.25
"anchor_106","HOG:0012511","VBRO","leaf","T3",28.4898614550509,"leaf::T3",3,-0.613934456569056,0.0304190145637417,"module",0.5
"anchor_106","HOG:0012511","VBRO","leaf","T4",42.7313175218636,"leaf::T4",4,-0.598775794937398,0.0927672911016909,"module",0.75
"anchor_106","HOG:0012511","VBRO","leaf","T5",56.4998699010652,"leaf::T5",4,-0.575636037109563,0.0255600692041176,"module",1
"anchor_106","HOG:0012511","VBRO","root","T1",7.47957433613505,"root::T1",4,0.743430312442715,0.0172300798222739,"module",0
"anchor_106","HOG:0012511","VBRO","root","T2",14.5,"root::T2",4,0.727686238507689,0.0217529277206737,"module",0.25
"anchor_106","HOG:0012511","VBRO","root","T3",28.4898614550509,"root::T3",3,0.58037810139778,0.12707573651386,"module",0.5
"anchor_106","HOG:0012511","VBRO","root","T4",42.7313175218636,"root::T4",4,0.683073242206136,0.0759770319514067,"module",0.75
"anchor_106","HOG:0012511","VBRO","root","T5",56.4998699010652,"root::T5",4,0.71282885644586,0.099622001855274,"module",1
"regulator_HOG:0016703","HOG:0016703","BDIS","leaf","T1",7.47957433613505,"leaf::T1",4,-0.0870323266920797,0.0582037590072067,"anchor",0
"regulator_HOG:0016703","HOG:0016703","BDIS","leaf","T2",14.5,"leaf::T2",4,-0.791181989286782,0.504357454939516,"anchor",0.25
"regulator_HOG:0016703","HOG:0016703","BDIS","leaf","T3",28.4898614550509,"leaf::T3",4,-1.54229329039964,0.277550942483947,"anchor",0.5
"regulator_HOG:0016703","HOG:0016703","BDIS","leaf","T4",42.7313175218636,"leaf::T4",4,-0.311285614476615,0.177617141375507,"anchor",0.75
"regulator_HOG:0016703","HOG:0016703","BDIS","leaf","T5",56.4998699010652,"leaf::T5",4,0.155655103126559,0.25043519884657,"anchor",1
"regulator_HOG:0016703","HOG:0016703","BDIS","root","T1",7.47957433613505,"root::T1",4,1.30913025153281,0.29599963463814,"anchor",0
"regulator_HOG:0016703","HOG:0016703","BDIS","root","T2",14.5,"root::T2",4,2.22438514596908,0.656631900260247,"anchor",0.25
"regulator_HOG:0016703","HOG:0016703","BDIS","root","T3",28.4898614550509,"root::T3",4,0.710791854634471,0.132006998062077,"anchor",0.5
"regulator_HOG:0016703","HOG:0016703","BDIS","root","T4",42.7313175218636,"root::T4",4,-0.247014912575721,0.100856697251917,"anchor",0.75
"regulator_HOG:0016703","HOG:0016703","BDIS","root","T5",56.4998699010652,"root::T5",4,1.03216537878807,0.690382840026611,"anchor",1
"regulator_HOG:0016703","HOG:0016703","BMAX","leaf","T1",7.47957433613505,"leaf::T1",4,-1.67877464451372,0.15995298914743,"anchor",0
"regulator_HOG:0016703","HOG:0016703","BMAX","leaf","T2",14.5,"leaf::T2",4,-1.13223252040182,0.697531570298417,"anchor",0.25
"regulator_HOG:0016703","HOG:0016703","BMAX","leaf","T3",28.4898614550509,"leaf::T3",4,0.2097043659995,0.172056334902265,"anchor",0.5
"regulator_HOG:0016703","HOG:0016703","BMAX","leaf","T4",42.7313175218636,"leaf::T4",4,-1.51162093212289,1.15842351719959,"anchor",0.75
"regulator_HOG:0016703","HOG:0016703","BMAX","leaf","T5",56.4998699010652,"leaf::T5",4,-1.08215545418803,0.215015546430562,"anchor",1
"regulator_HOG:0016703","HOG:0016703","BMAX","root","T1",7.47957433613505,"root::T1",4,0.0205733974640626,0.130777565330971,"anchor",0
"regulator_HOG:0016703","HOG:0016703","BMAX","root","T2",14.5,"root::T2",4,0.845970400173916,0.567890737289297,"anchor",0.25
"regulator_HOG:0016703","HOG:0016703","BMAX","root","T3",28.4898614550509,"root::T3",4,0.853111139506414,0.341085934712434,"anchor",0.5
"regulator_HOG:0016703","HOG:0016703","BMAX","root","T4",42.7313175218636,"root::T4",4,0.553523165278784,0.2312595217213,"anchor",0.75
"regulator_HOG:0016703","HOG:0016703","BMAX","root","T5",56.4998699010652,"root::T5",4,0.978174063417873,0.502062391481448,"anchor",1
"regulator_HOG:0016703","HOG:0016703","BMED","leaf","T1",7.47957433613505,"leaf::T1",4,-0.279886071650708,0.2327166120253,"anchor",0
"regulator_HOG:0016703","HOG:0016703","BMED","leaf","T2",14.5,"leaf::T2",4,0.265233585400361,0.523036411423063,"anchor",0.25
"regulator_HOG:0016703","HOG:0016703","BMED","leaf","T3",28.4898614550509,"leaf::T3",4,-0.169832267364392,0.346489090775161,"anchor",0.5
"regulator_HOG:0016703","HOG:0016703","BMED","leaf","T4",42.7313175218636,"leaf::T4",4,0.732573621311401,0.196088893188099,"anchor",0.75
"regulator_HOG:0016703","HOG:0016703","BMED","leaf","T5",56.4998699010652,"leaf::T5",4,-0.0925164266386339,0.817555454442435,"anchor",1
"regulator_HOG:0016703","HOG:0016703","BMED","root","T1",7.47957433613505,"root::T1",4,-2.35963484791297,1.40881846940359,"anchor",0
"regulator_HOG:0016703","HOG:0016703","BMED","root","T2",14.5,"root::T2",4,1.04841543577049,0.516172677770149,"anchor",0.25
"regulator_HOG:0016703","HOG:0016703","BMED","root","T3",28.4898614550509,"root::T3",4,-0.92920142142791,0.832154138503267,"anchor",0.5
"regulator_HOG:0016703","HOG:0016703","BMED","root","T4",42.7313175218636,"root::T4",4,-0.620051940018669,0.459496230264027,"anchor",0.75
"regulator_HOG:0016703","HOG:0016703","BMED","root","T5",56.4998699010652,"root::T5",4,-0.128480028878737,0.980952711899559,"anchor",1
"regulator_HOG:0016703","HOG:0016703","BSYL","leaf","T1",7.47957433613505,"leaf::T1",4,-0.314049910827626,0.253785066524553,"anchor",0
"regulator_HOG:0016703","HOG:0016703","BSYL","leaf","T2",14.5,"leaf::T2",4,1.18429448180639,0.120424478800455,"anchor",0.25
"regulator_HOG:0016703","HOG:0016703","BSYL","leaf","T3",28.4898614550509,"leaf::T3",4,0.580316793470415,0.301996569757823,"anchor",0.5
"regulator_HOG:0016703","HOG:0016703","BSYL","leaf","T4",42.7313175218636,"leaf::T4",4,0.743183012759536,0.180551987692522,"anchor",0.75
"regulator_HOG:0016703","HOG:0016703","BSYL","leaf","T5",56.4998699010652,"leaf::T5",4,-0.32253651397329,0.529663923141339,"anchor",1
"regulator_HOG:0016703","HOG:0016703","BSYL","root","T1",7.47957433613505,"root::T1",4,-0.240697380561117,0.122244712192602,"anchor",0
"regulator_HOG:0016703","HOG:0016703","BSYL","root","T2",14.5,"root::T2",4,0.851135688104305,0.409676303695952,"anchor",0.25
"regulator_HOG:0016703","HOG:0016703","BSYL","root","T3",28.4898614550509,"root::T3",4,0.147801454307307,0.500055655901111,"anchor",0.5
"regulator_HOG:0016703","HOG:0016703","BSYL","root","T4",42.7313175218636,"root::T4",4,-1.29527562113697,0.153971479675158,"anchor",0.75
"regulator_HOG:0016703","HOG:0016703","BSYL","root","T5",56.4998699010652,"root::T5",4,-5.04210996102169,3.99969163288849,"anchor",1
"regulator_HOG:0016703","HOG:0016703","FPRA","leaf","T1",7.47957433613505,"leaf::T1",4,0.166433973334544,0.0852727314734256,"anchor",0
"regulator_HOG:0016703","HOG:0016703","FPRA","leaf","T2",14.5,"leaf::T2",4,0.747704235442659,0.292438277562601,"anchor",0.25
"regulator_HOG:0016703","HOG:0016703","FPRA","leaf","T3",28.4898614550509,"leaf::T3",4,0.623081637973385,0.436367828446308,"anchor",0.5
"regulator_HOG:0016703","HOG:0016703","FPRA","leaf","T4",42.7313175218636,"leaf::T4",4,0.176364400914759,0.397224402005082,"anchor",0.75
"regulator_HOG:0016703","HOG:0016703","FPRA","leaf","T5",56.4998699010652,"leaf::T5",4,-0.179514311985626,0.332698906470647,"anchor",1
"regulator_HOG:0016703","HOG:0016703","FPRA","root","T1",7.47957433613505,"root::T1",4,-1.22613604692489,0.139296955169366,"anchor",0
"regulator_HOG:0016703","HOG:0016703","FPRA","root","T2",14.5,"root::T2",4,0.569465363322111,0.481861661520573,"anchor",0.25
"regulator_HOG:0016703","HOG:0016703","FPRA","root","T3",28.4898614550509,"root::T3",4,-0.0801154794763459,0.389391008525517,"anchor",0.5
"regulator_HOG:0016703","HOG:0016703","FPRA","root","T4",42.7313175218636,"root::T4",4,-0.95990909435832,0.139308753042957,"anchor",0.75
"regulator_HOG:0016703","HOG:0016703","FPRA","root","T5",56.4998699010652,"root::T5",4,-0.88874467128067,0.219350102607053,"anchor",1
"regulator_HOG:0016703","HOG:0016703","HJUB","leaf","T1",7.47957433613505,"leaf::T1",4,-1.06931192740645,0.204110239173152,"anchor",0
"regulator_HOG:0016703","HOG:0016703","HJUB","leaf","T2",14.5,"leaf::T2",4,-1.0398331097818,0.32844148487637,"anchor",0.25
"regulator_HOG:0016703","HOG:0016703","HJUB","leaf","T3",28.4898614550509,"leaf::T3",4,0.493766761153567,0.817807558394244,"anchor",0.5
"regulator_HOG:0016703","HOG:0016703","HJUB","leaf","T4",42.7313175218636,"leaf::T4",4,-0.51248387233015,0.320794408390299,"anchor",0.75
"regulator_HOG:0016703","HOG:0016703","HJUB","leaf","T5",56.4998699010652,"leaf::T5",4,-1.48566007164141,0.296690232323999,"anchor",1
"regulator_HOG:0016703","HOG:0016703","HJUB","root","T1",7.47957433613505,"root::T1",4,0.0634042553599448,0.194167559226991,"anchor",0
"regulator_HOG:0016703","HOG:0016703","HJUB","root","T2",14.5,"root::T2",4,0.728220238566826,0.258853546478648,"anchor",0.25
"regulator_HOG:0016703","HOG:0016703","HJUB","root","T3",28.4898614550509,"root::T3",4,1.21223179667383,0.807303966359252,"anchor",0.5
"regulator_HOG:0016703","HOG:0016703","HJUB","root","T4",42.7313175218636,"root::T4",4,0.747604036181842,0.130728692108346,"anchor",0.75
"regulator_HOG:0016703","HOG:0016703","HJUB","root","T5",56.4998699010652,"root::T5",4,0.296212559007071,0.19956844375609,"anchor",1
"regulator_HOG:0016703","HOG:0016703","HVUL","leaf","T1",7.47957433613505,"leaf::T1",4,-0.320471278352978,0.229520753670679,"anchor",0
"regulator_HOG:0016703","HOG:0016703","HVUL","leaf","T2",14.5,"leaf::T2",4,-1.04665638697955,0.192410258410536,"anchor",0.25
"regulator_HOG:0016703","HOG:0016703","HVUL","leaf","T3",28.4898614550509,"leaf::T3",4,-0.870938965102174,0.515288841768399,"anchor",0.5
"regulator_HOG:0016703","HOG:0016703","HVUL","leaf","T4",42.7313175218636,"leaf::T4",4,-0.210323776550092,0.237288855399027,"anchor",0.75
"regulator_HOG:0016703","HOG:0016703","HVUL","leaf","T5",56.4998699010652,"leaf::T5",4,-1.62499850670326,0.550859163936369,"anchor",1
"regulator_HOG:0016703","HOG:0016703","HVUL","root","T1",7.47957433613505,"root::T1",4,0.675737752800745,0.151459769058807,"anchor",0
"regulator_HOG:0016703","HOG:0016703","HVUL","root","T2",14.5,"root::T2",4,1.09174261617474,1.02317898627931,"anchor",0.25
"regulator_HOG:0016703","HOG:0016703","HVUL","root","T3",28.4898614550509,"root::T3",4,0.420468387238531,0.176906761716171,"anchor",0.5
"regulator_HOG:0016703","HOG:0016703","HVUL","root","T4",42.7313175218636,"root::T4",4,0.848874906655015,1.1312524984879,"anchor",0.75
"regulator_HOG:0016703","HOG:0016703","HVUL","root","T5",56.4998699010652,"root::T5",4,0.772412565202145,0.0496426354907163,"anchor",1
"regulator_HOG:0016703","HOG:0016703","VBRO","leaf","T1",7.47957433613505,"leaf::T1",4,0.218116242411446,0.0555401570063248,"anchor",0
"regulator_HOG:0016703","HOG:0016703","VBRO","leaf","T2",14.5,"leaf::T2",4,0.399242259976271,1.09699522766211,"anchor",0.25
"regulator_HOG:0016703","HOG:0016703","VBRO","leaf","T3",28.4898614550509,"leaf::T3",3,-1.32612155897514,0.706039620143383,"anchor",0.5
"regulator_HOG:0016703","HOG:0016703","VBRO","leaf","T4",42.7313175218636,"leaf::T4",4,-1.35985756065876,1.33824938036988,"anchor",0.75
"regulator_HOG:0016703","HOG:0016703","VBRO","leaf","T5",56.4998699010652,"leaf::T5",4,-2.61188854840022,0.371148291218383,"anchor",1
"regulator_HOG:0016703","HOG:0016703","VBRO","root","T1",7.47957433613505,"root::T1",4,-0.055088377001968,0.247110002313713,"anchor",0
"regulator_HOG:0016703","HOG:0016703","VBRO","root","T2",14.5,"root::T2",4,0.455555338774217,0.288955177828166,"anchor",0.25
"regulator_HOG:0016703","HOG:0016703","VBRO","root","T3",28.4898614550509,"root::T3",3,0.462008823943523,0.945143836594528,"anchor",0.5
"regulator_HOG:0016703","HOG:0016703","VBRO","root","T4",42.7313175218636,"root::T4",4,-0.863867736559217,0.179060439361148,"anchor",0.75
"regulator_HOG:0016703","HOG:0016703","VBRO","root","T5",56.4998699010652,"root::T5",4,1.94589221473509,0.756250424195834,"anchor",1
"anchor_235","HOG:0017160","BDIS","leaf","T1",7.47957433613505,"leaf::T1",4,-1.13318715275832,0.0591505997353005,"anchor",0
"anchor_235","HOG:0017160","BDIS","leaf","T2",14.5,"leaf::T2",4,-0.827239721586284,0.07548977567598,"anchor",0.25
"anchor_235","HOG:0017160","BDIS","leaf","T3",28.4898614550509,"leaf::T3",4,-1.02509467419899,0.105712615785634,"anchor",0.5
"anchor_235","HOG:0017160","BDIS","leaf","T4",42.7313175218636,"leaf::T4",4,-0.845924928756976,0.110921659957273,"anchor",0.75
"anchor_235","HOG:0017160","BDIS","leaf","T5",56.4998699010652,"leaf::T5",4,-0.455657225665017,0.156579703632857,"anchor",1
"anchor_235","HOG:0017160","BDIS","root","T1",7.47957433613505,"root::T1",4,0.301893999975134,0.0155931478112175,"anchor",0
"anchor_235","HOG:0017160","BDIS","root","T2",14.5,"root::T2",4,0.712473852289158,0.137845893233691,"anchor",0.25
"anchor_235","HOG:0017160","BDIS","root","T3",28.4898614550509,"root::T3",4,0.479648020003844,0.0908312235907805,"anchor",0.5
"anchor_235","HOG:0017160","BDIS","root","T4",42.7313175218636,"root::T4",4,0.23027969285612,0.0585125284204055,"anchor",0.75
"anchor_235","HOG:0017160","BDIS","root","T5",56.4998699010652,"root::T5",4,0.452477972350452,0.151785514337026,"anchor",1
"anchor_235","HOG:0017160","BMAX","leaf","T1",7.47957433613505,"leaf::T1",4,-1.43897777597378,0.0430996573861184,"anchor",0
"anchor_235","HOG:0017160","BMAX","leaf","T2",14.5,"leaf::T2",4,-1.36652484371881,0.221910913959974,"anchor",0.25
"anchor_235","HOG:0017160","BMAX","leaf","T3",28.4898614550509,"leaf::T3",4,-0.71643258946021,0.118407275399712,"anchor",0.5
"anchor_235","HOG:0017160","BMAX","leaf","T4",42.7313175218636,"leaf::T4",4,-0.9219076204874,0.341807380915864,"anchor",0.75
"anchor_235","HOG:0017160","BMAX","leaf","T5",56.4998699010652,"leaf::T5",4,-0.806563045128335,0.185402448877118,"anchor",1
"anchor_235","HOG:0017160","BMAX","root","T1",7.47957433613505,"root::T1",4,0.612398686148063,0.0677229414512135,"anchor",0
"anchor_235","HOG:0017160","BMAX","root","T2",14.5,"root::T2",4,0.779408748956431,0.132982339601198,"anchor",0.25
"anchor_235","HOG:0017160","BMAX","root","T3",28.4898614550509,"root::T3",4,0.683844883331654,0.115751772836608,"anchor",0.5
"anchor_235","HOG:0017160","BMAX","root","T4",42.7313175218636,"root::T4",4,0.510657952588123,0.0280298951221764,"anchor",0.75
"anchor_235","HOG:0017160","BMAX","root","T5",56.4998699010652,"root::T5",4,0.484334894262497,0.116914123311547,"anchor",1
"anchor_235","HOG:0017160","BMED","leaf","T1",7.47957433613505,"leaf::T1",4,-0.737154057247821,0.110702110891683,"anchor",0
"anchor_235","HOG:0017160","BMED","leaf","T2",14.5,"leaf::T2",4,-0.689396158161594,0.022974944205721,"anchor",0.25
"anchor_235","HOG:0017160","BMED","leaf","T3",28.4898614550509,"leaf::T3",4,-0.474177447371129,0.0754027833216135,"anchor",0.5
"anchor_235","HOG:0017160","BMED","leaf","T4",42.7313175218636,"leaf::T4",4,-0.436874436364837,0.110343463759815,"anchor",0.75
"anchor_235","HOG:0017160","BMED","leaf","T5",56.4998699010652,"leaf::T5",4,-0.3292940683151,0.0701550076718555,"anchor",1
"anchor_235","HOG:0017160","BMED","root","T1",7.47957433613505,"root::T1",4,0.672737077834938,0.13248716724284,"anchor",0
"anchor_235","HOG:0017160","BMED","root","T2",14.5,"root::T2",4,0.975580439872848,0.063104343366922,"anchor",0.25
"anchor_235","HOG:0017160","BMED","root","T3",28.4898614550509,"root::T3",4,0.629417815285595,0.159627601659722,"anchor",0.5
"anchor_235","HOG:0017160","BMED","root","T4",42.7313175218636,"root::T4",4,0.864398446766201,0.0474041445101048,"anchor",0.75
"anchor_235","HOG:0017160","BMED","root","T5",56.4998699010652,"root::T5",4,0.944884454386036,0.129940457473574,"anchor",1
"anchor_235","HOG:0017160","BSYL","leaf","T1",7.47957433613505,"leaf::T1",4,-1.07106131590219,0.086843850306431,"anchor",0
"anchor_235","HOG:0017160","BSYL","leaf","T2",14.5,"leaf::T2",4,-0.106219933970086,0.186697815002187,"anchor",0.25
"anchor_235","HOG:0017160","BSYL","leaf","T3",28.4898614550509,"leaf::T3",4,-0.307982310119106,0.0905624044806805,"anchor",0.5
"anchor_235","HOG:0017160","BSYL","leaf","T4",42.7313175218636,"leaf::T4",4,-0.254735834706305,0.195191712075985,"anchor",0.75
"anchor_235","HOG:0017160","BSYL","leaf","T5",56.4998699010652,"leaf::T5",4,-0.372753984861424,0.216936500385117,"anchor",1
"anchor_235","HOG:0017160","BSYL","root","T1",7.47957433613505,"root::T1",4,0.916208732684616,0.0789120839969535,"anchor",0
"anchor_235","HOG:0017160","BSYL","root","T2",14.5,"root::T2",4,1.5760530620723,0.125276394622445,"anchor",0.25
"anchor_235","HOG:0017160","BSYL","root","T3",28.4898614550509,"root::T3",4,0.965791108897539,0.257595452852838,"anchor",0.5
"anchor_235","HOG:0017160","BSYL","root","T4",42.7313175218636,"root::T4",4,-0.0550381828658685,0.162987185205383,"anchor",0.75
"anchor_235","HOG:0017160","BSYL","root","T5",56.4998699010652,"root::T5",4,-0.231128919418251,0.54539338212426,"anchor",1
"anchor_235","HOG:0017160","FPRA","leaf","T1",7.47957433613505,"leaf::T1",4,-1.02840807918509,0.0529149347295395,"anchor",0
"anchor_235","HOG:0017160","FPRA","leaf","T2",14.5,"leaf::T2",4,-0.817846620619186,0.135145752299888,"anchor",0.25
"anchor_235","HOG:0017160","FPRA","leaf","T3",28.4898614550509,"leaf::T3",4,-0.81430755793649,0.098507631439384,"anchor",0.5
"anchor_235","HOG:0017160","FPRA","leaf","T4",42.7313175218636,"leaf::T4",4,-0.751264147050403,0.104463635598216,"anchor",0.75
"anchor_235","HOG:0017160","FPRA","leaf","T5",56.4998699010652,"leaf::T5",4,-0.59657025529942,0.09149974509754,"anchor",1
"anchor_235","HOG:0017160","FPRA","root","T1",7.47957433613505,"root::T1",4,0.519954280503991,0.0184073330303511,"anchor",0
"anchor_235","HOG:0017160","FPRA","root","T2",14.5,"root::T2",4,0.912790900904642,0.088199802513376,"anchor",0.25
"anchor_235","HOG:0017160","FPRA","root","T3",28.4898614550509,"root::T3",4,0.701244285821491,0.0811202726177505,"anchor",0.5
"anchor_235","HOG:0017160","FPRA","root","T4",42.7313175218636,"root::T4",4,0.41510193045377,0.0690542700770485,"anchor",0.75
"anchor_235","HOG:0017160","FPRA","root","T5",56.4998699010652,"root::T5",4,0.577284041662058,0.0435654739721964,"anchor",1
"anchor_235","HOG:0017160","HJUB","leaf","T1",7.47957433613505,"leaf::T1",4,-0.684646679035562,0.025114254644083,"anchor",0
"anchor_235","HOG:0017160","HJUB","leaf","T2",14.5,"leaf::T2",4,-0.653355750065729,0.086714238448472,"anchor",0.25
"anchor_235","HOG:0017160","HJUB","leaf","T3",28.4898614550509,"leaf::T3",4,-0.691473504603614,0.101202902455067,"anchor",0.5
"anchor_235","HOG:0017160","HJUB","leaf","T4",42.7313175218636,"leaf::T4",4,-0.756993813213099,0.0318904359759824,"anchor",0.75
"anchor_235","HOG:0017160","HJUB","leaf","T5",56.4998699010652,"leaf::T5",4,-0.635788745632338,0.1008363781777,"anchor",1
"anchor_235","HOG:0017160","HJUB","root","T1",7.47957433613505,"root::T1",4,0.679310399485531,0.0442436074893865,"anchor",0
"anchor_235","HOG:0017160","HJUB","root","T2",14.5,"root::T2",4,0.85192731181046,0.0595337761145105,"anchor",0.25
"anchor_235","HOG:0017160","HJUB","root","T3",28.4898614550509,"root::T3",4,0.721369773753715,0.0377758884261599,"anchor",0.5
"anchor_235","HOG:0017160","HJUB","root","T4",42.7313175218636,"root::T4",4,0.467942275453064,0.0288528367287288,"anchor",0.75
"anchor_235","HOG:0017160","HJUB","root","T5",56.4998699010652,"root::T5",4,0.577040392221134,0.0328613229141063,"anchor",1
"anchor_235","HOG:0017160","HVUL","leaf","T1",7.47957433613505,"leaf::T1",4,-1.16612032137591,0.0363327845656203,"anchor",0
"anchor_235","HOG:0017160","HVUL","leaf","T2",14.5,"leaf::T2",4,-1.14136874037571,0.0816322327068215,"anchor",0.25
"anchor_235","HOG:0017160","HVUL","leaf","T3",28.4898614550509,"leaf::T3",4,-1.08113466264949,0.210081560005619,"anchor",0.5
"anchor_235","HOG:0017160","HVUL","leaf","T4",42.7313175218636,"leaf::T4",4,-0.72319247391047,0.0853548360304425,"anchor",0.75
"anchor_235","HOG:0017160","HVUL","leaf","T5",56.4998699010652,"leaf::T5",4,-0.530670693189113,0.105776935254874,"anchor",1
"anchor_235","HOG:0017160","HVUL","root","T1",7.47957433613505,"root::T1",4,0.534277624664137,0.110391884950939,"anchor",0
"anchor_235","HOG:0017160","HVUL","root","T2",14.5,"root::T2",4,0.637808641829604,0.20784475128467,"anchor",0.25
"anchor_235","HOG:0017160","HVUL","root","T3",28.4898614550509,"root::T3",4,0.650012642694927,0.119366824935268,"anchor",0.5
"anchor_235","HOG:0017160","HVUL","root","T4",42.7313175218636,"root::T4",4,0.660204994021475,0.207843046397741,"anchor",0.75
"anchor_235","HOG:0017160","HVUL","root","T5",56.4998699010652,"root::T5",4,0.477403124829977,0.083002482925342,"anchor",1
"anchor_235","HOG:0017160","VBRO","leaf","T1",7.47957433613505,"leaf::T1",4,-0.935253124106203,0.0259828632879258,"anchor",0
"anchor_235","HOG:0017160","VBRO","leaf","T2",14.5,"leaf::T2",4,-0.691570951248882,0.105921140785287,"anchor",0.25
"anchor_235","HOG:0017160","VBRO","leaf","T3",28.4898614550509,"leaf::T3",3,-0.504572617330846,0.0881731323996111,"anchor",0.5
"anchor_235","HOG:0017160","VBRO","leaf","T4",42.7313175218636,"leaf::T4",4,-0.830170030383334,0.263475664387121,"anchor",0.75
"anchor_235","HOG:0017160","VBRO","leaf","T5",56.4998699010652,"leaf::T5",4,-0.714904562435308,0.010106809559111,"anchor",1
"anchor_235","HOG:0017160","VBRO","root","T1",7.47957433613505,"root::T1",4,0.41114911390627,0.0292607401362933,"anchor",0
"anchor_235","HOG:0017160","VBRO","root","T2",14.5,"root::T2",4,0.703852633172639,0.094998662490814,"anchor",0.25
"anchor_235","HOG:0017160","VBRO","root","T3",28.4898614550509,"root::T3",3,0.755536053875825,0.157090660477411,"anchor",0.5
"anchor_235","HOG:0017160","VBRO","root","T4",42.7313175218636,"root::T4",4,0.418551985943641,0.047078894668968,"anchor",0.75
"anchor_235","HOG:0017160","VBRO","root","T5",56.4998699010652,"root::T5",4,0.633790568770897,0.096670908325732,"anchor",1
"anchor_235","HOG:0017160","BDIS","leaf","T1",7.47957433613505,"leaf::T1",4,-0.950252029568242,0.0334141862664093,"module",0
"anchor_235","HOG:0017160","BDIS","leaf","T2",14.5,"leaf::T2",4,-0.800234052735991,0.0715415180781741,"module",0.25
"anchor_235","HOG:0017160","BDIS","leaf","T3",28.4898614550509,"leaf::T3",4,-0.880148297313244,0.0519884851537275,"module",0.5
"anchor_235","HOG:0017160","BDIS","leaf","T4",42.7313175218636,"leaf::T4",4,-0.757341654852228,0.0518937263177427,"module",0.75
"anchor_235","HOG:0017160","BDIS","leaf","T5",56.4998699010652,"leaf::T5",4,-0.565826749213638,0.0836232539377026,"module",1
"anchor_235","HOG:0017160","BDIS","root","T1",7.47957433613505,"root::T1",4,0.497256391599217,0.0184351164095997,"module",0
"anchor_235","HOG:0017160","BDIS","root","T2",14.5,"root::T2",4,0.891265108590066,0.126375592984807,"module",0.25
"anchor_235","HOG:0017160","BDIS","root","T3",28.4898614550509,"root::T3",4,0.626868235469779,0.0660056227877628,"module",0.5
"anchor_235","HOG:0017160","BDIS","root","T4",42.7313175218636,"root::T4",4,0.445380468169226,0.0226703268556422,"module",0.75
"anchor_235","HOG:0017160","BDIS","root","T5",56.4998699010652,"root::T5",4,0.626589997673667,0.109993982494377,"module",1
"anchor_235","HOG:0017160","BMAX","leaf","T1",7.47957433613505,"leaf::T1",4,-0.973860534449992,0.012143445674548,"module",0
"anchor_235","HOG:0017160","BMAX","leaf","T2",14.5,"leaf::T2",4,-0.925301145713509,0.14479726356467,"module",0.25
"anchor_235","HOG:0017160","BMAX","leaf","T3",28.4898614550509,"leaf::T3",4,-0.670501879175139,0.0263249583624273,"module",0.5
"anchor_235","HOG:0017160","BMAX","leaf","T4",42.7313175218636,"leaf::T4",4,-0.830298882091559,0.236340537082584,"module",0.75
"anchor_235","HOG:0017160","BMAX","leaf","T5",56.4998699010652,"leaf::T5",4,-0.584132778059871,0.0398914253675493,"module",1
"anchor_235","HOG:0017160","BMAX","root","T1",7.47957433613505,"root::T1",4,0.538444645975264,0.0361745141981672,"module",0
"anchor_235","HOG:0017160","BMAX","root","T2",14.5,"root::T2",4,0.753277128529783,0.115283912037348,"module",0.25
"anchor_235","HOG:0017160","BMAX","root","T3",28.4898614550509,"root::T3",4,0.643364478608035,0.10039826681887,"module",0.5
"anchor_235","HOG:0017160","BMAX","root","T4",42.7313175218636,"root::T4",4,0.522731643845296,0.0271871782163747,"module",0.75
"anchor_235","HOG:0017160","BMAX","root","T5",56.4998699010652,"root::T5",4,0.64658416392074,0.101109951340971,"module",1
"anchor_235","HOG:0017160","BMED","leaf","T1",7.47957433613505,"leaf::T1",4,-0.656496334707613,0.0373481288842221,"module",0
"anchor_235","HOG:0017160","BMED","leaf","T2",14.5,"leaf::T2",4,-0.698317691821282,0.0449795730110788,"module",0.25
"anchor_235","HOG:0017160","BMED","leaf","T3",28.4898614550509,"leaf::T3",4,-0.597771916124143,0.0404179819316061,"module",0.5
"anchor_235","HOG:0017160","BMED","leaf","T4",42.7313175218636,"leaf::T4",4,-0.656577105990732,0.0114535611892282,"module",0.75
"anchor_235","HOG:0017160","BMED","leaf","T5",56.4998699010652,"leaf::T5",4,-0.443708295360647,0.0527663647439441,"module",1
"anchor_235","HOG:0017160","BMED","root","T1",7.47957433613505,"root::T1",4,0.595974425375707,0.0692141097003973,"module",0
"anchor_235","HOG:0017160","BMED","root","T2",14.5,"root::T2",4,0.955338266911961,0.0653603958532386,"module",0.25
"anchor_235","HOG:0017160","BMED","root","T3",28.4898614550509,"root::T3",4,0.666996683849848,0.135226329160207,"module",0.5
"anchor_235","HOG:0017160","BMED","root","T4",42.7313175218636,"root::T4",4,0.846914238198029,0.0240418025873938,"module",0.75
"anchor_235","HOG:0017160","BMED","root","T5",56.4998699010652,"root::T5",4,0.9938665157909,0.115314511516448,"module",1
"anchor_235","HOG:0017160","BSYL","leaf","T1",7.47957433613505,"leaf::T1",4,-0.966676260273249,0.0867129717965226,"module",0
"anchor_235","HOG:0017160","BSYL","leaf","T2",14.5,"leaf::T2",4,-0.281012508372771,0.116721902279927,"module",0.25
"anchor_235","HOG:0017160","BSYL","leaf","T3",28.4898614550509,"leaf::T3",4,-0.356668435222105,0.0392231975705857,"module",0.5
"anchor_235","HOG:0017160","BSYL","leaf","T4",42.7313175218636,"leaf::T4",4,-0.279692614566489,0.0746622745472493,"module",0.75
"anchor_235","HOG:0017160","BSYL","leaf","T5",56.4998699010652,"leaf::T5",4,-0.457389634057546,0.196457919223703,"module",1
"anchor_235","HOG:0017160","BSYL","root","T1",7.47957433613505,"root::T1",4,1.04427068011663,0.0902440573117102,"module",0
"anchor_235","HOG:0017160","BSYL","root","T2",14.5,"root::T2",4,1.50663669492682,0.117292402243441,"module",0.25
"anchor_235","HOG:0017160","BSYL","root","T3",28.4898614550509,"root::T3",4,1.26321305682921,0.204485244542129,"module",0.5
"anchor_235","HOG:0017160","BSYL","root","T4",42.7313175218636,"root::T4",4,0.310591780735451,0.12004494639052,"module",0.75
"anchor_235","HOG:0017160","BSYL","root","T5",56.4998699010652,"root::T5",4,-0.275802093481351,0.568159124877708,"module",1
"anchor_235","HOG:0017160","FPRA","leaf","T1",7.47957433613505,"leaf::T1",4,-0.980899649657945,0.045709448967699,"module",0
"anchor_235","HOG:0017160","FPRA","leaf","T2",14.5,"leaf::T2",4,-0.68789375681898,0.0870748984759219,"module",0.25
"anchor_235","HOG:0017160","FPRA","leaf","T3",28.4898614550509,"leaf::T3",4,-0.742441260607386,0.037091331982156,"module",0.5
"anchor_235","HOG:0017160","FPRA","leaf","T4",42.7313175218636,"leaf::T4",4,-0.814409911555898,0.0463272833835068,"module",0.75
"anchor_235","HOG:0017160","FPRA","leaf","T5",56.4998699010652,"leaf::T5",4,-0.581913094265256,0.069072588485157,"module",1
"anchor_235","HOG:0017160","FPRA","root","T1",7.47957433613505,"root::T1",4,0.440737363724049,0.0301455404976005,"module",0
"anchor_235","HOG:0017160","FPRA","root","T2",14.5,"root::T2",4,0.929403992992878,0.071852201916514,"module",0.25
"anchor_235","HOG:0017160","FPRA","root","T3",28.4898614550509,"root::T3",4,0.801587415957892,0.0946062360074669,"module",0.5
"anchor_235","HOG:0017160","FPRA","root","T4",42.7313175218636,"root::T4",4,0.549367696274166,0.0463935758063257,"module",0.75
"anchor_235","HOG:0017160","FPRA","root","T5",56.4998699010652,"root::T5",4,0.539621196875355,0.0265438139111847,"module",1
"anchor_235","HOG:0017160","HJUB","leaf","T1",7.47957433613505,"leaf::T1",4,-0.675667422671992,0.0259182707846768,"module",0
"anchor_235","HOG:0017160","HJUB","leaf","T2",14.5,"leaf::T2",4,-0.71603519072108,0.0482483150862656,"module",0.25
"anchor_235","HOG:0017160","HJUB","leaf","T3",28.4898614550509,"leaf::T3",4,-0.636922442813841,0.101888708280387,"module",0.5
"anchor_235","HOG:0017160","HJUB","leaf","T4",42.7313175218636,"leaf::T4",4,-0.73938011987731,0.0168332582650864,"module",0.75
"anchor_235","HOG:0017160","HJUB","leaf","T5",56.4998699010652,"leaf::T5",4,-0.768870239687289,0.0261634652496549,"module",1
"anchor_235","HOG:0017160","HJUB","root","T1",7.47957433613505,"root::T1",4,0.642175170419167,0.0283920366268796,"module",0
"anchor_235","HOG:0017160","HJUB","root","T2",14.5,"root::T2",4,0.758242821694256,0.0384780123250047,"module",0.25
"anchor_235","HOG:0017160","HJUB","root","T3",28.4898614550509,"root::T3",4,0.736456269561403,0.079349602535385,"module",0.5
"anchor_235","HOG:0017160","HJUB","root","T4",42.7313175218636,"root::T4",4,0.462087160919191,0.0362236281757186,"module",0.75
"anchor_235","HOG:0017160","HJUB","root","T5",56.4998699010652,"root::T5",4,0.612881293083088,0.0313841699508466,"module",1
"anchor_235","HOG:0017160","HVUL","leaf","T1",7.47957433613505,"leaf::T1",4,-1.00739595756201,0.0338086122084665,"module",0
"anchor_235","HOG:0017160","HVUL","leaf","T2",14.5,"leaf::T2",4,-0.761145000865777,0.0659139796339494,"module",0.25
"anchor_235","HOG:0017160","HVUL","leaf","T3",28.4898614550509,"leaf::T3",4,-0.712221721003938,0.104980808061941,"module",0.5
"anchor_235","HOG:0017160","HVUL","leaf","T4",42.7313175218636,"leaf::T4",4,-0.677279943895843,0.0343983052743974,"module",0.75
"anchor_235","HOG:0017160","HVUL","leaf","T5",56.4998699010652,"leaf::T5",4,-0.462110938531728,0.107001324283167,"module",1
"anchor_235","HOG:0017160","HVUL","root","T1",7.47957433613505,"root::T1",4,0.506115489714396,0.0825076582200645,"module",0
"anchor_235","HOG:0017160","HVUL","root","T2",14.5,"root::T2",4,0.739484978838424,0.147950705271412,"module",0.25
"anchor_235","HOG:0017160","HVUL","root","T3",28.4898614550509,"root::T3",4,0.638499175407852,0.0829743717854685,"module",0.5
"anchor_235","HOG:0017160","HVUL","root","T4",42.7313175218636,"root::T4",4,0.768179640235149,0.139799202452192,"module",0.75
"anchor_235","HOG:0017160","HVUL","root","T5",56.4998699010652,"root::T5",4,0.601533077361247,0.086175190370701,"module",1
"anchor_235","HOG:0017160","VBRO","leaf","T1",7.47957433613505,"leaf::T1",4,-0.932814652832778,0.0151802822650599,"module",0
"anchor_235","HOG:0017160","VBRO","leaf","T2",14.5,"leaf::T2",4,-0.844901803526352,0.086938077664813,"module",0.25
"anchor_235","HOG:0017160","VBRO","leaf","T3",28.4898614550509,"leaf::T3",3,-0.644570164755818,0.0962190778636077,"module",0.5
"anchor_235","HOG:0017160","VBRO","leaf","T4",42.7313175218636,"leaf::T4",4,-0.913101300035182,0.219086588388094,"module",0.75
"anchor_235","HOG:0017160","VBRO","leaf","T5",56.4998699010652,"leaf::T5",4,-0.854958960475159,0.0171698172929056,"module",1
"anchor_235","HOG:0017160","VBRO","root","T1",7.47957433613505,"root::T1",4,0.426788927519619,0.0286330878271918,"module",0
"anchor_235","HOG:0017160","VBRO","root","T2",14.5,"root::T2",4,0.591580160562325,0.051899731473961,"module",0.25
"anchor_235","HOG:0017160","VBRO","root","T3",28.4898614550509,"root::T3",3,0.661443282221615,0.106386022579628,"module",0.5
"anchor_235","HOG:0017160","VBRO","root","T4",42.7313175218636,"root::T4",4,0.44310538433355,0.0572641884036117,"module",0.75
"anchor_235","HOG:0017160","VBRO","root","T5",56.4998699010652,"root::T5",4,0.687907385674621,0.0722488423472245,"module",1
"anchor_116","HOG:0023564","BDIS","leaf","T1",7.47957433613505,"leaf::T1",4,-0.779876369111627,0.0377993874571592,"anchor",0
"anchor_116","HOG:0023564","BDIS","leaf","T2",14.5,"leaf::T2",4,-0.610151802966857,0.071287732447866,"anchor",0.25
"anchor_116","HOG:0023564","BDIS","leaf","T3",28.4898614550509,"leaf::T3",4,-0.625513920245008,0.0941672327830585,"anchor",0.5
"anchor_116","HOG:0023564","BDIS","leaf","T4",42.7313175218636,"leaf::T4",4,-0.692893708504726,0.0283438639239762,"anchor",0.75
"anchor_116","HOG:0023564","BDIS","leaf","T5",56.4998699010652,"leaf::T5",4,-0.748730684947366,0.018561755151392,"anchor",1
"anchor_116","HOG:0023564","BDIS","root","T1",7.47957433613505,"root::T1",4,0.719118878324034,0.0447799740280291,"anchor",0
"anchor_116","HOG:0023564","BDIS","root","T2",14.5,"root::T2",4,0.687330643062419,0.0818226753408685,"anchor",0.25
"anchor_116","HOG:0023564","BDIS","root","T3",28.4898614550509,"root::T3",4,0.549548177190732,0.022750720284853,"anchor",0.5
"anchor_116","HOG:0023564","BDIS","root","T4",42.7313175218636,"root::T4",4,0.634631530140687,0.0711318599866515,"anchor",0.75
"anchor_116","HOG:0023564","BDIS","root","T5",56.4998699010652,"root::T5",4,0.559918347942948,0.0614138196852085,"anchor",1
"anchor_116","HOG:0023564","BMAX","leaf","T1",7.47957433613505,"leaf::T1",4,-0.739507219284036,0.0261796132032708,"anchor",0
"anchor_116","HOG:0023564","BMAX","leaf","T2",14.5,"leaf::T2",4,-0.64845248214461,0.0316067892620586,"anchor",0.25
"anchor_116","HOG:0023564","BMAX","leaf","T3",28.4898614550509,"leaf::T3",4,-0.827767407366642,0.0457914133339752,"anchor",0.5
"anchor_116","HOG:0023564","BMAX","leaf","T4",42.7313175218636,"leaf::T4",4,-0.755558197992717,0.131330950692704,"anchor",0.75
"anchor_116","HOG:0023564","BMAX","leaf","T5",56.4998699010652,"leaf::T5",4,-0.753163914825268,0.124432559509495,"anchor",1
"anchor_116","HOG:0023564","BMAX","root","T1",7.47957433613505,"root::T1",4,0.625565609738355,0.0464929917494063,"anchor",0
"anchor_116","HOG:0023564","BMAX","root","T2",14.5,"root::T2",4,0.694649481459544,0.0639764752740225,"anchor",0.25
"anchor_116","HOG:0023564","BMAX","root","T3",28.4898614550509,"root::T3",4,0.454091042350764,0.0334985007601453,"anchor",0.5
"anchor_116","HOG:0023564","BMAX","root","T4",42.7313175218636,"root::T4",4,0.560280950846593,0.056591607483917,"anchor",0.75
"anchor_116","HOG:0023564","BMAX","root","T5",56.4998699010652,"root::T5",4,0.573167133496743,0.0594553562703975,"anchor",1
"anchor_116","HOG:0023564","BMED","leaf","T1",7.47957433613505,"leaf::T1",4,-0.716742121985198,0.0247310577405136,"anchor",0
"anchor_116","HOG:0023564","BMED","leaf","T2",14.5,"leaf::T2",4,-0.9410932717351,0.0380338632787804,"anchor",0.25
"anchor_116","HOG:0023564","BMED","leaf","T3",28.4898614550509,"leaf::T3",4,-0.845061013148767,0.0270862521402273,"anchor",0.5
"anchor_116","HOG:0023564","BMED","leaf","T4",42.7313175218636,"leaf::T4",4,-0.750086921595251,0.0260011001486126,"anchor",0.75
"anchor_116","HOG:0023564","BMED","leaf","T5",56.4998699010652,"leaf::T5",4,-0.531564653980019,0.106039691924258,"anchor",1
"anchor_116","HOG:0023564","BMED","root","T1",7.47957433613505,"root::T1",4,0.5330133346196,0.114771129051707,"anchor",0
"anchor_116","HOG:0023564","BMED","root","T2",14.5,"root::T2",4,0.492715838397093,0.0653409464533015,"anchor",0.25
"anchor_116","HOG:0023564","BMED","root","T3",28.4898614550509,"root::T3",4,0.699654758378527,0.0275798272912847,"anchor",0.5
"anchor_116","HOG:0023564","BMED","root","T4",42.7313175218636,"root::T4",4,0.478562711591217,0.0394546805224401,"anchor",0.75
"anchor_116","HOG:0023564","BMED","root","T5",56.4998699010652,"root::T5",4,0.562226120368371,0.052778717762507,"anchor",1
"anchor_116","HOG:0023564","BSYL","leaf","T1",7.47957433613505,"leaf::T1",4,-0.420141717779957,0.155547639590494,"anchor",0
"anchor_116","HOG:0023564","BSYL","leaf","T2",14.5,"leaf::T2",4,-0.60289368145689,0.127190347318375,"anchor",0.25
"anchor_116","HOG:0023564","BSYL","leaf","T3",28.4898614550509,"leaf::T3",4,-0.350942163454212,0.120930391187828,"anchor",0.5
"anchor_116","HOG:0023564","BSYL","leaf","T4",42.7313175218636,"leaf::T4",4,-0.255615074204188,0.219867373942774,"anchor",0.75
"anchor_116","HOG:0023564","BSYL","leaf","T5",56.4998699010652,"leaf::T5",4,-0.425677544535662,0.31616167600623,"anchor",1
"anchor_116","HOG:0023564","BSYL","root","T1",7.47957433613505,"root::T1",4,1.84262496161984,0.114865035434928,"anchor",0
"anchor_116","HOG:0023564","BSYL","root","T2",14.5,"root::T2",4,1.64874782375648,0.13837096913785,"anchor",0.25
"anchor_116","HOG:0023564","BSYL","root","T3",28.4898614550509,"root::T3",4,1.91884587441597,0.30659799525217,"anchor",0.5
"anchor_116","HOG:0023564","BSYL","root","T4",42.7313175218636,"root::T4",4,0.632282117249299,0.19074877114557,"anchor",0.75
"anchor_116","HOG:0023564","BSYL","root","T5",56.4998699010652,"root::T5",4,-0.108759234107094,0.296480130194322,"anchor",1
"anchor_116","HOG:0023564","FPRA","leaf","T1",7.47957433613505,"leaf::T1",4,-0.874644966312413,0.0350969180913002,"anchor",0
"anchor_116","HOG:0023564","FPRA","leaf","T2",14.5,"leaf::T2",4,-0.644869039148231,0.0301984047883617,"anchor",0.25
"anchor_116","HOG:0023564","FPRA","leaf","T3",28.4898614550509,"leaf::T3",4,-0.592965370863852,0.0025389277046595,"anchor",0.5
"anchor_116","HOG:0023564","FPRA","leaf","T4",42.7313175218636,"leaf::T4",4,-0.711820633880679,0.0395237902372442,"anchor",0.75
"anchor_116","HOG:0023564","FPRA","leaf","T5",56.4998699010652,"leaf::T5",4,-0.58064521479135,0.086862051185272,"anchor",1
"anchor_116","HOG:0023564","FPRA","root","T1",7.47957433613505,"root::T1",4,0.620546032120667,0.038512777807724,"anchor",0
"anchor_116","HOG:0023564","FPRA","root","T2",14.5,"root::T2",4,0.809115022894792,0.0503656301834,"anchor",0.25
"anchor_116","HOG:0023564","FPRA","root","T3",28.4898614550509,"root::T3",4,0.780422708396877,0.0330427980651585,"anchor",0.5
"anchor_116","HOG:0023564","FPRA","root","T4",42.7313175218636,"root::T4",4,0.689285966432024,0.0943372327614775,"anchor",0.75
"anchor_116","HOG:0023564","FPRA","root","T5",56.4998699010652,"root::T5",4,0.559242135458658,0.0449493429426161,"anchor",1
"anchor_116","HOG:0023564","HJUB","leaf","T1",7.47957433613505,"leaf::T1",4,-0.60160579315393,0.0267143236930442,"anchor",0
"anchor_116","HOG:0023564","HJUB","leaf","T2",14.5,"leaf::T2",4,-0.525605227520534,0.0301202813882321,"anchor",0.25
"anchor_116","HOG:0023564","HJUB","leaf","T3",28.4898614550509,"leaf::T3",4,-0.517607651267455,0.065434155066794,"anchor",0.5
"anchor_116","HOG:0023564","HJUB","leaf","T4",42.7313175218636,"leaf::T4",4,-0.640234636654087,0.0214742778216126,"anchor",0.75
"anchor_116","HOG:0023564","HJUB","leaf","T5",56.4998699010652,"leaf::T5",4,-0.712659902485229,0.0322670178421676,"anchor",1
"anchor_116","HOG:0023564","HJUB","root","T1",7.47957433613505,"root::T1",4,0.81277059594694,0.0269578296918296,"anchor",0
"anchor_116","HOG:0023564","HJUB","root","T2",14.5,"root::T2",4,0.815944794416535,0.0275002306895383,"anchor",0.25
"anchor_116","HOG:0023564","HJUB","root","T3",28.4898614550509,"root::T3",4,0.798547076565369,0.103936654694913,"anchor",0.5
"anchor_116","HOG:0023564","HJUB","root","T4",42.7313175218636,"root::T4",4,0.530266866529546,0.0714603107887525,"anchor",0.75
"anchor_116","HOG:0023564","HJUB","root","T5",56.4998699010652,"root::T5",4,0.749677974613965,0.0370195133775336,"anchor",1
"anchor_116","HOG:0023564","HVUL","leaf","T1",7.47957433613505,"leaf::T1",4,-0.843699882301052,0.0465283971789182,"anchor",0
"anchor_116","HOG:0023564","HVUL","leaf","T2",14.5,"leaf::T2",4,-0.550161643440282,0.13512237545746,"anchor",0.25
"anchor_116","HOG:0023564","HVUL","leaf","T3",28.4898614550509,"leaf::T3",4,-0.590494413246494,0.065504803733722,"anchor",0.5
"anchor_116","HOG:0023564","HVUL","leaf","T4",42.7313175218636,"leaf::T4",4,-0.855082933703172,0.0156313443533434,"anchor",0.75
"anchor_116","HOG:0023564","HVUL","leaf","T5",56.4998699010652,"leaf::T5",4,-0.709017866563993,0.0339344761124058,"anchor",1
"anchor_116","HOG:0023564","HVUL","root","T1",7.47957433613505,"root::T1",4,0.64211056282403,0.055395676134517,"anchor",0
"anchor_116","HOG:0023564","HVUL","root","T2",14.5,"root::T2",4,0.642142826009419,0.0708140249905025,"anchor",0.25
"anchor_116","HOG:0023564","HVUL","root","T3",28.4898614550509,"root::T3",4,0.557214515796848,0.079976225692023,"anchor",0.5
"anchor_116","HOG:0023564","HVUL","root","T4",42.7313175218636,"root::T4",4,0.693613181552636,0.077063653465117,"anchor",0.75
"anchor_116","HOG:0023564","HVUL","root","T5",56.4998699010652,"root::T5",4,0.477031959788845,0.0535943261616175,"anchor",1
"anchor_116","HOG:0023564","VBRO","leaf","T1",7.47957433613505,"leaf::T1",4,-1.28613281373568,0.0220841961509947,"anchor",0
"anchor_116","HOG:0023564","VBRO","leaf","T2",14.5,"leaf::T2",4,-1.31985211594079,0.071111093393428,"anchor",0.25
"anchor_116","HOG:0023564","VBRO","leaf","T3",28.4898614550509,"leaf::T3",3,-0.984757900822641,0.395410455569918,"anchor",0.5
"anchor_116","HOG:0023564","VBRO","leaf","T4",42.7313175218636,"leaf::T4",4,-0.849012585720305,0.150787002476379,"anchor",0.75
"anchor_116","HOG:0023564","VBRO","leaf","T5",56.4998699010652,"leaf::T5",4,-0.852925329549419,0.016105752505689,"anchor",1
"anchor_116","HOG:0023564","VBRO","root","T1",7.47957433613505,"root::T1",4,0.644584734610593,0.0183287812331337,"anchor",0
"anchor_116","HOG:0023564","VBRO","root","T2",14.5,"root::T2",4,0.460923777158434,0.0436248945553859,"anchor",0.25
"anchor_116","HOG:0023564","VBRO","root","T3",28.4898614550509,"root::T3",3,0.573903397619176,0.16522314991556,"anchor",0.5
"anchor_116","HOG:0023564","VBRO","root","T4",42.7313175218636,"root::T4",4,0.366051756734004,0.072340131501233,"anchor",0.75
"anchor_116","HOG:0023564","VBRO","root","T5",56.4998699010652,"root::T5",4,0.551741779313485,0.0738487006337715,"anchor",1
"anchor_116","HOG:0023564","BDIS","leaf","T1",7.47957433613505,"leaf::T1",4,-0.796704760024844,0.0183072497687741,"module",0
"anchor_116","HOG:0023564","BDIS","leaf","T2",14.5,"leaf::T2",4,-0.674266575007041,0.0128225875050517,"module",0.25
"anchor_116","HOG:0023564","BDIS","leaf","T3",28.4898614550509,"leaf::T3",4,-0.656389195498563,0.0529877823229184,"module",0.5
"anchor_116","HOG:0023564","BDIS","leaf","T4",42.7313175218636,"leaf::T4",4,-0.753088228596016,0.0439806950773443,"module",0.75
"anchor_116","HOG:0023564","BDIS","leaf","T5",56.4998699010652,"leaf::T5",4,-0.744142082592282,0.0175421362328693,"module",1
"anchor_116","HOG:0023564","BDIS","root","T1",7.47957433613505,"root::T1",4,0.663619016957707,0.027241587685813,"module",0
"anchor_116","HOG:0023564","BDIS","root","T2",14.5,"root::T2",4,0.710808867489508,0.043269860887028,"module",0.25
"anchor_116","HOG:0023564","BDIS","root","T3",28.4898614550509,"root::T3",4,0.584561554610776,0.0418517574092528,"module",0.5
"anchor_116","HOG:0023564","BDIS","root","T4",42.7313175218636,"root::T4",4,0.6595580429287,0.0499259455866497,"module",0.75
"anchor_116","HOG:0023564","BDIS","root","T5",56.4998699010652,"root::T5",4,0.591186375653975,0.0344045406140027,"module",1
"anchor_116","HOG:0023564","BMAX","leaf","T1",7.47957433613505,"leaf::T1",4,-0.780495285273664,0.0115191143238183,"module",0
"anchor_116","HOG:0023564","BMAX","leaf","T2",14.5,"leaf::T2",4,-0.779770669191734,0.0429564522568837,"module",0.25
"anchor_116","HOG:0023564","BMAX","leaf","T3",28.4898614550509,"leaf::T3",4,-0.868597780047821,0.0075291218099713,"module",0.5
"anchor_116","HOG:0023564","BMAX","leaf","T4",42.7313175218636,"leaf::T4",4,-0.804965170670464,0.0633190312473954,"module",0.75
"anchor_116","HOG:0023564","BMAX","leaf","T5",56.4998699010652,"leaf::T5",4,-0.76313900200133,0.0921639713043537,"module",1
"anchor_116","HOG:0023564","BMAX","root","T1",7.47957433613505,"root::T1",4,0.619817246842965,0.0365661858586984,"module",0
"anchor_116","HOG:0023564","BMAX","root","T2",14.5,"root::T2",4,0.730297496389458,0.0408883054452164,"module",0.25
"anchor_116","HOG:0023564","BMAX","root","T3",28.4898614550509,"root::T3",4,0.515529627090965,0.0303128052398715,"module",0.5
"anchor_116","HOG:0023564","BMAX","root","T4",42.7313175218636,"root::T4",4,0.508113087221968,0.0189170650842118,"module",0.75
"anchor_116","HOG:0023564","BMAX","root","T5",56.4998699010652,"root::T5",4,0.553154241531118,0.0479655164592386,"module",1
"anchor_116","HOG:0023564","BMED","leaf","T1",7.47957433613505,"leaf::T1",4,-0.785291880226128,0.0184766044059592,"module",0
"anchor_116","HOG:0023564","BMED","leaf","T2",14.5,"leaf::T2",4,-0.990577697288662,0.0355440986265848,"module",0.25
"anchor_116","HOG:0023564","BMED","leaf","T3",28.4898614550509,"leaf::T3",4,-0.869628779300605,0.0254226062454624,"module",0.5
"anchor_116","HOG:0023564","BMED","leaf","T4",42.7313175218636,"leaf::T4",4,-0.82827321797005,0.023324941477723,"module",0.75
"anchor_116","HOG:0023564","BMED","leaf","T5",56.4998699010652,"leaf::T5",4,-0.550066911055017,0.0762806612522447,"module",1
"anchor_116","HOG:0023564","BMED","root","T1",7.47957433613505,"root::T1",4,0.534441649187765,0.0487393910490629,"module",0
"anchor_116","HOG:0023564","BMED","root","T2",14.5,"root::T2",4,0.576876649119005,0.0287405050747095,"module",0.25
"anchor_116","HOG:0023564","BMED","root","T3",28.4898614550509,"root::T3",4,0.663643323795134,0.0234228411478957,"module",0.5
"anchor_116","HOG:0023564","BMED","root","T4",42.7313175218636,"root::T4",4,0.570115119046615,0.0274601829315101,"module",0.75
"anchor_116","HOG:0023564","BMED","root","T5",56.4998699010652,"root::T5",4,0.672351741754121,0.0316904971044666,"module",1
"anchor_116","HOG:0023564","BSYL","leaf","T1",7.47957433613505,"leaf::T1",4,-0.642894467784783,0.0614752769870926,"module",0
"anchor_116","HOG:0023564","BSYL","leaf","T2",14.5,"leaf::T2",4,-0.402514897545279,0.0389989126481713,"module",0.25
"anchor_116","HOG:0023564","BSYL","leaf","T3",28.4898614550509,"leaf::T3",4,-0.391070850121736,0.0747006365217073,"module",0.5
"anchor_116","HOG:0023564","BSYL","leaf","T4",42.7313175218636,"leaf::T4",4,-0.357326106873176,0.104921112427807,"module",0.75
"anchor_116","HOG:0023564","BSYL","leaf","T5",56.4998699010652,"leaf::T5",4,-0.378251037589672,0.123770746906738,"module",1
"anchor_116","HOG:0023564","BSYL","root","T1",7.47957433613505,"root::T1",4,1.3712239476378,0.0799910681432923,"module",0
"anchor_116","HOG:0023564","BSYL","root","T2",14.5,"root::T2",4,1.47830677142562,0.0781826976832359,"module",0.25
"anchor_116","HOG:0023564","BSYL","root","T3",28.4898614550509,"root::T3",4,1.50813766295237,0.107979813338389,"module",0.5
"anchor_116","HOG:0023564","BSYL","root","T4",42.7313175218636,"root::T4",4,0.751787238589214,0.113821582817839,"module",0.75
"anchor_116","HOG:0023564","BSYL","root","T5",56.4998699010652,"root::T5",4,0.00906307559589634,0.360809960918849,"module",1
"anchor_116","HOG:0023564","FPRA","leaf","T1",7.47957433613505,"leaf::T1",4,-0.900871202562461,0.0339201587064466,"module",0
"anchor_116","HOG:0023564","FPRA","leaf","T2",14.5,"leaf::T2",4,-0.670107040761964,0.0145694077711407,"module",0.25
"anchor_116","HOG:0023564","FPRA","leaf","T3",28.4898614550509,"leaf::T3",4,-0.690890899556201,0.0216259631508392,"module",0.5
"anchor_116","HOG:0023564","FPRA","leaf","T4",42.7313175218636,"leaf::T4",4,-0.777154044597494,0.0495768046017111,"module",0.75
"anchor_116","HOG:0023564","FPRA","leaf","T5",56.4998699010652,"leaf::T5",4,-0.634652334523567,0.0503277524795146,"module",1
"anchor_116","HOG:0023564","FPRA","root","T1",7.47957433613505,"root::T1",4,0.56872321395229,0.0282486915613652,"module",0
"anchor_116","HOG:0023564","FPRA","root","T2",14.5,"root::T2",4,0.750562709842614,0.0289972914097218,"module",0.25
"anchor_116","HOG:0023564","FPRA","root","T3",28.4898614550509,"root::T3",4,0.731955423530158,0.0352303480738947,"module",0.5
"anchor_116","HOG:0023564","FPRA","root","T4",42.7313175218636,"root::T4",4,0.671156398890455,0.0727670706063748,"module",0.75
"anchor_116","HOG:0023564","FPRA","root","T5",56.4998699010652,"root::T5",4,0.581018360597995,0.0357949641504894,"module",1
"anchor_116","HOG:0023564","HJUB","leaf","T1",7.47957433613505,"leaf::T1",4,-0.655996690813726,0.0254226388196828,"module",0
"anchor_116","HOG:0023564","HJUB","leaf","T2",14.5,"leaf::T2",4,-0.614771180660414,0.0177932517935992,"module",0.25
"anchor_116","HOG:0023564","HJUB","leaf","T3",28.4898614550509,"leaf::T3",4,-0.553808490957639,0.0398991810105748,"module",0.5
"anchor_116","HOG:0023564","HJUB","leaf","T4",42.7313175218636,"leaf::T4",4,-0.652668232437514,0.0129244063347402,"module",0.75
"anchor_116","HOG:0023564","HJUB","leaf","T5",56.4998699010652,"leaf::T5",4,-0.743070584258494,0.00711490270768105,"module",1
"anchor_116","HOG:0023564","HJUB","root","T1",7.47957433613505,"root::T1",4,0.747289385417183,0.0252482226946553,"module",0
"anchor_116","HOG:0023564","HJUB","root","T2",14.5,"root::T2",4,0.780950047715937,0.0218714764157071,"module",0.25
"anchor_116","HOG:0023564","HJUB","root","T3",28.4898614550509,"root::T3",4,0.754871749412007,0.0385501694671544,"module",0.5
"anchor_116","HOG:0023564","HJUB","root","T4",42.7313175218636,"root::T4",4,0.492655033171256,0.0467438233490132,"module",0.75
"anchor_116","HOG:0023564","HJUB","root","T5",56.4998699010652,"root::T5",4,0.710177542177779,0.0194917991418477,"module",1
"anchor_116","HOG:0023564","HVUL","leaf","T1",7.47957433613505,"leaf::T1",4,-0.857505809870393,0.0159231947807215,"module",0
"anchor_116","HOG:0023564","HVUL","leaf","T2",14.5,"leaf::T2",4,-0.625406798815364,0.0751720127315859,"module",0.25
"anchor_116","HOG:0023564","HVUL","leaf","T3",28.4898614550509,"leaf::T3",4,-0.61102559892814,0.0810868442547402,"module",0.5
"anchor_116","HOG:0023564","HVUL","leaf","T4",42.7313175218636,"leaf::T4",4,-0.838472257637233,0.00921154291187406,"module",0.75
"anchor_116","HOG:0023564","HVUL","leaf","T5",56.4998699010652,"leaf::T5",4,-0.653551732927329,0.0376259016191073,"module",1
"anchor_116","HOG:0023564","HVUL","root","T1",7.47957433613505,"root::T1",4,0.613072415362948,0.0477450440995371,"module",0
"anchor_116","HOG:0023564","HVUL","root","T2",14.5,"root::T2",4,0.713042434936999,0.0542914920400467,"module",0.25
"anchor_116","HOG:0023564","HVUL","root","T3",28.4898614550509,"root::T3",4,0.583707573592755,0.0596735472735221,"module",0.5
"anchor_116","HOG:0023564","HVUL","root","T4",42.7313175218636,"root::T4",4,0.737084904025436,0.059239491865853,"module",0.75
"anchor_116","HOG:0023564","HVUL","root","T5",56.4998699010652,"root::T5",4,0.56521583329449,0.0558975747024863,"module",1
"anchor_116","HOG:0023564","VBRO","leaf","T1",7.47957433613505,"leaf::T1",4,-0.915444117665617,0.0149358726430996,"module",0
"anchor_116","HOG:0023564","VBRO","leaf","T2",14.5,"leaf::T2",4,-0.918847908255395,0.0282863062457048,"module",0.25
"anchor_116","HOG:0023564","VBRO","leaf","T3",28.4898614550509,"leaf::T3",3,-0.689755102242325,0.147930452948865,"module",0.5
"anchor_116","HOG:0023564","VBRO","leaf","T4",42.7313175218636,"leaf::T4",4,-0.626908329379368,0.0635397744068391,"module",0.75
"anchor_116","HOG:0023564","VBRO","leaf","T5",56.4998699010652,"leaf::T5",4,-0.663899188515778,0.0283695978987115,"module",1
"anchor_116","HOG:0023564","VBRO","root","T1",7.47957433613505,"root::T1",4,0.659598433748075,0.0165817177516786,"module",0
"anchor_116","HOG:0023564","VBRO","root","T2",14.5,"root::T2",4,0.626144696290148,0.023337239614954,"module",0.25
"anchor_116","HOG:0023564","VBRO","root","T3",28.4898614550509,"root::T3",3,0.560990953300101,0.0171269418980597,"module",0.5
"anchor_116","HOG:0023564","VBRO","root","T4",42.7313175218636,"root::T4",4,0.584240356892563,0.0634453567897563,"module",0.75
"anchor_116","HOG:0023564","VBRO","root","T5",56.4998699010652,"root::T5",4,0.586114299809102,0.0892054131503188,"module",1
"anchor_128","HOG:0024976","BDIS","leaf","T1",7.47957433613505,"leaf::T1",4,-0.79776036124626,0.0464403332605705,"anchor",0
"anchor_128","HOG:0024976","BDIS","leaf","T2",14.5,"leaf::T2",4,-0.697186221105004,0.0322633451503153,"anchor",0.25
"anchor_128","HOG:0024976","BDIS","leaf","T3",28.4898614550509,"leaf::T3",4,-0.602774070504902,0.051566924450396,"anchor",0.5
"anchor_128","HOG:0024976","BDIS","leaf","T4",42.7313175218636,"leaf::T4",4,-0.669494173977592,0.070234843812853,"anchor",0.75
"anchor_128","HOG:0024976","BDIS","leaf","T5",56.4998699010652,"leaf::T5",4,-0.649859929600412,0.0748825197595905,"anchor",1
"anchor_128","HOG:0024976","BDIS","root","T1",7.47957433613505,"root::T1",4,0.660700843590054,0.0400170882383448,"anchor",0
"anchor_128","HOG:0024976","BDIS","root","T2",14.5,"root::T2",4,0.787528631611524,0.079588085382565,"anchor",0.25
"anchor_128","HOG:0024976","BDIS","root","T3",28.4898614550509,"root::T3",4,0.622992056552165,0.0511619072543775,"anchor",0.5
"anchor_128","HOG:0024976","BDIS","root","T4",42.7313175218636,"root::T4",4,0.643708738837775,0.073844538812925,"anchor",0.75
"anchor_128","HOG:0024976","BDIS","root","T5",56.4998699010652,"root::T5",4,0.656429358529077,0.095582829823043,"anchor",1
"anchor_128","HOG:0024976","BMAX","leaf","T1",7.47957433613505,"leaf::T1",4,-0.610319445120991,0.0639632636305375,"anchor",0
"anchor_128","HOG:0024976","BMAX","leaf","T2",14.5,"leaf::T2",4,-0.916178404567511,0.151121997726935,"anchor",0.25
"anchor_128","HOG:0024976","BMAX","leaf","T3",28.4898614550509,"leaf::T3",4,-1.2034374922539,0.058916461235862,"anchor",0.5
"anchor_128","HOG:0024976","BMAX","leaf","T4",42.7313175218636,"leaf::T4",4,-0.851169485686345,0.121276019929193,"anchor",0.75
"anchor_128","HOG:0024976","BMAX","leaf","T5",56.4998699010652,"leaf::T5",4,-1.0898047675881,0.260196841697078,"anchor",1
"anchor_128","HOG:0024976","BMAX","root","T1",7.47957433613505,"root::T1",4,0.633778144514511,0.0319872948337995,"anchor",0
"anchor_128","HOG:0024976","BMAX","root","T2",14.5,"root::T2",4,0.683942346746645,0.0844857118108265,"anchor",0.25
"anchor_128","HOG:0024976","BMAX","root","T3",28.4898614550509,"root::T3",4,0.4108885271881,0.0377539562907747,"anchor",0.5
"anchor_128","HOG:0024976","BMAX","root","T4",42.7313175218636,"root::T4",4,0.619559162017207,0.0427238047609562,"anchor",0.75
"anchor_128","HOG:0024976","BMAX","root","T5",56.4998699010652,"root::T5",4,0.59979348883383,0.0875570440937905,"anchor",1
"anchor_128","HOG:0024976","BMED","leaf","T1",7.47957433613505,"leaf::T1",4,-0.675588285305318,0.0151388804418343,"anchor",0
"anchor_128","HOG:0024976","BMED","leaf","T2",14.5,"leaf::T2",4,-0.683665244118909,0.085330611926578,"anchor",0.25
"anchor_128","HOG:0024976","BMED","leaf","T3",28.4898614550509,"leaf::T3",4,-0.926757525402819,0.0277506858918454,"anchor",0.5
"anchor_128","HOG:0024976","BMED","leaf","T4",42.7313175218636,"leaf::T4",4,-0.910865906385093,0.0371217231687152,"anchor",0.75
"anchor_128","HOG:0024976","BMED","leaf","T5",56.4998699010652,"leaf::T5",4,-0.728979254149779,0.0538768773122005,"anchor",1
"anchor_128","HOG:0024976","BMED","root","T1",7.47957433613505,"root::T1",4,0.562020559592449,0.0259964355416917,"anchor",0
"anchor_128","HOG:0024976","BMED","root","T2",14.5,"root::T2",4,0.639667065932207,0.0329316356502812,"anchor",0.25
"anchor_128","HOG:0024976","BMED","root","T3",28.4898614550509,"root::T3",4,0.588019551980064,0.0455351940231944,"anchor",0.5
"anchor_128","HOG:0024976","BMED","root","T4",42.7313175218636,"root::T4",4,0.574953174242878,0.0640655202397805,"anchor",0.75
"anchor_128","HOG:0024976","BMED","root","T5",56.4998699010652,"root::T5",4,0.700938315931226,0.0366744689599355,"anchor",1
"anchor_128","HOG:0024976","BSYL","leaf","T1",7.47957433613505,"leaf::T1",4,-0.925020785053774,0.203949134953724,"anchor",0
"anchor_128","HOG:0024976","BSYL","leaf","T2",14.5,"leaf::T2",4,-0.346685419265229,0.296206430941131,"anchor",0.25
"anchor_128","HOG:0024976","BSYL","leaf","T3",28.4898614550509,"leaf::T3",4,-0.528721991275453,0.321157634434578,"anchor",0.5
"anchor_128","HOG:0024976","BSYL","leaf","T4",42.7313175218636,"leaf::T4",4,-0.159816277683656,0.210063789270863,"anchor",0.75
"anchor_128","HOG:0024976","BSYL","leaf","T5",56.4998699010652,"leaf::T5",4,-0.968939760325352,0.56347823121007,"anchor",1
"anchor_128","HOG:0024976","BSYL","root","T1",7.47957433613505,"root::T1",4,0.532969681657417,0.0585837036781855,"anchor",0
"anchor_128","HOG:0024976","BSYL","root","T2",14.5,"root::T2",4,0.875939918016818,0.102980678989043,"anchor",0.25
"anchor_128","HOG:0024976","BSYL","root","T3",28.4898614550509,"root::T3",4,1.0028915077417,0.165060444743406,"anchor",0.5
"anchor_128","HOG:0024976","BSYL","root","T4",42.7313175218636,"root::T4",4,0.0305842112944303,0.089043503177738,"anchor",0.75
"anchor_128","HOG:0024976","BSYL","root","T5",56.4998699010652,"root::T5",4,-1.98836614986548,1.51484779447548,"anchor",1
"anchor_128","HOG:0024976","FPRA","leaf","T1",7.47957433613505,"leaf::T1",4,-1.04433075795516,0.077159045516802,"anchor",0
"anchor_128","HOG:0024976","FPRA","leaf","T2",14.5,"leaf::T2",4,-0.813385280363984,0.1049534713065,"anchor",0.25
"anchor_128","HOG:0024976","FPRA","leaf","T3",28.4898614550509,"leaf::T3",4,-0.820955995887684,0.0257883794835269,"anchor",0.5
"anchor_128","HOG:0024976","FPRA","leaf","T4",42.7313175218636,"leaf::T4",4,-0.708839550233016,0.063228340438101,"anchor",0.75
"anchor_128","HOG:0024976","FPRA","leaf","T5",56.4998699010652,"leaf::T5",4,-0.679946831488694,0.111203378562501,"anchor",1
"anchor_128","HOG:0024976","FPRA","root","T1",7.47957433613505,"root::T1",4,0.575390648976013,0.0148032114994836,"anchor",0
"anchor_128","HOG:0024976","FPRA","root","T2",14.5,"root::T2",4,0.814608073673935,0.0450395691204718,"anchor",0.25
"anchor_128","HOG:0024976","FPRA","root","T3",28.4898614550509,"root::T3",4,0.64618742618879,0.082694148915706,"anchor",0.5
"anchor_128","HOG:0024976","FPRA","root","T4",42.7313175218636,"root::T4",4,0.576324071733313,0.0125226617460354,"anchor",0.75
"anchor_128","HOG:0024976","FPRA","root","T5",56.4998699010652,"root::T5",4,0.577608768883981,0.0330170416590558,"anchor",1
"anchor_128","HOG:0024976","HJUB","leaf","T1",7.47957433613505,"leaf::T1",4,-0.592319794489285,0.0325218562169284,"anchor",0
"anchor_128","HOG:0024976","HJUB","leaf","T2",14.5,"leaf::T2",4,-0.626796855601341,0.0360821121159614,"anchor",0.25
"anchor_128","HOG:0024976","HJUB","leaf","T3",28.4898614550509,"leaf::T3",4,-0.497021551652346,0.064705893309743,"anchor",0.5
"anchor_128","HOG:0024976","HJUB","leaf","T4",42.7313175218636,"leaf::T4",4,-0.782620426611513,0.0286031974102677,"anchor",0.75
"anchor_128","HOG:0024976","HJUB","leaf","T5",56.4998699010652,"leaf::T5",4,-0.8440902086027,0.0201405941956051,"anchor",1
"anchor_128","HOG:0024976","HJUB","root","T1",7.47957433613505,"root::T1",4,0.661151410814672,0.0359250881361992,"anchor",0
"anchor_128","HOG:0024976","HJUB","root","T2",14.5,"root::T2",4,0.739435656824555,0.0357257492517214,"anchor",0.25
"anchor_128","HOG:0024976","HJUB","root","T3",28.4898614550509,"root::T3",4,0.758314960745597,0.0663129540081635,"anchor",0.5
"anchor_128","HOG:0024976","HJUB","root","T4",42.7313175218636,"root::T4",4,0.512058410792596,0.062235698472669,"anchor",0.75
"anchor_128","HOG:0024976","HJUB","root","T5",56.4998699010652,"root::T5",4,0.736574912000725,0.0278930160736796,"anchor",1
"anchor_128","HOG:0024976","HVUL","leaf","T1",7.47957433613505,"leaf::T1",4,-0.899736438212919,0.0217906388734433,"anchor",0
"anchor_128","HOG:0024976","HVUL","leaf","T2",14.5,"leaf::T2",4,-0.886537968431941,0.0624750440697555,"anchor",0.25
"anchor_128","HOG:0024976","HVUL","leaf","T3",28.4898614550509,"leaf::T3",4,-0.636193680835896,0.0448902765636529,"anchor",0.5
"anchor_128","HOG:0024976","HVUL","leaf","T4",42.7313175218636,"leaf::T4",4,-0.671461208677124,0.0772155660542815,"anchor",0.75
"anchor_128","HOG:0024976","HVUL","leaf","T5",56.4998699010652,"leaf::T5",4,-0.6098118310035,0.0746690496832685,"anchor",1
"anchor_128","HOG:0024976","HVUL","root","T1",7.47957433613505,"root::T1",4,0.517704064887371,0.0251596818419844,"anchor",0
"anchor_128","HOG:0024976","HVUL","root","T2",14.5,"root::T2",4,0.767866404302587,0.051328574221215,"anchor",0.25
"anchor_128","HOG:0024976","HVUL","root","T3",28.4898614550509,"root::T3",4,0.580545596733197,0.0294951898287408,"anchor",0.5
"anchor_128","HOG:0024976","HVUL","root","T4",42.7313175218636,"root::T4",4,0.733464684281385,0.069263925175141,"anchor",0.75
"anchor_128","HOG:0024976","HVUL","root","T5",56.4998699010652,"root::T5",4,0.568087910141267,0.068646663853626,"anchor",1
"anchor_128","HOG:0024976","VBRO","leaf","T1",7.47957433613505,"leaf::T1",4,-0.471314779446388,0.0253013100019746,"anchor",0
"anchor_128","HOG:0024976","VBRO","leaf","T2",14.5,"leaf::T2",4,-0.341096679773233,0.087490260008135,"anchor",0.25
"anchor_128","HOG:0024976","VBRO","leaf","T3",28.4898614550509,"leaf::T3",3,-0.386464018962325,0.135050702770587,"anchor",0.5
"anchor_128","HOG:0024976","VBRO","leaf","T4",42.7313175218636,"leaf::T4",4,-0.68303573681093,0.066048620176878,"anchor",0.75
"anchor_128","HOG:0024976","VBRO","leaf","T5",56.4998699010652,"leaf::T5",4,-0.349780947845514,0.157661308330015,"anchor",1
"anchor_128","HOG:0024976","VBRO","root","T1",7.47957433613505,"root::T1",4,1.09189239470245,0.0252072446257432,"anchor",0
"anchor_128","HOG:0024976","VBRO","root","T2",14.5,"root::T2",4,0.968230569573163,0.0381204245800914,"anchor",0.25
"anchor_128","HOG:0024976","VBRO","root","T3",28.4898614550509,"root::T3",3,0.642714440282363,0.369576248190101,"anchor",0.5
"anchor_128","HOG:0024976","VBRO","root","T4",42.7313175218636,"root::T4",4,0.922871525658738,0.0195111107177279,"anchor",0.75
"anchor_128","HOG:0024976","VBRO","root","T5",56.4998699010652,"root::T5",4,1.00004735826704,0.132169565938809,"anchor",1
"anchor_128","HOG:0024976","BDIS","leaf","T1",7.47957433613505,"leaf::T1",4,-0.809326596479421,0.0139289389473079,"module",0
"anchor_128","HOG:0024976","BDIS","leaf","T2",14.5,"leaf::T2",4,-0.761874345303252,0.0301080599675233,"module",0.25
"anchor_128","HOG:0024976","BDIS","leaf","T3",28.4898614550509,"leaf::T3",4,-0.643761736265163,0.0480624480537315,"module",0.5
"anchor_128","HOG:0024976","BDIS","leaf","T4",42.7313175218636,"leaf::T4",4,-0.72613390223217,0.0594542381158623,"module",0.75
"anchor_128","HOG:0024976","BDIS","leaf","T5",56.4998699010652,"leaf::T5",4,-0.694175500605742,0.0503216971410343,"module",1
"anchor_128","HOG:0024976","BDIS","root","T1",7.47957433613505,"root::T1",4,0.62732535053071,0.0199878254498438,"module",0
"anchor_128","HOG:0024976","BDIS","root","T2",14.5,"root::T2",4,0.715553082739532,0.0656059320197825,"module",0.25
"anchor_128","HOG:0024976","BDIS","root","T3",28.4898614550509,"root::T3",4,0.602178761392449,0.0505437593023329,"module",0.5
"anchor_128","HOG:0024976","BDIS","root","T4",42.7313175218636,"root::T4",4,0.676205963349232,0.0671631540972792,"module",0.75
"anchor_128","HOG:0024976","BDIS","root","T5",56.4998699010652,"root::T5",4,0.607000633114974,0.0545755538175523,"module",1
"anchor_128","HOG:0024976","BMAX","leaf","T1",7.47957433613505,"leaf::T1",4,-0.644133503743629,0.061956341617736,"module",0
"anchor_128","HOG:0024976","BMAX","leaf","T2",14.5,"leaf::T2",4,-0.929003162046206,0.0951251893289411,"module",0.25
"anchor_128","HOG:0024976","BMAX","leaf","T3",28.4898614550509,"leaf::T3",4,-1.08696123588942,0.0404499941724837,"module",0.5
"anchor_128","HOG:0024976","BMAX","leaf","T4",42.7313175218636,"leaf::T4",4,-0.808155802865317,0.0869554232480044,"module",0.75
"anchor_128","HOG:0024976","BMAX","leaf","T5",56.4998699010652,"leaf::T5",4,-0.92449393867632,0.18021751326365,"module",1
"anchor_128","HOG:0024976","BMAX","root","T1",7.47957433613505,"root::T1",4,0.624326738642621,0.0313172876301443,"module",0
"anchor_128","HOG:0024976","BMAX","root","T2",14.5,"root::T2",4,0.716551649999734,0.0579146033044052,"module",0.25
"anchor_128","HOG:0024976","BMAX","root","T3",28.4898614550509,"root::T3",4,0.50656108876374,0.0288893135938071,"module",0.5
"anchor_128","HOG:0024976","BMAX","root","T4",42.7313175218636,"root::T4",4,0.532796655605453,0.0365863792897785,"module",0.75
"anchor_128","HOG:0024976","BMAX","root","T5",56.4998699010652,"root::T5",4,0.611766691270164,0.0722524844442766,"module",1
"anchor_128","HOG:0024976","BMED","leaf","T1",7.47957433613505,"leaf::T1",4,-0.659598538343535,0.0117523073015692,"module",0
"anchor_128","HOG:0024976","BMED","leaf","T2",14.5,"leaf::T2",4,-0.715732953357654,0.0332897056087491,"module",0.25
"anchor_128","HOG:0024976","BMED","leaf","T3",28.4898614550509,"leaf::T3",4,-0.828910480649738,0.0160412389114569,"module",0.5
"anchor_128","HOG:0024976","BMED","leaf","T4",42.7313175218636,"leaf::T4",4,-0.854150908855055,0.0243585500396477,"module",0.75
"anchor_128","HOG:0024976","BMED","leaf","T5",56.4998699010652,"leaf::T5",4,-0.654560041015436,0.0545222133239061,"module",1
"anchor_128","HOG:0024976","BMED","root","T1",7.47957433613505,"root::T1",4,0.563239127648624,0.0129151583199043,"module",0
"anchor_128","HOG:0024976","BMED","root","T2",14.5,"root::T2",4,0.641855755931465,0.0126429233873164,"module",0.25
"anchor_128","HOG:0024976","BMED","root","T3",28.4898614550509,"root::T3",4,0.656712060843279,0.0330943948091956,"module",0.5
"anchor_128","HOG:0024976","BMED","root","T4",42.7313175218636,"root::T4",4,0.611480045024421,0.0433490834387694,"module",0.75
"anchor_128","HOG:0024976","BMED","root","T5",56.4998699010652,"root::T5",4,0.736128637137652,0.0241477187558633,"module",1
"anchor_128","HOG:0024976","BSYL","leaf","T1",7.47957433613505,"leaf::T1",4,-0.824679732119222,0.130086632820048,"module",0
"anchor_128","HOG:0024976","BSYL","leaf","T2",14.5,"leaf::T2",4,-0.347210219457826,0.212679170246409,"module",0.25
"anchor_128","HOG:0024976","BSYL","leaf","T3",28.4898614550509,"leaf::T3",4,-0.281088257479049,0.24979170520284,"module",0.5
"anchor_128","HOG:0024976","BSYL","leaf","T4",42.7313175218636,"leaf::T4",4,-0.251870963593937,0.135926710869894,"module",0.75
"anchor_128","HOG:0024976","BSYL","leaf","T5",56.4998699010652,"leaf::T5",4,-0.875897625420666,0.42643984508104,"module",1
"anchor_128","HOG:0024976","BSYL","root","T1",7.47957433613505,"root::T1",4,0.744661692654603,0.0554887529462805,"module",0
"anchor_128","HOG:0024976","BSYL","root","T2",14.5,"root::T2",4,0.939506034249852,0.034439558170629,"module",0.25
"anchor_128","HOG:0024976","BSYL","root","T3",28.4898614550509,"root::T3",4,1.12864317381002,0.0961610697328517,"module",0.5
"anchor_128","HOG:0024976","BSYL","root","T4",42.7313175218636,"root::T4",4,0.271713097271059,0.0926006006928481,"module",0.75
"anchor_128","HOG:0024976","BSYL","root","T5",56.4998699010652,"root::T5",4,-1.90892087553752,1.56506835872478,"module",1
"anchor_128","HOG:0024976","FPRA","leaf","T1",7.47957433613505,"leaf::T1",4,-0.847688378535271,0.00945024485466419,"module",0
"anchor_128","HOG:0024976","FPRA","leaf","T2",14.5,"leaf::T2",4,-0.739026958625744,0.0500141320028517,"module",0.25
"anchor_128","HOG:0024976","FPRA","leaf","T3",28.4898614550509,"leaf::T3",4,-0.734529961932668,0.0272361426644641,"module",0.5
"anchor_128","HOG:0024976","FPRA","leaf","T4",42.7313175218636,"leaf::T4",4,-0.72535920347532,0.0361735594621486,"module",0.75
"anchor_128","HOG:0024976","FPRA","leaf","T5",56.4998699010652,"leaf::T5",4,-0.672605131561142,0.0684916036533387,"module",1
"anchor_128","HOG:0024976","FPRA","root","T1",7.47957433613505,"root::T1",4,0.573656066274878,0.0190536558634689,"module",0
"anchor_128","HOG:0024976","FPRA","root","T2",14.5,"root::T2",4,0.7296261115853,0.0261344640241527,"module",0.25
"anchor_128","HOG:0024976","FPRA","root","T3",28.4898614550509,"root::T3",4,0.70503053873825,0.0547595853885317,"module",0.5
"anchor_128","HOG:0024976","FPRA","root","T4",42.7313175218636,"root::T4",4,0.65242177725758,0.0639477303360484,"module",0.75
"anchor_128","HOG:0024976","FPRA","root","T5",56.4998699010652,"root::T5",4,0.59235936935599,0.0168571031712506,"module",1
"anchor_128","HOG:0024976","HJUB","leaf","T1",7.47957433613505,"leaf::T1",4,-0.625560261116549,0.0226611123687882,"module",0
"anchor_128","HOG:0024976","HJUB","leaf","T2",14.5,"leaf::T2",4,-0.597260558609051,0.0377832158373287,"module",0.25
"anchor_128","HOG:0024976","HJUB","leaf","T3",28.4898614550509,"leaf::T3",4,-0.544033215833536,0.0510056726533608,"module",0.5
"anchor_128","HOG:0024976","HJUB","leaf","T4",42.7313175218636,"leaf::T4",4,-0.767647837319535,0.0222432668299984,"module",0.75
"anchor_128","HOG:0024976","HJUB","leaf","T5",56.4998699010652,"leaf::T5",4,-0.818475805931332,0.0182180890004552,"module",1
"anchor_128","HOG:0024976","HJUB","root","T1",7.47957433613505,"root::T1",4,0.703289884357482,0.0223956975189608,"module",0
"anchor_128","HOG:0024976","HJUB","root","T2",14.5,"root::T2",4,0.756012727824054,0.0259242862115757,"module",0.25
"anchor_128","HOG:0024976","HJUB","root","T3",28.4898614550509,"root::T3",4,0.738738705828085,0.0414187094952122,"module",0.5
"anchor_128","HOG:0024976","HJUB","root","T4",42.7313175218636,"root::T4",4,0.497384919628034,0.0445121591784849,"module",0.75
"anchor_128","HOG:0024976","HJUB","root","T5",56.4998699010652,"root::T5",4,0.708449824488883,0.0213667625299779,"module",1
"anchor_128","HOG:0024976","HVUL","leaf","T1",7.47957433613505,"leaf::T1",4,-0.96514864849985,0.00527142009069123,"module",0
"anchor_128","HOG:0024976","HVUL","leaf","T2",14.5,"leaf::T2",4,-0.798258365839002,0.0738148614555081,"module",0.25
"anchor_128","HOG:0024976","HVUL","leaf","T3",28.4898614550509,"leaf::T3",4,-0.672129399952123,0.0495757096977784,"module",0.5
"anchor_128","HOG:0024976","HVUL","leaf","T4",42.7313175218636,"leaf::T4",4,-0.786247860579591,0.0393521531736317,"module",0.75
"anchor_128","HOG:0024976","HVUL","leaf","T5",56.4998699010652,"leaf::T5",4,-0.610293507002104,0.0383847537566978,"module",1
"anchor_128","HOG:0024976","HVUL","root","T1",7.47957433613505,"root::T1",4,0.587975733750992,0.0128020647018373,"module",0
"anchor_128","HOG:0024976","HVUL","root","T2",14.5,"root::T2",4,0.699300114161198,0.0348241675999324,"module",0.25
"anchor_128","HOG:0024976","HVUL","root","T3",28.4898614550509,"root::T3",4,0.566352963751934,0.0389095568106714,"module",0.5
"anchor_128","HOG:0024976","HVUL","root","T4",42.7313175218636,"root::T4",4,0.694512846126594,0.0440398029084447,"module",0.75
"anchor_128","HOG:0024976","HVUL","root","T5",56.4998699010652,"root::T5",4,0.580435875695886,0.0309157245506829,"module",1
"anchor_128","HOG:0024976","VBRO","leaf","T1",7.47957433613505,"leaf::T1",4,-0.500518678043458,0.0205954945942649,"module",0
"anchor_128","HOG:0024976","VBRO","leaf","T2",14.5,"leaf::T2",4,-0.486113665613335,0.0323763482739788,"module",0.25
"anchor_128","HOG:0024976","VBRO","leaf","T3",28.4898614550509,"leaf::T3",3,-0.503314349601289,0.0879471314882649,"module",0.5
"anchor_128","HOG:0024976","VBRO","leaf","T4",42.7313175218636,"leaf::T4",4,-0.584099304802088,0.0727727592718647,"module",0.75
"anchor_128","HOG:0024976","VBRO","leaf","T5",56.4998699010652,"leaf::T5",4,-0.419829648054417,0.0737190745361637,"module",1
"anchor_128","HOG:0024976","VBRO","root","T1",7.47957433613505,"root::T1",4,0.993841771002528,0.015219696116132,"module",0
"anchor_128","HOG:0024976","VBRO","root","T2",14.5,"root::T2",4,0.904950436162995,0.0176471312626215,"module",0.25
"anchor_128","HOG:0024976","VBRO","root","T3",28.4898614550509,"root::T3",3,0.609349348609086,0.331466466425365,"module",0.5
"anchor_128","HOG:0024976","VBRO","root","T4",42.7313175218636,"root::T4",4,0.940373368980908,0.0757137146702519,"module",0.75
"anchor_128","HOG:0024976","VBRO","root","T5",56.4998699010652,"root::T5",4,0.883822545210053,0.159371067914456,"module",1
"anchor_226","HOG:0025149","BDIS","leaf","T1",7.47957433613505,"leaf::T1",4,-0.96593222926152,0.149184736093562,"anchor",0
"anchor_226","HOG:0025149","BDIS","leaf","T2",14.5,"leaf::T2",4,-1.0205398913411,0.438921431953258,"anchor",0.25
"anchor_226","HOG:0025149","BDIS","leaf","T3",28.4898614550509,"leaf::T3",4,-1.12244184391834,0.528841219470245,"anchor",0.5
"anchor_226","HOG:0025149","BDIS","leaf","T4",42.7313175218636,"leaf::T4",4,0.297151125406182,0.56601829872586,"anchor",0.75
"anchor_226","HOG:0025149","BDIS","leaf","T5",56.4998699010652,"leaf::T5",4,0.452783811199371,0.461366001103089,"anchor",1
"anchor_226","HOG:0025149","BDIS","root","T1",7.47957433613505,"root::T1",4,0.207912668860018,0.218491942386224,"anchor",0
"anchor_226","HOG:0025149","BDIS","root","T2",14.5,"root::T2",4,2.85786922667706,1.12563818247263,"anchor",0.25
"anchor_226","HOG:0025149","BDIS","root","T3",28.4898614550509,"root::T3",4,0.768079129916556,0.441945955923529,"anchor",0.5
"anchor_226","HOG:0025149","BDIS","root","T4",42.7313175218636,"root::T4",4,0.274360661998238,0.338616693642377,"anchor",0.75
"anchor_226","HOG:0025149","BDIS","root","T5",56.4998699010652,"root::T5",4,1.65928093699189,1.02782817593536,"anchor",1
"anchor_226","HOG:0025149","BMAX","leaf","T1",7.47957433613505,"leaf::T1",4,-2.11470077700415,0.206902709707575,"anchor",0
"anchor_226","HOG:0025149","BMAX","leaf","T2",14.5,"leaf::T2",4,-1.92426253879368,1.15954932257505,"anchor",0.25
"anchor_226","HOG:0025149","BMAX","leaf","T3",28.4898614550509,"leaf::T3",4,0.298389085413452,0.357330321300405,"anchor",0.5
"anchor_226","HOG:0025149","BMAX","leaf","T4",42.7313175218636,"leaf::T4",4,-0.514887084545386,1.80919835594934,"anchor",0.75
"anchor_226","HOG:0025149","BMAX","leaf","T5",56.4998699010652,"leaf::T5",4,-0.17376399445917,0.142349473344222,"anchor",1
"anchor_226","HOG:0025149","BMAX","root","T1",7.47957433613505,"root::T1",4,-0.44978514113451,0.0602252878954295,"anchor",0
"anchor_226","HOG:0025149","BMAX","root","T2",14.5,"root::T2",4,1.06245427720034,0.962856056468655,"anchor",0.25
"anchor_226","HOG:0025149","BMAX","root","T3",28.4898614550509,"root::T3",4,1.30622014621797,0.82050367353795,"anchor",0.5
"anchor_226","HOG:0025149","BMAX","root","T4",42.7313175218636,"root::T4",4,2.07532356988695,0.53595994937138,"anchor",0.75
"anchor_226","HOG:0025149","BMAX","root","T5",56.4998699010652,"root::T5",4,0.868033519425591,0.59319316154498,"anchor",1
"anchor_226","HOG:0025149","BMED","leaf","T1",7.47957433613505,"leaf::T1",4,-0.945765415045385,0.207612735834823,"anchor",0
"anchor_226","HOG:0025149","BMED","leaf","T2",14.5,"leaf::T2",4,0.508921201651082,0.113601668477873,"anchor",0.25
"anchor_226","HOG:0025149","BMED","leaf","T3",28.4898614550509,"leaf::T3",4,-0.355954478346211,0.104967927826022,"anchor",0.5
"anchor_226","HOG:0025149","BMED","leaf","T4",42.7313175218636,"leaf::T4",4,-0.237201581671699,0.27206224293002,"anchor",0.75
"anchor_226","HOG:0025149","BMED","leaf","T5",56.4998699010652,"leaf::T5",4,-1.22646193351287,0.344953662687223,"anchor",1
"anchor_226","HOG:0025149","BMED","root","T1",7.47957433613505,"root::T1",4,-1.02210111061973,0.839497869468845,"anchor",0
"anchor_226","HOG:0025149","BMED","root","T2",14.5,"root::T2",4,1.36494147048463,0.51797929757496,"anchor",0.25
"anchor_226","HOG:0025149","BMED","root","T3",28.4898614550509,"root::T3",4,-0.498775251080139,0.67397132229523,"anchor",0.5
"anchor_226","HOG:0025149","BMED","root","T4",42.7313175218636,"root::T4",4,0.510554289868615,0.252473389423263,"anchor",0.75
"anchor_226","HOG:0025149","BMED","root","T5",56.4998699010652,"root::T5",4,1.33257304854092,0.546714657484815,"anchor",1
"anchor_226","HOG:0025149","BSYL","leaf","T1",7.47957433613505,"leaf::T1",4,-0.384722947997517,0.146663994073454,"anchor",0
"anchor_226","HOG:0025149","BSYL","leaf","T2",14.5,"leaf::T2",4,1.67262929577796,0.5971466669627,"anchor",0.25
"anchor_226","HOG:0025149","BSYL","leaf","T3",28.4898614550509,"leaf::T3",4,0.105435746928548,0.211404542446875,"anchor",0.5
"anchor_226","HOG:0025149","BSYL","leaf","T4",42.7313175218636,"leaf::T4",4,0.732979024344507,0.175599733772801,"anchor",0.75
"anchor_226","HOG:0025149","BSYL","leaf","T5",56.4998699010652,"leaf::T5",4,-0.0818810301753177,1.03611520329937,"anchor",1
"anchor_226","HOG:0025149","BSYL","root","T1",7.47957433613505,"root::T1",4,-0.505753767668747,0.127021159937682,"anchor",0
"anchor_226","HOG:0025149","BSYL","root","T2",14.5,"root::T2",4,1.42281059554388,0.666523822483,"anchor",0.25
"anchor_226","HOG:0025149","BSYL","root","T3",28.4898614550509,"root::T3",4,0.388035307691968,0.68220977642682,"anchor",0.5
"anchor_226","HOG:0025149","BSYL","root","T4",42.7313175218636,"root::T4",4,-1.09254884673422,0.306695821299586,"anchor",0.75
"anchor_226","HOG:0025149","BSYL","root","T5",56.4998699010652,"root::T5",4,-5.03928654431909,4.31671910014612,"anchor",1
"anchor_226","HOG:0025149","FPRA","leaf","T1",7.47957433613505,"leaf::T1",4,-0.750869819900272,0.0913942298443855,"anchor",0
"anchor_226","HOG:0025149","FPRA","leaf","T2",14.5,"leaf::T2",4,0.523208077688421,0.598138443909225,"anchor",0.25
"anchor_226","HOG:0025149","FPRA","leaf","T3",28.4898614550509,"leaf::T3",4,0.339269813596553,0.65119781542903,"anchor",0.5
"anchor_226","HOG:0025149","FPRA","leaf","T4",42.7313175218636,"leaf::T4",4,-0.110214355992744,0.648487489988575,"anchor",0.75
"anchor_226","HOG:0025149","FPRA","leaf","T5",56.4998699010652,"leaf::T5",4,0.231781101214495,0.390836857713674,"anchor",1
"anchor_226","HOG:0025149","FPRA","root","T1",7.47957433613505,"root::T1",4,-0.589693918786563,0.137845797265484,"anchor",0
"anchor_226","HOG:0025149","FPRA","root","T2",14.5,"root::T2",4,3.54773898211757,0.79315699296124,"anchor",0.25
"anchor_226","HOG:0025149","FPRA","root","T3",28.4898614550509,"root::T3",4,2.20648786368238,0.8426675740727,"anchor",0.5
"anchor_226","HOG:0025149","FPRA","root","T4",42.7313175218636,"root::T4",4,0.0210665669644557,0.358979482955926,"anchor",0.75
"anchor_226","HOG:0025149","FPRA","root","T5",56.4998699010652,"root::T5",4,0.213308797164726,0.250796531692064,"anchor",1
"anchor_226","HOG:0025149","HJUB","leaf","T1",7.47957433613505,"leaf::T1",4,-1.10097076517277,0.196112565370443,"anchor",0
"anchor_226","HOG:0025149","HJUB","leaf","T2",14.5,"leaf::T2",4,-0.506817423359846,0.6632963162946,"anchor",0.25
"anchor_226","HOG:0025149","HJUB","leaf","T3",28.4898614550509,"leaf::T3",4,1.86459465960595,1.25796088056464,"anchor",0.5
"anchor_226","HOG:0025149","HJUB","leaf","T4",42.7313175218636,"leaf::T4",4,0.372883495318317,0.558304203698305,"anchor",0.75
"anchor_226","HOG:0025149","HJUB","leaf","T5",56.4998699010652,"leaf::T5",4,-0.56172337165476,0.230296624076747,"anchor",1
"anchor_226","HOG:0025149","HJUB","root","T1",7.47957433613505,"root::T1",4,-0.695234307540342,0.176615506778413,"anchor",0
"anchor_226","HOG:0025149","HJUB","root","T2",14.5,"root::T2",4,1.44631119481142,0.584816076487675,"anchor",0.25
"anchor_226","HOG:0025149","HJUB","root","T3",28.4898614550509,"root::T3",4,1.44077885331204,1.10189145510535,"anchor",0.5
"anchor_226","HOG:0025149","HJUB","root","T4",42.7313175218636,"root::T4",4,1.12251661680633,0.640302093234085,"anchor",0.75
"anchor_226","HOG:0025149","HJUB","root","T5",56.4998699010652,"root::T5",4,0.705752660318111,0.463192299384842,"anchor",1
"anchor_226","HOG:0025149","HVUL","leaf","T1",7.47957433613505,"leaf::T1",4,-1.59478774270776,0.130321967841349,"anchor",0
"anchor_226","HOG:0025149","HVUL","leaf","T2",14.5,"leaf::T2",4,-0.789283694398988,0.303070582909664,"anchor",0.25
"anchor_226","HOG:0025149","HVUL","leaf","T3",28.4898614550509,"leaf::T3",4,-0.0126223742040035,0.721144274114025,"anchor",0.5
"anchor_226","HOG:0025149","HVUL","leaf","T4",42.7313175218636,"leaf::T4",4,0.0459778827012899,0.165930982883297,"anchor",0.75
"anchor_226","HOG:0025149","HVUL","leaf","T5",56.4998699010652,"leaf::T5",4,-0.50867019682696,0.482937160047127,"anchor",1
"anchor_226","HOG:0025149","HVUL","root","T1",7.47957433613505,"root::T1",4,-0.34595243992258,0.095293140572887,"anchor",0
"anchor_226","HOG:0025149","HVUL","root","T2",14.5,"root::T2",4,1.24947444375613,0.71778686816759,"anchor",0.25
"anchor_226","HOG:0025149","HVUL","root","T3",28.4898614550509,"root::T3",4,0.577922434499221,0.399126474150218,"anchor",0.5
"anchor_226","HOG:0025149","HVUL","root","T4",42.7313175218636,"root::T4",4,1.63943547688592,0.67481305706806,"anchor",0.75
"anchor_226","HOG:0025149","HVUL","root","T5",56.4998699010652,"root::T5",4,0.883330668900021,0.462493617591221,"anchor",1
"anchor_226","HOG:0025149","VBRO","leaf","T1",7.47957433613505,"leaf::T1",4,-0.648916792410289,0.0128890009592708,"anchor",0
"anchor_226","HOG:0025149","VBRO","leaf","T2",14.5,"leaf::T2",4,0.855882106852275,0.54328210713556,"anchor",0.25
"anchor_226","HOG:0025149","VBRO","leaf","T3",28.4898614550509,"leaf::T3",3,-0.195249540839633,0.375561971181735,"anchor",0.5
"anchor_226","HOG:0025149","VBRO","leaf","T4",42.7313175218636,"leaf::T4",4,-1.1715207569437,1.20634737667571,"anchor",0.75
"anchor_226","HOG:0025149","VBRO","leaf","T5",56.4998699010652,"leaf::T5",4,-0.992437624343764,0.0691524372394415,"anchor",1
"anchor_226","HOG:0025149","VBRO","root","T1",7.47957433613505,"root::T1",4,-0.44710619970585,0.139847314525294,"anchor",0
"anchor_226","HOG:0025149","VBRO","root","T2",14.5,"root::T2",4,1.22262432296201,0.360541531868102,"anchor",0.25
"anchor_226","HOG:0025149","VBRO","root","T3",28.4898614550509,"root::T3",3,1.6037825457168,0.95573952272179,"anchor",0.5
"anchor_226","HOG:0025149","VBRO","root","T4",42.7313175218636,"root::T4",4,0.193895104948141,0.116397067639631,"anchor",0.75
"anchor_226","HOG:0025149","VBRO","root","T5",56.4998699010652,"root::T5",4,1.97102854891133,0.777774126517955,"anchor",1
"anchor_226","HOG:0025149","BDIS","leaf","T1",7.47957433613505,"leaf::T1",4,-0.641803346965935,0.108203636966799,"module",0
"anchor_226","HOG:0025149","BDIS","leaf","T2",14.5,"leaf::T2",4,-1.08206010167194,0.389498967550727,"module",0.25
"anchor_226","HOG:0025149","BDIS","leaf","T3",28.4898614550509,"leaf::T3",4,-0.946299770679323,0.28976185084936,"module",0.5
"anchor_226","HOG:0025149","BDIS","leaf","T4",42.7313175218636,"leaf::T4",4,-0.233733273946216,0.288863777915449,"module",0.75
"anchor_226","HOG:0025149","BDIS","leaf","T5",56.4998699010652,"leaf::T5",4,0.300903028407303,0.297374213875478,"module",1
"anchor_226","HOG:0025149","BDIS","root","T1",7.47957433613505,"root::T1",4,-0.0487499135672208,0.25325082916282,"module",0
"anchor_226","HOG:0025149","BDIS","root","T2",14.5,"root::T2",4,1.84930785596154,0.809131448573643,"module",0.25
"anchor_226","HOG:0025149","BDIS","root","T3",28.4898614550509,"root::T3",4,0.538821149849554,0.207126104035313,"module",0.5
"anchor_226","HOG:0025149","BDIS","root","T4",42.7313175218636,"root::T4",4,-0.0633628281997202,0.213560632086765,"module",0.75
"anchor_226","HOG:0025149","BDIS","root","T5",56.4998699010652,"root::T5",4,1.37146474365687,0.849659737548622,"module",1
"anchor_226","HOG:0025149","BMAX","leaf","T1",7.47957433613505,"leaf::T1",4,-1.08615473437067,0.110972088978255,"module",0
"anchor_226","HOG:0025149","BMAX","leaf","T2",14.5,"leaf::T2",4,-1.25504435578824,0.742684097302872,"module",0.25
"anchor_226","HOG:0025149","BMAX","leaf","T3",28.4898614550509,"leaf::T3",4,0.0974841337870305,0.118487655385838,"module",0.5
"anchor_226","HOG:0025149","BMAX","leaf","T4",42.7313175218636,"leaf::T4",4,-0.914957102085917,1.16814186307373,"module",0.75
"anchor_226","HOG:0025149","BMAX","leaf","T5",56.4998699010652,"leaf::T5",4,-0.66371018912463,0.193654467922611,"module",1
"anchor_226","HOG:0025149","BMAX","root","T1",7.47957433613505,"root::T1",4,0.0250457768434194,0.0632746283617824,"module",0
"anchor_226","HOG:0025149","BMAX","root","T2",14.5,"root::T2",4,0.556825481798837,0.562099403483916,"module",0.25
"anchor_226","HOG:0025149","BMAX","root","T3",28.4898614550509,"root::T3",4,0.780447256403498,0.393493084464866,"module",0.5
"anchor_226","HOG:0025149","BMAX","root","T4",42.7313175218636,"root::T4",4,1.06854805273954,0.209517030174379,"module",0.75
"anchor_226","HOG:0025149","BMAX","root","T5",56.4998699010652,"root::T5",4,0.621506711938009,0.342767376792579,"module",1
"anchor_226","HOG:0025149","BMED","leaf","T1",7.47957433613505,"leaf::T1",4,-0.794441454077492,0.122603983347746,"module",0
"anchor_226","HOG:0025149","BMED","leaf","T2",14.5,"leaf::T2",4,0.453027364103573,0.0707212906821078,"module",0.25
"anchor_226","HOG:0025149","BMED","leaf","T3",28.4898614550509,"leaf::T3",4,-0.078817709089278,0.139978413907491,"module",0.5
"anchor_226","HOG:0025149","BMED","leaf","T4",42.7313175218636,"leaf::T4",4,-0.223595385850483,0.148614483936165,"module",0.75
"anchor_226","HOG:0025149","BMED","leaf","T5",56.4998699010652,"leaf::T5",4,-0.91709504832359,0.168287018909562,"module",1
"anchor_226","HOG:0025149","BMED","root","T1",7.47957433613505,"root::T1",4,-0.903973869435143,0.59963830649696,"module",0
"anchor_226","HOG:0025149","BMED","root","T2",14.5,"root::T2",4,1.29148429048322,0.380784823854341,"module",0.25
"anchor_226","HOG:0025149","BMED","root","T3",28.4898614550509,"root::T3",4,-0.315567949187926,0.630877517072184,"module",0.5
"anchor_226","HOG:0025149","BMED","root","T4",42.7313175218636,"root::T4",4,0.546230215922971,0.237260821997468,"module",0.75
"anchor_226","HOG:0025149","BMED","root","T5",56.4998699010652,"root::T5",4,0.891980969791697,0.466043553938068,"module",1
"anchor_226","HOG:0025149","BSYL","leaf","T1",7.47957433613505,"leaf::T1",4,-0.177515284946064,0.102455622745457,"module",0
"anchor_226","HOG:0025149","BSYL","leaf","T2",14.5,"leaf::T2",4,1.08378823300946,0.414199875699265,"module",0.25
"anchor_226","HOG:0025149","BSYL","leaf","T3",28.4898614550509,"leaf::T3",4,0.350375478495523,0.176365504119012,"module",0.5
"anchor_226","HOG:0025149","BSYL","leaf","T4",42.7313175218636,"leaf::T4",4,0.166642751869514,0.144287585486113,"module",0.75
"anchor_226","HOG:0025149","BSYL","leaf","T5",56.4998699010652,"leaf::T5",4,0.103674795833421,0.589414961828979,"module",1
"anchor_226","HOG:0025149","BSYL","root","T1",7.47957433613505,"root::T1",4,-0.471187004644744,0.0716806120462848,"module",0
"anchor_226","HOG:0025149","BSYL","root","T2",14.5,"root::T2",4,0.493711178309955,0.406957893216235,"module",0.25
"anchor_226","HOG:0025149","BSYL","root","T3",28.4898614550509,"root::T3",4,0.00534476577520737,0.378368446575676,"module",0.5
"anchor_226","HOG:0025149","BSYL","root","T4",42.7313175218636,"root::T4",4,-0.65749454856027,0.128507800201493,"module",0.75
"anchor_226","HOG:0025149","BSYL","root","T5",56.4998699010652,"root::T5",4,-3.66848231793523,3.57968886052541,"module",1
"anchor_226","HOG:0025149","FPRA","leaf","T1",7.47957433613505,"leaf::T1",4,-0.406226338400786,0.0785631258659478,"module",0
"anchor_226","HOG:0025149","FPRA","leaf","T2",14.5,"leaf::T2",4,-0.139562724561962,0.306890032654894,"module",0.25
"anchor_226","HOG:0025149","FPRA","leaf","T3",28.4898614550509,"leaf::T3",4,-0.12010548253638,0.503875254066339,"module",0.5
"anchor_226","HOG:0025149","FPRA","leaf","T4",42.7313175218636,"leaf::T4",4,-0.724304640160021,0.395494437926601,"module",0.75
"anchor_226","HOG:0025149","FPRA","leaf","T5",56.4998699010652,"leaf::T5",4,-0.443325244862257,0.322396206176483,"module",1
"anchor_226","HOG:0025149","FPRA","root","T1",7.47957433613505,"root::T1",4,-0.278479057683017,0.0825511432879087,"module",0
"anchor_226","HOG:0025149","FPRA","root","T2",14.5,"root::T2",4,2.34126099724997,0.512222908939012,"module",0.25
"anchor_226","HOG:0025149","FPRA","root","T3",28.4898614550509,"root::T3",4,1.61098470096005,0.679763538106425,"module",0.5
"anchor_226","HOG:0025149","FPRA","root","T4",42.7313175218636,"root::T4",4,0.0925246410164709,0.15834768779134,"module",0.75
"anchor_226","HOG:0025149","FPRA","root","T5",56.4998699010652,"root::T5",4,0.247317818493029,0.185223639624395,"module",1
"anchor_226","HOG:0025149","HJUB","leaf","T1",7.47957433613505,"leaf::T1",4,-0.626158363761232,0.0991796112232548,"module",0
"anchor_226","HOG:0025149","HJUB","leaf","T2",14.5,"leaf::T2",4,-0.47595520319131,0.267724969387384,"module",0.25
"anchor_226","HOG:0025149","HJUB","leaf","T3",28.4898614550509,"leaf::T3",4,0.622850498439997,0.708463754361425,"module",0.5
"anchor_226","HOG:0025149","HJUB","leaf","T4",42.7313175218636,"leaf::T4",4,-0.0485629546627772,0.298154073810262,"module",0.75
"anchor_226","HOG:0025149","HJUB","leaf","T5",56.4998699010652,"leaf::T5",4,-0.5705912107475,0.189557231156819,"module",1
"anchor_226","HOG:0025149","HJUB","root","T1",7.47957433613505,"root::T1",4,-0.363393381253751,0.124568862879038,"module",0
"anchor_226","HOG:0025149","HJUB","root","T2",14.5,"root::T2",4,0.575000330526068,0.319908854109369,"module",0.25
"anchor_226","HOG:0025149","HJUB","root","T3",28.4898614550509,"root::T3",4,0.540039251674053,0.697719137273762,"module",0.5
"anchor_226","HOG:0025149","HJUB","root","T4",42.7313175218636,"root::T4",4,1.03169237820875,0.336331024225379,"module",0.75
"anchor_226","HOG:0025149","HJUB","root","T5",56.4998699010652,"root::T5",4,0.564847727772194,0.203760036301274,"module",1
"anchor_226","HOG:0025149","HVUL","leaf","T1",7.47957433613505,"leaf::T1",4,-1.13551425349661,0.0704130967409533,"module",0
"anchor_226","HOG:0025149","HVUL","leaf","T2",14.5,"leaf::T2",4,-0.671649464995709,0.120391506157133,"module",0.25
"anchor_226","HOG:0025149","HVUL","leaf","T3",28.4898614550509,"leaf::T3",4,-0.605536352162257,0.441834020242318,"module",0.5
"anchor_226","HOG:0025149","HVUL","leaf","T4",42.7313175218636,"leaf::T4",4,-0.429414669303213,0.112517432387397,"module",0.75
"anchor_226","HOG:0025149","HVUL","leaf","T5",56.4998699010652,"leaf::T5",4,-0.331748718406869,0.443713841689048,"module",1
"anchor_226","HOG:0025149","HVUL","root","T1",7.47957433613505,"root::T1",4,-0.00961396141797356,0.11029789136069,"module",0
"anchor_226","HOG:0025149","HVUL","root","T2",14.5,"root::T2",4,0.900551923161744,0.548349806473034,"module",0.25
"anchor_226","HOG:0025149","HVUL","root","T3",28.4898614550509,"root::T3",4,0.519657547102313,0.281807227390946,"module",0.5
"anchor_226","HOG:0025149","HVUL","root","T4",42.7313175218636,"root::T4",4,1.287733983285,0.550443590550328,"module",0.75
"anchor_226","HOG:0025149","HVUL","root","T5",56.4998699010652,"root::T5",4,0.701634922823026,0.336327109890853,"module",1
"anchor_226","HOG:0025149","VBRO","leaf","T1",7.47957433613505,"leaf::T1",4,-0.417058539877294,0.0836833721311161,"module",0
"anchor_226","HOG:0025149","VBRO","leaf","T2",14.5,"leaf::T2",4,0.0173076959453499,0.425401867559639,"module",0.25
"anchor_226","HOG:0025149","VBRO","leaf","T3",28.4898614550509,"leaf::T3",3,-0.292138020695382,0.309287543868611,"module",0.5
"anchor_226","HOG:0025149","VBRO","leaf","T4",42.7313175218636,"leaf::T4",4,-1.41587023758586,0.977668896041991,"module",0.75
"anchor_226","HOG:0025149","VBRO","leaf","T5",56.4998699010652,"leaf::T5",4,-1.15833393416081,0.144909530967984,"module",1
"anchor_226","HOG:0025149","VBRO","root","T1",7.47957433613505,"root::T1",4,-0.21413033476839,0.101344000949664,"module",0
"anchor_226","HOG:0025149","VBRO","root","T2",14.5,"root::T2",4,0.729220925242581,0.278549858607957,"module",0.25
"anchor_226","HOG:0025149","VBRO","root","T3",28.4898614550509,"root::T3",3,1.40464313074627,0.983800250919885,"module",0.5
"anchor_226","HOG:0025149","VBRO","root","T4",42.7313175218636,"root::T4",4,0.164292533315164,0.0841959321259477,"module",0.75
"anchor_226","HOG:0025149","VBRO","root","T5",56.4998699010652,"root::T5",4,1.89028823267025,0.719458872032749,"module",1
"anchor_170","HOG:0025923","BDIS","leaf","T1",7.47957433613505,"leaf::T1",4,-1.3229462370496,0.034543846477409,"anchor",0
"anchor_170","HOG:0025923","BDIS","leaf","T2",14.5,"leaf::T2",4,-0.883444106565814,0.171832504376139,"anchor",0.25
"anchor_170","HOG:0025923","BDIS","leaf","T3",28.4898614550509,"leaf::T3",4,-1.16407124416186,0.211344384828649,"anchor",0.5
"anchor_170","HOG:0025923","BDIS","leaf","T4",42.7313175218636,"leaf::T4",4,-0.789875504087557,0.0902389941214345,"anchor",0.75
"anchor_170","HOG:0025923","BDIS","leaf","T5",56.4998699010652,"leaf::T5",4,-0.464317800993213,0.246433985468949,"anchor",1
"anchor_170","HOG:0025923","BDIS","root","T1",7.47957433613505,"root::T1",4,0.380744340720845,0.0267600019915639,"anchor",0
"anchor_170","HOG:0025923","BDIS","root","T2",14.5,"root::T2",4,1.26185544405658,0.423326304334478,"anchor",0.25
"anchor_170","HOG:0025923","BDIS","root","T3",28.4898614550509,"root::T3",4,0.589693677017276,0.140762170368228,"anchor",0.5
"anchor_170","HOG:0025923","BDIS","root","T4",42.7313175218636,"root::T4",4,0.104151329834019,0.0698159850403275,"anchor",0.75
"anchor_170","HOG:0025923","BDIS","root","T5",56.4998699010652,"root::T5",4,0.791938891452619,0.365767203218177,"anchor",1
"anchor_170","HOG:0025923","BMAX","leaf","T1",7.47957433613505,"leaf::T1",4,-1.03122849502881,0.0243339741122257,"anchor",0
"anchor_170","HOG:0025923","BMAX","leaf","T2",14.5,"leaf::T2",4,-0.782372384409235,0.382950400678,"anchor",0.25
"anchor_170","HOG:0025923","BMAX","leaf","T3",28.4898614550509,"leaf::T3",4,-0.423780527401516,0.079273872163508,"anchor",0.5
"anchor_170","HOG:0025923","BMAX","leaf","T4",42.7313175218636,"leaf::T4",4,-0.996123962419656,0.542645349600245,"anchor",0.75
"anchor_170","HOG:0025923","BMAX","leaf","T5",56.4998699010652,"leaf::T5",4,-0.648257515056093,0.0301055260314618,"anchor",1
"anchor_170","HOG:0025923","BMAX","root","T1",7.47957433613505,"root::T1",4,0.418615124345417,0.0589081315783795,"anchor",0
"anchor_170","HOG:0025923","BMAX","root","T2",14.5,"root::T2",4,0.824638054635842,0.29753363655643,"anchor",0.25
"anchor_170","HOG:0025923","BMAX","root","T3",28.4898614550509,"root::T3",4,0.802329402064126,0.27347311383677,"anchor",0.5
"anchor_170","HOG:0025923","BMAX","root","T4",42.7313175218636,"root::T4",4,0.780170427067303,0.092155562686083,"anchor",0.75
"anchor_170","HOG:0025923","BMAX","root","T5",56.4998699010652,"root::T5",4,0.857755991565319,0.159327051415427,"anchor",1
"anchor_170","HOG:0025923","BMED","leaf","T1",7.47957433613505,"leaf::T1",4,-0.748571075111227,0.16886183949082,"anchor",0
"anchor_170","HOG:0025923","BMED","leaf","T2",14.5,"leaf::T2",4,-0.133830135205474,0.0776499878274815,"anchor",0.25
"anchor_170","HOG:0025923","BMED","leaf","T3",28.4898614550509,"leaf::T3",4,-0.103346401579291,0.147959307188044,"anchor",0.5
"anchor_170","HOG:0025923","BMED","leaf","T4",42.7313175218636,"leaf::T4",4,-0.513402315003231,0.094851436086646,"anchor",0.75
"anchor_170","HOG:0025923","BMED","leaf","T5",56.4998699010652,"leaf::T5",4,-0.413316088152299,0.131711897781981,"anchor",1
"anchor_170","HOG:0025923","BMED","root","T1",7.47957433613505,"root::T1",4,0.19555413520705,0.375192031311442,"anchor",0
"anchor_170","HOG:0025923","BMED","root","T2",14.5,"root::T2",4,1.85307753583729,0.336285121420278,"anchor",0.25
"anchor_170","HOG:0025923","BMED","root","T3",28.4898614550509,"root::T3",4,0.457464341084275,0.56796263492366,"anchor",0.5
"anchor_170","HOG:0025923","BMED","root","T4",42.7313175218636,"root::T4",4,1.32096680931859,0.231605803045635,"anchor",0.75
"anchor_170","HOG:0025923","BMED","root","T5",56.4998699010652,"root::T5",4,1.63939745229462,0.384856323988373,"anchor",1
"anchor_170","HOG:0025923","BSYL","leaf","T1",7.47957433613505,"leaf::T1",4,-1.33463712808868,0.18830867921205,"anchor",0
"anchor_170","HOG:0025923","BSYL","leaf","T2",14.5,"leaf::T2",4,0.485842540093168,0.388896684649637,"anchor",0.25
"anchor_170","HOG:0025923","BSYL","leaf","T3",28.4898614550509,"leaf::T3",4,-0.278981400256358,0.117434156405052,"anchor",0.5
"anchor_170","HOG:0025923","BSYL","leaf","T4",42.7313175218636,"leaf::T4",4,-0.248415133060956,0.114624251857573,"anchor",0.75
"anchor_170","HOG:0025923","BSYL","leaf","T5",56.4998699010652,"leaf::T5",4,-0.337828954697274,0.54990246791091,"anchor",1
"anchor_170","HOG:0025923","BSYL","root","T1",7.47957433613505,"root::T1",4,0.538770154467761,0.159552496832834,"anchor",0
"anchor_170","HOG:0025923","BSYL","root","T2",14.5,"root::T2",4,1.81667469963159,0.452190344960181,"anchor",0.25
"anchor_170","HOG:0025923","BSYL","root","T3",28.4898614550509,"root::T3",4,1.14906144265749,0.549027068348825,"anchor",0.5
"anchor_170","HOG:0025923","BSYL","root","T4",42.7313175218636,"root::T4",4,-0.0198670016178914,0.224452244475673,"anchor",0.75
"anchor_170","HOG:0025923","BSYL","root","T5",56.4998699010652,"root::T5",4,-0.218269898688658,1.02236887591315,"anchor",1
"anchor_170","HOG:0025923","FPRA","leaf","T1",7.47957433613505,"leaf::T1",4,-1.10820567397034,0.09085281620333,"anchor",0
"anchor_170","HOG:0025923","FPRA","leaf","T2",14.5,"leaf::T2",4,-0.675120022884747,0.171577371643288,"anchor",0.25
"anchor_170","HOG:0025923","FPRA","leaf","T3",28.4898614550509,"leaf::T3",4,-0.532758452140354,0.26842373670007,"anchor",0.5
"anchor_170","HOG:0025923","FPRA","leaf","T4",42.7313175218636,"leaf::T4",4,-1.03941562933819,0.223334873070215,"anchor",0.75
"anchor_170","HOG:0025923","FPRA","leaf","T5",56.4998699010652,"leaf::T5",4,-0.618476928404279,0.271816034323874,"anchor",1
"anchor_170","HOG:0025923","FPRA","root","T1",7.47957433613505,"root::T1",4,0.129774185845178,0.0674421999689385,"anchor",0
"anchor_170","HOG:0025923","FPRA","root","T2",14.5,"root::T2",4,1.35826172063007,0.19195441013104,"anchor",0.25
"anchor_170","HOG:0025923","FPRA","root","T3",28.4898614550509,"root::T3",4,0.887160550825411,0.357755551446381,"anchor",0.5
"anchor_170","HOG:0025923","FPRA","root","T4",42.7313175218636,"root::T4",4,0.129560002932069,0.0468593759899383,"anchor",0.75
"anchor_170","HOG:0025923","FPRA","root","T5",56.4998699010652,"root::T5",4,0.136487454679713,0.0389690581148189,"anchor",1
"anchor_170","HOG:0025923","HJUB","leaf","T1",7.47957433613505,"leaf::T1",4,-1.03348198182406,0.0542093402469105,"anchor",0
"anchor_170","HOG:0025923","HJUB","leaf","T2",14.5,"leaf::T2",4,-1.17182093960046,0.141420290328845,"anchor",0.25
"anchor_170","HOG:0025923","HJUB","leaf","T3",28.4898614550509,"leaf::T3",4,-0.872564458066976,0.30425042528036,"anchor",0.5
"anchor_170","HOG:0025923","HJUB","leaf","T4",42.7313175218636,"leaf::T4",4,-0.913712005605339,0.117637301567901,"anchor",0.75
"anchor_170","HOG:0025923","HJUB","leaf","T5",56.4998699010652,"leaf::T5",4,-0.831451890359962,0.102270133469825,"anchor",1
"anchor_170","HOG:0025923","HJUB","root","T1",7.47957433613505,"root::T1",4,0.467191460322022,0.0448897679903651,"anchor",0
"anchor_170","HOG:0025923","HJUB","root","T2",14.5,"root::T2",4,0.751163769120553,0.109937970473605,"anchor",0.25
"anchor_170","HOG:0025923","HJUB","root","T3",28.4898614550509,"root::T3",4,0.758297680094624,0.253167170995067,"anchor",0.5
"anchor_170","HOG:0025923","HJUB","root","T4",42.7313175218636,"root::T4",4,0.353964711976197,0.104571680523209,"anchor",0.75
"anchor_170","HOG:0025923","HJUB","root","T5",56.4998699010652,"root::T5",4,0.471776296513043,0.093580974266449,"anchor",1
"anchor_170","HOG:0025923","HVUL","leaf","T1",7.47957433613505,"leaf::T1",4,-1.58283202270695,0.143286172936385,"anchor",0
"anchor_170","HOG:0025923","HVUL","leaf","T2",14.5,"leaf::T2",4,-0.787879649117479,0.1411562762309,"anchor",0.25
"anchor_170","HOG:0025923","HVUL","leaf","T3",28.4898614550509,"leaf::T3",4,-0.702678876817016,0.435577888459045,"anchor",0.5
"anchor_170","HOG:0025923","HVUL","leaf","T4",42.7313175218636,"leaf::T4",4,-0.934355384889964,0.106661987078014,"anchor",0.75
"anchor_170","HOG:0025923","HVUL","leaf","T5",56.4998699010652,"leaf::T5",4,-0.708370884419709,0.288233172549546,"anchor",1
"anchor_170","HOG:0025923","HVUL","root","T1",7.47957433613505,"root::T1",4,0.159897945856121,0.201891441136002,"anchor",0
"anchor_170","HOG:0025923","HVUL","root","T2",14.5,"root::T2",4,0.624323908025089,0.361663695368551,"anchor",0.25
"anchor_170","HOG:0025923","HVUL","root","T3",28.4898614550509,"root::T3",4,0.605383734261067,0.17793145076122,"anchor",0.5
"anchor_170","HOG:0025923","HVUL","root","T4",42.7313175218636,"root::T4",4,1.00040717329912,0.331236146182556,"anchor",0.75
"anchor_170","HOG:0025923","HVUL","root","T5",56.4998699010652,"root::T5",4,0.462123228157292,0.210417938876921,"anchor",1
"anchor_170","HOG:0025923","VBRO","leaf","T1",7.47957433613505,"leaf::T1",4,-1.09343797196748,0.0488278541336156,"anchor",0
"anchor_170","HOG:0025923","VBRO","leaf","T2",14.5,"leaf::T2",4,-0.697925577279919,0.206513289997753,"anchor",0.25
"anchor_170","HOG:0025923","VBRO","leaf","T3",28.4898614550509,"leaf::T3",3,-0.518265195295218,0.26215932134424,"anchor",0.5
"anchor_170","HOG:0025923","VBRO","leaf","T4",42.7313175218636,"leaf::T4",4,-0.752376627557536,0.450168111580236,"anchor",0.75
"anchor_170","HOG:0025923","VBRO","leaf","T5",56.4998699010652,"leaf::T5",4,-0.855126827588201,0.0203417906586887,"anchor",1
"anchor_170","HOG:0025923","VBRO","root","T1",7.47957433613505,"root::T1",4,0.124862623548211,0.0567443829828595,"anchor",0
"anchor_170","HOG:0025923","VBRO","root","T2",14.5,"root::T2",4,0.584826841950571,0.124321225040032,"anchor",0.25
"anchor_170","HOG:0025923","VBRO","root","T3",28.4898614550509,"root::T3",3,0.665814767506636,0.24702036014464,"anchor",0.5
"anchor_170","HOG:0025923","VBRO","root","T4",42.7313175218636,"root::T4",4,0.25171887852747,0.0816920525451275,"anchor",0.75
"anchor_170","HOG:0025923","VBRO","root","T5",56.4998699010652,"root::T5",4,0.907674117250241,0.24676687511085,"anchor",1
"anchor_170","HOG:0025923","BDIS","leaf","T1",7.47957433613505,"leaf::T1",4,-1.00172833851532,0.059989566302046,"module",0
"anchor_170","HOG:0025923","BDIS","leaf","T2",14.5,"leaf::T2",4,-0.975251714174216,0.171981166877335,"module",0.25
"anchor_170","HOG:0025923","BDIS","leaf","T3",28.4898614550509,"leaf::T3",4,-0.95684810031366,0.164520423814528,"module",0.5
"anchor_170","HOG:0025923","BDIS","leaf","T4",42.7313175218636,"leaf::T4",4,-0.627726352188588,0.134889738045015,"module",0.75
"anchor_170","HOG:0025923","BDIS","leaf","T5",56.4998699010652,"leaf::T5",4,-0.341181771796904,0.188892363711102,"module",1
"anchor_170","HOG:0025923","BDIS","root","T1",7.47957433613505,"root::T1",4,0.321515084460757,0.0692379593241646,"module",0
"anchor_170","HOG:0025923","BDIS","root","T2",14.5,"root::T2",4,1.34457248267971,0.402507291206918,"module",0.25
"anchor_170","HOG:0025923","BDIS","root","T3",28.4898614550509,"root::T3",4,0.683070780255154,0.125858709124549,"module",0.5
"anchor_170","HOG:0025923","BDIS","root","T4",42.7313175218636,"root::T4",4,0.284667365756452,0.103847938015418,"module",0.75
"anchor_170","HOG:0025923","BDIS","root","T5",56.4998699010652,"root::T5",4,0.963449262168269,0.383613219485816,"module",1
"anchor_170","HOG:0025923","BMAX","leaf","T1",7.47957433613505,"leaf::T1",4,-1.10166795662739,0.026178521632587,"module",0
"anchor_170","HOG:0025923","BMAX","leaf","T2",14.5,"leaf::T2",4,-1.09189689268713,0.353691456243945,"module",0.25
"anchor_170","HOG:0025923","BMAX","leaf","T3",28.4898614550509,"leaf::T3",4,-0.556987912723374,0.0645989681820067,"module",0.5
"anchor_170","HOG:0025923","BMAX","leaf","T4",42.7313175218636,"leaf::T4",4,-1.00029090193633,0.572150948711082,"module",0.75
"anchor_170","HOG:0025923","BMAX","leaf","T5",56.4998699010652,"leaf::T5",4,-0.74598644502242,0.0971603990229539,"module",1
"anchor_170","HOG:0025923","BMAX","root","T1",7.47957433613505,"root::T1",4,0.317079514764951,0.0140700769828336,"module",0
"anchor_170","HOG:0025923","BMAX","root","T2",14.5,"root::T2",4,0.699076192530195,0.287536403657466,"module",0.25
"anchor_170","HOG:0025923","BMAX","root","T3",28.4898614550509,"root::T3",4,0.690067258332727,0.225264997987268,"module",0.5
"anchor_170","HOG:0025923","BMAX","root","T4",42.7313175218636,"root::T4",4,0.748490487568762,0.100832520354981,"module",0.75
"anchor_170","HOG:0025923","BMAX","root","T5",56.4998699010652,"root::T5",4,0.658253813193043,0.188968910793789,"module",1
"anchor_170","HOG:0025923","BMED","leaf","T1",7.47957433613505,"leaf::T1",4,-0.82327837693375,0.0726607004233383,"module",0
"anchor_170","HOG:0025923","BMED","leaf","T2",14.5,"leaf::T2",4,-0.119600932141369,0.044238875474451,"module",0.25
"anchor_170","HOG:0025923","BMED","leaf","T3",28.4898614550509,"leaf::T3",4,-0.325900333519847,0.100395867588793,"module",0.5
"anchor_170","HOG:0025923","BMED","leaf","T4",42.7313175218636,"leaf::T4",4,-0.510627779846235,0.0717555765963234,"module",0.75
"anchor_170","HOG:0025923","BMED","leaf","T5",56.4998699010652,"leaf::T5",4,-0.657221723149185,0.0574295596541281,"module",1
"anchor_170","HOG:0025923","BMED","root","T1",7.47957433613505,"root::T1",4,0.0284978806165063,0.381071101226706,"module",0
"anchor_170","HOG:0025923","BMED","root","T2",14.5,"root::T2",4,1.33502014736844,0.248849755283796,"module",0.25
"anchor_170","HOG:0025923","BMED","root","T3",28.4898614550509,"root::T3",4,0.316481323657004,0.43189834759386,"module",0.5
"anchor_170","HOG:0025923","BMED","root","T4",42.7313175218636,"root::T4",4,0.926151008979344,0.148521636615802,"module",0.75
"anchor_170","HOG:0025923","BMED","root","T5",56.4998699010652,"root::T5",4,1.19354916169767,0.301700326758165,"module",1
"anchor_170","HOG:0025923","BSYL","leaf","T1",7.47957433613505,"leaf::T1",4,-1.28411896932852,0.131618272460243,"module",0
"anchor_170","HOG:0025923","BSYL","leaf","T2",14.5,"leaf::T2",4,0.533346065682014,0.53963160256239,"module",0.25
"anchor_170","HOG:0025923","BSYL","leaf","T3",28.4898614550509,"leaf::T3",4,-0.172859200813978,0.126081056029525,"module",0.5
"anchor_170","HOG:0025923","BSYL","leaf","T4",42.7313175218636,"leaf::T4",4,-0.403306968721071,0.09105073088414,"module",0.75
"anchor_170","HOG:0025923","BSYL","leaf","T5",56.4998699010652,"leaf::T5",4,-0.347162390494018,0.731374801402976,"module",1
"anchor_170","HOG:0025923","BSYL","root","T1",7.47957433613505,"root::T1",4,0.184693843483777,0.095107228458479,"module",0
"anchor_170","HOG:0025923","BSYL","root","T2",14.5,"root::T2",4,1.64380966351198,0.547447788563429,"module",0.25
"anchor_170","HOG:0025923","BSYL","root","T3",28.4898614550509,"root::T3",4,0.955492579600806,0.609003878834382,"module",0.5
"anchor_170","HOG:0025923","BSYL","root","T4",42.7313175218636,"root::T4",4,-0.0918894088998187,0.13089956023853,"module",0.75
"anchor_170","HOG:0025923","BSYL","root","T5",56.4998699010652,"root::T5",4,-0.63839513780639,1.18768927718533,"module",1
"anchor_170","HOG:0025923","FPRA","leaf","T1",7.47957433613505,"leaf::T1",4,-0.862832435717843,0.0564371772614738,"module",0
"anchor_170","HOG:0025923","FPRA","leaf","T2",14.5,"leaf::T2",4,-0.599531149140707,0.150801862302268,"module",0.25
"anchor_170","HOG:0025923","FPRA","leaf","T3",28.4898614550509,"leaf::T3",4,-0.556581109214189,0.233788950122,"module",0.5
"anchor_170","HOG:0025923","FPRA","leaf","T4",42.7313175218636,"leaf::T4",4,-0.977404587419206,0.182576284272041,"module",0.75
"anchor_170","HOG:0025923","FPRA","leaf","T5",56.4998699010652,"leaf::T5",4,-0.696455778544081,0.144587914580211,"module",1
"anchor_170","HOG:0025923","FPRA","root","T1",7.47957433613505,"root::T1",4,0.192946957961932,0.0308104639651515,"module",0
"anchor_170","HOG:0025923","FPRA","root","T2",14.5,"root::T2",4,1.61164985124567,0.241502056508537,"module",0.25
"anchor_170","HOG:0025923","FPRA","root","T3",28.4898614550509,"root::T3",4,1.1963780584275,0.317597745475894,"module",0.5
"anchor_170","HOG:0025923","FPRA","root","T4",42.7313175218636,"root::T4",4,0.391053328182363,0.0559627732330204,"module",0.75
"anchor_170","HOG:0025923","FPRA","root","T5",56.4998699010652,"root::T5",4,0.441747264227917,0.0538193699160502,"module",1
"anchor_170","HOG:0025923","HJUB","leaf","T1",7.47957433613505,"leaf::T1",4,-0.992811216117612,0.027226083108578,"module",0
"anchor_170","HOG:0025923","HJUB","leaf","T2",14.5,"leaf::T2",4,-1.00675026652502,0.108712841692582,"module",0.25
"anchor_170","HOG:0025923","HJUB","leaf","T3",28.4898614550509,"leaf::T3",4,-0.691356272673089,0.242054855900342,"module",0.5
"anchor_170","HOG:0025923","HJUB","leaf","T4",42.7313175218636,"leaf::T4",4,-0.8273076808038,0.077783085809448,"module",0.75
"anchor_170","HOG:0025923","HJUB","leaf","T5",56.4998699010652,"leaf::T5",4,-0.898460099497127,0.0616332141338149,"module",1
"anchor_170","HOG:0025923","HJUB","root","T1",7.47957433613505,"root::T1",4,0.333949126616131,0.032471140415665,"module",0
"anchor_170","HOG:0025923","HJUB","root","T2",14.5,"root::T2",4,0.63740772317979,0.0991911476844243,"module",0.25
"anchor_170","HOG:0025923","HJUB","root","T3",28.4898614550509,"root::T3",4,0.590634774929692,0.203680027290409,"module",0.5
"anchor_170","HOG:0025923","HJUB","root","T4",42.7313175218636,"root::T4",4,0.462286669093902,0.080389749143923,"module",0.75
"anchor_170","HOG:0025923","HJUB","root","T5",56.4998699010652,"root::T5",4,0.487770689688921,0.0712925594761118,"module",1
"anchor_170","HOG:0025923","HVUL","leaf","T1",7.47957433613505,"leaf::T1",4,-1.17506597105069,0.0714134103363011,"module",0
"anchor_170","HOG:0025923","HVUL","leaf","T2",14.5,"leaf::T2",4,-0.744986660496599,0.0944486881659963,"module",0.25
"anchor_170","HOG:0025923","HVUL","leaf","T3",28.4898614550509,"leaf::T3",4,-0.72000323723353,0.288379282226573,"module",0.5
"anchor_170","HOG:0025923","HVUL","leaf","T4",42.7313175218636,"leaf::T4",4,-0.658694224141596,0.0811523432574605,"module",0.75
"anchor_170","HOG:0025923","HVUL","leaf","T5",56.4998699010652,"leaf::T5",4,-0.516106970296009,0.275705304472122,"module",1
"anchor_170","HOG:0025923","HVUL","root","T1",7.47957433613505,"root::T1",4,0.228657390450297,0.0979696347307896,"module",0
"anchor_170","HOG:0025923","HVUL","root","T2",14.5,"root::T2",4,0.778624171431205,0.336495842059422,"module",0.25
"anchor_170","HOG:0025923","HVUL","root","T3",28.4898614550509,"root::T3",4,0.604596455524052,0.172621318490839,"module",0.5
"anchor_170","HOG:0025923","HVUL","root","T4",42.7313175218636,"root::T4",4,1.00000149210649,0.290832442606147,"module",0.75
"anchor_170","HOG:0025923","HVUL","root","T5",56.4998699010652,"root::T5",4,0.622921116586759,0.201853657339496,"module",1
"anchor_170","HOG:0025923","VBRO","leaf","T1",7.47957433613505,"leaf::T1",4,-0.868957217053716,0.0137825075546121,"module",0
"anchor_170","HOG:0025923","VBRO","leaf","T2",14.5,"leaf::T2",4,-0.654960484902445,0.185315394689222,"module",0.25
"anchor_170","HOG:0025923","VBRO","leaf","T3",28.4898614550509,"leaf::T3",3,-0.569594049292,0.128569146663905,"module",0.5
"anchor_170","HOG:0025923","VBRO","leaf","T4",42.7313175218636,"leaf::T4",4,-1.02780824501392,0.4430436627932,"module",0.75
"anchor_170","HOG:0025923","VBRO","leaf","T5",56.4998699010652,"leaf::T5",4,-0.994119437126946,0.0512495431756399,"module",1
"anchor_170","HOG:0025923","VBRO","root","T1",7.47957433613505,"root::T1",4,0.190151124003799,0.0517532307547296,"module",0
"anchor_170","HOG:0025923","VBRO","root","T2",14.5,"root::T2",4,0.656675359828278,0.118373919188482,"module",0.25
"anchor_170","HOG:0025923","VBRO","root","T3",28.4898614550509,"root::T3",3,0.893586785568379,0.355976896916664,"module",0.5
"anchor_170","HOG:0025923","VBRO","root","T4",42.7313175218636,"root::T4",4,0.36301483245701,0.0471098407466262,"module",0.75
"anchor_170","HOG:0025923","VBRO","root","T5",56.4998699010652,"root::T5",4,1.0867729218485,0.284955325038549,"module",1
"anchor_161","HOG:0025959","BDIS","leaf","T1",7.47957433613505,"leaf::T1",4,0.880317152073815,0.174221436064121,"anchor",0
"anchor_161","HOG:0025959","BDIS","leaf","T2",14.5,"leaf::T2",4,-1.92400901210772,0.67554903817262,"anchor",0.25
"anchor_161","HOG:0025959","BDIS","leaf","T3",28.4898614550509,"leaf::T3",4,-1.20576769325544,0.454408547999446,"anchor",0.5
"anchor_161","HOG:0025959","BDIS","leaf","T4",42.7313175218636,"leaf::T4",4,0.856684943060883,0.407477498670714,"anchor",0.75
"anchor_161","HOG:0025959","BDIS","leaf","T5",56.4998699010652,"leaf::T5",4,1.26258536160597,0.30896441067928,"anchor",1
"anchor_161","HOG:0025959","BDIS","root","T1",7.47957433613505,"root::T1",4,-0.648800830161249,0.482857452531088,"anchor",0
"anchor_161","HOG:0025959","BDIS","root","T2",14.5,"root::T2",4,1.84988218070151,1.18214144813718,"anchor",0.25
"anchor_161","HOG:0025959","BDIS","root","T3",28.4898614550509,"root::T3",4,0.0363374579609605,0.239358340903709,"anchor",0.5
"anchor_161","HOG:0025959","BDIS","root","T4",42.7313175218636,"root::T4",4,-0.473003801337856,0.304240520754843,"anchor",0.75
"anchor_161","HOG:0025959","BDIS","root","T5",56.4998699010652,"root::T5",4,1.42477098762366,1.4771799208807,"anchor",1
"anchor_161","HOG:0025959","BMAX","leaf","T1",7.47957433613505,"leaf::T1",4,-2.19738287773527,0.152585624197712,"anchor",0
"anchor_161","HOG:0025959","BMAX","leaf","T2",14.5,"leaf::T2",4,-1.32649132104306,1.58544974752557,"anchor",0.25
"anchor_161","HOG:0025959","BMAX","leaf","T3",28.4898614550509,"leaf::T3",4,-0.436862881775522,0.1762090098035,"anchor",0.5
"anchor_161","HOG:0025959","BMAX","leaf","T4",42.7313175218636,"leaf::T4",4,-2.39329903181116,2.13718571825755,"anchor",0.75
"anchor_161","HOG:0025959","BMAX","leaf","T5",56.4998699010652,"leaf::T5",4,-1.34244734106837,0.734326202630605,"anchor",1
"anchor_161","HOG:0025959","BMAX","root","T1",7.47957433613505,"root::T1",4,0.152206529301596,0.150404192232523,"anchor",0
"anchor_161","HOG:0025959","BMAX","root","T2",14.5,"root::T2",4,1.27073271925359,1.0644868358931,"anchor",0.25
"anchor_161","HOG:0025959","BMAX","root","T3",28.4898614550509,"root::T3",4,1.53101776213612,0.70927930683446,"anchor",0.5
"anchor_161","HOG:0025959","BMAX","root","T4",42.7313175218636,"root::T4",4,1.33525580271757,0.500931958674105,"anchor",0.75
"anchor_161","HOG:0025959","BMAX","root","T5",56.4998699010652,"root::T5",4,0.926751406742391,0.69348575367494,"anchor",1
"anchor_161","HOG:0025959","BMED","leaf","T1",7.47957433613505,"leaf::T1",4,-1.07933828001781,0.172697223424523,"anchor",0
"anchor_161","HOG:0025959","BMED","leaf","T2",14.5,"leaf::T2",4,0.945459003484784,0.235992272008341,"anchor",0.25
"anchor_161","HOG:0025959","BMED","leaf","T3",28.4898614550509,"leaf::T3",4,0.0653067345439211,0.167646972433947,"anchor",0.5
"anchor_161","HOG:0025959","BMED","leaf","T4",42.7313175218636,"leaf::T4",4,0.0369189103726513,0.199510905674519,"anchor",0.75
"anchor_161","HOG:0025959","BMED","leaf","T5",56.4998699010652,"leaf::T5",4,-1.8246710201402,0.175770948776026,"anchor",1
"anchor_161","HOG:0025959","BMED","root","T1",7.47957433613505,"root::T1",4,-0.673607372610303,0.689802406624335,"anchor",0
"anchor_161","HOG:0025959","BMED","root","T2",14.5,"root::T2",4,0.979373377463379,0.233348066031896,"anchor",0.25
"anchor_161","HOG:0025959","BMED","root","T3",28.4898614550509,"root::T3",4,-0.42418390803369,0.459397290558402,"anchor",0.5
"anchor_161","HOG:0025959","BMED","root","T4",42.7313175218636,"root::T4",4,-0.0103521972329171,0.131139166318668,"anchor",0.75
"anchor_161","HOG:0025959","BMED","root","T5",56.4998699010652,"root::T5",4,0.13789391464025,0.46385801434085,"anchor",1
"anchor_161","HOG:0025959","BSYL","leaf","T1",7.47957433613505,"leaf::T1",4,-0.149701222295122,0.315110764209912,"anchor",0
"anchor_161","HOG:0025959","BSYL","leaf","T2",14.5,"leaf::T2",4,1.90534589513609,0.499686008829761,"anchor",0.25
"anchor_161","HOG:0025959","BSYL","leaf","T3",28.4898614550509,"leaf::T3",4,0.979576411958593,0.370185527588719,"anchor",0.5
"anchor_161","HOG:0025959","BSYL","leaf","T4",42.7313175218636,"leaf::T4",4,-0.0651345652829663,0.392685888666269,"anchor",0.75
"anchor_161","HOG:0025959","BSYL","leaf","T5",56.4998699010652,"leaf::T5",4,-0.330448013112473,0.99844479992961,"anchor",1
"anchor_161","HOG:0025959","BSYL","root","T1",7.47957433613505,"root::T1",4,-0.574008709080828,0.18412490226707,"anchor",0
"anchor_161","HOG:0025959","BSYL","root","T2",14.5,"root::T2",4,0.865197415698107,0.908752172979295,"anchor",0.25
"anchor_161","HOG:0025959","BSYL","root","T3",28.4898614550509,"root::T3",4,-0.0647505361009918,0.617793770997915,"anchor",0.5
"anchor_161","HOG:0025959","BSYL","root","T4",42.7313175218636,"root::T4",4,-1.24742043723146,0.259296559392935,"anchor",0.75
"anchor_161","HOG:0025959","BSYL","root","T5",56.4998699010652,"root::T5",4,0.344166936567311,0.312277570134023,"anchor",1
"anchor_161","HOG:0025959","FPRA","leaf","T1",7.47957433613505,"leaf::T1",4,-0.00453982084859104,0.153734342639857,"anchor",0
"anchor_161","HOG:0025959","FPRA","leaf","T2",14.5,"leaf::T2",4,-1.23115087350561,0.344139662110497,"anchor",0.25
"anchor_161","HOG:0025959","FPRA","leaf","T3",28.4898614550509,"leaf::T3",4,-1.14841924846354,0.51921109638305,"anchor",0.5
"anchor_161","HOG:0025959","FPRA","leaf","T4",42.7313175218636,"leaf::T4",4,-1.4186378789454,0.7148131787988,"anchor",0.75
"anchor_161","HOG:0025959","FPRA","leaf","T5",56.4998699010652,"leaf::T5",4,-1.0848049332005,0.50776788375442,"anchor",1
"anchor_161","HOG:0025959","FPRA","root","T1",7.47957433613505,"root::T1",4,0.327408442001718,0.179693942958294,"anchor",0
"anchor_161","HOG:0025959","FPRA","root","T2",14.5,"root::T2",4,2.79431102557245,0.474187814857944,"anchor",0.25
"anchor_161","HOG:0025959","FPRA","root","T3",28.4898614550509,"root::T3",4,1.51783383934087,0.77507794480531,"anchor",0.5
"anchor_161","HOG:0025959","FPRA","root","T4",42.7313175218636,"root::T4",4,0.163039287578013,0.207994286571219,"anchor",0.75
"anchor_161","HOG:0025959","FPRA","root","T5",56.4998699010652,"root::T5",4,0.747195183387827,0.178609162713486,"anchor",1
"anchor_161","HOG:0025959","HJUB","leaf","T1",7.47957433613505,"leaf::T1",4,0.0823515541977862,0.0593914755923895,"anchor",0
"anchor_161","HOG:0025959","HJUB","leaf","T2",14.5,"leaf::T2",4,-0.523935754659741,0.532479687499765,"anchor",0.25
"anchor_161","HOG:0025959","HJUB","leaf","T3",28.4898614550509,"leaf::T3",4,-0.070787816219775,0.870684757025995,"anchor",0.5
"anchor_161","HOG:0025959","HJUB","leaf","T4",42.7313175218636,"leaf::T4",4,-0.231031795313395,0.374312727324315,"anchor",0.75
"anchor_161","HOG:0025959","HJUB","leaf","T5",56.4998699010652,"leaf::T5",4,0.0850825419825804,0.378317920810265,"anchor",1
"anchor_161","HOG:0025959","HJUB","root","T1",7.47957433613505,"root::T1",4,-0.535621853234257,0.185478027228689,"anchor",0
"anchor_161","HOG:0025959","HJUB","root","T2",14.5,"root::T2",4,0.699447681784443,0.32616345397085,"anchor",0.25
"anchor_161","HOG:0025959","HJUB","root","T3",28.4898614550509,"root::T3",4,0.0813480169708515,0.990868396859895,"anchor",0.5
"anchor_161","HOG:0025959","HJUB","root","T4",42.7313175218636,"root::T4",4,1.29344159904315,0.287730331446873,"anchor",0.75
"anchor_161","HOG:0025959","HJUB","root","T5",56.4998699010652,"root::T5",4,0.396893887874217,0.191829272181402,"anchor",1
"anchor_161","HOG:0025959","HVUL","leaf","T1",7.47957433613505,"leaf::T1",4,-0.659189502417711,0.0842272782602595,"anchor",0
"anchor_161","HOG:0025959","HVUL","leaf","T2",14.5,"leaf::T2",4,-1.401764937265,0.155970168432456,"anchor",0.25
"anchor_161","HOG:0025959","HVUL","leaf","T3",28.4898614550509,"leaf::T3",4,-1.67944114801055,0.206084806104946,"anchor",0.5
"anchor_161","HOG:0025959","HVUL","leaf","T4",42.7313175218636,"leaf::T4",4,-0.207242646539456,0.18312051979723,"anchor",0.75
"anchor_161","HOG:0025959","HVUL","leaf","T5",56.4998699010652,"leaf::T5",4,-0.689942443701032,0.428351283435488,"anchor",1
"anchor_161","HOG:0025959","HVUL","root","T1",7.47957433613505,"root::T1",4,0.198459945634684,0.110000082379535,"anchor",0
"anchor_161","HOG:0025959","HVUL","root","T2",14.5,"root::T2",4,0.927331130486411,0.57258173913476,"anchor",0.25
"anchor_161","HOG:0025959","HVUL","root","T3",28.4898614550509,"root::T3",4,-0.172216957697766,0.902973004156765,"anchor",0.5
"anchor_161","HOG:0025959","HVUL","root","T4",42.7313175218636,"root::T4",4,1.13904325751052,0.742656182590305,"anchor",0.75
"anchor_161","HOG:0025959","HVUL","root","T5",56.4998699010652,"root::T5",4,0.807333172578892,0.230419749942744,"anchor",1
"anchor_161","HOG:0025959","VBRO","leaf","T1",7.47957433613505,"leaf::T1",4,0.630182979492631,0.341324845168284,"anchor",0
"anchor_161","HOG:0025959","VBRO","leaf","T2",14.5,"leaf::T2",4,0.108627845945999,0.62126025745825,"anchor",0.25
"anchor_161","HOG:0025959","VBRO","leaf","T3",28.4898614550509,"leaf::T3",3,-0.203710018345666,0.109506905163105,"anchor",0.5
"anchor_161","HOG:0025959","VBRO","leaf","T4",42.7313175218636,"leaf::T4",4,-1.95387165176926,1.32363101320199,"anchor",0.75
"anchor_161","HOG:0025959","VBRO","leaf","T5",56.4998699010652,"leaf::T5",4,-1.28883432452089,0.20849522952838,"anchor",1
"anchor_161","HOG:0025959","VBRO","root","T1",7.47957433613505,"root::T1",4,-0.29428018694323,0.0939633647203195,"anchor",0
"anchor_161","HOG:0025959","VBRO","root","T2",14.5,"root::T2",4,0.83967086278235,0.431366031651154,"anchor",0.25
"anchor_161","HOG:0025959","VBRO","root","T3",28.4898614550509,"root::T3",3,2.29846889535768,1.83489369444819,"anchor",0.5
"anchor_161","HOG:0025959","VBRO","root","T4",42.7313175218636,"root::T4",4,0.161121765100127,0.170202823402589,"anchor",0.75
"anchor_161","HOG:0025959","VBRO","root","T5",56.4998699010652,"root::T5",4,2.50409212346835,1.0489357964931,"anchor",1
"anchor_161","HOG:0025959","BDIS","leaf","T1",7.47957433613505,"leaf::T1",4,-0.263588829644302,0.134939595940409,"module",0
"anchor_161","HOG:0025959","BDIS","leaf","T2",14.5,"leaf::T2",4,-0.871400878699407,0.46508962177269,"module",0.25
"anchor_161","HOG:0025959","BDIS","leaf","T3",28.4898614550509,"leaf::T3",4,-0.769208951992991,0.340190258194353,"module",0.5
"anchor_161","HOG:0025959","BDIS","leaf","T4",42.7313175218636,"leaf::T4",4,0.0844734347445356,0.350926695987037,"module",0.75
"anchor_161","HOG:0025959","BDIS","leaf","T5",56.4998699010652,"leaf::T5",4,0.601259098025875,0.349044605000543,"module",1
"anchor_161","HOG:0025959","BDIS","root","T1",7.47957433613505,"root::T1",4,-0.352113696036965,0.296188579313252,"module",0
"anchor_161","HOG:0025959","BDIS","root","T2",14.5,"root::T2",4,1.90838446141523,0.989059379801582,"module",0.25
"anchor_161","HOG:0025959","BDIS","root","T3",28.4898614550509,"root::T3",4,0.356626624479122,0.24284288909624,"module",0.5
"anchor_161","HOG:0025959","BDIS","root","T4",42.7313175218636,"root::T4",4,-0.259989572334285,0.259109127277712,"module",0.75
"anchor_161","HOG:0025959","BDIS","root","T5",56.4998699010652,"root::T5",4,1.33591381399432,0.994220391183049,"module",1
"anchor_161","HOG:0025959","BMAX","leaf","T1",7.47957433613505,"leaf::T1",4,-1.05005069558171,0.0874246681102408,"module",0
"anchor_161","HOG:0025959","BMAX","leaf","T2",14.5,"leaf::T2",4,-1.06610222462986,0.755972908866934,"module",0.25
"anchor_161","HOG:0025959","BMAX","leaf","T3",28.4898614550509,"leaf::T3",4,-0.0398944844426322,0.101664579009237,"module",0.5
"anchor_161","HOG:0025959","BMAX","leaf","T4",42.7313175218636,"leaf::T4",4,-1.16728483083021,1.14673593297527,"module",0.75
"anchor_161","HOG:0025959","BMAX","leaf","T5",56.4998699010652,"leaf::T5",4,-0.81398446224129,0.280305988000563,"module",1
"anchor_161","HOG:0025959","BMAX","root","T1",7.47957433613505,"root::T1",4,0.170676220984567,0.0670292392589905,"module",0
"anchor_161","HOG:0025959","BMAX","root","T2",14.5,"root::T2",4,0.632777998571151,0.560537267469288,"module",0.25
"anchor_161","HOG:0025959","BMAX","root","T3",28.4898614550509,"root::T3",4,0.790451086759802,0.367490595215192,"module",0.5
"anchor_161","HOG:0025959","BMAX","root","T4",42.7313175218636,"root::T4",4,0.906635594966376,0.216861878494682,"module",0.75
"anchor_161","HOG:0025959","BMAX","root","T5",56.4998699010652,"root::T5",4,0.687705533303916,0.33808469285175,"module",1
"anchor_161","HOG:0025959","BMED","leaf","T1",7.47957433613505,"leaf::T1",4,-0.813183471256817,0.128944121919029,"module",0
"anchor_161","HOG:0025959","BMED","leaf","T2",14.5,"leaf::T2",4,0.687928999486745,0.0963548013184067,"module",0.25
"anchor_161","HOG:0025959","BMED","leaf","T3",28.4898614550509,"leaf::T3",4,0.055891257365776,0.154534581201466,"module",0.5
"anchor_161","HOG:0025959","BMED","leaf","T4",42.7313175218636,"leaf::T4",4,-0.264900896634389,0.165898447217749,"module",0.75
"anchor_161","HOG:0025959","BMED","leaf","T5",56.4998699010652,"leaf::T5",4,-1.15228129932667,0.150009467929802,"module",1
"anchor_161","HOG:0025959","BMED","root","T1",7.47957433613505,"root::T1",4,-0.924232892278841,0.68194534961356,"module",0
"anchor_161","HOG:0025959","BMED","root","T2",14.5,"root::T2",4,1.16559682159269,0.331444159518756,"module",0.25
"anchor_161","HOG:0025959","BMED","root","T3",28.4898614550509,"root::T3",4,-0.559340703911939,0.694497011992012,"module",0.5
"anchor_161","HOG:0025959","BMED","root","T4",42.7313175218636,"root::T4",4,0.379674131804868,0.191372371941056,"module",0.75
"anchor_161","HOG:0025959","BMED","root","T5",56.4998699010652,"root::T5",4,0.689907377813538,0.466064098856419,"module",1
"anchor_161","HOG:0025959","BSYL","leaf","T1",7.47957433613505,"leaf::T1",4,-0.303218222305321,0.0588710084291527,"module",0
"anchor_161","HOG:0025959","BSYL","leaf","T2",14.5,"leaf::T2",4,1.32420228368479,0.477368995682489,"module",0.25
"anchor_161","HOG:0025959","BSYL","leaf","T3",28.4898614550509,"leaf::T3",4,0.380194747485498,0.16469692157698,"module",0.5
"anchor_161","HOG:0025959","BSYL","leaf","T4",42.7313175218636,"leaf::T4",4,0.163267381078134,0.12985586552817,"module",0.75
"anchor_161","HOG:0025959","BSYL","leaf","T5",56.4998699010652,"leaf::T5",4,0.195937678440198,0.61806965052856,"module",1
"anchor_161","HOG:0025959","BSYL","root","T1",7.47957433613505,"root::T1",4,-0.66655264936525,0.0703599562633965,"module",0
"anchor_161","HOG:0025959","BSYL","root","T2",14.5,"root::T2",4,0.609974263076336,0.508012505774592,"module",0.25
"anchor_161","HOG:0025959","BSYL","root","T3",28.4898614550509,"root::T3",4,0.024800532524132,0.498455209439277,"module",0.5
"anchor_161","HOG:0025959","BSYL","root","T4",42.7313175218636,"root::T4",4,-0.657425680303099,0.141158045049182,"module",0.75
"anchor_161","HOG:0025959","BSYL","root","T5",56.4998699010652,"root::T5",4,0.0453162975146018,0.210482737432351,"module",1
"anchor_161","HOG:0025959","FPRA","leaf","T1",7.47957433613505,"leaf::T1",4,-0.441532693180909,0.0500172316930578,"module",0
"anchor_161","HOG:0025959","FPRA","leaf","T2",14.5,"leaf::T2",4,-0.510546001092826,0.227996785464674,"module",0.25
"anchor_161","HOG:0025959","FPRA","leaf","T3",28.4898614550509,"leaf::T3",4,-0.549045904594177,0.407208314599073,"module",0.5
"anchor_161","HOG:0025959","FPRA","leaf","T4",42.7313175218636,"leaf::T4",4,-0.95098791113747,0.402361384277698,"module",0.75
"anchor_161","HOG:0025959","FPRA","leaf","T5",56.4998699010652,"leaf::T5",4,-0.764186048473014,0.270232839585834,"module",1
"anchor_161","HOG:0025959","FPRA","root","T1",7.47957433613505,"root::T1",4,0.0827300053290516,0.0593302830515808,"module",0
"anchor_161","HOG:0025959","FPRA","root","T2",14.5,"root::T2",4,2.24282588540546,0.482932098302488,"module",0.25
"anchor_161","HOG:0025959","FPRA","root","T3",28.4898614550509,"root::T3",4,1.53863715473069,0.623551380550239,"module",0.5
"anchor_161","HOG:0025959","FPRA","root","T4",42.7313175218636,"root::T4",4,0.314462918162026,0.14430844449304,"module",0.75
"anchor_161","HOG:0025959","FPRA","root","T5",56.4998699010652,"root::T5",4,0.478865433000238,0.138904577811604,"module",1
"anchor_161","HOG:0025959","HJUB","leaf","T1",7.47957433613505,"leaf::T1",4,-0.55644831407291,0.104653281495768,"module",0
"anchor_161","HOG:0025959","HJUB","leaf","T2",14.5,"leaf::T2",4,-0.578513028777692,0.295277589197882,"module",0.25
"anchor_161","HOG:0025959","HJUB","leaf","T3",28.4898614550509,"leaf::T3",4,0.500710970427707,0.774368761297595,"module",0.5
"anchor_161","HOG:0025959","HJUB","leaf","T4",42.7313175218636,"leaf::T4",4,-0.0309562956962365,0.256746342441828,"module",0.75
"anchor_161","HOG:0025959","HJUB","leaf","T5",56.4998699010652,"leaf::T5",4,-0.472060645925423,0.17943844538433,"module",1
"anchor_161","HOG:0025959","HJUB","root","T1",7.47957433613505,"root::T1",4,-0.236282029875128,0.136802046242297,"module",0
"anchor_161","HOG:0025959","HJUB","root","T2",14.5,"root::T2",4,0.604199331265195,0.318431316906907,"module",0.25
"anchor_161","HOG:0025959","HJUB","root","T3",28.4898614550509,"root::T3",4,0.592660151723073,0.755620311732843,"module",0.5
"anchor_161","HOG:0025959","HJUB","root","T4",42.7313175218636,"root::T4",4,1.20931300871143,0.352044605698014,"module",0.75
"anchor_161","HOG:0025959","HJUB","root","T5",56.4998699010652,"root::T5",4,0.58328941361929,0.233024699514693,"module",1
"anchor_161","HOG:0025959","HVUL","leaf","T1",7.47957433613505,"leaf::T1",4,-0.73507957367735,0.0316367051830393,"module",0
"anchor_161","HOG:0025959","HVUL","leaf","T2",14.5,"leaf::T2",4,-1.05392656765254,0.122261908509811,"module",0.25
"anchor_161","HOG:0025959","HVUL","leaf","T3",28.4898614550509,"leaf::T3",4,-0.822658052281905,0.308960718220813,"module",0.5
"anchor_161","HOG:0025959","HVUL","leaf","T4",42.7313175218636,"leaf::T4",4,-0.356255690153218,0.140301430823036,"module",0.75
"anchor_161","HOG:0025959","HVUL","leaf","T5",56.4998699010652,"leaf::T5",4,-0.512372312859815,0.388545955678914,"module",1
"anchor_161","HOG:0025959","HVUL","root","T1",7.47957433613505,"root::T1",4,0.302219843820502,0.104281937780157,"module",0
"anchor_161","HOG:0025959","HVUL","root","T2",14.5,"root::T2",4,0.895946320879445,0.52945169117884,"module",0.25
"anchor_161","HOG:0025959","HVUL","root","T3",28.4898614550509,"root::T3",4,0.427295849274455,0.388983517329349,"module",0.5
"anchor_161","HOG:0025959","HVUL","root","T4",42.7313175218636,"root::T4",4,1.18225525019801,0.523906405707965,"module",0.75
"anchor_161","HOG:0025959","HVUL","root","T5",56.4998699010652,"root::T5",4,0.845217709160482,0.23683535829161,"module",1
"anchor_161","HOG:0025959","VBRO","leaf","T1",7.47957433613505,"leaf::T1",4,-0.303720380921465,0.0759101400346771,"module",0
"anchor_161","HOG:0025959","VBRO","leaf","T2",14.5,"leaf::T2",4,0.0527045479174918,0.41827137108575,"module",0.25
"anchor_161","HOG:0025959","VBRO","leaf","T3",28.4898614550509,"leaf::T3",3,-0.358072353016299,0.29000672507911,"module",0.5
"anchor_161","HOG:0025959","VBRO","leaf","T4",42.7313175218636,"leaf::T4",4,-1.54863797869206,1.0322043833751,"module",0.75
"anchor_161","HOG:0025959","VBRO","leaf","T5",56.4998699010652,"leaf::T5",4,-1.29136547976455,0.155553924817704,"module",1
"anchor_161","HOG:0025959","VBRO","root","T1",7.47957433613505,"root::T1",4,-0.247860261371143,0.116233920467591,"module",0
"anchor_161","HOG:0025959","VBRO","root","T2",14.5,"root::T2",4,0.665160212523315,0.263583536391436,"module",0.25
"anchor_161","HOG:0025959","VBRO","root","T3",28.4898614550509,"root::T3",3,1.47339953214426,1.13465092152235,"module",0.5
"anchor_161","HOG:0025959","VBRO","root","T4",42.7313175218636,"root::T4",4,0.16079947691525,0.099502163439907,"module",0.75
"anchor_161","HOG:0025959","VBRO","root","T5",56.4998699010652,"root::T5",4,1.85881223019803,0.798111825819487,"module",1
"regulator_HOG:0025960","HOG:0025960","BDIS","leaf","T1",7.47957433613505,"leaf::T1",4,-0.996622022288177,0.18720440870379,"anchor",0
"regulator_HOG:0025960","HOG:0025960","BDIS","leaf","T2",14.5,"leaf::T2",4,-1.23352563224369,0.556983236442671,"anchor",0.25
"regulator_HOG:0025960","HOG:0025960","BDIS","leaf","T3",28.4898614550509,"leaf::T3",4,-0.531528609425792,0.463673681787805,"anchor",0.5
"regulator_HOG:0025960","HOG:0025960","BDIS","leaf","T4",42.7313175218636,"leaf::T4",4,0.0464607904209701,0.426103642044621,"anchor",0.75
"regulator_HOG:0025960","HOG:0025960","BDIS","leaf","T5",56.4998699010652,"leaf::T5",4,0.0644198295109114,0.351812797099967,"anchor",1
"regulator_HOG:0025960","HOG:0025960","BDIS","root","T1",7.47957433613505,"root::T1",4,-0.071539015248805,0.537496816731792,"anchor",0
"regulator_HOG:0025960","HOG:0025960","BDIS","root","T2",14.5,"root::T2",4,1.70415462238312,0.570850354679805,"anchor",0.25
"regulator_HOG:0025960","HOG:0025960","BDIS","root","T3",28.4898614550509,"root::T3",4,0.849966063812521,0.125682142146038,"anchor",0.5
"regulator_HOG:0025960","HOG:0025960","BDIS","root","T4",42.7313175218636,"root::T4",4,-0.103239616869575,0.262195957227268,"anchor",0.75
"regulator_HOG:0025960","HOG:0025960","BDIS","root","T5",56.4998699010652,"root::T5",4,2.17839193320609,0.971542437815413,"anchor",1
"regulator_HOG:0025960","HOG:0025960","BMAX","leaf","T1",7.47957433613505,"leaf::T1",4,-1.116188000591,0.0620611478424559,"anchor",0
"regulator_HOG:0025960","HOG:0025960","BMAX","leaf","T2",14.5,"leaf::T2",4,-0.682786543805142,0.478157752465747,"anchor",0.25
"regulator_HOG:0025960","HOG:0025960","BMAX","leaf","T3",28.4898614550509,"leaf::T3",4,-0.480467608579127,0.146724611543288,"anchor",0.5
"regulator_HOG:0025960","HOG:0025960","BMAX","leaf","T4",42.7313175218636,"leaf::T4",4,-1.19416910941954,0.799857974128439,"anchor",0.75
"regulator_HOG:0025960","HOG:0025960","BMAX","leaf","T5",56.4998699010652,"leaf::T5",4,-1.21402190873744,0.254459979461256,"anchor",1
"regulator_HOG:0025960","HOG:0025960","BMAX","root","T1",7.47957433613505,"root::T1",4,0.485948203014335,0.166784102044896,"anchor",0
"regulator_HOG:0025960","HOG:0025960","BMAX","root","T2",14.5,"root::T2",4,0.398993356046261,0.278172847622929,"anchor",0.25
"regulator_HOG:0025960","HOG:0025960","BMAX","root","T3",28.4898614550509,"root::T3",4,0.851995041954716,0.284340384946955,"anchor",0.5
"regulator_HOG:0025960","HOG:0025960","BMAX","root","T4",42.7313175218636,"root::T4",4,0.957701167381835,0.100849906884137,"anchor",0.75
"regulator_HOG:0025960","HOG:0025960","BMAX","root","T5",56.4998699010652,"root::T5",4,0.629475372880557,0.213221802959275,"anchor",1
"regulator_HOG:0025960","HOG:0025960","BMED","leaf","T1",7.47957433613505,"leaf::T1",4,-1.40206400141604,0.138918659837671,"anchor",0
"regulator_HOG:0025960","HOG:0025960","BMED","leaf","T2",14.5,"leaf::T2",4,0.518455725393589,0.0716851821695764,"anchor",0.25
"regulator_HOG:0025960","HOG:0025960","BMED","leaf","T3",28.4898614550509,"leaf::T3",4,0.155670325490868,0.172533631899186,"anchor",0.5
"regulator_HOG:0025960","HOG:0025960","BMED","leaf","T4",42.7313175218636,"leaf::T4",4,0.0966450114362215,0.438750133519885,"anchor",0.75
"regulator_HOG:0025960","HOG:0025960","BMED","leaf","T5",56.4998699010652,"leaf::T5",4,-0.753845654578778,0.297632907549918,"anchor",1
"regulator_HOG:0025960","HOG:0025960","BMED","root","T1",7.47957433613505,"root::T1",4,0.182821192958679,0.405483819203342,"anchor",0
"regulator_HOG:0025960","HOG:0025960","BMED","root","T2",14.5,"root::T2",4,0.881074437235058,0.267673158103429,"anchor",0.25
"regulator_HOG:0025960","HOG:0025960","BMED","root","T3",28.4898614550509,"root::T3",4,-0.522302068196402,0.278661584205408,"anchor",0.5
"regulator_HOG:0025960","HOG:0025960","BMED","root","T4",42.7313175218636,"root::T4",4,0.299715431687935,0.41209003596955,"anchor",0.75
"regulator_HOG:0025960","HOG:0025960","BMED","root","T5",56.4998699010652,"root::T5",4,0.230744395054427,0.443526327391454,"anchor",1
"regulator_HOG:0025960","HOG:0025960","BSYL","leaf","T1",7.47957433613505,"leaf::T1",4,-0.714865460560718,0.181787364600456,"anchor",0
"regulator_HOG:0025960","HOG:0025960","BSYL","leaf","T2",14.5,"leaf::T2",4,1.11689455762036,0.232538686971814,"anchor",0.25
"regulator_HOG:0025960","HOG:0025960","BSYL","leaf","T3",28.4898614550509,"leaf::T3",4,1.38031160447145,0.209743267571175,"anchor",0.5
"regulator_HOG:0025960","HOG:0025960","BSYL","leaf","T4",42.7313175218636,"leaf::T4",4,-0.199293438300892,0.215311543016942,"anchor",0.75
"regulator_HOG:0025960","HOG:0025960","BSYL","leaf","T5",56.4998699010652,"leaf::T5",4,0.0723080667795592,0.721388889506835,"anchor",1
"regulator_HOG:0025960","HOG:0025960","BSYL","root","T1",7.47957433613505,"root::T1",4,-0.217496696068469,0.228822949522715,"anchor",0
"regulator_HOG:0025960","HOG:0025960","BSYL","root","T2",14.5,"root::T2",4,0.36994324534562,0.382242821079091,"anchor",0.25
"regulator_HOG:0025960","HOG:0025960","BSYL","root","T3",28.4898614550509,"root::T3",4,0.100196418120781,0.258142602550049,"anchor",0.5
"regulator_HOG:0025960","HOG:0025960","BSYL","root","T4",42.7313175218636,"root::T4",4,0.0520980259038376,0.620830833782713,"anchor",0.75
"regulator_HOG:0025960","HOG:0025960","BSYL","root","T5",56.4998699010652,"root::T5",4,-3.98596337938081,4.56236220118538,"anchor",1
"regulator_HOG:0025960","HOG:0025960","FPRA","leaf","T1",7.47957433613505,"leaf::T1",4,-0.086802801171555,0.130012741702443,"anchor",0
"regulator_HOG:0025960","HOG:0025960","FPRA","leaf","T2",14.5,"leaf::T2",4,-0.606079385470454,0.292799341893997,"anchor",0.25
"regulator_HOG:0025960","HOG:0025960","FPRA","leaf","T3",28.4898614550509,"leaf::T3",4,-0.664158572329958,0.449932265136685,"anchor",0.5
"regulator_HOG:0025960","HOG:0025960","FPRA","leaf","T4",42.7313175218636,"leaf::T4",4,-0.933013208375282,0.478152709766095,"anchor",0.75
"regulator_HOG:0025960","HOG:0025960","FPRA","leaf","T5",56.4998699010652,"leaf::T5",4,-0.86557346959556,0.567330139259889,"anchor",1
"regulator_HOG:0025960","HOG:0025960","FPRA","root","T1",7.47957433613505,"root::T1",4,0.766714335019195,0.120491445509716,"anchor",0
"regulator_HOG:0025960","HOG:0025960","FPRA","root","T2",14.5,"root::T2",4,1.2710024989202,0.24517843588956,"anchor",0.25
"regulator_HOG:0025960","HOG:0025960","FPRA","root","T3",28.4898614550509,"root::T3",4,1.45921386703923,0.724732405128145,"anchor",0.5
"regulator_HOG:0025960","HOG:0025960","FPRA","root","T4",42.7313175218636,"root::T4",4,-0.276293068623027,0.253720367343826,"anchor",0.75
"regulator_HOG:0025960","HOG:0025960","FPRA","root","T5",56.4998699010652,"root::T5",4,0.961999983154215,0.719871023266523,"anchor",1
"regulator_HOG:0025960","HOG:0025960","HJUB","leaf","T1",7.47957433613505,"leaf::T1",4,-0.734408317253079,0.181586963276601,"anchor",0
"regulator_HOG:0025960","HOG:0025960","HJUB","leaf","T2",14.5,"leaf::T2",4,-0.497691732519296,0.23050126227064,"anchor",0.25
"regulator_HOG:0025960","HOG:0025960","HJUB","leaf","T3",28.4898614550509,"leaf::T3",4,0.27075842362453,0.657823076583681,"anchor",0.5
"regulator_HOG:0025960","HOG:0025960","HJUB","leaf","T4",42.7313175218636,"leaf::T4",4,0.0741229355112403,0.238877336755948,"anchor",0.75
"regulator_HOG:0025960","HOG:0025960","HJUB","leaf","T5",56.4998699010652,"leaf::T5",4,-0.0244067322655951,0.222005085687433,"anchor",1
"regulator_HOG:0025960","HOG:0025960","HJUB","root","T1",7.47957433613505,"root::T1",4,-0.285799474233399,0.60309402438226,"anchor",0
"regulator_HOG:0025960","HOG:0025960","HJUB","root","T2",14.5,"root::T2",4,0.68572357670373,0.588067999940475,"anchor",0.25
"regulator_HOG:0025960","HOG:0025960","HJUB","root","T3",28.4898614550509,"root::T3",4,0.480845674531077,0.559689973699678,"anchor",0.5
"regulator_HOG:0025960","HOG:0025960","HJUB","root","T4",42.7313175218636,"root::T4",4,1.94829907373251,0.411024778616975,"anchor",0.75
"regulator_HOG:0025960","HOG:0025960","HJUB","root","T5",56.4998699010652,"root::T5",4,1.24226439870941,0.585412263509142,"anchor",1
"regulator_HOG:0025960","HOG:0025960","HVUL","leaf","T1",7.47957433613505,"leaf::T1",4,-0.388508286953611,0.255855929692937,"anchor",0
"regulator_HOG:0025960","HOG:0025960","HVUL","leaf","T2",14.5,"leaf::T2",4,-1.3958943286346,0.421222466400672,"anchor",0.25
"regulator_HOG:0025960","HOG:0025960","HVUL","leaf","T3",28.4898614550509,"leaf::T3",4,-1.05823438647759,0.268615893272375,"anchor",0.5
"regulator_HOG:0025960","HOG:0025960","HVUL","leaf","T4",42.7313175218636,"leaf::T4",4,-0.333384206233537,0.298243094735483,"anchor",0.75
"regulator_HOG:0025960","HOG:0025960","HVUL","leaf","T5",56.4998699010652,"leaf::T5",4,1.43675972102641,0.831337120277194,"anchor",1
"regulator_HOG:0025960","HOG:0025960","HVUL","root","T1",7.47957433613505,"root::T1",4,0.364438652237021,0.249086920346202,"anchor",0
"regulator_HOG:0025960","HOG:0025960","HVUL","root","T2",14.5,"root::T2",4,0.606515141977422,0.253707556403829,"anchor",0.25
"regulator_HOG:0025960","HOG:0025960","HVUL","root","T3",28.4898614550509,"root::T3",4,0.798000548596134,0.3340952613622,"anchor",0.5
"regulator_HOG:0025960","HOG:0025960","HVUL","root","T4",42.7313175218636,"root::T4",4,0.251858616629171,0.598748737378616,"anchor",0.75
"regulator_HOG:0025960","HOG:0025960","HVUL","root","T5",56.4998699010652,"root::T5",4,0.992729682631431,0.499152093124477,"anchor",1
"regulator_HOG:0025960","HOG:0025960","VBRO","leaf","T1",7.47957433613505,"leaf::T1",4,-0.646524025504395,0.0830083565476106,"anchor",0
"regulator_HOG:0025960","HOG:0025960","VBRO","leaf","T2",14.5,"leaf::T2",4,-0.368457400465123,0.2732097271522,"anchor",0.25
"regulator_HOG:0025960","HOG:0025960","VBRO","leaf","T3",28.4898614550509,"leaf::T3",3,-0.937467871172815,0.0708480996663698,"anchor",0.5
"regulator_HOG:0025960","HOG:0025960","VBRO","leaf","T4",42.7313175218636,"leaf::T4",4,-0.89236851903287,0.99048435179113,"anchor",0.75
"regulator_HOG:0025960","HOG:0025960","VBRO","leaf","T5",56.4998699010652,"leaf::T5",4,-1.1748789434627,0.20961860501385,"anchor",1
"regulator_HOG:0025960","HOG:0025960","VBRO","root","T1",7.47957433613505,"root::T1",4,0.196382155164046,0.0592952927982481,"anchor",0
"regulator_HOG:0025960","HOG:0025960","VBRO","root","T2",14.5,"root::T2",4,0.666375746686418,0.182700790016028,"anchor",0.25
"regulator_HOG:0025960","HOG:0025960","VBRO","root","T3",28.4898614550509,"root::T3",3,0.636779715291242,0.444121064709916,"anchor",0.5
"regulator_HOG:0025960","HOG:0025960","VBRO","root","T4",42.7313175218636,"root::T4",4,0.0829683330452071,0.14928427405206,"anchor",0.75
"regulator_HOG:0025960","HOG:0025960","VBRO","root","T5",56.4998699010652,"root::T5",4,1.52116504840512,0.202531726755047,"anchor",1
"anchor_141","HOG:0026234","BDIS","leaf","T1",7.47957433613505,"leaf::T1",4,0.903000390190745,0.0447161838368672,"anchor",0
"anchor_141","HOG:0026234","BDIS","leaf","T2",14.5,"leaf::T2",4,1.09481241016508,0.039534590088694,"anchor",0.25
"anchor_141","HOG:0026234","BDIS","leaf","T3",28.4898614550509,"leaf::T3",4,0.934008117532293,0.093881168267225,"anchor",0.5
"anchor_141","HOG:0026234","BDIS","leaf","T4",42.7313175218636,"leaf::T4",4,0.764117998402395,0.065374421982217,"anchor",0.75
"anchor_141","HOG:0026234","BDIS","leaf","T5",56.4998699010652,"leaf::T5",4,0.483385593676232,0.12846022033602,"anchor",1
"anchor_141","HOG:0026234","BDIS","root","T1",7.47957433613505,"root::T1",4,-0.520692876624114,0.173799209354477,"anchor",0
"anchor_141","HOG:0026234","BDIS","root","T2",14.5,"root::T2",4,-0.534351069650615,0.104835776727925,"anchor",0.25
"anchor_141","HOG:0026234","BDIS","root","T3",28.4898614550509,"root::T3",4,-0.537699599990854,0.130023724746286,"anchor",0.5
"anchor_141","HOG:0026234","BDIS","root","T4",42.7313175218636,"root::T4",4,-0.450992012317288,0.023556290333092,"anchor",0.75
"anchor_141","HOG:0026234","BDIS","root","T5",56.4998699010652,"root::T5",4,-0.631362925460169,0.0238098737466828,"anchor",1
"anchor_141","HOG:0026234","BMAX","leaf","T1",7.47957433613505,"leaf::T1",4,0.904092702175078,0.03738579780787,"anchor",0
"anchor_141","HOG:0026234","BMAX","leaf","T2",14.5,"leaf::T2",4,1.09048999371663,0.0836039206783455,"anchor",0.25
"anchor_141","HOG:0026234","BMAX","leaf","T3",28.4898614550509,"leaf::T3",4,0.888971156131094,0.0270055670969019,"anchor",0.5
"anchor_141","HOG:0026234","BMAX","leaf","T4",42.7313175218636,"leaf::T4",4,0.549999394861424,0.0384029754477668,"anchor",0.75
"anchor_141","HOG:0026234","BMAX","leaf","T5",56.4998699010652,"leaf::T5",4,0.582350591598221,0.0769454428218435,"anchor",1
"anchor_141","HOG:0026234","BMAX","root","T1",7.47957433613505,"root::T1",4,-0.586851647600852,0.081112242236169,"anchor",0
"anchor_141","HOG:0026234","BMAX","root","T2",14.5,"root::T2",4,-0.67126958482808,0.111378638080658,"anchor",0.25
"anchor_141","HOG:0026234","BMAX","root","T3",28.4898614550509,"root::T3",4,-0.618774745035515,0.095314269066473,"anchor",0.5
"anchor_141","HOG:0026234","BMAX","root","T4",42.7313175218636,"root::T4",4,-0.595101440507061,0.0570986872534585,"anchor",0.75
"anchor_141","HOG:0026234","BMAX","root","T5",56.4998699010652,"root::T5",4,-0.660321403583322,0.0155062721260061,"anchor",1
"anchor_141","HOG:0026234","BMED","leaf","T1",7.47957433613505,"leaf::T1",4,1.01063145335375,0.0746750167018635,"anchor",0
"anchor_141","HOG:0026234","BMED","leaf","T2",14.5,"leaf::T2",4,0.795386360140779,0.064437121092821,"anchor",0.25
"anchor_141","HOG:0026234","BMED","leaf","T3",28.4898614550509,"leaf::T3",4,0.75262173810049,0.0455629293794669,"anchor",0.5
"anchor_141","HOG:0026234","BMED","leaf","T4",42.7313175218636,"leaf::T4",4,0.810123804152076,0.071646740363723,"anchor",0.75
"anchor_141","HOG:0026234","BMED","leaf","T5",56.4998699010652,"leaf::T5",4,0.634296412626712,0.150631633657767,"anchor",1
"anchor_141","HOG:0026234","BMED","root","T1",7.47957433613505,"root::T1",4,-0.769898106647117,0.102634873188622,"anchor",0
"anchor_141","HOG:0026234","BMED","root","T2",14.5,"root::T2",4,-0.356345243155314,0.0717204139465455,"anchor",0.25
"anchor_141","HOG:0026234","BMED","root","T3",28.4898614550509,"root::T3",4,-0.53931887062438,0.100063666083223,"anchor",0.5
"anchor_141","HOG:0026234","BMED","root","T4",42.7313175218636,"root::T4",4,-0.55448796829482,0.0464697242617057,"anchor",0.75
"anchor_141","HOG:0026234","BMED","root","T5",56.4998699010652,"root::T5",4,-0.598195086986787,0.0509217481983385,"anchor",1
"anchor_141","HOG:0026234","BSYL","leaf","T1",7.47957433613505,"leaf::T1",4,0.654442619313768,0.0429370496940078,"anchor",0
"anchor_141","HOG:0026234","BSYL","leaf","T2",14.5,"leaf::T2",4,0.692611961721833,0.0269475221909747,"anchor",0.25
"anchor_141","HOG:0026234","BSYL","leaf","T3",28.4898614550509,"leaf::T3",4,0.682525801856452,0.0286030252050425,"anchor",0.5
"anchor_141","HOG:0026234","BSYL","leaf","T4",42.7313175218636,"leaf::T4",4,0.419452618879812,0.063941480786714,"anchor",0.75
"anchor_141","HOG:0026234","BSYL","leaf","T5",56.4998699010652,"leaf::T5",4,0.368967542384923,0.095264503907809,"anchor",1
"anchor_141","HOG:0026234","BSYL","root","T1",7.47957433613505,"root::T1",4,-0.79969090901393,0.064326812101894,"anchor",0
"anchor_141","HOG:0026234","BSYL","root","T2",14.5,"root::T2",4,-0.887834588730937,0.0209434534182129,"anchor",0.25
"anchor_141","HOG:0026234","BSYL","root","T3",28.4898614550509,"root::T3",4,-0.304328621031465,0.111644725514388,"anchor",0.5
"anchor_141","HOG:0026234","BSYL","root","T4",42.7313175218636,"root::T4",4,-0.893867865228465,0.110073016595406,"anchor",0.75
"anchor_141","HOG:0026234","BSYL","root","T5",56.4998699010652,"root::T5",4,-1.52992174248913,0.49232658010589,"anchor",1
"anchor_141","HOG:0026234","FPRA","leaf","T1",7.47957433613505,"leaf::T1",4,0.773831180739978,0.036362325241234,"anchor",0
"anchor_141","HOG:0026234","FPRA","leaf","T2",14.5,"leaf::T2",4,0.789300402417455,0.0175919059111736,"anchor",0.25
"anchor_141","HOG:0026234","FPRA","leaf","T3",28.4898614550509,"leaf::T3",4,0.687925212602136,0.061906505950737,"anchor",0.5
"anchor_141","HOG:0026234","FPRA","leaf","T4",42.7313175218636,"leaf::T4",4,0.697297087651799,0.051939683519645,"anchor",0.75
"anchor_141","HOG:0026234","FPRA","leaf","T5",56.4998699010652,"leaf::T5",4,0.479176464977019,0.0577169292703545,"anchor",1
"anchor_141","HOG:0026234","FPRA","root","T1",7.47957433613505,"root::T1",4,-0.522137134577882,0.0514393800080785,"anchor",0
"anchor_141","HOG:0026234","FPRA","root","T2",14.5,"root::T2",4,-0.588026105322289,0.0431463275799894,"anchor",0.25
"anchor_141","HOG:0026234","FPRA","root","T3",28.4898614550509,"root::T3",4,-0.65381302794369,0.0333391559735601,"anchor",0.5
"anchor_141","HOG:0026234","FPRA","root","T4",42.7313175218636,"root::T4",4,-0.699239001377324,0.041643319892177,"anchor",0.75
"anchor_141","HOG:0026234","FPRA","root","T5",56.4998699010652,"root::T5",4,-0.692801347682258,0.0366127136049205,"anchor",1
"anchor_141","HOG:0026234","HJUB","leaf","T1",7.47957433613505,"leaf::T1",4,0.718049763976079,0.0353663078882982,"anchor",0
"anchor_141","HOG:0026234","HJUB","leaf","T2",14.5,"leaf::T2",4,0.370497490853877,0.024825522898616,"anchor",0.25
"anchor_141","HOG:0026234","HJUB","leaf","T3",28.4898614550509,"leaf::T3",4,0.29957494513621,0.0213534232703322,"anchor",0.5
"anchor_141","HOG:0026234","HJUB","leaf","T4",42.7313175218636,"leaf::T4",4,0.228314843918208,0.0493059588529796,"anchor",0.75
"anchor_141","HOG:0026234","HJUB","leaf","T5",56.4998699010652,"leaf::T5",4,0.406428239467172,0.024839587014229,"anchor",1
"anchor_141","HOG:0026234","HJUB","root","T1",7.47957433613505,"root::T1",4,-0.572898781409629,0.177978485290461,"anchor",0
"anchor_141","HOG:0026234","HJUB","root","T2",14.5,"root::T2",4,-0.891412159436664,0.108014391725235,"anchor",0.25
"anchor_141","HOG:0026234","HJUB","root","T3",28.4898614550509,"root::T3",4,-0.899098138442025,0.074744986507817,"anchor",0.5
"anchor_141","HOG:0026234","HJUB","root","T4",42.7313175218636,"root::T4",4,-1.09845758862098,0.0199560995202981,"anchor",0.75
"anchor_141","HOG:0026234","HJUB","root","T5",56.4998699010652,"root::T5",4,-1.10442942292601,0.0325785008842093,"anchor",1
"anchor_141","HOG:0026234","HVUL","leaf","T1",7.47957433613505,"leaf::T1",4,1.95017139286901,0.0178998169164452,"anchor",0
"anchor_141","HOG:0026234","HVUL","leaf","T2",14.5,"leaf::T2",4,1.59883435785437,0.087681207661058,"anchor",0.25
"anchor_141","HOG:0026234","HVUL","leaf","T3",28.4898614550509,"leaf::T3",4,1.26998397219559,0.055094870439053,"anchor",0.5
"anchor_141","HOG:0026234","HVUL","leaf","T4",42.7313175218636,"leaf::T4",4,0.925792277549351,0.0791143134418525,"anchor",0.75
"anchor_141","HOG:0026234","HVUL","leaf","T5",56.4998699010652,"leaf::T5",4,0.53717627420129,0.124674483309345,"anchor",1
"anchor_141","HOG:0026234","HVUL","root","T1",7.47957433613505,"root::T1",4,-0.213359917325193,0.0210052656990223,"anchor",0
"anchor_141","HOG:0026234","HVUL","root","T2",14.5,"root::T2",4,-0.502924814494447,0.0994632245684505,"anchor",0.25
"anchor_141","HOG:0026234","HVUL","root","T3",28.4898614550509,"root::T3",4,-0.783402818693366,0.246661906774178,"anchor",0.5
"anchor_141","HOG:0026234","HVUL","root","T4",42.7313175218636,"root::T4",4,-0.604507765785209,0.07985126367967,"anchor",0.75
"anchor_141","HOG:0026234","HVUL","root","T5",56.4998699010652,"root::T5",4,-0.457624594607139,0.056286442402764,"anchor",1
"anchor_141","HOG:0026234","VBRO","leaf","T1",7.47957433613505,"leaf::T1",4,0.92658619407613,0.0265004217375032,"anchor",0
"anchor_141","HOG:0026234","VBRO","leaf","T2",14.5,"leaf::T2",4,0.884125119781002,0.0884642333477495,"anchor",0.25
"anchor_141","HOG:0026234","VBRO","leaf","T3",28.4898614550509,"leaf::T3",3,0.873161897863985,0.0974114293558877,"anchor",0.5
"anchor_141","HOG:0026234","VBRO","leaf","T4",42.7313175218636,"leaf::T4",4,0.619517514702398,0.15081252302124,"anchor",0.75
"anchor_141","HOG:0026234","VBRO","leaf","T5",56.4998699010652,"leaf::T5",4,0.572147768665311,0.028271885333575,"anchor",1
"anchor_141","HOG:0026234","VBRO","root","T1",7.47957433613505,"root::T1",4,-0.497447939032204,0.05643331788443,"anchor",0
"anchor_141","HOG:0026234","VBRO","root","T2",14.5,"root::T2",4,-0.549435807976222,0.124059654829149,"anchor",0.25
"anchor_141","HOG:0026234","VBRO","root","T3",28.4898614550509,"root::T3",3,-0.573831392123198,0.137488650534399,"anchor",0.5
"anchor_141","HOG:0026234","VBRO","root","T4",42.7313175218636,"root::T4",4,-0.608720333715982,0.0408331779276159,"anchor",0.75
"anchor_141","HOG:0026234","VBRO","root","T5",56.4998699010652,"root::T5",4,-0.645959343131842,0.061706506771529,"anchor",1
"anchor_141","HOG:0026234","BDIS","leaf","T1",7.47957433613505,"leaf::T1",4,0.821096874797301,0.00880115726315966,"module",0
"anchor_141","HOG:0026234","BDIS","leaf","T2",14.5,"leaf::T2",4,0.836733578134712,0.00957291136467276,"module",0.25
"anchor_141","HOG:0026234","BDIS","leaf","T3",28.4898614550509,"leaf::T3",4,0.808794769729247,0.0310103370125736,"module",0.5
"anchor_141","HOG:0026234","BDIS","leaf","T4",42.7313175218636,"leaf::T4",4,0.746658690917376,0.0287090374854228,"module",0.75
"anchor_141","HOG:0026234","BDIS","leaf","T5",56.4998699010652,"leaf::T5",4,0.59900647745317,0.0568439790811356,"module",1
"anchor_141","HOG:0026234","BDIS","root","T1",7.47957433613505,"root::T1",4,-0.610930416701117,0.0295984691326334,"module",0
"anchor_141","HOG:0026234","BDIS","root","T2",14.5,"root::T2",4,-0.631008374779532,0.0115684558779075,"module",0.25
"anchor_141","HOG:0026234","BDIS","root","T3",28.4898614550509,"root::T3",4,-0.618192642944459,0.0159711686591647,"module",0.5
"anchor_141","HOG:0026234","BDIS","root","T4",42.7313175218636,"root::T4",4,-0.604010734421459,0.0117761990848876,"module",0.75
"anchor_141","HOG:0026234","BDIS","root","T5",56.4998699010652,"root::T5",4,-0.616445057099879,0.0121947959157177,"module",1
"anchor_141","HOG:0026234","BMAX","leaf","T1",7.47957433613505,"leaf::T1",4,0.911502777325537,0.035408009989314,"module",0
"anchor_141","HOG:0026234","BMAX","leaf","T2",14.5,"leaf::T2",4,1.08316863998027,0.0385913277928953,"module",0.25
"anchor_141","HOG:0026234","BMAX","leaf","T3",28.4898614550509,"leaf::T3",4,0.904730031602524,0.0256505241589077,"module",0.5
"anchor_141","HOG:0026234","BMAX","leaf","T4",42.7313175218636,"leaf::T4",4,0.678857238578859,0.0583509143460217,"module",0.75
"anchor_141","HOG:0026234","BMAX","leaf","T5",56.4998699010652,"leaf::T5",4,0.653178993671814,0.0850505547021379,"module",1
"anchor_141","HOG:0026234","BMAX","root","T1",7.47957433613505,"root::T1",4,-0.604458805118596,0.00441084709524155,"module",0
"anchor_141","HOG:0026234","BMAX","root","T2",14.5,"root::T2",4,-0.651325277348306,0.00658294829408618,"module",0.25
"anchor_141","HOG:0026234","BMAX","root","T3",28.4898614550509,"root::T3",4,-0.614145285397896,0.0129243782823796,"module",0.5
"anchor_141","HOG:0026234","BMAX","root","T4",42.7313175218636,"root::T4",4,-0.623417461575136,0.0117604285789464,"module",0.75
"anchor_141","HOG:0026234","BMAX","root","T5",56.4998699010652,"root::T5",4,-0.527670279148967,0.01269953568636,"module",1
"anchor_141","HOG:0026234","BMED","leaf","T1",7.47957433613505,"leaf::T1",4,0.796089361458844,0.023943696823274,"module",0
"anchor_141","HOG:0026234","BMED","leaf","T2",14.5,"leaf::T2",4,0.808307191601514,0.0397545011791478,"module",0.25
"anchor_141","HOG:0026234","BMED","leaf","T3",28.4898614550509,"leaf::T3",4,0.77894001095498,0.00992869753691354,"module",0.5
"anchor_141","HOG:0026234","BMED","leaf","T4",42.7313175218636,"leaf::T4",4,0.845966490595684,0.0346144355136788,"module",0.75
"anchor_141","HOG:0026234","BMED","leaf","T5",56.4998699010652,"leaf::T5",4,0.629118912122312,0.0910731964322418,"module",1
"anchor_141","HOG:0026234","BMED","root","T1",7.47957433613505,"root::T1",4,-0.640853224109759,0.00926653148284278,"module",0
"anchor_141","HOG:0026234","BMED","root","T2",14.5,"root::T2",4,-0.570216779260204,0.00769456923637262,"module",0.25
"anchor_141","HOG:0026234","BMED","root","T3",28.4898614550509,"root::T3",4,-0.616293651353496,0.0114065884963994,"module",0.5
"anchor_141","HOG:0026234","BMED","root","T4",42.7313175218636,"root::T4",4,-0.590920396924937,0.0127664775937358,"module",0.75
"anchor_141","HOG:0026234","BMED","root","T5",56.4998699010652,"root::T5",4,-0.614862276333693,0.00438181141374339,"module",1
"anchor_141","HOG:0026234","BSYL","leaf","T1",7.47957433613505,"leaf::T1",4,0.950453347351912,0.0256763131128074,"module",0
"anchor_141","HOG:0026234","BSYL","leaf","T2",14.5,"leaf::T2",4,0.992573433079562,0.03361786598822,"module",0.25
"anchor_141","HOG:0026234","BSYL","leaf","T3",28.4898614550509,"leaf::T3",4,0.83669049569794,0.0669071199144515,"module",0.5
"anchor_141","HOG:0026234","BSYL","leaf","T4",42.7313175218636,"leaf::T4",4,0.648376708890216,0.0631886171525343,"module",0.75
"anchor_141","HOG:0026234","BSYL","leaf","T5",56.4998699010652,"leaf::T5",4,0.542259360422464,0.067376488987357,"module",1
"anchor_141","HOG:0026234","BSYL","root","T1",7.47957433613505,"root::T1",4,-0.586477557982058,0.0102793770385551,"module",0
"anchor_141","HOG:0026234","BSYL","root","T2",14.5,"root::T2",4,-0.613249674673706,0.00659933306814647,"module",0.25
"anchor_141","HOG:0026234","BSYL","root","T3",28.4898614550509,"root::T3",4,-0.523264861325257,0.0187174150668932,"module",0.5
"anchor_141","HOG:0026234","BSYL","root","T4",42.7313175218636,"root::T4",4,-0.69694941480174,0.0448934198442421,"module",0.75
"anchor_141","HOG:0026234","BSYL","root","T5",56.4998699010652,"root::T5",4,-1.17654032660039,0.438832746904621,"module",1
"anchor_141","HOG:0026234","FPRA","leaf","T1",7.47957433613505,"leaf::T1",4,0.901811397546789,0.0434571768000946,"module",0
"anchor_141","HOG:0026234","FPRA","leaf","T2",14.5,"leaf::T2",4,0.853497595432626,0.0307000475159477,"module",0.25
"anchor_141","HOG:0026234","FPRA","leaf","T3",28.4898614550509,"leaf::T3",4,0.825828678869981,0.0453598942773591,"module",0.5
"anchor_141","HOG:0026234","FPRA","leaf","T4",42.7313175218636,"leaf::T4",4,0.772668566435729,0.0379843991085388,"module",0.75
"anchor_141","HOG:0026234","FPRA","leaf","T5",56.4998699010652,"leaf::T5",4,0.613621049769334,0.0656118895623446,"module",1
"anchor_141","HOG:0026234","FPRA","root","T1",7.47957433613505,"root::T1",4,-0.609178701787725,0.011130937052255,"module",0
"anchor_141","HOG:0026234","FPRA","root","T2",14.5,"root::T2",4,-0.6269684909877,0.0143475001689616,"module",0.25
"anchor_141","HOG:0026234","FPRA","root","T3",28.4898614550509,"root::T3",4,-0.659574714790199,0.00298716431829939,"module",0.5
"anchor_141","HOG:0026234","FPRA","root","T4",42.7313175218636,"root::T4",4,-0.645081562511212,0.0305818791148404,"module",0.75
"anchor_141","HOG:0026234","FPRA","root","T5",56.4998699010652,"root::T5",4,-0.630131846573338,0.0117156057200721,"module",1
"anchor_141","HOG:0026234","HJUB","leaf","T1",7.47957433613505,"leaf::T1",4,0.825392052096176,0.0110403426653831,"module",0
"anchor_141","HOG:0026234","HJUB","leaf","T2",14.5,"leaf::T2",4,0.799511573934613,0.015437596520642,"module",0.25
"anchor_141","HOG:0026234","HJUB","leaf","T3",28.4898614550509,"leaf::T3",4,0.701220758103662,0.0186936255388737,"module",0.5
"anchor_141","HOG:0026234","HJUB","leaf","T4",42.7313175218636,"leaf::T4",4,0.605008135650846,0.0127147688555277,"module",0.75
"anchor_141","HOG:0026234","HJUB","leaf","T5",56.4998699010652,"leaf::T5",4,0.61903097776252,0.0147934092464362,"module",1
"anchor_141","HOG:0026234","HJUB","root","T1",7.47957433613505,"root::T1",4,-0.63459178315959,0.0105660680381003,"module",0
"anchor_141","HOG:0026234","HJUB","root","T2",14.5,"root::T2",4,-0.694352961338291,0.0202215564506863,"module",0.25
"anchor_141","HOG:0026234","HJUB","root","T3",28.4898614550509,"root::T3",4,-0.694646458831421,0.0225614543793601,"module",0.5
"anchor_141","HOG:0026234","HJUB","root","T4",42.7313175218636,"root::T4",4,-0.695581008435294,0.0094766987191957,"module",0.75
"anchor_141","HOG:0026234","HJUB","root","T5",56.4998699010652,"root::T5",4,-0.689973754516533,0.0132577480422856,"module",1
"anchor_141","HOG:0026234","HVUL","leaf","T1",7.47957433613505,"leaf::T1",4,1.3512990973402,0.0227244199661381,"module",0
"anchor_141","HOG:0026234","HVUL","leaf","T2",14.5,"leaf::T2",4,1.12232833443723,0.0505332168936812,"module",0.25
"anchor_141","HOG:0026234","HVUL","leaf","T3",28.4898614550509,"leaf::T3",4,0.915320241609493,0.064234172159141,"module",0.5
"anchor_141","HOG:0026234","HVUL","leaf","T4",42.7313175218636,"leaf::T4",4,0.863114211389491,0.0465015512916944,"module",0.75
"anchor_141","HOG:0026234","HVUL","leaf","T5",56.4998699010652,"leaf::T5",4,0.496361051071156,0.0722087322286286,"module",1
"anchor_141","HOG:0026234","HVUL","root","T1",7.47957433613505,"root::T1",4,-0.52564271155893,0.0077341171989424,"module",0
"anchor_141","HOG:0026234","HVUL","root","T2",14.5,"root::T2",4,-0.565894793956126,0.0153342324996469,"module",0.25
"anchor_141","HOG:0026234","HVUL","root","T3",28.4898614550509,"root::T3",4,-0.751811634070559,0.170717050956867,"module",0.5
"anchor_141","HOG:0026234","HVUL","root","T4",42.7313175218636,"root::T4",4,-0.615810632120585,0.020958177181169,"module",0.75
"anchor_141","HOG:0026234","HVUL","root","T5",56.4998699010652,"root::T5",4,-0.562205144203272,0.0157710668926751,"module",1
"anchor_141","HOG:0026234","VBRO","leaf","T1",7.47957433613505,"leaf::T1",4,1.01683298075525,0.0177648324273925,"module",0
"anchor_141","HOG:0026234","VBRO","leaf","T2",14.5,"leaf::T2",4,0.980212957734929,0.033290262017994,"module",0.25
"anchor_141","HOG:0026234","VBRO","leaf","T3",28.4898614550509,"leaf::T3",3,0.871519630667089,0.136008235622448,"module",0.5
"anchor_141","HOG:0026234","VBRO","leaf","T4",42.7313175218636,"leaf::T4",4,0.686552195969667,0.11752131424329,"module",0.75
"anchor_141","HOG:0026234","VBRO","leaf","T5",56.4998699010652,"leaf::T5",4,0.67656240491003,0.0231852899554437,"module",1
"anchor_141","HOG:0026234","VBRO","root","T1",7.47957433613505,"root::T1",4,-0.619495817276892,0.00622234581033573,"module",0
"anchor_141","HOG:0026234","VBRO","root","T2",14.5,"root::T2",4,-0.608616972755079,0.0321224348987913,"module",0.25
"anchor_141","HOG:0026234","VBRO","root","T3",28.4898614550509,"root::T3",3,-0.578061250103297,0.0317995193210961,"module",0.5
"anchor_141","HOG:0026234","VBRO","root","T4",42.7313175218636,"root::T4",4,-0.647610996612594,0.00759235534898277,"module",0.75
"anchor_141","HOG:0026234","VBRO","root","T5",56.4998699010652,"root::T5",4,-0.61688948672663,0.0229724825230606,"module",1
"anchor_237","HOG:0026838","BDIS","leaf","T1",7.47957433613505,"leaf::T1",4,-0.789942600170178,0.093612691424274,"anchor",0
"anchor_237","HOG:0026838","BDIS","leaf","T2",14.5,"leaf::T2",4,-1.02499363364774,0.215554399547659,"anchor",0.25
"anchor_237","HOG:0026838","BDIS","leaf","T3",28.4898614550509,"leaf::T3",4,-0.845035941935532,0.243401553116269,"anchor",0.5
"anchor_237","HOG:0026838","BDIS","leaf","T4",42.7313175218636,"leaf::T4",4,-0.424091781449252,0.138875595778929,"anchor",0.75
"anchor_237","HOG:0026838","BDIS","leaf","T5",56.4998699010652,"leaf::T5",4,-0.236241681469307,0.117904064029332,"anchor",1
"anchor_237","HOG:0026838","BDIS","root","T1",7.47957433613505,"root::T1",4,0.323303045496821,0.11960781922692,"anchor",0
"anchor_237","HOG:0026838","BDIS","root","T2",14.5,"root::T2",4,1.40796133866761,0.36437441305974,"anchor",0.25
"anchor_237","HOG:0026838","BDIS","root","T3",28.4898614550509,"root::T3",4,0.852190713221604,0.120731863037864,"anchor",0.5
"anchor_237","HOG:0026838","BDIS","root","T4",42.7313175218636,"root::T4",4,0.524041346733395,0.129680962946032,"anchor",0.75
"anchor_237","HOG:0026838","BDIS","root","T5",56.4998699010652,"root::T5",4,1.39158091619027,0.422291210830364,"anchor",1
"anchor_237","HOG:0026838","BMAX","leaf","T1",7.47957433613505,"leaf::T1",4,-0.992035881105242,0.0433058986557876,"anchor",0
"anchor_237","HOG:0026838","BMAX","leaf","T2",14.5,"leaf::T2",4,-1.13981477967639,0.34757435173987,"anchor",0.25
"anchor_237","HOG:0026838","BMAX","leaf","T3",28.4898614550509,"leaf::T3",4,-0.666597315893508,0.152582078826287,"anchor",0.5
"anchor_237","HOG:0026838","BMAX","leaf","T4",42.7313175218636,"leaf::T4",4,-0.686998639868326,0.656378652023175,"anchor",0.75
"anchor_237","HOG:0026838","BMAX","leaf","T5",56.4998699010652,"leaf::T5",4,-0.516570964086581,0.073643826563756,"anchor",1
"anchor_237","HOG:0026838","BMAX","root","T1",7.47957433613505,"root::T1",4,0.117659890506517,0.0508766477214935,"anchor",0
"anchor_237","HOG:0026838","BMAX","root","T2",14.5,"root::T2",4,0.923995044885337,0.448130145583528,"anchor",0.25
"anchor_237","HOG:0026838","BMAX","root","T3",28.4898614550509,"root::T3",4,0.892426964154342,0.389358019731164,"anchor",0.5
"anchor_237","HOG:0026838","BMAX","root","T4",42.7313175218636,"root::T4",4,1.37816775864239,0.200297154478906,"anchor",0.75
"anchor_237","HOG:0026838","BMAX","root","T5",56.4998699010652,"root::T5",4,0.968334953233011,0.281518104182966,"anchor",1
"anchor_237","HOG:0026838","BMED","leaf","T1",7.47957433613505,"leaf::T1",4,-1.23627704833881,0.266504482342156,"anchor",0
"anchor_237","HOG:0026838","BMED","leaf","T2",14.5,"leaf::T2",4,0.0505935926411069,0.417164778760354,"anchor",0.25
"anchor_237","HOG:0026838","BMED","leaf","T3",28.4898614550509,"leaf::T3",4,-0.488566678772798,0.448632551365629,"anchor",0.5
"anchor_237","HOG:0026838","BMED","leaf","T4",42.7313175218636,"leaf::T4",4,0.0846813241261645,0.249713583119162,"anchor",0.75
"anchor_237","HOG:0026838","BMED","leaf","T5",56.4998699010652,"leaf::T5",4,-0.729380972852995,0.173315698924907,"anchor",1
"anchor_237","HOG:0026838","BMED","root","T1",7.47957433613505,"root::T1",4,-0.564550167651388,0.234792095749829,"anchor",0
"anchor_237","HOG:0026838","BMED","root","T2",14.5,"root::T2",4,1.02912193508156,0.276165908618856,"anchor",0.25
"anchor_237","HOG:0026838","BMED","root","T3",28.4898614550509,"root::T3",4,-0.0397816586229192,0.43041031841214,"anchor",0.5
"anchor_237","HOG:0026838","BMED","root","T4",42.7313175218636,"root::T4",4,0.669965131133926,0.244451834483313,"anchor",0.75
"anchor_237","HOG:0026838","BMED","root","T5",56.4998699010652,"root::T5",4,1.12840360583069,0.389344888051555,"anchor",1
"anchor_237","HOG:0026838","BSYL","leaf","T1",7.47957433613505,"leaf::T1",4,-1.5856639142827,0.154406661595942,"anchor",0
"anchor_237","HOG:0026838","BSYL","leaf","T2",14.5,"leaf::T2",4,-0.171363961804018,0.642163172606125,"anchor",0.25
"anchor_237","HOG:0026838","BSYL","leaf","T3",28.4898614550509,"leaf::T3",4,0.0633949607399593,0.357700654672793,"anchor",0.5
"anchor_237","HOG:0026838","BSYL","leaf","T4",42.7313175218636,"leaf::T4",4,-0.257353355201607,0.243109765940229,"anchor",0.75
"anchor_237","HOG:0026838","BSYL","leaf","T5",56.4998699010652,"leaf::T5",4,-0.0354347231391602,0.83959149727621,"anchor",1
"anchor_237","HOG:0026838","BSYL","root","T1",7.47957433613505,"root::T1",4,-0.175042121145735,0.125977693060495,"anchor",0
"anchor_237","HOG:0026838","BSYL","root","T2",14.5,"root::T2",4,1.74450516037918,0.61032377183895,"anchor",0.25
"anchor_237","HOG:0026838","BSYL","root","T3",28.4898614550509,"root::T3",4,1.26399061849867,0.87333233843803,"anchor",0.5
"anchor_237","HOG:0026838","BSYL","root","T4",42.7313175218636,"root::T4",4,-0.272379344260702,0.293869001113787,"anchor",0.75
"anchor_237","HOG:0026838","BSYL","root","T5",56.4998699010652,"root::T5",4,-2.05636085213671,2.42936808691435,"anchor",1
"anchor_237","HOG:0026838","FPRA","leaf","T1",7.47957433613505,"leaf::T1",4,-1.27155949704634,0.118692601505012,"anchor",0
"anchor_237","HOG:0026838","FPRA","leaf","T2",14.5,"leaf::T2",4,-0.714080985926253,0.0893314576532875,"anchor",0.25
"anchor_237","HOG:0026838","FPRA","leaf","T3",28.4898614550509,"leaf::T3",4,-0.649076766641315,0.298829706057268,"anchor",0.5
"anchor_237","HOG:0026838","FPRA","leaf","T4",42.7313175218636,"leaf::T4",4,-1.20302553357196,0.164797355969267,"anchor",0.75
"anchor_237","HOG:0026838","FPRA","leaf","T5",56.4998699010652,"leaf::T5",4,-0.571443179869084,0.0788280814660155,"anchor",1
"anchor_237","HOG:0026838","FPRA","root","T1",7.47957433613505,"root::T1",4,0.0715443865857891,0.0482305379837297,"anchor",0
"anchor_237","HOG:0026838","FPRA","root","T2",14.5,"root::T2",4,1.60049458247105,0.248890973800745,"anchor",0.25
"anchor_237","HOG:0026838","FPRA","root","T3",28.4898614550509,"root::T3",4,1.13313946955027,0.2918333378158,"anchor",0.5
"anchor_237","HOG:0026838","FPRA","root","T4",42.7313175218636,"root::T4",4,0.244339652245346,0.0687069198996285,"anchor",0.75
"anchor_237","HOG:0026838","FPRA","root","T5",56.4998699010652,"root::T5",4,0.368256917589024,0.0351658590176252,"anchor",1
"anchor_237","HOG:0026838","HJUB","leaf","T1",7.47957433613505,"leaf::T1",4,-1.32117041113218,0.0572802443113075,"anchor",0
"anchor_237","HOG:0026838","HJUB","leaf","T2",14.5,"leaf::T2",4,-1.24596360542816,0.134467047383893,"anchor",0.25
"anchor_237","HOG:0026838","HJUB","leaf","T3",28.4898614550509,"leaf::T3",4,-0.556870608335609,0.262226939987706,"anchor",0.5
"anchor_237","HOG:0026838","HJUB","leaf","T4",42.7313175218636,"leaf::T4",4,-0.921521150262572,0.100391920792078,"anchor",0.75
"anchor_237","HOG:0026838","HJUB","leaf","T5",56.4998699010652,"leaf::T5",4,-0.926804997807236,0.094700787941967,"anchor",1
"anchor_237","HOG:0026838","HJUB","root","T1",7.47957433613505,"root::T1",4,0.0752053752311918,0.0424856504948486,"anchor",0
"anchor_237","HOG:0026838","HJUB","root","T2",14.5,"root::T2",4,0.359989702927816,0.129316693826357,"anchor",0.25
"anchor_237","HOG:0026838","HJUB","root","T3",28.4898614550509,"root::T3",4,0.312668627328112,0.233878352239756,"anchor",0.5
"anchor_237","HOG:0026838","HJUB","root","T4",42.7313175218636,"root::T4",4,0.271983677776855,0.14626624297186,"anchor",0.75
"anchor_237","HOG:0026838","HJUB","root","T5",56.4998699010652,"root::T5",4,0.481328054876323,0.0601206123484065,"anchor",1
"anchor_237","HOG:0026838","HVUL","leaf","T1",7.47957433613505,"leaf::T1",4,-0.989911998261384,0.0520292671073865,"anchor",0
"anchor_237","HOG:0026838","HVUL","leaf","T2",14.5,"leaf::T2",4,-0.886570058623445,0.16504740697616,"anchor",0.25
"anchor_237","HOG:0026838","HVUL","leaf","T3",28.4898614550509,"leaf::T3",4,-0.532731474931621,0.246397422088268,"anchor",0.5
"anchor_237","HOG:0026838","HVUL","leaf","T4",42.7313175218636,"leaf::T4",4,-0.57749545864542,0.0460764826724473,"anchor",0.75
"anchor_237","HOG:0026838","HVUL","leaf","T5",56.4998699010652,"leaf::T5",4,-0.465378576776212,0.30638043203806,"anchor",1
"anchor_237","HOG:0026838","HVUL","root","T1",7.47957433613505,"root::T1",4,0.360597480265573,0.091779311191752,"anchor",0
"anchor_237","HOG:0026838","HVUL","root","T2",14.5,"root::T2",4,0.728929629284581,0.299482019109726,"anchor",0.25
"anchor_237","HOG:0026838","HVUL","root","T3",28.4898614550509,"root::T3",4,0.484266449455584,0.289874464804119,"anchor",0.5
"anchor_237","HOG:0026838","HVUL","root","T4",42.7313175218636,"root::T4",4,1.2571489948033,0.250564551531855,"anchor",0.75
"anchor_237","HOG:0026838","HVUL","root","T5",56.4998699010652,"root::T5",4,0.844090306377094,0.167089446991538,"anchor",1
"anchor_237","HOG:0026838","VBRO","leaf","T1",7.47957433613505,"leaf::T1",4,-0.672558508583922,0.037521407963904,"anchor",0
"anchor_237","HOG:0026838","VBRO","leaf","T2",14.5,"leaf::T2",4,-0.468325396938598,0.096462789667116,"anchor",0.25
"anchor_237","HOG:0026838","VBRO","leaf","T3",28.4898614550509,"leaf::T3",3,-0.333629046141843,0.18284386303205,"anchor",0.5
"anchor_237","HOG:0026838","VBRO","leaf","T4",42.7313175218636,"leaf::T4",4,-0.785178423396684,0.300136652181069,"anchor",0.75
"anchor_237","HOG:0026838","VBRO","leaf","T5",56.4998699010652,"leaf::T5",4,-0.751084750959045,0.0180382433641767,"anchor",1
"anchor_237","HOG:0026838","VBRO","root","T1",7.47957433613505,"root::T1",4,0.278573486520554,0.0478491303203647,"anchor",0
"anchor_237","HOG:0026838","VBRO","root","T2",14.5,"root::T2",4,0.734884622027028,0.11640609423138,"anchor",0.25
"anchor_237","HOG:0026838","VBRO","root","T3",28.4898614550509,"root::T3",3,0.796169454574907,0.159811322230178,"anchor",0.5
"anchor_237","HOG:0026838","VBRO","root","T4",42.7313175218636,"root::T4",4,0.526463506894839,0.054195621582078,"anchor",0.75
"anchor_237","HOG:0026838","VBRO","root","T5",56.4998699010652,"root::T5",4,1.07942515954834,0.219679918029885,"anchor",1
"anchor_237","HOG:0026838","BDIS","leaf","T1",7.47957433613505,"leaf::T1",4,-0.942146733900647,0.069307012025212,"module",0
"anchor_237","HOG:0026838","BDIS","leaf","T2",14.5,"leaf::T2",4,-1.15380203268103,0.197842304643423,"module",0.25
"anchor_237","HOG:0026838","BDIS","leaf","T3",28.4898614550509,"leaf::T3",4,-0.940750253462899,0.185566758226585,"module",0.5
"anchor_237","HOG:0026838","BDIS","leaf","T4",42.7313175218636,"leaf::T4",4,-0.586122929942191,0.159253106303693,"module",0.75
"anchor_237","HOG:0026838","BDIS","leaf","T5",56.4998699010652,"leaf::T5",4,-0.290974095626244,0.189895214363217,"module",1
"anchor_237","HOG:0026838","BDIS","root","T1",7.47957433613505,"root::T1",4,0.291880183734401,0.095355183563055,"module",0
"anchor_237","HOG:0026838","BDIS","root","T2",14.5,"root::T2",4,1.32358361459321,0.404193227564689,"module",0.25
"anchor_237","HOG:0026838","BDIS","root","T3",28.4898614550509,"root::T3",4,0.681059140784373,0.121652566733156,"module",0.5
"anchor_237","HOG:0026838","BDIS","root","T4",42.7313175218636,"root::T4",4,0.313293924555238,0.121124343941323,"module",0.75
"anchor_237","HOG:0026838","BDIS","root","T5",56.4998699010652,"root::T5",4,1.002625047657,0.410452051741326,"module",1
"anchor_237","HOG:0026838","BMAX","leaf","T1",7.47957433613505,"leaf::T1",4,-1.065769818124,0.0372069805840063,"module",0
"anchor_237","HOG:0026838","BMAX","leaf","T2",14.5,"leaf::T2",4,-1.09295153396495,0.376518743178483,"module",0.25
"anchor_237","HOG:0026838","BMAX","leaf","T3",28.4898614550509,"leaf::T3",4,-0.537530599696173,0.0837621611434305,"module",0.5
"anchor_237","HOG:0026838","BMAX","leaf","T4",42.7313175218636,"leaf::T4",4,-0.918698772311923,0.625431431123586,"module",0.75
"anchor_237","HOG:0026838","BMAX","leaf","T5",56.4998699010652,"leaf::T5",4,-0.714787269525775,0.107360231396509,"module",1
"anchor_237","HOG:0026838","BMAX","root","T1",7.47957433613505,"root::T1",4,0.259227067911757,0.0157813899284061,"module",0
"anchor_237","HOG:0026838","BMAX","root","T2",14.5,"root::T2",4,0.681123480026377,0.335138066873503,"module",0.25
"anchor_237","HOG:0026838","BMAX","root","T3",28.4898614550509,"root::T3",4,0.722073606739677,0.270780301833208,"module",0.5
"anchor_237","HOG:0026838","BMAX","root","T4",42.7313175218636,"root::T4",4,0.989949943085376,0.128150213385941,"module",0.75
"anchor_237","HOG:0026838","BMAX","root","T5",56.4998699010652,"root::T5",4,0.672560884063479,0.220727545172628,"module",1
"anchor_237","HOG:0026838","BMED","leaf","T1",7.47957433613505,"leaf::T1",4,-0.955081380662348,0.167216832422687,"module",0
"anchor_237","HOG:0026838","BMED","leaf","T2",14.5,"leaf::T2",4,0.0939482888196683,0.0416949970255809,"module",0.25
"anchor_237","HOG:0026838","BMED","leaf","T3",28.4898614550509,"leaf::T3",4,-0.231094274938907,0.0922100240520408,"module",0.5
"anchor_237","HOG:0026838","BMED","leaf","T4",42.7313175218636,"leaf::T4",4,-0.483769624013961,0.0450455609366124,"module",0.75
"anchor_237","HOG:0026838","BMED","leaf","T5",56.4998699010652,"leaf::T5",4,-0.666281258298395,0.136483731950629,"module",1
"anchor_237","HOG:0026838","BMED","root","T1",7.47957433613505,"root::T1",4,-0.596407032634842,0.470369830689963,"module",0
"anchor_237","HOG:0026838","BMED","root","T2",14.5,"root::T2",4,1.36117741312544,0.362516496665317,"module",0.25
"anchor_237","HOG:0026838","BMED","root","T3",28.4898614550509,"root::T3",4,0.0635540775477007,0.56771245078362,"module",0.5
"anchor_237","HOG:0026838","BMED","root","T4",42.7313175218636,"root::T4",4,0.849723457712118,0.251602627982487,"module",0.75
"anchor_237","HOG:0026838","BMED","root","T5",56.4998699010652,"root::T5",4,1.20818521989379,0.407346963707742,"module",1
"anchor_237","HOG:0026838","BSYL","leaf","T1",7.47957433613505,"leaf::T1",4,-1.16820707843668,0.155275331381566,"module",0
"anchor_237","HOG:0026838","BSYL","leaf","T2",14.5,"leaf::T2",4,0.646247580249504,0.517396657862919,"module",0.25
"anchor_237","HOG:0026838","BSYL","leaf","T3",28.4898614550509,"leaf::T3",4,-0.202502275674811,0.13438608732506,"module",0.5
"anchor_237","HOG:0026838","BSYL","leaf","T4",42.7313175218636,"leaf::T4",4,-0.198044046377602,0.0807462566039462,"module",0.75
"anchor_237","HOG:0026838","BSYL","leaf","T5",56.4998699010652,"leaf::T5",4,-0.241412153361513,0.760739961369688,"module",1
"anchor_237","HOG:0026838","BSYL","root","T1",7.47957433613505,"root::T1",4,0.150465390926067,0.102786999402143,"module",0
"anchor_237","HOG:0026838","BSYL","root","T2",14.5,"root::T2",4,1.54013992993605,0.555009047224085,"module",0.25
"anchor_237","HOG:0026838","BSYL","root","T3",28.4898614550509,"root::T3",4,0.743615235923599,0.562443705464326,"module",0.5
"anchor_237","HOG:0026838","BSYL","root","T4",42.7313175218636,"root::T4",4,-0.269958006706855,0.15619093262063,"module",0.75
"anchor_237","HOG:0026838","BSYL","root","T5",56.4998699010652,"root::T5",4,-1.4952256110406,1.75971558611099,"module",1
"anchor_237","HOG:0026838","FPRA","leaf","T1",7.47957433613505,"leaf::T1",4,-0.834961736656427,0.0509901225011709,"module",0
"anchor_237","HOG:0026838","FPRA","leaf","T2",14.5,"leaf::T2",4,-0.58524605210856,0.118743027757649,"module",0.25
"anchor_237","HOG:0026838","FPRA","leaf","T3",28.4898614550509,"leaf::T3",4,-0.563050850523677,0.219735876410702,"module",0.5
"anchor_237","HOG:0026838","FPRA","leaf","T4",42.7313175218636,"leaf::T4",4,-0.959707941864435,0.159003340528128,"module",0.75
"anchor_237","HOG:0026838","FPRA","leaf","T5",56.4998699010652,"leaf::T5",4,-0.669602535740014,0.126653128586608,"module",1
"anchor_237","HOG:0026838","FPRA","root","T1",7.47957433613505,"root::T1",4,0.209343904238064,0.0330726326992745,"module",0
"anchor_237","HOG:0026838","FPRA","root","T2",14.5,"root::T2",4,1.56302352023525,0.228576507401405,"module",0.25
"anchor_237","HOG:0026838","FPRA","root","T3",28.4898614550509,"root::T3",4,1.13307632212771,0.294616404247806,"module",0.5
"anchor_237","HOG:0026838","FPRA","root","T4",42.7313175218636,"root::T4",4,0.389542260330113,0.0631248934319374,"module",0.75
"anchor_237","HOG:0026838","FPRA","root","T5",56.4998699010652,"root::T5",4,0.436581212500195,0.0508755200246455,"module",1
"anchor_237","HOG:0026838","HJUB","leaf","T1",7.47957433613505,"leaf::T1",4,-1.05149633772146,0.0344294704987156,"module",0
"anchor_237","HOG:0026838","HJUB","leaf","T2",14.5,"leaf::T2",4,-0.945859184501225,0.137684915854894,"module",0.25
"anchor_237","HOG:0026838","HJUB","leaf","T3",28.4898614550509,"leaf::T3",4,-0.572624949370838,0.272537894651786,"module",0.5
"anchor_237","HOG:0026838","HJUB","leaf","T4",42.7313175218636,"leaf::T4",4,-0.765575621939513,0.112796388322404,"module",0.75
"anchor_237","HOG:0026838","HJUB","leaf","T5",56.4998699010652,"leaf::T5",4,-0.861401026379426,0.0688669188076483,"module",1
"anchor_237","HOG:0026838","HJUB","root","T1",7.47957433613505,"root::T1",4,0.215258459163701,0.0501134636534828,"module",0
"anchor_237","HOG:0026838","HJUB","root","T2",14.5,"root::T2",4,0.614366293382781,0.127262276948862,"module",0.25
"anchor_237","HOG:0026838","HJUB","root","T3",28.4898614550509,"root::T3",4,0.577910006101728,0.242797634249855,"module",0.5
"anchor_237","HOG:0026838","HJUB","root","T4",42.7313175218636,"root::T4",4,0.523389794012745,0.110268230032805,"module",0.75
"anchor_237","HOG:0026838","HJUB","root","T5",56.4998699010652,"root::T5",4,0.532904220496973,0.0953238397084216,"module",1
"anchor_237","HOG:0026838","HVUL","leaf","T1",7.47957433613505,"leaf::T1",4,-1.00745651303471,0.0547494421760747,"module",0
"anchor_237","HOG:0026838","HVUL","leaf","T2",14.5,"leaf::T2",4,-0.811332029752272,0.0796456351280052,"module",0.25
"anchor_237","HOG:0026838","HVUL","leaf","T3",28.4898614550509,"leaf::T3",4,-0.699093750548967,0.244522723025821,"module",0.5
"anchor_237","HOG:0026838","HVUL","leaf","T4",42.7313175218636,"leaf::T4",4,-0.629879079382391,0.0843704182434924,"module",0.75
"anchor_237","HOG:0026838","HVUL","leaf","T5",56.4998699010652,"leaf::T5",4,-0.51137739623048,0.280785166285441,"module",1
"anchor_237","HOG:0026838","HVUL","root","T1",7.47957433613505,"root::T1",4,0.289148430707572,0.0554863585028859,"module",0
"anchor_237","HOG:0026838","HVUL","root","T2",14.5,"root::T2",4,0.835812732886617,0.315100001092018,"module",0.25
"anchor_237","HOG:0026838","HVUL","root","T3",28.4898614550509,"root::T3",4,0.513508636403932,0.225083130705526,"module",0.5
"anchor_237","HOG:0026838","HVUL","root","T4",42.7313175218636,"root::T4",4,1.07752847829977,0.288503568502189,"module",0.75
"anchor_237","HOG:0026838","HVUL","root","T5",56.4998699010652,"root::T5",4,0.679723252767403,0.193075112181104,"module",1
"anchor_237","HOG:0026838","VBRO","leaf","T1",7.47957433613505,"leaf::T1",4,-0.824008314239054,0.0290396637155808,"module",0
"anchor_237","HOG:0026838","VBRO","leaf","T2",14.5,"leaf::T2",4,-0.62784186184494,0.202164035395259,"module",0.25
"anchor_237","HOG:0026838","VBRO","leaf","T3",28.4898614550509,"leaf::T3",3,-0.553497261811825,0.152134357874466,"module",0.5
"anchor_237","HOG:0026838","VBRO","leaf","T4",42.7313175218636,"leaf::T4",4,-1.08335323032584,0.412161077743881,"module",0.75
"anchor_237","HOG:0026838","VBRO","leaf","T5",56.4998699010652,"leaf::T5",4,-1.0209306433624,0.0538519374759586,"module",1
"anchor_237","HOG:0026838","VBRO","root","T1",7.47957433613505,"root::T1",4,0.170697621501013,0.0463087185660959,"module",0
"anchor_237","HOG:0026838","VBRO","root","T2",14.5,"root::T2",4,0.65221666960003,0.128490206615303,"module",0.25
"anchor_237","HOG:0026838","VBRO","root","T3",28.4898614550509,"root::T3",3,0.903822468039728,0.390831411872507,"module",0.5
"anchor_237","HOG:0026838","VBRO","root","T4",42.7313175218636,"root::T4",4,0.372428473584063,0.0383886007627849,"module",0.75
"anchor_237","HOG:0026838","VBRO","root","T5",56.4998699010652,"root::T5",4,1.10712395689577,0.284043920455523,"module",1
"anchor_120","HOG:0027421","BDIS","leaf","T1",7.47957433613505,"leaf::T1",4,-1.12244174496987,0.0894320553616335,"anchor",0
"anchor_120","HOG:0027421","BDIS","leaf","T2",14.5,"leaf::T2",4,-1.20692423324696,0.21093520242795,"anchor",0.25
"anchor_120","HOG:0027421","BDIS","leaf","T3",28.4898614550509,"leaf::T3",4,-1.2781242295992,0.267353435359501,"anchor",0.5
"anchor_120","HOG:0027421","BDIS","leaf","T4",42.7313175218636,"leaf::T4",4,-0.888365953844584,0.32048380554158,"anchor",0.75
"anchor_120","HOG:0027421","BDIS","leaf","T5",56.4998699010652,"leaf::T5",4,-0.142258517718923,0.21247913103562,"anchor",1
"anchor_120","HOG:0027421","BDIS","root","T1",7.47957433613505,"root::T1",4,0.604698095937314,0.064622931619946,"anchor",0
"anchor_120","HOG:0027421","BDIS","root","T2",14.5,"root::T2",4,1.67385974968206,0.640213263243625,"anchor",0.25
"anchor_120","HOG:0027421","BDIS","root","T3",28.4898614550509,"root::T3",4,0.477351259499021,0.141391163939619,"anchor",0.5
"anchor_120","HOG:0027421","BDIS","root","T4",42.7313175218636,"root::T4",4,0.240983952633659,0.147726508974942,"anchor",0.75
"anchor_120","HOG:0027421","BDIS","root","T5",56.4998699010652,"root::T5",4,0.895331912955964,0.488780864171566,"anchor",1
"anchor_120","HOG:0027421","BMAX","leaf","T1",7.47957433613505,"leaf::T1",4,-0.858262368857782,0.0536103518095405,"anchor",0
"anchor_120","HOG:0027421","BMAX","leaf","T2",14.5,"leaf::T2",4,-1.08034233524851,0.82685861941058,"anchor",0.25
"anchor_120","HOG:0027421","BMAX","leaf","T3",28.4898614550509,"leaf::T3",4,-0.650443500994234,0.116117079762452,"anchor",0.5
"anchor_120","HOG:0027421","BMAX","leaf","T4",42.7313175218636,"leaf::T4",4,-1.41617271708388,1.02319983350333,"anchor",0.75
"anchor_120","HOG:0027421","BMAX","leaf","T5",56.4998699010652,"leaf::T5",4,-0.975167102635386,0.446375005394803,"anchor",1
"anchor_120","HOG:0027421","BMAX","root","T1",7.47957433613505,"root::T1",4,0.42576571439176,0.0486407104307156,"anchor",0
"anchor_120","HOG:0027421","BMAX","root","T2",14.5,"root::T2",4,0.702407741766065,0.487820197167805,"anchor",0.25
"anchor_120","HOG:0027421","BMAX","root","T3",28.4898614550509,"root::T3",4,0.726993819331896,0.261745041924023,"anchor",0.5
"anchor_120","HOG:0027421","BMAX","root","T4",42.7313175218636,"root::T4",4,0.981747292764784,0.110797984671484,"anchor",0.75
"anchor_120","HOG:0027421","BMAX","root","T5",56.4998699010652,"root::T5",4,0.726422199469056,0.23735492034104,"anchor",1
"anchor_120","HOG:0027421","BMED","leaf","T1",7.47957433613505,"leaf::T1",4,-0.88259061015704,0.13084072228802,"anchor",0
"anchor_120","HOG:0027421","BMED","leaf","T2",14.5,"leaf::T2",4,0.07996738427361,0.049932439708751,"anchor",0.25
"anchor_120","HOG:0027421","BMED","leaf","T3",28.4898614550509,"leaf::T3",4,-0.308482147343858,0.144106455013472,"anchor",0.5
"anchor_120","HOG:0027421","BMED","leaf","T4",42.7313175218636,"leaf::T4",4,-0.5396067562155,0.169550474666412,"anchor",0.75
"anchor_120","HOG:0027421","BMED","leaf","T5",56.4998699010652,"leaf::T5",4,-0.832490682210539,0.310898088078569,"anchor",1
"anchor_120","HOG:0027421","BMED","root","T1",7.47957433613505,"root::T1",4,-0.428351115621602,0.756802941567285,"anchor",0
"anchor_120","HOG:0027421","BMED","root","T2",14.5,"root::T2",4,1.25500716044823,0.373986601510246,"anchor",0.25
"anchor_120","HOG:0027421","BMED","root","T3",28.4898614550509,"root::T3",4,-0.194673372345792,0.8567684339855,"anchor",0.5
"anchor_120","HOG:0027421","BMED","root","T4",42.7313175218636,"root::T4",4,0.886383257660856,0.28881339958523,"anchor",0.75
"anchor_120","HOG:0027421","BMED","root","T5",56.4998699010652,"root::T5",4,0.950925856899318,0.424952229113973,"anchor",1
"anchor_120","HOG:0027421","BSYL","leaf","T1",7.47957433613505,"leaf::T1",4,-0.62187433554673,0.23213710159028,"anchor",0
"anchor_120","HOG:0027421","BSYL","leaf","T2",14.5,"leaf::T2",4,0.504212651754511,0.53683808831307,"anchor",0.25
"anchor_120","HOG:0027421","BSYL","leaf","T3",28.4898614550509,"leaf::T3",4,-0.392153863954991,0.146017067374601,"anchor",0.5
"anchor_120","HOG:0027421","BSYL","leaf","T4",42.7313175218636,"leaf::T4",4,-0.475423348091501,0.245546564827968,"anchor",0.75
"anchor_120","HOG:0027421","BSYL","leaf","T5",56.4998699010652,"leaf::T5",4,0.0351093098886735,0.78119600501974,"anchor",1
"anchor_120","HOG:0027421","BSYL","root","T1",7.47957433613505,"root::T1",4,0.341370938482061,0.122920918661507,"anchor",0
"anchor_120","HOG:0027421","BSYL","root","T2",14.5,"root::T2",4,1.17213678025712,0.5327273615309,"anchor",0.25
"anchor_120","HOG:0027421","BSYL","root","T3",28.4898614550509,"root::T3",4,0.681338896336338,0.50741579608368,"anchor",0.5
"anchor_120","HOG:0027421","BSYL","root","T4",42.7313175218636,"root::T4",4,-0.869601575577742,0.223643072295601,"anchor",0.75
"anchor_120","HOG:0027421","BSYL","root","T5",56.4998699010652,"root::T5",4,-1.3807876517327,1.48482513927146,"anchor",1
"anchor_120","HOG:0027421","FPRA","leaf","T1",7.47957433613505,"leaf::T1",4,-0.366315711513892,0.0569649131467085,"anchor",0
"anchor_120","HOG:0027421","FPRA","leaf","T2",14.5,"leaf::T2",4,-0.685397491906072,0.0437091967747359,"anchor",0.25
"anchor_120","HOG:0027421","FPRA","leaf","T3",28.4898614550509,"leaf::T3",4,-0.585026020897865,0.199469892477489,"anchor",0.5
"anchor_120","HOG:0027421","FPRA","leaf","T4",42.7313175218636,"leaf::T4",4,-1.02895617242812,0.195555890604635,"anchor",0.75
"anchor_120","HOG:0027421","FPRA","leaf","T5",56.4998699010652,"leaf::T5",4,-0.70314015459174,0.190180341747619,"anchor",1
"anchor_120","HOG:0027421","FPRA","root","T1",7.47957433613505,"root::T1",4,0.23114813882482,0.07830051781624,"anchor",0
"anchor_120","HOG:0027421","FPRA","root","T2",14.5,"root::T2",4,1.52792058566928,0.27187705948237,"anchor",0.25
"anchor_120","HOG:0027421","FPRA","root","T3",28.4898614550509,"root::T3",4,0.877554553311725,0.361019359075363,"anchor",0.5
"anchor_120","HOG:0027421","FPRA","root","T4",42.7313175218636,"root::T4",4,0.482960758049536,0.0977555667618335,"anchor",0.75
"anchor_120","HOG:0027421","FPRA","root","T5",56.4998699010652,"root::T5",4,0.483453975891745,0.085619411139945,"anchor",1
"anchor_120","HOG:0027421","HJUB","leaf","T1",7.47957433613505,"leaf::T1",4,-0.886067732931165,0.0410370014873409,"anchor",0
"anchor_120","HOG:0027421","HJUB","leaf","T2",14.5,"leaf::T2",4,-0.94020091516779,0.229100467938734,"anchor",0.25
"anchor_120","HOG:0027421","HJUB","leaf","T3",28.4898614550509,"leaf::T3",4,-0.709906148729846,0.300555785949174,"anchor",0.5
"anchor_120","HOG:0027421","HJUB","leaf","T4",42.7313175218636,"leaf::T4",4,-0.684825248606769,0.168005950731248,"anchor",0.75
"anchor_120","HOG:0027421","HJUB","leaf","T5",56.4998699010652,"leaf::T5",4,-0.628086531447477,0.15371657436981,"anchor",1
"anchor_120","HOG:0027421","HJUB","root","T1",7.47957433613505,"root::T1",4,0.461704253957491,0.053896035455983,"anchor",0
"anchor_120","HOG:0027421","HJUB","root","T2",14.5,"root::T2",4,0.974293937746564,0.176887764185646,"anchor",0.25
"anchor_120","HOG:0027421","HJUB","root","T3",28.4898614550509,"root::T3",4,0.711866480257654,0.327943676765123,"anchor",0.5
"anchor_120","HOG:0027421","HJUB","root","T4",42.7313175218636,"root::T4",4,0.731779845032294,0.131517322658335,"anchor",0.75
"anchor_120","HOG:0027421","HJUB","root","T5",56.4998699010652,"root::T5",4,0.508027127389723,0.199915667242402,"anchor",1
"anchor_120","HOG:0027421","HVUL","leaf","T1",7.47957433613505,"leaf::T1",4,-1.15175481391186,0.086505365980336,"anchor",0
"anchor_120","HOG:0027421","HVUL","leaf","T2",14.5,"leaf::T2",4,-0.759293115904707,0.131729696740779,"anchor",0.25
"anchor_120","HOG:0027421","HVUL","leaf","T3",28.4898614550509,"leaf::T3",4,-1.07741563162371,0.295039943309508,"anchor",0.5
"anchor_120","HOG:0027421","HVUL","leaf","T4",42.7313175218636,"leaf::T4",4,-0.665317911683954,0.100743698661396,"anchor",0.75
"anchor_120","HOG:0027421","HVUL","leaf","T5",56.4998699010652,"leaf::T5",4,-0.521207466067949,0.31286171202943,"anchor",1
"anchor_120","HOG:0027421","HVUL","root","T1",7.47957433613505,"root::T1",4,0.268028852450334,0.134192465685327,"anchor",0
"anchor_120","HOG:0027421","HVUL","root","T2",14.5,"root::T2",4,0.725975184787775,0.421342709499146,"anchor",0.25
"anchor_120","HOG:0027421","HVUL","root","T3",28.4898614550509,"root::T3",4,0.911356976653487,0.190293742920596,"anchor",0.5
"anchor_120","HOG:0027421","HVUL","root","T4",42.7313175218636,"root::T4",4,0.976776194768497,0.326037584175986,"anchor",0.75
"anchor_120","HOG:0027421","HVUL","root","T5",56.4998699010652,"root::T5",4,0.600380410272799,0.145360982239694,"anchor",1
"anchor_120","HOG:0027421","VBRO","leaf","T1",7.47957433613505,"leaf::T1",4,-0.60389718281374,0.0704412357292185,"anchor",0
"anchor_120","HOG:0027421","VBRO","leaf","T2",14.5,"leaf::T2",4,-0.684279541458756,0.431257522227625,"anchor",0.25
"anchor_120","HOG:0027421","VBRO","leaf","T3",28.4898614550509,"leaf::T3",3,-0.830376474373663,0.271010275239796,"anchor",0.5
"anchor_120","HOG:0027421","VBRO","leaf","T4",42.7313175218636,"leaf::T4",4,-2.36198678307478,0.84158120053497,"anchor",0.75
"anchor_120","HOG:0027421","VBRO","leaf","T5",56.4998699010652,"leaf::T5",4,-1.52433209772323,0.214989745529151,"anchor",1
"anchor_120","HOG:0027421","VBRO","root","T1",7.47957433613505,"root::T1",4,0.487151658925715,0.08052172933968,"anchor",0
"anchor_120","HOG:0027421","VBRO","root","T2",14.5,"root::T2",4,0.637616071057556,0.15762151175265,"anchor",0.25
"anchor_120","HOG:0027421","VBRO","root","T3",28.4898614550509,"root::T3",3,0.732841705421079,0.450170533587246,"anchor",0.5
"anchor_120","HOG:0027421","VBRO","root","T4",42.7313175218636,"root::T4",4,0.202248396603197,0.160533240488711,"anchor",0.75
"anchor_120","HOG:0027421","VBRO","root","T5",56.4998699010652,"root::T5",4,1.25582360267414,0.514832012956915,"anchor",1
"anchor_120","HOG:0027421","BDIS","leaf","T1",7.47957433613505,"leaf::T1",4,-0.91192193691895,0.0893211245016236,"module",0
"anchor_120","HOG:0027421","BDIS","leaf","T2",14.5,"leaf::T2",4,-1.12832185960105,0.251494289250726,"module",0.25
"anchor_120","HOG:0027421","BDIS","leaf","T3",28.4898614550509,"leaf::T3",4,-1.03766103295313,0.239559194735525,"module",0.5
"anchor_120","HOG:0027421","BDIS","leaf","T4",42.7313175218636,"leaf::T4",4,-0.491601440133583,0.214349520829101,"module",0.75
"anchor_120","HOG:0027421","BDIS","leaf","T5",56.4998699010652,"leaf::T5",4,-0.159794209687209,0.228772538476501,"module",1
"anchor_120","HOG:0027421","BDIS","root","T1",7.47957433613505,"root::T1",4,0.2699765510652,0.133449287793594,"module",0
"anchor_120","HOG:0027421","BDIS","root","T2",14.5,"root::T2",4,1.65708128896822,0.581050269295513,"module",0.25
"anchor_120","HOG:0027421","BDIS","root","T3",28.4898614550509,"root::T3",4,0.708038749188431,0.160095627472251,"module",0.5
"anchor_120","HOG:0027421","BDIS","root","T4",42.7313175218636,"root::T4",4,0.163548990298243,0.164463023217572,"module",0.75
"anchor_120","HOG:0027421","BDIS","root","T5",56.4998699010652,"root::T5",4,1.19186236618244,0.578878373409398,"module",1
"anchor_120","HOG:0027421","BMAX","leaf","T1",7.47957433613505,"leaf::T1",4,-1.13845137649866,0.0508539575676196,"module",0
"anchor_120","HOG:0027421","BMAX","leaf","T2",14.5,"leaf::T2",4,-1.28809627456392,0.644862960010476,"module",0.25
"anchor_120","HOG:0027421","BMAX","leaf","T3",28.4898614550509,"leaf::T3",4,-0.434031360590778,0.0756728077339661,"module",0.5
"anchor_120","HOG:0027421","BMAX","leaf","T4",42.7313175218636,"leaf::T4",4,-1.23352397329856,0.96767438635671,"module",0.75
"anchor_120","HOG:0027421","BMAX","leaf","T5",56.4998699010652,"leaf::T5",4,-0.812711471979571,0.229327036604471,"module",1
"anchor_120","HOG:0027421","BMAX","root","T1",7.47957433613505,"root::T1",4,0.361985626526462,0.0278352802903278,"module",0
"anchor_120","HOG:0027421","BMAX","root","T2",14.5,"root::T2",4,0.737421122689493,0.48077177926216,"module",0.25
"anchor_120","HOG:0027421","BMAX","root","T3",28.4898614550509,"root::T3",4,0.760376582179663,0.318602874429644,"module",0.5
"anchor_120","HOG:0027421","BMAX","root","T4",42.7313175218636,"root::T4",4,0.814234314341339,0.198976816644216,"module",0.75
"anchor_120","HOG:0027421","BMAX","root","T5",56.4998699010652,"root::T5",4,0.800622933127468,0.287899535438571,"module",1
"anchor_120","HOG:0027421","BMED","leaf","T1",7.47957433613505,"leaf::T1",4,-0.789639372158638,0.091256956500924,"module",0
"anchor_120","HOG:0027421","BMED","leaf","T2",14.5,"leaf::T2",4,0.147439010534099,0.0577501472769219,"module",0.25
"anchor_120","HOG:0027421","BMED","leaf","T3",28.4898614550509,"leaf::T3",4,-0.266164077520848,0.126771170998998,"module",0.5
"anchor_120","HOG:0027421","BMED","leaf","T4",42.7313175218636,"leaf::T4",4,-0.491134078451828,0.102925259258514,"module",0.75
"anchor_120","HOG:0027421","BMED","leaf","T5",56.4998699010652,"leaf::T5",4,-0.897687286530787,0.0946594632101433,"module",1
"anchor_120","HOG:0027421","BMED","root","T1",7.47957433613505,"root::T1",4,-0.357216718554243,0.618875485313227,"module",0
"anchor_120","HOG:0027421","BMED","root","T2",14.5,"root::T2",4,1.33685752183592,0.292852706279457,"module",0.25
"anchor_120","HOG:0027421","BMED","root","T3",28.4898614550509,"root::T3",4,-0.0350284745361045,0.579808177183036,"module",0.5
"anchor_120","HOG:0027421","BMED","root","T4",42.7313175218636,"root::T4",4,0.685703568822354,0.168879911124074,"module",0.75
"anchor_120","HOG:0027421","BMED","root","T5",56.4998699010652,"root::T5",4,1.07053629074009,0.418291250063275,"module",1
"anchor_120","HOG:0027421","BSYL","leaf","T1",7.47957433613505,"leaf::T1",4,-0.971224005434724,0.147427499115231,"module",0
"anchor_120","HOG:0027421","BSYL","leaf","T2",14.5,"leaf::T2",4,1.12572899243149,0.636146631310113,"module",0.25
"anchor_120","HOG:0027421","BSYL","leaf","T3",28.4898614550509,"leaf::T3",4,0.124639059818718,0.177789883232096,"module",0.5
"anchor_120","HOG:0027421","BSYL","leaf","T4",42.7313175218636,"leaf::T4",4,-0.134081815187577,0.160112823283479,"module",0.75
"anchor_120","HOG:0027421","BSYL","leaf","T5",56.4998699010652,"leaf::T5",4,-0.216650678567063,0.953221022526657,"module",1
"anchor_120","HOG:0027421","BSYL","root","T1",7.47957433613505,"root::T1",4,-0.129680875777051,0.116303347609458,"module",0
"anchor_120","HOG:0027421","BSYL","root","T2",14.5,"root::T2",4,1.50946225505454,0.664357757819356,"module",0.25
"anchor_120","HOG:0027421","BSYL","root","T3",28.4898614550509,"root::T3",4,0.532801312113146,0.701783860327134,"module",0.5
"anchor_120","HOG:0027421","BSYL","root","T4",42.7313175218636,"root::T4",4,-0.441669937867689,0.217714515293012,"module",0.75
"anchor_120","HOG:0027421","BSYL","root","T5",56.4998699010652,"root::T5",4,-1.19583349408147,1.52750288040785,"module",1
"anchor_120","HOG:0027421","FPRA","leaf","T1",7.47957433613505,"leaf::T1",4,-0.693678945054386,0.0426891347286217,"module",0
"anchor_120","HOG:0027421","FPRA","leaf","T2",14.5,"leaf::T2",4,-0.606550997902673,0.179564187985132,"module",0.25
"anchor_120","HOG:0027421","FPRA","leaf","T3",28.4898614550509,"leaf::T3",4,-0.628917520475405,0.290662146420094,"module",0.5
"anchor_120","HOG:0027421","FPRA","leaf","T4",42.7313175218636,"leaf::T4",4,-1.05800940585254,0.258452168831376,"module",0.75
"anchor_120","HOG:0027421","FPRA","leaf","T5",56.4998699010652,"leaf::T5",4,-0.750963235538498,0.156123784822267,"module",1
"anchor_120","HOG:0027421","FPRA","root","T1",7.47957433613505,"root::T1",4,0.219062476356303,0.0363361953558947,"module",0
"anchor_120","HOG:0027421","FPRA","root","T2",14.5,"root::T2",4,1.91640362933288,0.322742430682716,"module",0.25
"anchor_120","HOG:0027421","FPRA","root","T3",28.4898614550509,"root::T3",4,1.30406690468749,0.43453318692703,"module",0.5
"anchor_120","HOG:0027421","FPRA","root","T4",42.7313175218636,"root::T4",4,0.386075659260721,0.0829636139405288,"module",0.75
"anchor_120","HOG:0027421","FPRA","root","T5",56.4998699010652,"root::T5",4,0.463217853762018,0.0854586361822986,"module",1
"anchor_120","HOG:0027421","HJUB","leaf","T1",7.47957433613505,"leaf::T1",4,-1.04277637895106,0.0447664125641989,"module",0
"anchor_120","HOG:0027421","HJUB","leaf","T2",14.5,"leaf::T2",4,-1.00048371865315,0.151151940401504,"module",0.25
"anchor_120","HOG:0027421","HJUB","leaf","T3",28.4898614550509,"leaf::T3",4,-0.545086044557033,0.331032328306353,"module",0.5
"anchor_120","HOG:0027421","HJUB","leaf","T4",42.7313175218636,"leaf::T4",4,-0.816764811925157,0.107761675816479,"module",0.75
"anchor_120","HOG:0027421","HJUB","leaf","T5",56.4998699010652,"leaf::T5",4,-0.909604498207278,0.0673820529845803,"module",1
"anchor_120","HOG:0027421","HJUB","root","T1",7.47957433613505,"root::T1",4,0.229813471008133,0.053392736859439,"module",0
"anchor_120","HOG:0027421","HJUB","root","T2",14.5,"root::T2",4,0.603071721797327,0.136312307931179,"module",0.25
"anchor_120","HOG:0027421","HJUB","root","T3",28.4898614550509,"root::T3",4,0.576495840321456,0.281848410558479,"module",0.5
"anchor_120","HOG:0027421","HJUB","root","T4",42.7313175218636,"root::T4",4,0.48552883446763,0.112286444743492,"module",0.75
"anchor_120","HOG:0027421","HJUB","root","T5",56.4998699010652,"root::T5",4,0.412727868429531,0.0926675476041334,"module",1
"anchor_120","HOG:0027421","HVUL","leaf","T1",7.47957433613505,"leaf::T1",4,-1.06145635020431,0.0574381927514414,"module",0
"anchor_120","HOG:0027421","HVUL","leaf","T2",14.5,"leaf::T2",4,-0.854394011946022,0.0589519449238537,"module",0.25
"anchor_120","HOG:0027421","HVUL","leaf","T3",28.4898614550509,"leaf::T3",4,-0.800280805326071,0.271711306034342,"module",0.5
"anchor_120","HOG:0027421","HVUL","leaf","T4",42.7313175218636,"leaf::T4",4,-0.62807568544812,0.106631004401849,"module",0.75
"anchor_120","HOG:0027421","HVUL","leaf","T5",56.4998699010652,"leaf::T5",4,-0.609181264859667,0.305450998238137,"module",1
"anchor_120","HOG:0027421","HVUL","root","T1",7.47957433613505,"root::T1",4,0.25493231182101,0.0918236894010354,"module",0
"anchor_120","HOG:0027421","HVUL","root","T2",14.5,"root::T2",4,0.793410624210109,0.376076253776558,"module",0.25
"anchor_120","HOG:0027421","HVUL","root","T3",28.4898614550509,"root::T3",4,0.642964871695766,0.12399866676054,"module",0.5
"anchor_120","HOG:0027421","HVUL","root","T4",42.7313175218636,"root::T4",4,1.04033527584307,0.349187619433824,"module",0.75
"anchor_120","HOG:0027421","HVUL","root","T5",56.4998699010652,"root::T5",4,0.624857295104719,0.197695418414608,"module",1
"anchor_120","HOG:0027421","VBRO","leaf","T1",7.47957433613505,"leaf::T1",4,-0.500731220370052,0.0515027678837086,"module",0
"anchor_120","HOG:0027421","VBRO","leaf","T2",14.5,"leaf::T2",4,-0.457418826243933,0.300736395290499,"module",0.25
"anchor_120","HOG:0027421","VBRO","leaf","T3",28.4898614550509,"leaf::T3",3,-0.574772511871065,0.201961866272963,"module",0.5
"anchor_120","HOG:0027421","VBRO","leaf","T4",42.7313175218636,"leaf::T4",4,-1.57850965355411,0.767494667985527,"module",0.75
"anchor_120","HOG:0027421","VBRO","leaf","T5",56.4998699010652,"leaf::T5",4,-1.25079211686353,0.105261004292204,"module",1
"anchor_120","HOG:0027421","VBRO","root","T1",7.47957433613505,"root::T1",4,0.168239247513071,0.0843888866116283,"module",0
"anchor_120","HOG:0027421","VBRO","root","T2",14.5,"root::T2",4,0.675185610024713,0.163905266744517,"module",0.25
"anchor_120","HOG:0027421","VBRO","root","T3",28.4898614550509,"root::T3",3,1.09314558071242,0.628238266233124,"module",0.5
"anchor_120","HOG:0027421","VBRO","root","T4",42.7313175218636,"root::T4",4,0.295256047585975,0.0815712419818554,"module",0.75
"anchor_120","HOG:0027421","VBRO","root","T5",56.4998699010652,"root::T5",4,1.46732178940912,0.468016622069238,"module",1
"anchor_186","HOG:0027918","BDIS","leaf","T1",7.47957433613505,"leaf::T1",4,-0.927553772886897,0.126574018036533,"anchor",0
"anchor_186","HOG:0027918","BDIS","leaf","T2",14.5,"leaf::T2",4,-0.981811802582709,0.227373658097996,"anchor",0.25
"anchor_186","HOG:0027918","BDIS","leaf","T3",28.4898614550509,"leaf::T3",4,-0.889086684042764,0.275938435345357,"anchor",0.5
"anchor_186","HOG:0027918","BDIS","leaf","T4",42.7313175218636,"leaf::T4",4,-0.510508062319671,0.17218929084884,"anchor",0.75
"anchor_186","HOG:0027918","BDIS","leaf","T5",56.4998699010652,"leaf::T5",4,0.0344348022815546,0.222339628770212,"anchor",1
"anchor_186","HOG:0027918","BDIS","root","T1",7.47957433613505,"root::T1",4,0.4279014858148,0.159399290397176,"anchor",0
"anchor_186","HOG:0027918","BDIS","root","T2",14.5,"root::T2",4,1.61024329676329,0.4858700151336,"anchor",0.25
"anchor_186","HOG:0027918","BDIS","root","T3",28.4898614550509,"root::T3",4,0.803427098590773,0.185379345389892,"anchor",0.5
"anchor_186","HOG:0027918","BDIS","root","T4",42.7313175218636,"root::T4",4,0.189507347556549,0.163886660277917,"anchor",0.75
"anchor_186","HOG:0027918","BDIS","root","T5",56.4998699010652,"root::T5",4,1.23563913578829,0.53804789310781,"anchor",1
"anchor_186","HOG:0027918","BMAX","leaf","T1",7.47957433613505,"leaf::T1",4,-1.13077517533413,0.0519211110142955,"anchor",0
"anchor_186","HOG:0027918","BMAX","leaf","T2",14.5,"leaf::T2",4,-1.37153148477517,0.63076748967294,"anchor",0.25
"anchor_186","HOG:0027918","BMAX","leaf","T3",28.4898614550509,"leaf::T3",4,-0.579926833670192,0.0972830202554325,"anchor",0.5
"anchor_186","HOG:0027918","BMAX","leaf","T4",42.7313175218636,"leaf::T4",4,-0.905232295258011,0.80997800650699,"anchor",0.75
"anchor_186","HOG:0027918","BMAX","leaf","T5",56.4998699010652,"leaf::T5",4,-0.429314103383966,0.137389308897386,"anchor",1
"anchor_186","HOG:0027918","BMAX","root","T1",7.47957433613505,"root::T1",4,0.52571963212162,0.0902100894332065,"anchor",0
"anchor_186","HOG:0027918","BMAX","root","T2",14.5,"root::T2",4,0.798307468213329,0.395269703920487,"anchor",0.25
"anchor_186","HOG:0027918","BMAX","root","T3",28.4898614550509,"root::T3",4,0.763858415180104,0.308653458169727,"anchor",0.5
"anchor_186","HOG:0027918","BMAX","root","T4",42.7313175218636,"root::T4",4,1.07152362827497,0.113615953756611,"anchor",0.75
"anchor_186","HOG:0027918","BMAX","root","T5",56.4998699010652,"root::T5",4,0.803289684156417,0.267480864568784,"anchor",1
"anchor_186","HOG:0027918","BMED","leaf","T1",7.47957433613505,"leaf::T1",4,-0.76465614273298,0.11088656866462,"anchor",0
"anchor_186","HOG:0027918","BMED","leaf","T2",14.5,"leaf::T2",4,-0.318463101785501,0.110155396974754,"anchor",0.25
"anchor_186","HOG:0027918","BMED","leaf","T3",28.4898614550509,"leaf::T3",4,-0.108646484616631,0.156310595998017,"anchor",0.5
"anchor_186","HOG:0027918","BMED","leaf","T4",42.7313175218636,"leaf::T4",4,-0.187477622739216,0.0882017208471565,"anchor",0.75
"anchor_186","HOG:0027918","BMED","leaf","T5",56.4998699010652,"leaf::T5",4,-0.936951936315763,0.24605769726281,"anchor",1
"anchor_186","HOG:0027918","BMED","root","T1",7.47957433613505,"root::T1",4,0.502883587371762,0.442804513756922,"anchor",0
"anchor_186","HOG:0027918","BMED","root","T2",14.5,"root::T2",4,1.96906193617082,0.436724008980944,"anchor",0.25
"anchor_186","HOG:0027918","BMED","root","T3",28.4898614550509,"root::T3",4,0.550905981971777,0.676907304530945,"anchor",0.5
"anchor_186","HOG:0027918","BMED","root","T4",42.7313175218636,"root::T4",4,1.20049686671114,0.34703827294476,"anchor",0.75
"anchor_186","HOG:0027918","BMED","root","T5",56.4998699010652,"root::T5",4,1.40236136538076,0.60704851033959,"anchor",1
"anchor_186","HOG:0027918","BSYL","leaf","T1",7.47957433613505,"leaf::T1",4,-1.10193552253746,0.204030656883468,"anchor",0
"anchor_186","HOG:0027918","BSYL","leaf","T2",14.5,"leaf::T2",4,1.25851742195822,0.733988655658775,"anchor",0.25
"anchor_186","HOG:0027918","BSYL","leaf","T3",28.4898614550509,"leaf::T3",4,0.198316893541317,0.198527156640007,"anchor",0.5
"anchor_186","HOG:0027918","BSYL","leaf","T4",42.7313175218636,"leaf::T4",4,-0.544231849830901,0.150019523005016,"anchor",0.75
"anchor_186","HOG:0027918","BSYL","leaf","T5",56.4998699010652,"leaf::T5",4,0.130726050329201,0.79504353067153,"anchor",1
"anchor_186","HOG:0027918","BSYL","root","T1",7.47957433613505,"root::T1",4,-0.0369011428697231,0.131004003871798,"anchor",0
"anchor_186","HOG:0027918","BSYL","root","T2",14.5,"root::T2",4,1.83870888541671,0.873444706857365,"anchor",0.25
"anchor_186","HOG:0027918","BSYL","root","T3",28.4898614550509,"root::T3",4,0.64085322950552,0.81669797149456,"anchor",0.5
"anchor_186","HOG:0027918","BSYL","root","T4",42.7313175218636,"root::T4",4,-0.492810739671163,0.302931334315941,"anchor",0.75
"anchor_186","HOG:0027918","BSYL","root","T5",56.4998699010652,"root::T5",4,-1.34577384096237,1.84693185896949,"anchor",1
"anchor_186","HOG:0027918","FPRA","leaf","T1",7.47957433613505,"leaf::T1",4,-0.815074799140745,0.0729477759568055,"anchor",0
"anchor_186","HOG:0027918","FPRA","leaf","T2",14.5,"leaf::T2",4,-0.656213721397303,0.215150537518862,"anchor",0.25
"anchor_186","HOG:0027918","FPRA","leaf","T3",28.4898614550509,"leaf::T3",4,-0.59780683008042,0.223609789364871,"anchor",0.5
"anchor_186","HOG:0027918","FPRA","leaf","T4",42.7313175218636,"leaf::T4",4,-0.830156666215415,0.237234781502351,"anchor",0.75
"anchor_186","HOG:0027918","FPRA","leaf","T5",56.4998699010652,"leaf::T5",4,-0.787263893174369,0.141661708042887,"anchor",1
"anchor_186","HOG:0027918","FPRA","root","T1",7.47957433613505,"root::T1",4,0.283201186512649,0.022843416403699,"anchor",0
"anchor_186","HOG:0027918","FPRA","root","T2",14.5,"root::T2",4,1.54489120776977,0.235589581023005,"anchor",0.25
"anchor_186","HOG:0027918","FPRA","root","T3",28.4898614550509,"root::T3",4,1.0189040179756,0.267471157697814,"anchor",0.5
"anchor_186","HOG:0027918","FPRA","root","T4",42.7313175218636,"root::T4",4,0.11354003254282,0.0497379595405469,"anchor",0.75
"anchor_186","HOG:0027918","FPRA","root","T5",56.4998699010652,"root::T5",4,0.168410155283085,0.104909165394648,"anchor",1
"anchor_186","HOG:0027918","HJUB","leaf","T1",7.47957433613505,"leaf::T1",4,-1.48826354039682,0.0824856406548245,"anchor",0
"anchor_186","HOG:0027918","HJUB","leaf","T2",14.5,"leaf::T2",4,-1.36303816572957,0.0947229515642815,"anchor",0.25
"anchor_186","HOG:0027918","HJUB","leaf","T3",28.4898614550509,"leaf::T3",4,-0.778560702751133,0.283542209682502,"anchor",0.5
"anchor_186","HOG:0027918","HJUB","leaf","T4",42.7313175218636,"leaf::T4",4,-0.667128597500009,0.127267470591365,"anchor",0.75
"anchor_186","HOG:0027918","HJUB","leaf","T5",56.4998699010652,"leaf::T5",4,-0.852720771051248,0.0727405228850755,"anchor",1
"anchor_186","HOG:0027918","HJUB","root","T1",7.47957433613505,"root::T1",4,0.23593216624716,0.0500134581993775,"anchor",0
"anchor_186","HOG:0027918","HJUB","root","T2",14.5,"root::T2",4,0.553009251364836,0.20036764892502,"anchor",0.25
"anchor_186","HOG:0027918","HJUB","root","T3",28.4898614550509,"root::T3",4,0.414617575853437,0.238202834241892,"anchor",0.5
"anchor_186","HOG:0027918","HJUB","root","T4",42.7313175218636,"root::T4",4,0.399808309977474,0.154542274254524,"anchor",0.75
"anchor_186","HOG:0027918","HJUB","root","T5",56.4998699010652,"root::T5",4,0.319968165021414,0.130516508536855,"anchor",1
"anchor_186","HOG:0027918","HVUL","leaf","T1",7.47957433613505,"leaf::T1",4,-0.981578719307978,0.129640497265334,"anchor",0
"anchor_186","HOG:0027918","HVUL","leaf","T2",14.5,"leaf::T2",4,-0.389831343326206,0.146615508418619,"anchor",0.25
"anchor_186","HOG:0027918","HVUL","leaf","T3",28.4898614550509,"leaf::T3",4,-0.440690716449172,0.389351407373163,"anchor",0.5
"anchor_186","HOG:0027918","HVUL","leaf","T4",42.7313175218636,"leaf::T4",4,-0.463323205919709,0.0776322174681775,"anchor",0.75
"anchor_186","HOG:0027918","HVUL","leaf","T5",56.4998699010652,"leaf::T5",4,-0.249797473345335,0.41858307445093,"anchor",1
"anchor_186","HOG:0027918","HVUL","root","T1",7.47957433613505,"root::T1",4,0.443975891485627,0.124569941295202,"anchor",0
"anchor_186","HOG:0027918","HVUL","root","T2",14.5,"root::T2",4,0.929382595298768,0.59798578360646,"anchor",0.25
"anchor_186","HOG:0027918","HVUL","root","T3",28.4898614550509,"root::T3",4,0.790033776020246,0.223745470980039,"anchor",0.5
"anchor_186","HOG:0027918","HVUL","root","T4",42.7313175218636,"root::T4",4,0.982189448770622,0.326418179142812,"anchor",0.75
"anchor_186","HOG:0027918","HVUL","root","T5",56.4998699010652,"root::T5",4,0.318686451064724,0.34558390234602,"anchor",1
"anchor_186","HOG:0027918","VBRO","leaf","T1",7.47957433613505,"leaf::T1",4,-0.584951275220631,0.080647014680998,"anchor",0
"anchor_186","HOG:0027918","VBRO","leaf","T2",14.5,"leaf::T2",4,-0.448846432172837,0.484627381101455,"anchor",0.25
"anchor_186","HOG:0027918","VBRO","leaf","T3",28.4898614550509,"leaf::T3",3,-0.374907149635775,0.232118118151027,"anchor",0.5
"anchor_186","HOG:0027918","VBRO","leaf","T4",42.7313175218636,"leaf::T4",4,-1.73305053043047,0.674523499242515,"anchor",0.75
"anchor_186","HOG:0027918","VBRO","leaf","T5",56.4998699010652,"leaf::T5",4,-1.04362402579056,0.103461517419164,"anchor",1
"anchor_186","HOG:0027918","VBRO","root","T1",7.47957433613505,"root::T1",4,0.296925256782071,0.12111712470984,"anchor",0
"anchor_186","HOG:0027918","VBRO","root","T2",14.5,"root::T2",4,0.748456491006791,0.159332760530015,"anchor",0.25
"anchor_186","HOG:0027918","VBRO","root","T3",28.4898614550509,"root::T3",3,1.1585137036693,0.681907609354319,"anchor",0.5
"anchor_186","HOG:0027918","VBRO","root","T4",42.7313175218636,"root::T4",4,-0.0552736575919546,0.130298572165005,"anchor",0.75
"anchor_186","HOG:0027918","VBRO","root","T5",56.4998699010652,"root::T5",4,1.39169882117699,0.416806705841942,"anchor",1
"anchor_186","HOG:0027918","BDIS","leaf","T1",7.47957433613505,"leaf::T1",4,-0.914925006274617,0.0935828018817338,"module",0
"anchor_186","HOG:0027918","BDIS","leaf","T2",14.5,"leaf::T2",4,-1.10738554125996,0.247946758561128,"module",0.25
"anchor_186","HOG:0027918","BDIS","leaf","T3",28.4898614550509,"leaf::T3",4,-1.0363032495906,0.232655589406512,"module",0.5
"anchor_186","HOG:0027918","BDIS","leaf","T4",42.7313175218636,"leaf::T4",4,-0.497723505099832,0.215241460855899,"module",0.75
"anchor_186","HOG:0027918","BDIS","leaf","T5",56.4998699010652,"leaf::T5",4,-0.177768430338838,0.225822524987868,"module",1
"anchor_186","HOG:0027918","BDIS","root","T1",7.47957433613505,"root::T1",4,0.265039303668358,0.131184957063513,"module",0
"anchor_186","HOG:0027918","BDIS","root","T2",14.5,"root::T2",4,1.64384477463889,0.57824802515528,"module",0.25
"anchor_186","HOG:0027918","BDIS","root","T3",28.4898614550509,"root::T3",4,0.708181289644239,0.153849806329422,"module",0.5
"anchor_186","HOG:0027918","BDIS","root","T4",42.7313175218636,"root::T4",4,0.181708603372714,0.162444246293209,"module",0.75
"anchor_186","HOG:0027918","BDIS","root","T5",56.4998699010652,"root::T5",4,1.16794477740424,0.557002246128429,"module",1
"anchor_186","HOG:0027918","BMAX","leaf","T1",7.47957433613505,"leaf::T1",4,-1.1401287524706,0.0454009442953785,"module",0
"anchor_186","HOG:0027918","BMAX","leaf","T2",14.5,"leaf::T2",4,-1.28410945444107,0.542698490416598,"module",0.25
"anchor_186","HOG:0027918","BMAX","leaf","T3",28.4898614550509,"leaf::T3",4,-0.501712667080896,0.0778310705776579,"module",0.5
"anchor_186","HOG:0027918","BMAX","leaf","T4",42.7313175218636,"leaf::T4",4,-1.11121271990318,0.852056502684273,"module",0.75
"anchor_186","HOG:0027918","BMAX","leaf","T5",56.4998699010652,"leaf::T5",4,-0.730689048318266,0.1619102934088,"module",1
"anchor_186","HOG:0027918","BMAX","root","T1",7.47957433613505,"root::T1",4,0.280293434780599,0.0178848247843524,"module",0
"anchor_186","HOG:0027918","BMAX","root","T2",14.5,"root::T2",4,0.725707470332068,0.401246997033386,"module",0.25
"anchor_186","HOG:0027918","BMAX","root","T3",28.4898614550509,"root::T3",4,0.720669542770318,0.309399025604423,"module",0.5
"anchor_186","HOG:0027918","BMAX","root","T4",42.7313175218636,"root::T4",4,0.869654153015078,0.164647817985989,"module",0.75
"anchor_186","HOG:0027918","BMAX","root","T5",56.4998699010652,"root::T5",4,0.711820032362977,0.258808303311744,"module",1
"anchor_186","HOG:0027918","BMED","leaf","T1",7.47957433613505,"leaf::T1",4,-0.839830952522045,0.081826236158722,"module",0
"anchor_186","HOG:0027918","BMED","leaf","T2",14.5,"leaf::T2",4,-0.00579043129247698,0.0515102632749688,"module",0.25
"anchor_186","HOG:0027918","BMED","leaf","T3",28.4898614550509,"leaf::T3",4,-0.32126601985612,0.113299526426053,"module",0.5
"anchor_186","HOG:0027918","BMED","leaf","T4",42.7313175218636,"leaf::T4",4,-0.543195952097638,0.0800692328133346,"module",0.75
"anchor_186","HOG:0027918","BMED","leaf","T5",56.4998699010652,"leaf::T5",4,-0.820728207376444,0.0677486582878433,"module",1
"anchor_186","HOG:0027918","BMED","root","T1",7.47957433613505,"root::T1",4,-0.0308877491014549,0.428863931147643,"module",0
"anchor_186","HOG:0027918","BMED","root","T2",14.5,"root::T2",4,1.30182036027005,0.264350346345252,"module",0.25
"anchor_186","HOG:0027918","BMED","root","T3",28.4898614550509,"root::T3",4,0.158766152218252,0.482268531770091,"module",0.5
"anchor_186","HOG:0027918","BMED","root","T4",42.7313175218636,"root::T4",4,0.797582620017984,0.150052767211242,"module",0.75
"anchor_186","HOG:0027918","BMED","root","T5",56.4998699010652,"root::T5",4,1.09618662408195,0.334222624588689,"module",1
"anchor_186","HOG:0027918","BSYL","leaf","T1",7.47957433613505,"leaf::T1",4,-0.864716127548335,0.146207734774787,"module",0
"anchor_186","HOG:0027918","BSYL","leaf","T2",14.5,"leaf::T2",4,1.08059198615836,0.544815287335837,"module",0.25
"anchor_186","HOG:0027918","BSYL","leaf","T3",28.4898614550509,"leaf::T3",4,0.138360640473104,0.159115281108964,"module",0.5
"anchor_186","HOG:0027918","BSYL","leaf","T4",42.7313175218636,"leaf::T4",4,-0.100687511232766,0.139428081936681,"module",0.75
"anchor_186","HOG:0027918","BSYL","leaf","T5",56.4998699010652,"leaf::T5",4,-0.187785842914695,0.839578699929711,"module",1
"anchor_186","HOG:0027918","BSYL","root","T1",7.47957433613505,"root::T1",4,-0.0909218488263605,0.107864404626985,"module",0
"anchor_186","HOG:0027918","BSYL","root","T2",14.5,"root::T2",4,1.38996554741216,0.605904886000416,"module",0.25
"anchor_186","HOG:0027918","BSYL","root","T3",28.4898614550509,"root::T3",4,0.525114818949979,0.648697194947289,"module",0.5
"anchor_186","HOG:0027918","BSYL","root","T4",42.7313175218636,"root::T4",4,-0.501115292762938,0.192553649319626,"module",0.75
"anchor_186","HOG:0027918","BSYL","root","T5",56.4998699010652,"root::T5",4,-1.24608421716913,1.47621323136447,"module",1
"anchor_186","HOG:0027918","FPRA","leaf","T1",7.47957433613505,"leaf::T1",4,-0.761763494040265,0.0522732267629124,"module",0
"anchor_186","HOG:0027918","FPRA","leaf","T2",14.5,"leaf::T2",4,-0.593940020585504,0.167284136640164,"module",0.25
"anchor_186","HOG:0027918","FPRA","leaf","T3",28.4898614550509,"leaf::T3",4,-0.581403128605495,0.272543945409139,"module",0.5
"anchor_186","HOG:0027918","FPRA","leaf","T4",42.7313175218636,"leaf::T4",4,-1.04479273100775,0.232064983163134,"module",0.75
"anchor_186","HOG:0027918","FPRA","leaf","T5",56.4998699010652,"leaf::T5",4,-0.720822327920426,0.148720652449882,"module",1
"anchor_186","HOG:0027918","FPRA","root","T1",7.47957433613505,"root::T1",4,0.19634204041589,0.0363918714110393,"module",0
"anchor_186","HOG:0027918","FPRA","root","T2",14.5,"root::T2",4,1.87628051756787,0.303810708302738,"module",0.25
"anchor_186","HOG:0027918","FPRA","root","T3",28.4898614550509,"root::T3",4,1.30578606863029,0.395489268942567,"module",0.5
"anchor_186","HOG:0027918","FPRA","root","T4",42.7313175218636,"root::T4",4,0.401366834078709,0.0667570605803617,"module",0.75
"anchor_186","HOG:0027918","FPRA","root","T5",56.4998699010652,"root::T5",4,0.470737378600087,0.0836085918427031,"module",1
"anchor_186","HOG:0027918","HJUB","leaf","T1",7.47957433613505,"leaf::T1",4,-1.18783352995226,0.0375668074513213,"module",0
"anchor_186","HOG:0027918","HJUB","leaf","T2",14.5,"leaf::T2",4,-1.13239473607661,0.146513229383584,"module",0.25
"anchor_186","HOG:0027918","HJUB","leaf","T3",28.4898614550509,"leaf::T3",4,-0.66770697096096,0.328810148033795,"module",0.5
"anchor_186","HOG:0027918","HJUB","leaf","T4",42.7313175218636,"leaf::T4",4,-0.709167626915456,0.11224828716083,"module",0.75
"anchor_186","HOG:0027918","HJUB","leaf","T5",56.4998699010652,"leaf::T5",4,-0.75788673706324,0.0800905546940115,"module",1
"anchor_186","HOG:0027918","HJUB","root","T1",7.47957433613505,"root::T1",4,0.249691662349139,0.0479364316589476,"module",0
"anchor_186","HOG:0027918","HJUB","root","T2",14.5,"root::T2",4,0.63401975127339,0.125353526299031,"module",0.25
"anchor_186","HOG:0027918","HJUB","root","T3",28.4898614550509,"root::T3",4,0.568239579884581,0.271096379618564,"module",0.5
"anchor_186","HOG:0027918","HJUB","root","T4",42.7313175218636,"root::T4",4,0.507953568775136,0.106886835480927,"module",0.75
"anchor_186","HOG:0027918","HJUB","root","T5",56.4998699010652,"root::T5",4,0.487334244439707,0.102939963668446,"module",1
"anchor_186","HOG:0027918","HVUL","leaf","T1",7.47957433613505,"leaf::T1",4,-1.26151158861976,0.0898521810396387,"module",0
"anchor_186","HOG:0027918","HVUL","leaf","T2",14.5,"leaf::T2",4,-0.816032162308396,0.0962853084260463,"module",0.25
"anchor_186","HOG:0027918","HVUL","leaf","T3",28.4898614550509,"leaf::T3",4,-0.761215488521957,0.40237899789409,"module",0.5
"anchor_186","HOG:0027918","HVUL","leaf","T4",42.7313175218636,"leaf::T4",4,-0.592395044480724,0.0984605282206995,"module",0.75
"anchor_186","HOG:0027918","HVUL","leaf","T5",56.4998699010652,"leaf::T5",4,-0.57544067060451,0.364853803097682,"module",1
"anchor_186","HOG:0027918","HVUL","root","T1",7.47957433613505,"root::T1",4,0.113635976272647,0.113179504772834,"module",0
"anchor_186","HOG:0027918","HVUL","root","T2",14.5,"root::T2",4,0.872927263698077,0.48477614586489,"module",0.25
"anchor_186","HOG:0027918","HVUL","root","T3",28.4898614550509,"root::T3",4,0.630594964252493,0.218341592815911,"module",0.5
"anchor_186","HOG:0027918","HVUL","root","T4",42.7313175218636,"root::T4",4,1.16082010644335,0.458610394773501,"module",0.75
"anchor_186","HOG:0027918","HVUL","root","T5",56.4998699010652,"root::T5",4,0.632655745413037,0.296447137313675,"module",1
"anchor_186","HOG:0027918","VBRO","leaf","T1",7.47957433613505,"leaf::T1",4,-0.60818819117421,0.0288903852743456,"module",0
"anchor_186","HOG:0027918","VBRO","leaf","T2",14.5,"leaf::T2",4,-0.45816841157523,0.303026010944658,"module",0.25
"anchor_186","HOG:0027918","VBRO","leaf","T3",28.4898614550509,"leaf::T3",3,-0.555592322417243,0.123036366987694,"module",0.5
"anchor_186","HOG:0027918","VBRO","leaf","T4",42.7313175218636,"leaf::T4",4,-1.40854527098302,0.727198294731332,"module",0.75
"anchor_186","HOG:0027918","VBRO","leaf","T5",56.4998699010652,"leaf::T5",4,-1.15816405592064,0.106199838422713,"module",1
"anchor_186","HOG:0027918","VBRO","root","T1",7.47957433613505,"root::T1",4,0.114345745442318,0.0839055635550253,"module",0
"anchor_186","HOG:0027918","VBRO","root","T2",14.5,"root::T2",4,0.735208233591569,0.163944778455733,"module",0.25
"anchor_186","HOG:0027918","VBRO","root","T3",28.4898614550509,"root::T3",3,1.19381518427907,0.716701269139261,"module",0.5
"anchor_186","HOG:0027918","VBRO","root","T4",42.7313175218636,"root::T4",4,0.345127045450461,0.0545971323133113,"module",0.75
"anchor_186","HOG:0027918","VBRO","root","T5",56.4998699010652,"root::T5",4,1.52268316115273,0.490753350105253,"module",1
"anchor_266","HOG:0028440","BDIS","leaf","T1",7.47957433613505,"leaf::T1",4,-0.653250994957505,0.057795243866529,"anchor",0
"anchor_266","HOG:0028440","BDIS","leaf","T2",14.5,"leaf::T2",4,-1.11807248976141,0.117319643128813,"anchor",0.25
"anchor_266","HOG:0028440","BDIS","leaf","T3",28.4898614550509,"leaf::T3",4,-0.877120131154204,0.133675391339747,"anchor",0.5
"anchor_266","HOG:0028440","BDIS","leaf","T4",42.7313175218636,"leaf::T4",4,-0.67520745465612,0.048714919873297,"anchor",0.75
"anchor_266","HOG:0028440","BDIS","leaf","T5",56.4998699010652,"leaf::T5",4,-0.52099836243028,0.0744943156203865,"anchor",1
"anchor_266","HOG:0028440","BDIS","root","T1",7.47957433613505,"root::T1",4,0.669211512598354,0.0508599646160475,"anchor",0
"anchor_266","HOG:0028440","BDIS","root","T2",14.5,"root::T2",4,0.800719885204929,0.128396952030171,"anchor",0.25
"anchor_266","HOG:0028440","BDIS","root","T3",28.4898614550509,"root::T3",4,0.536114621246482,0.069224237355795,"anchor",0.5
"anchor_266","HOG:0028440","BDIS","root","T4",42.7313175218636,"root::T4",4,0.628529471221862,0.05052091722274,"anchor",0.75
"anchor_266","HOG:0028440","BDIS","root","T5",56.4998699010652,"root::T5",4,0.578416965833427,0.116980710256035,"anchor",1
"anchor_266","HOG:0028440","BMAX","leaf","T1",7.47957433613505,"leaf::T1",4,-0.71355653277734,0.0912764141493605,"anchor",0
"anchor_266","HOG:0028440","BMAX","leaf","T2",14.5,"leaf::T2",4,-1.25319744860181,0.257414127011952,"anchor",0.25
"anchor_266","HOG:0028440","BMAX","leaf","T3",28.4898614550509,"leaf::T3",4,-0.648357906873235,0.0185649040166088,"anchor",0.5
"anchor_266","HOG:0028440","BMAX","leaf","T4",42.7313175218636,"leaf::T4",4,-0.971148653702894,0.38860589581405,"anchor",0.75
"anchor_266","HOG:0028440","BMAX","leaf","T5",56.4998699010652,"leaf::T5",4,-0.818473323896402,0.142713326935956,"anchor",1
"anchor_266","HOG:0028440","BMAX","root","T1",7.47957433613505,"root::T1",4,0.733390530038491,0.0334499315204045,"anchor",0
"anchor_266","HOG:0028440","BMAX","root","T2",14.5,"root::T2",4,0.902256344978905,0.200539282580878,"anchor",0.25
"anchor_266","HOG:0028440","BMAX","root","T3",28.4898614550509,"root::T3",4,0.512609509841703,0.0630769781864675,"anchor",0.5
"anchor_266","HOG:0028440","BMAX","root","T4",42.7313175218636,"root::T4",4,0.434576139327795,0.09018323480913,"anchor",0.75
"anchor_266","HOG:0028440","BMAX","root","T5",56.4998699010652,"root::T5",4,0.62179795994736,0.15144060681616,"anchor",1
"anchor_266","HOG:0028440","BMED","leaf","T1",7.47957433613505,"leaf::T1",4,-0.587225878025115,0.058441616730595,"anchor",0
"anchor_266","HOG:0028440","BMED","leaf","T2",14.5,"leaf::T2",4,-0.810380426189617,0.14403228058702,"anchor",0.25
"anchor_266","HOG:0028440","BMED","leaf","T3",28.4898614550509,"leaf::T3",4,-0.687629853466399,0.07325201803342,"anchor",0.5
"anchor_266","HOG:0028440","BMED","leaf","T4",42.7313175218636,"leaf::T4",4,-0.674815437593294,0.053133224523891,"anchor",0.75
"anchor_266","HOG:0028440","BMED","leaf","T5",56.4998699010652,"leaf::T5",4,-0.451937415967548,0.10614334447306,"anchor",1
"anchor_266","HOG:0028440","BMED","root","T1",7.47957433613505,"root::T1",4,0.426024245335991,0.0847832876741385,"anchor",0
"anchor_266","HOG:0028440","BMED","root","T2",14.5,"root::T2",4,0.853034481716506,0.0444069497695926,"anchor",0.25
"anchor_266","HOG:0028440","BMED","root","T3",28.4898614550509,"root::T3",4,0.616208947103144,0.150231164395432,"anchor",0.5
"anchor_266","HOG:0028440","BMED","root","T4",42.7313175218636,"root::T4",4,0.739771310455029,0.0406252985688028,"anchor",0.75
"anchor_266","HOG:0028440","BMED","root","T5",56.4998699010652,"root::T5",4,0.977005472483113,0.119307181639997,"anchor",1
"anchor_266","HOG:0028440","BSYL","leaf","T1",7.47957433613505,"leaf::T1",4,-0.949271116955013,0.076978667287467,"anchor",0
"anchor_266","HOG:0028440","BSYL","leaf","T2",14.5,"leaf::T2",4,-0.738813523775539,0.222575052015196,"anchor",0.25
"anchor_266","HOG:0028440","BSYL","leaf","T3",28.4898614550509,"leaf::T3",4,-0.333537983368407,0.124441806966922,"anchor",0.5
"anchor_266","HOG:0028440","BSYL","leaf","T4",42.7313175218636,"leaf::T4",4,-0.0929218682116159,0.165030244871082,"anchor",0.75
"anchor_266","HOG:0028440","BSYL","leaf","T5",56.4998699010652,"leaf::T5",4,-0.339165024245712,0.198144956151546,"anchor",1
"anchor_266","HOG:0028440","BSYL","root","T1",7.47957433613505,"root::T1",4,0.807648011020615,0.0599894330312175,"anchor",0
"anchor_266","HOG:0028440","BSYL","root","T2",14.5,"root::T2",4,1.10350160874493,0.103645957413134,"anchor",0.25
"anchor_266","HOG:0028440","BSYL","root","T3",28.4898614550509,"root::T3",4,1.06619952845703,0.202300951424788,"anchor",0.5
"anchor_266","HOG:0028440","BSYL","root","T4",42.7313175218636,"root::T4",4,0.163361186092494,0.140104231776192,"anchor",0.75
"anchor_266","HOG:0028440","BSYL","root","T5",56.4998699010652,"root::T5",4,-0.726469877500657,0.731355038592505,"anchor",1
"anchor_266","HOG:0028440","FPRA","leaf","T1",7.47957433613505,"leaf::T1",4,-0.849474482105173,0.092541495048115,"anchor",0
"anchor_266","HOG:0028440","FPRA","leaf","T2",14.5,"leaf::T2",4,-0.762903395158064,0.0835726007683315,"anchor",0.25
"anchor_266","HOG:0028440","FPRA","leaf","T3",28.4898614550509,"leaf::T3",4,-0.700292085243524,0.113088058124164,"anchor",0.5
"anchor_266","HOG:0028440","FPRA","leaf","T4",42.7313175218636,"leaf::T4",4,-0.925260195291035,0.158620725547946,"anchor",0.75
"anchor_266","HOG:0028440","FPRA","leaf","T5",56.4998699010652,"leaf::T5",4,-0.553120911883398,0.104345227200562,"anchor",1
"anchor_266","HOG:0028440","FPRA","root","T1",7.47957433613505,"root::T1",4,0.470757996637517,0.0407479838456399,"anchor",0
"anchor_266","HOG:0028440","FPRA","root","T2",14.5,"root::T2",4,1.06193851309162,0.127096342616227,"anchor",0.25
"anchor_266","HOG:0028440","FPRA","root","T3",28.4898614550509,"root::T3",4,0.839932835623588,0.219462575772279,"anchor",0.5
"anchor_266","HOG:0028440","FPRA","root","T4",42.7313175218636,"root::T4",4,0.651100717649798,0.118668502866981,"anchor",0.75
"anchor_266","HOG:0028440","FPRA","root","T5",56.4998699010652,"root::T5",4,0.478514062491181,0.075930240657891,"anchor",1
"anchor_266","HOG:0028440","HJUB","leaf","T1",7.47957433613505,"leaf::T1",4,-0.692241910165828,0.0382313322867617,"anchor",0
"anchor_266","HOG:0028440","HJUB","leaf","T2",14.5,"leaf::T2",4,-0.675460389352551,0.0594376208263445,"anchor",0.25
"anchor_266","HOG:0028440","HJUB","leaf","T3",28.4898614550509,"leaf::T3",4,-0.57260444371947,0.119898392450148,"anchor",0.5
"anchor_266","HOG:0028440","HJUB","leaf","T4",42.7313175218636,"leaf::T4",4,-0.715587380965752,0.0274143646931554,"anchor",0.75
"anchor_266","HOG:0028440","HJUB","leaf","T5",56.4998699010652,"leaf::T5",4,-0.758297113335849,0.0113182749828332,"anchor",1
"anchor_266","HOG:0028440","HJUB","root","T1",7.47957433613505,"root::T1",4,0.640291098863529,0.0385585418372873,"anchor",0
"anchor_266","HOG:0028440","HJUB","root","T2",14.5,"root::T2",4,0.723377767077643,0.030764745688672,"anchor",0.25
"anchor_266","HOG:0028440","HJUB","root","T3",28.4898614550509,"root::T3",4,0.688717045565551,0.129843859136909,"anchor",0.5
"anchor_266","HOG:0028440","HJUB","root","T4",42.7313175218636,"root::T4",4,0.408564748280402,0.0515256079271025,"anchor",0.75
"anchor_266","HOG:0028440","HJUB","root","T5",56.4998699010652,"root::T5",4,0.549563160652128,0.060386445620238,"anchor",1
"anchor_266","HOG:0028440","HVUL","leaf","T1",7.47957433613505,"leaf::T1",4,-1.40189254645824,0.055870283770028,"anchor",0
"anchor_266","HOG:0028440","HVUL","leaf","T2",14.5,"leaf::T2",4,-1.02646330900526,0.0629165120502065,"anchor",0.25
"anchor_266","HOG:0028440","HVUL","leaf","T3",28.4898614550509,"leaf::T3",4,-0.934061051519325,0.0821800637370555,"anchor",0.5
"anchor_266","HOG:0028440","HVUL","leaf","T4",42.7313175218636,"leaf::T4",4,-0.889213737425738,0.056650958997159,"anchor",0.75
"anchor_266","HOG:0028440","HVUL","leaf","T5",56.4998699010652,"leaf::T5",4,-0.469286131814885,0.126330387692768,"anchor",1
"anchor_266","HOG:0028440","HVUL","root","T1",7.47957433613505,"root::T1",4,0.379372872897729,0.0509609922881245,"anchor",0
"anchor_266","HOG:0028440","HVUL","root","T2",14.5,"root::T2",4,0.603036809825042,0.166770659945987,"anchor",0.25
"anchor_266","HOG:0028440","HVUL","root","T3",28.4898614550509,"root::T3",4,0.372713996286825,0.0931685138365645,"anchor",0.5
"anchor_266","HOG:0028440","HVUL","root","T4",42.7313175218636,"root::T4",4,0.642812621429143,0.113927546090838,"anchor",0.75
"anchor_266","HOG:0028440","HVUL","root","T5",56.4998699010652,"root::T5",4,0.433901215142441,0.069007111088524,"anchor",1
"anchor_266","HOG:0028440","VBRO","leaf","T1",7.47957433613505,"leaf::T1",4,-0.982320763580826,0.0786340760055225,"anchor",0
"anchor_266","HOG:0028440","VBRO","leaf","T2",14.5,"leaf::T2",4,-0.991328416559414,0.267116333995065,"anchor",0.25
"anchor_266","HOG:0028440","VBRO","leaf","T3",28.4898614550509,"leaf::T3",3,-0.73723133833373,0.229537280953518,"anchor",0.5
"anchor_266","HOG:0028440","VBRO","leaf","T4",42.7313175218636,"leaf::T4",4,-1.14851697003764,0.270085962833973,"anchor",0.75
"anchor_266","HOG:0028440","VBRO","leaf","T5",56.4998699010652,"leaf::T5",4,-0.909904314073864,0.0384733494439118,"anchor",1
"anchor_266","HOG:0028440","VBRO","root","T1",7.47957433613505,"root::T1",4,0.466163563345488,0.0238290252119648,"anchor",0
"anchor_266","HOG:0028440","VBRO","root","T2",14.5,"root::T2",4,0.479124503784646,0.095633862908858,"anchor",0.25
"anchor_266","HOG:0028440","VBRO","root","T3",28.4898614550509,"root::T3",3,0.439553050230876,0.145360158710127,"anchor",0.5
"anchor_266","HOG:0028440","VBRO","root","T4",42.7313175218636,"root::T4",4,0.361848857934906,0.0865817526701185,"anchor",0.75
"anchor_266","HOG:0028440","VBRO","root","T5",56.4998699010652,"root::T5",4,0.475006028902292,0.099765524477651,"anchor",1
"anchor_266","HOG:0028440","BDIS","leaf","T1",7.47957433613505,"leaf::T1",4,-0.666703007319748,0.0343805255910464,"module",0
"anchor_266","HOG:0028440","BDIS","leaf","T2",14.5,"leaf::T2",4,-0.9172319934581,0.0774218688212277,"module",0.25
"anchor_266","HOG:0028440","BDIS","leaf","T3",28.4898614550509,"leaf::T3",4,-0.761094136291281,0.0802531878123177,"module",0.5
"anchor_266","HOG:0028440","BDIS","leaf","T4",42.7313175218636,"leaf::T4",4,-0.687798105728127,0.0232602641435372,"module",0.75
"anchor_266","HOG:0028440","BDIS","leaf","T5",56.4998699010652,"leaf::T5",4,-0.587300377644574,0.0523113844789267,"module",1
"anchor_266","HOG:0028440","BDIS","root","T1",7.47957433613505,"root::T1",4,0.622966105527027,0.023908603655746,"module",0
"anchor_266","HOG:0028440","BDIS","root","T2",14.5,"root::T2",4,0.835136716343141,0.118489917940391,"module",0.25
"anchor_266","HOG:0028440","BDIS","root","T3",28.4898614550509,"root::T3",4,0.610621102038871,0.0660866728350649,"module",0.5
"anchor_266","HOG:0028440","BDIS","root","T4",42.7313175218636,"root::T4",4,0.633595242450564,0.0583513640223493,"module",0.75
"anchor_266","HOG:0028440","BDIS","root","T5",56.4998699010652,"root::T5",4,0.640723884010073,0.0962000148988416,"module",1
"anchor_266","HOG:0028440","BMAX","leaf","T1",7.47957433613505,"leaf::T1",4,-0.759786895488697,0.0395358465892254,"module",0
"anchor_266","HOG:0028440","BMAX","leaf","T2",14.5,"leaf::T2",4,-1.02471980141572,0.22277681036691,"module",0.25
"anchor_266","HOG:0028440","BMAX","leaf","T3",28.4898614550509,"leaf::T3",4,-0.685624444965323,0.0282424408019777,"module",0.5
"anchor_266","HOG:0028440","BMAX","leaf","T4",42.7313175218636,"leaf::T4",4,-0.812868952626863,0.300250102629291,"module",0.75
"anchor_266","HOG:0028440","BMAX","leaf","T5",56.4998699010652,"leaf::T5",4,-0.756063337634287,0.108426408488842,"module",1
"anchor_266","HOG:0028440","BMAX","root","T1",7.47957433613505,"root::T1",4,0.654779116681006,0.0320541096129359,"module",0
"anchor_266","HOG:0028440","BMAX","root","T2",14.5,"root::T2",4,0.812928160519744,0.157069979612366,"module",0.25
"anchor_266","HOG:0028440","BMAX","root","T3",28.4898614550509,"root::T3",4,0.57992105097051,0.0660917033164392,"module",0.5
"anchor_266","HOG:0028440","BMAX","root","T4",42.7313175218636,"root::T4",4,0.478402440296045,0.068431942014922,"module",0.75
"anchor_266","HOG:0028440","BMAX","root","T5",56.4998699010652,"root::T5",4,0.68292896873211,0.115051098284294,"module",1
"anchor_266","HOG:0028440","BMED","leaf","T1",7.47957433613505,"leaf::T1",4,-0.730731227239373,0.0464914434488299,"module",0
"anchor_266","HOG:0028440","BMED","leaf","T2",14.5,"leaf::T2",4,-0.74404314269552,0.0743680608176951,"module",0.25
"anchor_266","HOG:0028440","BMED","leaf","T3",28.4898614550509,"leaf::T3",4,-0.679353104538981,0.0603523360615547,"module",0.5
"anchor_266","HOG:0028440","BMED","leaf","T4",42.7313175218636,"leaf::T4",4,-0.729689523806753,0.0223565849177471,"module",0.75
"anchor_266","HOG:0028440","BMED","leaf","T5",56.4998699010652,"leaf::T5",4,-0.458723565944469,0.100364097676042,"module",1
"anchor_266","HOG:0028440","BMED","root","T1",7.47957433613505,"root::T1",4,0.528630987998177,0.0951989308007938,"module",0
"anchor_266","HOG:0028440","BMED","root","T2",14.5,"root::T2",4,0.840995480346248,0.046149733291139,"module",0.25
"anchor_266","HOG:0028440","BMED","root","T3",28.4898614550509,"root::T3",4,0.639901527418835,0.118523146878881,"module",0.5
"anchor_266","HOG:0028440","BMED","root","T4",42.7313175218636,"root::T4",4,0.780770866347916,0.0328089492818998,"module",0.75
"anchor_266","HOG:0028440","BMED","root","T5",56.4998699010652,"root::T5",4,0.942862940591837,0.0986662040951453,"module",1
"anchor_266","HOG:0028440","BSYL","leaf","T1",7.47957433613505,"leaf::T1",4,-0.871848415241398,0.0655199298636215,"module",0
"anchor_266","HOG:0028440","BSYL","leaf","T2",14.5,"leaf::T2",4,-0.426363096844908,0.096738219694062,"module",0.25
"anchor_266","HOG:0028440","BSYL","leaf","T3",28.4898614550509,"leaf::T3",4,-0.286019112033957,0.0938560118381769,"module",0.5
"anchor_266","HOG:0028440","BSYL","leaf","T4",42.7313175218636,"leaf::T4",4,-0.292946684903748,0.0928150706947891,"module",0.75
"anchor_266","HOG:0028440","BSYL","leaf","T5",56.4998699010652,"leaf::T5",4,-0.408430828910153,0.196564368711792,"module",1
"anchor_266","HOG:0028440","BSYL","root","T1",7.47957433613505,"root::T1",4,0.975599331232147,0.0889501552643769,"module",0
"anchor_266","HOG:0028440","BSYL","root","T2",14.5,"root::T2",4,1.3067906148633,0.103181176642443,"module",0.25
"anchor_266","HOG:0028440","BSYL","root","T3",28.4898614550509,"root::T3",4,1.28658560981644,0.166087687925929,"module",0.5
"anchor_266","HOG:0028440","BSYL","root","T4",42.7313175218636,"root::T4",4,0.399697603318149,0.109752563950293,"module",0.75
"anchor_266","HOG:0028440","BSYL","root","T5",56.4998699010652,"root::T5",4,-0.542741333310695,0.806782653299247,"module",1
"anchor_266","HOG:0028440","FPRA","leaf","T1",7.47957433613505,"leaf::T1",4,-0.832754981824355,0.0638946724462372,"module",0
"anchor_266","HOG:0028440","FPRA","leaf","T2",14.5,"leaf::T2",4,-0.653973657339672,0.0327324426282004,"module",0.25
"anchor_266","HOG:0028440","FPRA","leaf","T3",28.4898614550509,"leaf::T3",4,-0.637691874872588,0.0682907144923991,"module",0.5
"anchor_266","HOG:0028440","FPRA","leaf","T4",42.7313175218636,"leaf::T4",4,-0.826329665894199,0.066499315148578,"module",0.75
"anchor_266","HOG:0028440","FPRA","leaf","T5",56.4998699010652,"leaf::T5",4,-0.595978669325248,0.055527122015238,"module",1
"anchor_266","HOG:0028440","FPRA","root","T1",7.47957433613505,"root::T1",4,0.471403022096705,0.022775842851293,"module",0
"anchor_266","HOG:0028440","FPRA","root","T2",14.5,"root::T2",4,0.977761018515444,0.0919669477707139,"module",0.25
"anchor_266","HOG:0028440","FPRA","root","T3",28.4898614550509,"root::T3",4,0.853314361421878,0.148122019405486,"module",0.5
"anchor_266","HOG:0028440","FPRA","root","T4",42.7313175218636,"root::T4",4,0.63987768962423,0.0946166354512009,"module",0.75
"anchor_266","HOG:0028440","FPRA","root","T5",56.4998699010652,"root::T5",4,0.550517202320292,0.0430507163051875,"module",1
"anchor_266","HOG:0028440","HJUB","leaf","T1",7.47957433613505,"leaf::T1",4,-0.699206216239665,0.0219907951238766,"module",0
"anchor_266","HOG:0028440","HJUB","leaf","T2",14.5,"leaf::T2",4,-0.699396009884608,0.0570256097212696,"module",0.25
"anchor_266","HOG:0028440","HJUB","leaf","T3",28.4898614550509,"leaf::T3",4,-0.579216690525333,0.106917325629912,"module",0.5
"anchor_266","HOG:0028440","HJUB","leaf","T4",42.7313175218636,"leaf::T4",4,-0.770002118216105,0.0194538127655737,"module",0.75
"anchor_266","HOG:0028440","HJUB","leaf","T5",56.4998699010652,"leaf::T5",4,-0.820692903419429,0.0180199709996205,"module",1
"anchor_266","HOG:0028440","HJUB","root","T1",7.47957433613505,"root::T1",4,0.650928678181152,0.0312025421294983,"module",0
"anchor_266","HOG:0028440","HJUB","root","T2",14.5,"root::T2",4,0.753337787801114,0.03912505926491,"module",0.25
"anchor_266","HOG:0028440","HJUB","root","T3",28.4898614550509,"root::T3",4,0.726875992492548,0.0859778157466702,"module",0.5
"anchor_266","HOG:0028440","HJUB","root","T4",42.7313175218636,"root::T4",4,0.433153593041128,0.0471664993431293,"module",0.75
"anchor_266","HOG:0028440","HJUB","root","T5",56.4998699010652,"root::T5",4,0.64654570895291,0.0379983295195097,"module",1
"anchor_266","HOG:0028440","HVUL","leaf","T1",7.47957433613505,"leaf::T1",4,-1.12637249840604,0.0400365209227306,"module",0
"anchor_266","HOG:0028440","HVUL","leaf","T2",14.5,"leaf::T2",4,-0.880446808237803,0.0328994660993746,"module",0.25
"anchor_266","HOG:0028440","HVUL","leaf","T3",28.4898614550509,"leaf::T3",4,-0.811474559784633,0.104861757797548,"module",0.5
"anchor_266","HOG:0028440","HVUL","leaf","T4",42.7313175218636,"leaf::T4",4,-0.82293957140792,0.0366398059641699,"module",0.75
"anchor_266","HOG:0028440","HVUL","leaf","T5",56.4998699010652,"leaf::T5",4,-0.454496331797516,0.119512852863132,"module",1
"anchor_266","HOG:0028440","HVUL","root","T1",7.47957433613505,"root::T1",4,0.424059825586647,0.0595867989910748,"module",0
"anchor_266","HOG:0028440","HVUL","root","T2",14.5,"root::T2",4,0.679219343513568,0.112977923356848,"module",0.25
"anchor_266","HOG:0028440","HVUL","root","T3",28.4898614550509,"root::T3",4,0.517393850967872,0.0632407864297895,"module",0.5
"anchor_266","HOG:0028440","HVUL","root","T4",42.7313175218636,"root::T4",4,0.693037591902803,0.104489611397115,"module",0.75
"anchor_266","HOG:0028440","HVUL","root","T5",56.4998699010652,"root::T5",4,0.534829268901055,0.0734495868619323,"module",1
"anchor_266","HOG:0028440","VBRO","leaf","T1",7.47957433613505,"leaf::T1",4,-0.817429202265884,0.0218019025771471,"module",0
"anchor_266","HOG:0028440","VBRO","leaf","T2",14.5,"leaf::T2",4,-0.784646827084699,0.11083558756403,"module",0.25
"anchor_266","HOG:0028440","VBRO","leaf","T3",28.4898614550509,"leaf::T3",3,-0.66792651801058,0.124451543106089,"module",0.5
"anchor_266","HOG:0028440","VBRO","leaf","T4",42.7313175218636,"leaf::T4",4,-0.888461215739431,0.199680808894982,"module",0.75
"anchor_266","HOG:0028440","VBRO","leaf","T5",56.4998699010652,"leaf::T5",4,-0.752046705584339,0.027300808728345,"module",1
"anchor_266","HOG:0028440","VBRO","root","T1",7.47957433613505,"root::T1",4,0.593673961074152,0.0219579634601937,"module",0
"anchor_266","HOG:0028440","VBRO","root","T2",14.5,"root::T2",4,0.624603593410143,0.0464450415434887,"module",0.25
"anchor_266","HOG:0028440","VBRO","root","T3",28.4898614550509,"root::T3",3,0.562216060921121,0.0631518326877236,"module",0.5
"anchor_266","HOG:0028440","VBRO","root","T4",42.7313175218636,"root::T4",4,0.553053221212997,0.0850436145444775,"module",0.75
"anchor_266","HOG:0028440","VBRO","root","T5",56.4998699010652,"root::T5",4,0.695528455104339,0.0557288536012509,"module",1
"anchor_118","HOG:0028661","BDIS","leaf","T1",7.47957433613505,"leaf::T1",4,-0.740626060533887,0.0473567149621608,"anchor",0
"anchor_118","HOG:0028661","BDIS","leaf","T2",14.5,"leaf::T2",4,-0.826733139997687,0.0553461165796225,"anchor",0.25
"anchor_118","HOG:0028661","BDIS","leaf","T3",28.4898614550509,"leaf::T3",4,-0.662476424602013,0.087762588890467,"anchor",0.5
"anchor_118","HOG:0028661","BDIS","leaf","T4",42.7313175218636,"leaf::T4",4,-0.716544174709556,0.060893621179811,"anchor",0.75
"anchor_118","HOG:0028661","BDIS","leaf","T5",56.4998699010652,"leaf::T5",4,-0.617664248290911,0.0461444369782755,"anchor",1
"anchor_118","HOG:0028661","BDIS","root","T1",7.47957433613505,"root::T1",4,0.58190500730082,0.0335747330349406,"anchor",0
"anchor_118","HOG:0028661","BDIS","root","T2",14.5,"root::T2",4,0.806169699476208,0.0916508546714295,"anchor",0.25
"anchor_118","HOG:0028661","BDIS","root","T3",28.4898614550509,"root::T3",4,0.659102030958198,0.0951211891763295,"anchor",0.5
"anchor_118","HOG:0028661","BDIS","root","T4",42.7313175218636,"root::T4",4,0.650958825627869,0.053579704141789,"anchor",0.75
"anchor_118","HOG:0028661","BDIS","root","T5",56.4998699010652,"root::T5",4,0.616276816327491,0.079141327993312,"anchor",1
"anchor_118","HOG:0028661","BMAX","leaf","T1",7.47957433613505,"leaf::T1",4,-0.745152830555692,0.074118958808429,"anchor",0
"anchor_118","HOG:0028661","BMAX","leaf","T2",14.5,"leaf::T2",4,-0.756833105455658,0.092616989928557,"anchor",0.25
"anchor_118","HOG:0028661","BMAX","leaf","T3",28.4898614550509,"leaf::T3",4,-0.743925892511658,0.055821253379256,"anchor",0.5
"anchor_118","HOG:0028661","BMAX","leaf","T4",42.7313175218636,"leaf::T4",4,-0.761695102222831,0.12016740988803,"anchor",0.75
"anchor_118","HOG:0028661","BMAX","leaf","T5",56.4998699010652,"leaf::T5",4,-0.561140835817154,0.102240134929773,"anchor",1
"anchor_118","HOG:0028661","BMAX","root","T1",7.47957433613505,"root::T1",4,0.534274842596957,0.0425301386823293,"anchor",0
"anchor_118","HOG:0028661","BMAX","root","T2",14.5,"root::T2",4,0.900694614510729,0.104430379728413,"anchor",0.25
"anchor_118","HOG:0028661","BMAX","root","T3",28.4898614550509,"root::T3",4,0.684982397572656,0.108701798365281,"anchor",0.5
"anchor_118","HOG:0028661","BMAX","root","T4",42.7313175218636,"root::T4",4,0.757388279565121,0.0615844424485735,"anchor",0.75
"anchor_118","HOG:0028661","BMAX","root","T5",56.4998699010652,"root::T5",4,0.670808517110993,0.121404072510131,"anchor",1
"anchor_118","HOG:0028661","BMED","leaf","T1",7.47957433613505,"leaf::T1",4,-0.839347056843607,0.0298972466389406,"anchor",0
"anchor_118","HOG:0028661","BMED","leaf","T2",14.5,"leaf::T2",4,-0.801839745019731,0.070735761772287,"anchor",0.25
"anchor_118","HOG:0028661","BMED","leaf","T3",28.4898614550509,"leaf::T3",4,-0.584151151404341,0.0681178670860755,"anchor",0.5
"anchor_118","HOG:0028661","BMED","leaf","T4",42.7313175218636,"leaf::T4",4,-0.759113599899444,0.112444721347172,"anchor",0.75
"anchor_118","HOG:0028661","BMED","leaf","T5",56.4998699010652,"leaf::T5",4,-0.509082746586608,0.117780173611832,"anchor",1
"anchor_118","HOG:0028661","BMED","root","T1",7.47957433613505,"root::T1",4,0.379552496537699,0.107400907535597,"anchor",0
"anchor_118","HOG:0028661","BMED","root","T2",14.5,"root::T2",4,0.634773834685825,0.0333866155732456,"anchor",0.25
"anchor_118","HOG:0028661","BMED","root","T3",28.4898614550509,"root::T3",4,0.61263444558841,0.11146064589472,"anchor",0.5
"anchor_118","HOG:0028661","BMED","root","T4",42.7313175218636,"root::T4",4,0.626949360500637,0.104004972891955,"anchor",0.75
"anchor_118","HOG:0028661","BMED","root","T5",56.4998699010652,"root::T5",4,0.83585134391054,0.0833791304410905,"anchor",1
"anchor_118","HOG:0028661","BSYL","leaf","T1",7.47957433613505,"leaf::T1",4,-0.855728067373185,0.069047709456556,"anchor",0
"anchor_118","HOG:0028661","BSYL","leaf","T2",14.5,"leaf::T2",4,-0.311591511813401,0.063786671972594,"anchor",0.25
"anchor_118","HOG:0028661","BSYL","leaf","T3",28.4898614550509,"leaf::T3",4,-0.464860233663495,0.08271356944923,"anchor",0.5
"anchor_118","HOG:0028661","BSYL","leaf","T4",42.7313175218636,"leaf::T4",4,-0.469262161832965,0.098041743703842,"anchor",0.75
"anchor_118","HOG:0028661","BSYL","leaf","T5",56.4998699010652,"leaf::T5",4,-0.42534503944911,0.191444763849201,"anchor",1
"anchor_118","HOG:0028661","BSYL","root","T1",7.47957433613505,"root::T1",4,0.868612261528899,0.0956454233652785,"anchor",0
"anchor_118","HOG:0028661","BSYL","root","T2",14.5,"root::T2",4,1.392151433968,0.119825459337278,"anchor",0.25
"anchor_118","HOG:0028661","BSYL","root","T3",28.4898614550509,"root::T3",4,1.31113333762824,0.194776795061891,"anchor",0.5
"anchor_118","HOG:0028661","BSYL","root","T4",42.7313175218636,"root::T4",4,0.622097619544008,0.0656005520815645,"anchor",0.75
"anchor_118","HOG:0028661","BSYL","root","T5",56.4998699010652,"root::T5",4,-0.61929793758531,0.967016783740065,"anchor",1
"anchor_118","HOG:0028661","FPRA","leaf","T1",7.47957433613505,"leaf::T1",4,-0.76710183087095,0.063505532409488,"anchor",0
"anchor_118","HOG:0028661","FPRA","leaf","T2",14.5,"leaf::T2",4,-0.508005651468824,0.051631582638843,"anchor",0.25
"anchor_118","HOG:0028661","FPRA","leaf","T3",28.4898614550509,"leaf::T3",4,-0.56996946809836,0.0461457720485606,"anchor",0.5
"anchor_118","HOG:0028661","FPRA","leaf","T4",42.7313175218636,"leaf::T4",4,-0.861134380670826,0.0189880789642502,"anchor",0.75
"anchor_118","HOG:0028661","FPRA","leaf","T5",56.4998699010652,"leaf::T5",4,-0.585905288958575,0.078686116434925,"anchor",1
"anchor_118","HOG:0028661","FPRA","root","T1",7.47957433613505,"root::T1",4,0.469352210789602,0.0446290206095677,"anchor",0
"anchor_118","HOG:0028661","FPRA","root","T2",14.5,"root::T2",4,0.987970891268648,0.0368757477128449,"anchor",0.25
"anchor_118","HOG:0028661","FPRA","root","T3",28.4898614550509,"root::T3",4,0.953864438468398,0.092780257285994,"anchor",0.5
"anchor_118","HOG:0028661","FPRA","root","T4",42.7313175218636,"root::T4",4,0.69715588042255,0.0841446140483775,"anchor",0.75
"anchor_118","HOG:0028661","FPRA","root","T5",56.4998699010652,"root::T5",4,0.6227943393649,0.0331350934691455,"anchor",1
"anchor_118","HOG:0028661","HJUB","leaf","T1",7.47957433613505,"leaf::T1",4,-0.956245015194961,0.013706495674388,"anchor",0
"anchor_118","HOG:0028661","HJUB","leaf","T2",14.5,"leaf::T2",4,-0.830029638638971,0.052656137027324,"anchor",0.25
"anchor_118","HOG:0028661","HJUB","leaf","T3",28.4898614550509,"leaf::T3",4,-0.675309853494224,0.0961286630942015,"anchor",0.5
"anchor_118","HOG:0028661","HJUB","leaf","T4",42.7313175218636,"leaf::T4",4,-0.678432108596006,0.056151342537361,"anchor",0.75
"anchor_118","HOG:0028661","HJUB","leaf","T5",56.4998699010652,"leaf::T5",4,-0.690039806142946,0.0409602067852017,"anchor",1
"anchor_118","HOG:0028661","HJUB","root","T1",7.47957433613505,"root::T1",4,0.577160450277211,0.0260940815554057,"anchor",0
"anchor_118","HOG:0028661","HJUB","root","T2",14.5,"root::T2",4,0.707809025381902,0.0631656954735825,"anchor",0.25
"anchor_118","HOG:0028661","HJUB","root","T3",28.4898614550509,"root::T3",4,0.623907195831811,0.0397475309397623,"anchor",0.5
"anchor_118","HOG:0028661","HJUB","root","T4",42.7313175218636,"root::T4",4,0.484256330139254,0.0393023934159003,"anchor",0.75
"anchor_118","HOG:0028661","HJUB","root","T5",56.4998699010652,"root::T5",4,0.676082568777498,0.0489839993053804,"anchor",1
"anchor_118","HOG:0028661","HVUL","leaf","T1",7.47957433613505,"leaf::T1",4,-1.2431162714462,0.080682050544673,"anchor",0
"anchor_118","HOG:0028661","HVUL","leaf","T2",14.5,"leaf::T2",4,-0.762406793258675,0.160269283108003,"anchor",0.25
"anchor_118","HOG:0028661","HVUL","leaf","T3",28.4898614550509,"leaf::T3",4,-0.764240536544149,0.106795899686517,"anchor",0.5
"anchor_118","HOG:0028661","HVUL","leaf","T4",42.7313175218636,"leaf::T4",4,-0.923816605255128,0.0382703243927454,"anchor",0.75
"anchor_118","HOG:0028661","HVUL","leaf","T5",56.4998699010652,"leaf::T5",4,-0.460409552882901,0.109381729957023,"anchor",1
"anchor_118","HOG:0028661","HVUL","root","T1",7.47957433613505,"root::T1",4,0.357777134709925,0.0654862309935615,"anchor",0
"anchor_118","HOG:0028661","HVUL","root","T2",14.5,"root::T2",4,0.621440553855852,0.0712926199126355,"anchor",0.25
"anchor_118","HOG:0028661","HVUL","root","T3",28.4898614550509,"root::T3",4,0.57329993344092,0.0801689425910465,"anchor",0.5
"anchor_118","HOG:0028661","HVUL","root","T4",42.7313175218636,"root::T4",4,0.68922514057658,0.07646332292344,"anchor",0.75
"anchor_118","HOG:0028661","HVUL","root","T5",56.4998699010652,"root::T5",4,0.508938106575327,0.084071308965215,"anchor",1
"anchor_118","HOG:0028661","VBRO","leaf","T1",7.47957433613505,"leaf::T1",4,-0.724871112463965,0.083143118577866,"anchor",0
"anchor_118","HOG:0028661","VBRO","leaf","T2",14.5,"leaf::T2",4,-0.548652861748633,0.0373309209603303,"anchor",0.25
"anchor_118","HOG:0028661","VBRO","leaf","T3",28.4898614550509,"leaf::T3",3,-0.50605493428197,0.114443256187194,"anchor",0.5
"anchor_118","HOG:0028661","VBRO","leaf","T4",42.7313175218636,"leaf::T4",4,-0.550227623960251,0.0587299842348695,"anchor",0.75
"anchor_118","HOG:0028661","VBRO","leaf","T5",56.4998699010652,"leaf::T5",4,-0.560919780103472,0.0361593661943048,"anchor",1
"anchor_118","HOG:0028661","VBRO","root","T1",7.47957433613505,"root::T1",4,0.731203865774303,0.0218594634207238,"anchor",0
"anchor_118","HOG:0028661","VBRO","root","T2",14.5,"root::T2",4,0.797508062949005,0.0486356172966792,"anchor",0.25
"anchor_118","HOG:0028661","VBRO","root","T3",28.4898614550509,"root::T3",3,0.829205696813572,0.0648960892439751,"anchor",0.5
"anchor_118","HOG:0028661","VBRO","root","T4",42.7313175218636,"root::T4",4,0.711739429497555,0.0640737447030015,"anchor",0.75
"anchor_118","HOG:0028661","VBRO","root","T5",56.4998699010652,"root::T5",4,0.63559365271143,0.107342203396447,"anchor",1
"anchor_118","HOG:0028661","BDIS","leaf","T1",7.47957433613505,"leaf::T1",4,-0.764953148936779,0.0260668656690415,"module",0
"anchor_118","HOG:0028661","BDIS","leaf","T2",14.5,"leaf::T2",4,-0.824924433852108,0.0497177858627979,"module",0.25
"anchor_118","HOG:0028661","BDIS","leaf","T3",28.4898614550509,"leaf::T3",4,-0.718691188938754,0.0607580686131947,"module",0.5
"anchor_118","HOG:0028661","BDIS","leaf","T4",42.7313175218636,"leaf::T4",4,-0.711258540465206,0.0235929438333503,"module",0.75
"anchor_118","HOG:0028661","BDIS","leaf","T5",56.4998699010652,"leaf::T5",4,-0.641250293720449,0.0443753151850944,"module",1
"anchor_118","HOG:0028661","BDIS","root","T1",7.47957433613505,"root::T1",4,0.582064238680878,0.01630491926243,"module",0
"anchor_118","HOG:0028661","BDIS","root","T2",14.5,"root::T2",4,0.775447419316758,0.0828857624492697,"module",0.25
"anchor_118","HOG:0028661","BDIS","root","T3",28.4898614550509,"root::T3",4,0.614271342005194,0.0561670981596387,"module",0.5
"anchor_118","HOG:0028661","BDIS","root","T4",42.7313175218636,"root::T4",4,0.612628401601723,0.0509331388442706,"module",0.75
"anchor_118","HOG:0028661","BDIS","root","T5",56.4998699010652,"root::T5",4,0.630842179749217,0.0628189587134221,"module",1
"anchor_118","HOG:0028661","BMAX","leaf","T1",7.47957433613505,"leaf::T1",4,-0.875348184582054,0.0127143383120364,"module",0
"anchor_118","HOG:0028661","BMAX","leaf","T2",14.5,"leaf::T2",4,-0.866773451752216,0.0532717868560728,"module",0.25
"anchor_118","HOG:0028661","BMAX","leaf","T3",28.4898614550509,"leaf::T3",4,-0.77619205597884,0.0172774731024033,"module",0.5
"anchor_118","HOG:0028661","BMAX","leaf","T4",42.7313175218636,"leaf::T4",4,-0.803572953754881,0.0946552243688646,"module",0.75
"anchor_118","HOG:0028661","BMAX","leaf","T5",56.4998699010652,"leaf::T5",4,-0.660987698620284,0.0625001843190633,"module",1
"anchor_118","HOG:0028661","BMAX","root","T1",7.47957433613505,"root::T1",4,0.51243602599792,0.0300171346884274,"module",0
"anchor_118","HOG:0028661","BMAX","root","T2",14.5,"root::T2",4,0.721196484084349,0.0655201183852328,"module",0.25
"anchor_118","HOG:0028661","BMAX","root","T3",28.4898614550509,"root::T3",4,0.577469038211415,0.0715183904606196,"module",0.5
"anchor_118","HOG:0028661","BMAX","root","T4",42.7313175218636,"root::T4",4,0.557753135605973,0.0259141436081228,"module",0.75
"anchor_118","HOG:0028661","BMAX","root","T5",56.4998699010652,"root::T5",4,0.57224322780354,0.0779429787004416,"module",1
"anchor_118","HOG:0028661","BMED","leaf","T1",7.47957433613505,"leaf::T1",4,-0.828498364828831,0.024297662665365,"module",0
"anchor_118","HOG:0028661","BMED","leaf","T2",14.5,"leaf::T2",4,-0.879565945287645,0.0454931948947319,"module",0.25
"anchor_118","HOG:0028661","BMED","leaf","T3",28.4898614550509,"leaf::T3",4,-0.766256395941143,0.0454551373326138,"module",0.5
"anchor_118","HOG:0028661","BMED","leaf","T4",42.7313175218636,"leaf::T4",4,-0.81665593250177,0.0284929313429645,"module",0.75
"anchor_118","HOG:0028661","BMED","leaf","T5",56.4998699010652,"leaf::T5",4,-0.492621463498115,0.0987100254390031,"module",1
"anchor_118","HOG:0028661","BMED","root","T1",7.47957433613505,"root::T1",4,0.45204141338073,0.0515067778943373,"module",0
"anchor_118","HOG:0028661","BMED","root","T2",14.5,"root::T2",4,0.692083815495475,0.0417681292427031,"module",0.25
"anchor_118","HOG:0028661","BMED","root","T3",28.4898614550509,"root::T3",4,0.603891284813517,0.0698379579941353,"module",0.5
"anchor_118","HOG:0028661","BMED","root","T4",42.7313175218636,"root::T4",4,0.65913073141627,0.0368366361648325,"module",0.75
"anchor_118","HOG:0028661","BMED","root","T5",56.4998699010652,"root::T5",4,0.783378950516192,0.0686246614663751,"module",1
"anchor_118","HOG:0028661","BSYL","leaf","T1",7.47957433613505,"leaf::T1",4,-0.79252417885091,0.0595689826148846,"module",0
"anchor_118","HOG:0028661","BSYL","leaf","T2",14.5,"leaf::T2",4,-0.39118755329206,0.0611792333627448,"module",0.25
"anchor_118","HOG:0028661","BSYL","leaf","T3",28.4898614550509,"leaf::T3",4,-0.323969842850493,0.0910652392399929,"module",0.5
"anchor_118","HOG:0028661","BSYL","leaf","T4",42.7313175218636,"leaf::T4",4,-0.336667472723173,0.0943739609889431,"module",0.75
"anchor_118","HOG:0028661","BSYL","leaf","T5",56.4998699010652,"leaf::T5",4,-0.415247386409338,0.164095578294105,"module",1
"anchor_118","HOG:0028661","BSYL","root","T1",7.47957433613505,"root::T1",4,1.03216241444629,0.0772748968181644,"module",0
"anchor_118","HOG:0028661","BSYL","root","T2",14.5,"root::T2",4,1.27709158731044,0.0754966366882007,"module",0.25
"anchor_118","HOG:0028661","BSYL","root","T3",28.4898614550509,"root::T3",4,1.30189200685263,0.120372449449863,"module",0.5
"anchor_118","HOG:0028661","BSYL","root","T4",42.7313175218636,"root::T4",4,0.590782898083914,0.0869343442533213,"module",0.75
"anchor_118","HOG:0028661","BSYL","root","T5",56.4998699010652,"root::T5",4,-0.651679202998032,0.988461909609166,"module",1
"anchor_118","HOG:0028661","FPRA","leaf","T1",7.47957433613505,"leaf::T1",4,-0.86231784594732,0.0594448322339766,"module",0
"anchor_118","HOG:0028661","FPRA","leaf","T2",14.5,"leaf::T2",4,-0.638324330963692,0.0279901049294616,"module",0.25
"anchor_118","HOG:0028661","FPRA","leaf","T3",28.4898614550509,"leaf::T3",4,-0.627205341050069,0.041668756631924,"module",0.5
"anchor_118","HOG:0028661","FPRA","leaf","T4",42.7313175218636,"leaf::T4",4,-0.797246070310774,0.0465326050219183,"module",0.75
"anchor_118","HOG:0028661","FPRA","leaf","T5",56.4998699010652,"leaf::T5",4,-0.606270284738133,0.0563787205130133,"module",1
"anchor_118","HOG:0028661","FPRA","root","T1",7.47957433613505,"root::T1",4,0.478658061706061,0.0291172240348496,"module",0
"anchor_118","HOG:0028661","FPRA","root","T2",14.5,"root::T2",4,0.896755122231454,0.0549563006421419,"module",0.25
"anchor_118","HOG:0028661","FPRA","root","T3",28.4898614550509,"root::T3",4,0.821322816793633,0.0905354900288475,"module",0.5
"anchor_118","HOG:0028661","FPRA","root","T4",42.7313175218636,"root::T4",4,0.632679090694194,0.0770302930884615,"module",0.75
"anchor_118","HOG:0028661","FPRA","root","T5",56.4998699010652,"root::T5",4,0.548127826817432,0.0438655513609568,"module",1
"anchor_118","HOG:0028661","HJUB","leaf","T1",7.47957433613505,"leaf::T1",4,-0.825546789417251,0.0199415890950421,"module",0
"anchor_118","HOG:0028661","HJUB","leaf","T2",14.5,"leaf::T2",4,-0.757538314602193,0.023768681914924,"module",0.25
"anchor_118","HOG:0028661","HJUB","leaf","T3",28.4898614550509,"leaf::T3",4,-0.636737021542394,0.0723330010622325,"module",0.5
"anchor_118","HOG:0028661","HJUB","leaf","T4",42.7313175218636,"leaf::T4",4,-0.644611349176306,0.0229821541216074,"module",0.75
"anchor_118","HOG:0028661","HJUB","leaf","T5",56.4998699010652,"leaf::T5",4,-0.705281910271091,0.0198412816458683,"module",1
"anchor_118","HOG:0028661","HJUB","root","T1",7.47957433613505,"root::T1",4,0.606036277276008,0.023779643977147,"module",0
"anchor_118","HOG:0028661","HJUB","root","T2",14.5,"root::T2",4,0.728996717612656,0.0391791799325794,"module",0.25
"anchor_118","HOG:0028661","HJUB","root","T3",28.4898614550509,"root::T3",4,0.697976944512856,0.0638523774048401,"module",0.5
"anchor_118","HOG:0028661","HJUB","root","T4",42.7313175218636,"root::T4",4,0.508790754183225,0.0445522277194643,"module",0.75
"anchor_118","HOG:0028661","HJUB","root","T5",56.4998699010652,"root::T5",4,0.669453426247286,0.0325390803431707,"module",1
"anchor_118","HOG:0028661","HVUL","leaf","T1",7.47957433613505,"leaf::T1",4,-1.15859858792416,0.0446114727358037,"module",0
"anchor_118","HOG:0028661","HVUL","leaf","T2",14.5,"leaf::T2",4,-0.711691765083436,0.0999279220490281,"module",0.25
"anchor_118","HOG:0028661","HVUL","leaf","T3",28.4898614550509,"leaf::T3",4,-0.72679781869919,0.122244458738653,"module",0.5
"anchor_118","HOG:0028661","HVUL","leaf","T4",42.7313175218636,"leaf::T4",4,-0.84946516735988,0.0363205179167148,"module",0.75
"anchor_118","HOG:0028661","HVUL","leaf","T5",56.4998699010652,"leaf::T5",4,-0.520697961448534,0.107843113273959,"module",1
"anchor_118","HOG:0028661","HVUL","root","T1",7.47957433613505,"root::T1",4,0.457377083198531,0.0915674458770829,"module",0
"anchor_118","HOG:0028661","HVUL","root","T2",14.5,"root::T2",4,0.675132116600159,0.0966750678241227,"module",0.25
"anchor_118","HOG:0028661","HVUL","root","T3",28.4898614550509,"root::T3",4,0.579062102038866,0.0715407874841627,"module",0.5
"anchor_118","HOG:0028661","HVUL","root","T4",42.7313175218636,"root::T4",4,0.699812355174615,0.0863140466611952,"module",0.75
"anchor_118","HOG:0028661","HVUL","root","T5",56.4998699010652,"root::T5",4,0.546414700878793,0.0808154038398903,"module",1
"anchor_118","HOG:0028661","VBRO","leaf","T1",7.47957433613505,"leaf::T1",4,-0.831592939361315,0.0123574063408091,"module",0
"anchor_118","HOG:0028661","VBRO","leaf","T2",14.5,"leaf::T2",4,-0.824266202454131,0.0399170203569302,"module",0.25
"anchor_118","HOG:0028661","VBRO","leaf","T3",28.4898614550509,"leaf::T3",3,-0.684483041454901,0.0647423461736474,"module",0.5
"anchor_118","HOG:0028661","VBRO","leaf","T4",42.7313175218636,"leaf::T4",4,-0.696077191855722,0.111513850974973,"module",0.75
"anchor_118","HOG:0028661","VBRO","leaf","T5",56.4998699010652,"leaf::T5",4,-0.689173023701212,0.0239654692307756,"module",1
"anchor_118","HOG:0028661","VBRO","root","T1",7.47957433613505,"root::T1",4,0.61787139283117,0.0147981900213826,"module",0
"anchor_118","HOG:0028661","VBRO","root","T2",14.5,"root::T2",4,0.655624057768231,0.0240799122121207,"module",0.25
"anchor_118","HOG:0028661","VBRO","root","T3",28.4898614550509,"root::T3",3,0.610291011443282,0.00444038380860356,"module",0.5
"anchor_118","HOG:0028661","VBRO","root","T4",42.7313175218636,"root::T4",4,0.569684856939479,0.0606327464757281,"module",0.75
"anchor_118","HOG:0028661","VBRO","root","T5",56.4998699010652,"root::T5",4,0.63473553598397,0.0655126337072501,"module",1
"anchor_67","HOG:0031129","BDIS","leaf","T1",7.47957433613505,"leaf::T1",4,0.834717153078425,0.0231334660925894,"anchor",0
"anchor_67","HOG:0031129","BDIS","leaf","T2",14.5,"leaf::T2",4,0.699350935403212,0.0557485523768215,"anchor",0.25
"anchor_67","HOG:0031129","BDIS","leaf","T3",28.4898614550509,"leaf::T3",4,0.70589156887251,0.0304559167663187,"anchor",0.5
"anchor_67","HOG:0031129","BDIS","leaf","T4",42.7313175218636,"leaf::T4",4,0.658438113981239,0.0145428805838153,"anchor",0.75
"anchor_67","HOG:0031129","BDIS","leaf","T5",56.4998699010652,"leaf::T5",4,0.564305875996398,0.0470264775591479,"anchor",1
"anchor_67","HOG:0031129","BDIS","root","T1",7.47957433613505,"root::T1",4,-0.528257702282355,0.0208973252482525,"anchor",0
"anchor_67","HOG:0031129","BDIS","root","T2",14.5,"root::T2",4,-0.652920934363044,0.0308846256237677,"anchor",0.25
"anchor_67","HOG:0031129","BDIS","root","T3",28.4898614550509,"root::T3",4,-0.662849506948698,0.0300326499398928,"anchor",0.5
"anchor_67","HOG:0031129","BDIS","root","T4",42.7313175218636,"root::T4",4,-0.651890048652036,0.0838324355149005,"anchor",0.75
"anchor_67","HOG:0031129","BDIS","root","T5",56.4998699010652,"root::T5",4,-0.661646453809013,0.0573914943455815,"anchor",1
"anchor_67","HOG:0031129","BMAX","leaf","T1",7.47957433613505,"leaf::T1",4,0.895351257942448,0.0263123372660564,"anchor",0
"anchor_67","HOG:0031129","BMAX","leaf","T2",14.5,"leaf::T2",4,0.985463126555406,0.0336082746660989,"anchor",0.25
"anchor_67","HOG:0031129","BMAX","leaf","T3",28.4898614550509,"leaf::T3",4,0.830221190559726,0.0464924463837982,"anchor",0.5
"anchor_67","HOG:0031129","BMAX","leaf","T4",42.7313175218636,"leaf::T4",4,0.677632116505384,0.0839698288928405,"anchor",0.75
"anchor_67","HOG:0031129","BMAX","leaf","T5",56.4998699010652,"leaf::T5",4,0.660350401472995,0.0501004594160205,"anchor",1
"anchor_67","HOG:0031129","BMAX","root","T1",7.47957433613505,"root::T1",4,-0.529351909986182,0.0156527685046143,"anchor",0
"anchor_67","HOG:0031129","BMAX","root","T2",14.5,"root::T2",4,-0.654632759795639,0.0268763997989369,"anchor",0.25
"anchor_67","HOG:0031129","BMAX","root","T3",28.4898614550509,"root::T3",4,-0.606496315620875,0.05513215479049,"anchor",0.5
"anchor_67","HOG:0031129","BMAX","root","T4",42.7313175218636,"root::T4",4,-0.627447272877219,0.024232624932749,"anchor",0.75
"anchor_67","HOG:0031129","BMAX","root","T5",56.4998699010652,"root::T5",4,-0.511150347243705,0.0434706312486466,"anchor",1
"anchor_67","HOG:0031129","BMED","leaf","T1",7.47957433613505,"leaf::T1",4,0.945960502316425,0.0761500753706305,"anchor",0
"anchor_67","HOG:0031129","BMED","leaf","T2",14.5,"leaf::T2",4,1.03896342199348,0.064666839389419,"anchor",0.25
"anchor_67","HOG:0031129","BMED","leaf","T3",28.4898614550509,"leaf::T3",4,1.04005340460994,0.0565143496876255,"anchor",0.5
"anchor_67","HOG:0031129","BMED","leaf","T4",42.7313175218636,"leaf::T4",4,1.01076485723099,0.059797348352741,"anchor",0.75
"anchor_67","HOG:0031129","BMED","leaf","T5",56.4998699010652,"leaf::T5",4,0.649801088783385,0.178832294516337,"anchor",1
"anchor_67","HOG:0031129","BMED","root","T1",7.47957433613505,"root::T1",4,-0.75790607669921,0.27128551129736,"anchor",0
"anchor_67","HOG:0031129","BMED","root","T2",14.5,"root::T2",4,-0.359725662015733,0.0410305463848672,"anchor",0.25
"anchor_67","HOG:0031129","BMED","root","T3",28.4898614550509,"root::T3",4,-0.409468784348624,0.0787087017161845,"anchor",0.5
"anchor_67","HOG:0031129","BMED","root","T4",42.7313175218636,"root::T4",4,-0.45866472470411,0.041695754276995,"anchor",0.75
"anchor_67","HOG:0031129","BMED","root","T5",56.4998699010652,"root::T5",4,-0.492181097659229,0.080893971195603,"anchor",1
"anchor_67","HOG:0031129","BSYL","leaf","T1",7.47957433613505,"leaf::T1",4,0.767270898888986,0.0132871287236909,"anchor",0
"anchor_67","HOG:0031129","BSYL","leaf","T2",14.5,"leaf::T2",4,0.684161903410796,0.0363519478655552,"anchor",0.25
"anchor_67","HOG:0031129","BSYL","leaf","T3",28.4898614550509,"leaf::T3",4,0.680183172178087,0.021874402495771,"anchor",0.5
"anchor_67","HOG:0031129","BSYL","leaf","T4",42.7313175218636,"leaf::T4",4,0.521259037433343,0.0233194390566921,"anchor",0.75
"anchor_67","HOG:0031129","BSYL","leaf","T5",56.4998699010652,"leaf::T5",4,0.52514016524503,0.03569177578251,"anchor",1
"anchor_67","HOG:0031129","BSYL","root","T1",7.47957433613505,"root::T1",4,-0.662052327504267,0.0151026507260968,"anchor",0
"anchor_67","HOG:0031129","BSYL","root","T2",14.5,"root::T2",4,-0.847999043334141,0.0327526688545388,"anchor",0.25
"anchor_67","HOG:0031129","BSYL","root","T3",28.4898614550509,"root::T3",4,-0.762351416705258,0.061841372980027,"anchor",0.5
"anchor_67","HOG:0031129","BSYL","root","T4",42.7313175218636,"root::T4",4,-0.680102543159995,0.0196585682659358,"anchor",0.75
"anchor_67","HOG:0031129","BSYL","root","T5",56.4998699010652,"root::T5",4,-0.621496160694307,0.0665490818818635,"anchor",1
"anchor_67","HOG:0031129","FPRA","leaf","T1",7.47957433613505,"leaf::T1",4,0.526701891475403,0.159233775525436,"anchor",0
"anchor_67","HOG:0031129","FPRA","leaf","T2",14.5,"leaf::T2",4,1.27260167059696,0.052573055633768,"anchor",0.25
"anchor_67","HOG:0031129","FPRA","leaf","T3",28.4898614550509,"leaf::T3",4,1.23650509074968,0.0685591335310045,"anchor",0.5
"anchor_67","HOG:0031129","FPRA","leaf","T4",42.7313175218636,"leaf::T4",4,1.11622711395655,0.096202401222652,"anchor",0.75
"anchor_67","HOG:0031129","FPRA","leaf","T5",56.4998699010652,"leaf::T5",4,1.07932898519632,0.00907263061604995,"anchor",1
"anchor_67","HOG:0031129","FPRA","root","T1",7.47957433613505,"root::T1",4,-0.481902734288324,0.0470489843992304,"anchor",0
"anchor_67","HOG:0031129","FPRA","root","T2",14.5,"root::T2",4,-0.646869318317761,0.0418158357853698,"anchor",0.25
"anchor_67","HOG:0031129","FPRA","root","T3",28.4898614550509,"root::T3",4,-0.60086042373335,0.0401225132599757,"anchor",0.5
"anchor_67","HOG:0031129","FPRA","root","T4",42.7313175218636,"root::T4",4,-0.506654221744848,0.0824348955709385,"anchor",0.75
"anchor_67","HOG:0031129","FPRA","root","T5",56.4998699010652,"root::T5",4,-0.409456871744032,0.0720352194706295,"anchor",1
"anchor_67","HOG:0031129","HJUB","leaf","T1",7.47957433613505,"leaf::T1",4,0.874508509221003,0.013818429342631,"anchor",0
"anchor_67","HOG:0031129","HJUB","leaf","T2",14.5,"leaf::T2",4,0.803020858545065,0.0160191462507835,"anchor",0.25
"anchor_67","HOG:0031129","HJUB","leaf","T3",28.4898614550509,"leaf::T3",4,0.755613895621955,0.0398447266014496,"anchor",0.5
"anchor_67","HOG:0031129","HJUB","leaf","T4",42.7313175218636,"leaf::T4",4,0.621179834047541,0.0064590102764823,"anchor",0.75
"anchor_67","HOG:0031129","HJUB","leaf","T5",56.4998699010652,"leaf::T5",4,0.612809148072671,0.0259484472022866,"anchor",1
"anchor_67","HOG:0031129","HJUB","root","T1",7.47957433613505,"root::T1",4,-0.590579550819495,0.0185211645150054,"anchor",0
"anchor_67","HOG:0031129","HJUB","root","T2",14.5,"root::T2",4,-0.697334755205005,0.0330459481991401,"anchor",0.25
"anchor_67","HOG:0031129","HJUB","root","T3",28.4898614550509,"root::T3",4,-0.75286780761391,0.0611596443255855,"anchor",0.5
"anchor_67","HOG:0031129","HJUB","root","T4",42.7313175218636,"root::T4",4,-0.648314384878219,0.0156034355201386,"anchor",0.75
"anchor_67","HOG:0031129","HJUB","root","T5",56.4998699010652,"root::T5",4,-0.643822079787742,0.0289697864605344,"anchor",1
"anchor_67","HOG:0031129","HVUL","leaf","T1",7.47957433613505,"leaf::T1",4,1.07534214106533,0.0269883383165773,"anchor",0
"anchor_67","HOG:0031129","HVUL","leaf","T2",14.5,"leaf::T2",4,0.985939385579183,0.026790475796051,"anchor",0.25
"anchor_67","HOG:0031129","HVUL","leaf","T3",28.4898614550509,"leaf::T3",4,0.854762218035702,0.046589425891052,"anchor",0.5
"anchor_67","HOG:0031129","HVUL","leaf","T4",42.7313175218636,"leaf::T4",4,0.785868600162124,0.0417925154510675,"anchor",0.75
"anchor_67","HOG:0031129","HVUL","leaf","T5",56.4998699010652,"leaf::T5",4,0.597719653303972,0.06809989565986,"anchor",1
"anchor_67","HOG:0031129","HVUL","root","T1",7.47957433613505,"root::T1",4,-0.591878923181465,0.0176085193137336,"anchor",0
"anchor_67","HOG:0031129","HVUL","root","T2",14.5,"root::T2",4,-0.603850770857191,0.0214489386601023,"anchor",0.25
"anchor_67","HOG:0031129","HVUL","root","T3",28.4898614550509,"root::T3",4,-0.773921291135938,0.145648367092258,"anchor",0.5
"anchor_67","HOG:0031129","HVUL","root","T4",42.7313175218636,"root::T4",4,-0.631227733038041,0.0421449784037202,"anchor",0.75
"anchor_67","HOG:0031129","HVUL","root","T5",56.4998699010652,"root::T5",4,-0.602860957721431,0.0519572535719285,"anchor",1
"anchor_67","HOG:0031129","VBRO","leaf","T1",7.47957433613505,"leaf::T1",4,1.10513006545048,0.030303178166962,"anchor",0
"anchor_67","HOG:0031129","VBRO","leaf","T2",14.5,"leaf::T2",4,0.95561952002214,0.0413687758801813,"anchor",0.25
"anchor_67","HOG:0031129","VBRO","leaf","T3",28.4898614550509,"leaf::T3",3,0.842969016106222,0.195644532505006,"anchor",0.5
"anchor_67","HOG:0031129","VBRO","leaf","T4",42.7313175218636,"leaf::T4",4,0.763093355745333,0.131768912518001,"anchor",0.75
"anchor_67","HOG:0031129","VBRO","leaf","T5",56.4998699010652,"leaf::T5",4,0.784889261157168,0.0310859829365198,"anchor",1
"anchor_67","HOG:0031129","VBRO","root","T1",7.47957433613505,"root::T1",4,-0.606164383746727,0.0201950321223191,"anchor",0
"anchor_67","HOG:0031129","VBRO","root","T2",14.5,"root::T2",4,-0.652371384237337,0.00611153141955015,"anchor",0.25
"anchor_67","HOG:0031129","VBRO","root","T3",28.4898614550509,"root::T3",3,-0.60215458033206,0.135945916121159,"anchor",0.5
"anchor_67","HOG:0031129","VBRO","root","T4",42.7313175218636,"root::T4",4,-0.616303775682165,0.0266561421911361,"anchor",0.75
"anchor_67","HOG:0031129","VBRO","root","T5",56.4998699010652,"root::T5",4,-0.621640609169598,0.0147308561367853,"anchor",1
"anchor_67","HOG:0031129","BDIS","leaf","T1",7.47957433613505,"leaf::T1",4,0.78328002453089,0.0102389597906393,"module",0
"anchor_67","HOG:0031129","BDIS","leaf","T2",14.5,"leaf::T2",4,0.765996976007965,0.0116208817789101,"module",0.25
"anchor_67","HOG:0031129","BDIS","leaf","T3",28.4898614550509,"leaf::T3",4,0.744266545018195,0.0287731891874019,"module",0.5
"anchor_67","HOG:0031129","BDIS","leaf","T4",42.7313175218636,"leaf::T4",4,0.723049490189733,0.0176944411568427,"module",0.75
"anchor_67","HOG:0031129","BDIS","leaf","T5",56.4998699010652,"leaf::T5",4,0.627677334936119,0.0465580427688688,"module",1
"anchor_67","HOG:0031129","BDIS","root","T1",7.47957433613505,"root::T1",4,-0.650683827336276,0.0263192897072124,"module",0
"anchor_67","HOG:0031129","BDIS","root","T2",14.5,"root::T2",4,-0.674906059812094,0.00823763390922011,"module",0.25
"anchor_67","HOG:0031129","BDIS","root","T3",28.4898614550509,"root::T3",4,-0.65092619419706,0.0140311888637763,"module",0.5
"anchor_67","HOG:0031129","BDIS","root","T4",42.7313175218636,"root::T4",4,-0.661720044586068,0.0176104293873663,"module",0.75
"anchor_67","HOG:0031129","BDIS","root","T5",56.4998699010652,"root::T5",4,-0.63255457189978,0.0159375113489916,"module",1
"anchor_67","HOG:0031129","BMAX","leaf","T1",7.47957433613505,"leaf::T1",4,0.868415591238007,0.0293564664869983,"module",0
"anchor_67","HOG:0031129","BMAX","leaf","T2",14.5,"leaf::T2",4,0.993517366302101,0.0294503388104531,"module",0.25
"anchor_67","HOG:0031129","BMAX","leaf","T3",28.4898614550509,"leaf::T3",4,0.816732185646268,0.0257787119394688,"module",0.5
"anchor_67","HOG:0031129","BMAX","leaf","T4",42.7313175218636,"leaf::T4",4,0.664377686614243,0.0561888042455807,"module",0.75
"anchor_67","HOG:0031129","BMAX","leaf","T5",56.4998699010652,"leaf::T5",4,0.648357907611809,0.0723628419577832,"module",1
"anchor_67","HOG:0031129","BMAX","root","T1",7.47957433613505,"root::T1",4,-0.614625302384195,0.0153438182869136,"module",0
"anchor_67","HOG:0031129","BMAX","root","T2",14.5,"root::T2",4,-0.712122013350479,0.0110200917191309,"module",0.25
"anchor_67","HOG:0031129","BMAX","root","T3",28.4898614550509,"root::T3",4,-0.646303252643129,0.0127742283125553,"module",0.5
"anchor_67","HOG:0031129","BMAX","root","T4",42.7313175218636,"root::T4",4,-0.648065477481412,0.0109856808465689,"module",0.75
"anchor_67","HOG:0031129","BMAX","root","T5",56.4998699010652,"root::T5",4,-0.547392252078219,0.020111569734746,"module",1
"anchor_67","HOG:0031129","BMED","leaf","T1",7.47957433613505,"leaf::T1",4,0.77600305498888,0.0256480280625185,"module",0
"anchor_67","HOG:0031129","BMED","leaf","T2",14.5,"leaf::T2",4,0.813198419801429,0.0287297633432765,"module",0.25
"anchor_67","HOG:0031129","BMED","leaf","T3",28.4898614550509,"leaf::T3",4,0.802664482381356,0.00766943950610211,"module",0.5
"anchor_67","HOG:0031129","BMED","leaf","T4",42.7313175218636,"leaf::T4",4,0.839603552763112,0.0277358839822218,"module",0.75
"anchor_67","HOG:0031129","BMED","leaf","T5",56.4998699010652,"leaf::T5",4,0.628744748659001,0.0834589854058754,"module",1
"anchor_67","HOG:0031129","BMED","root","T1",7.47957433613505,"root::T1",4,-0.646623113871412,0.0340849725824422,"module",0
"anchor_67","HOG:0031129","BMED","root","T2",14.5,"root::T2",4,-0.568803067419206,0.00782161123073421,"module",0.25
"anchor_67","HOG:0031129","BMED","root","T3",28.4898614550509,"root::T3",4,-0.58940314629338,0.00947827323043816,"module",0.5
"anchor_67","HOG:0031129","BMED","root","T4",42.7313175218636,"root::T4",4,-0.581886156250303,0.0106556717758888,"module",0.75
"anchor_67","HOG:0031129","BMED","root","T5",56.4998699010652,"root::T5",4,-0.620946860781759,0.0184741535511814,"module",1
"anchor_67","HOG:0031129","BSYL","leaf","T1",7.47957433613505,"leaf::T1",4,0.844917986815124,0.0101706623739015,"module",0
"anchor_67","HOG:0031129","BSYL","leaf","T2",14.5,"leaf::T2",4,0.819418603700704,0.024294647465735,"module",0.25
"anchor_67","HOG:0031129","BSYL","leaf","T3",28.4898614550509,"leaf::T3",4,0.734776684685276,0.0399254191926534,"module",0.5
"anchor_67","HOG:0031129","BSYL","leaf","T4",42.7313175218636,"leaf::T4",4,0.622245096562113,0.0451207973753229,"module",0.75
"anchor_67","HOG:0031129","BSYL","leaf","T5",56.4998699010652,"leaf::T5",4,0.571812382950706,0.0575663193629115,"module",1
"anchor_67","HOG:0031129","BSYL","root","T1",7.47957433613505,"root::T1",4,-0.702410944798966,0.01112471431648,"module",0
"anchor_67","HOG:0031129","BSYL","root","T2",14.5,"root::T2",4,-0.733092598138985,0.00983691254434066,"module",0.25
"anchor_67","HOG:0031129","BSYL","root","T3",28.4898614550509,"root::T3",4,-0.716581167120546,0.0174863078132807,"module",0.5
"anchor_67","HOG:0031129","BSYL","root","T4",42.7313175218636,"root::T4",4,-0.629256327756115,0.00643322680303809,"module",0.75
"anchor_67","HOG:0031129","BSYL","root","T5",56.4998699010652,"root::T5",4,-0.672508039545558,0.0726139986816731,"module",1
"anchor_67","HOG:0031129","FPRA","leaf","T1",7.47957433613505,"leaf::T1",4,0.798899996955221,0.0373289795007055,"module",0
"anchor_67","HOG:0031129","FPRA","leaf","T2",14.5,"leaf::T2",4,0.844581692849646,0.0286013005093125,"module",0.25
"anchor_67","HOG:0031129","FPRA","leaf","T3",28.4898614550509,"leaf::T3",4,0.824300680179859,0.0318568504087,"module",0.5
"anchor_67","HOG:0031129","FPRA","leaf","T4",42.7313175218636,"leaf::T4",4,0.761881871092537,0.0285364154141509,"module",0.75
"anchor_67","HOG:0031129","FPRA","leaf","T5",56.4998699010652,"leaf::T5",4,0.651672573187835,0.0459212040937714,"module",1
"anchor_67","HOG:0031129","FPRA","root","T1",7.47957433613505,"root::T1",4,-0.642725348281737,0.00959512307768859,"module",0
"anchor_67","HOG:0031129","FPRA","root","T2",14.5,"root::T2",4,-0.652522501675423,0.0110982158532778,"module",0.25
"anchor_67","HOG:0031129","FPRA","root","T3",28.4898614550509,"root::T3",4,-0.675468050846838,0.010885427448956,"module",0.5
"anchor_67","HOG:0031129","FPRA","root","T4",42.7313175218636,"root::T4",4,-0.663179453898073,0.025539952572699,"module",0.75
"anchor_67","HOG:0031129","FPRA","root","T5",56.4998699010652,"root::T5",4,-0.618598762478405,0.0134093971806559,"module",1
"anchor_67","HOG:0031129","HJUB","leaf","T1",7.47957433613505,"leaf::T1",4,0.778435666526369,0.0117587906044727,"module",0
"anchor_67","HOG:0031129","HJUB","leaf","T2",14.5,"leaf::T2",4,0.792924132339072,0.0129884341400384,"module",0.25
"anchor_67","HOG:0031129","HJUB","leaf","T3",28.4898614550509,"leaf::T3",4,0.697029978591722,0.0150862506325652,"module",0.5
"anchor_67","HOG:0031129","HJUB","leaf","T4",42.7313175218636,"leaf::T4",4,0.623084650199573,0.00907166025444233,"module",0.75
"anchor_67","HOG:0031129","HJUB","leaf","T5",56.4998699010652,"leaf::T5",4,0.616278026959634,0.0175204301919439,"module",1
"anchor_67","HOG:0031129","HJUB","root","T1",7.47957433613505,"root::T1",4,-0.691875817374491,0.00686412963530804,"module",0
"anchor_67","HOG:0031129","HJUB","root","T2",14.5,"root::T2",4,-0.712781543425396,0.012371227465055,"module",0.25
"anchor_67","HOG:0031129","HJUB","root","T3",28.4898614550509,"root::T3",4,-0.704908399008367,0.018578148887683,"module",0.5
"anchor_67","HOG:0031129","HJUB","root","T4",42.7313175218636,"root::T4",4,-0.67034774358733,0.00953652797986031,"module",0.75
"anchor_67","HOG:0031129","HJUB","root","T5",56.4998699010652,"root::T5",4,-0.662199221116924,0.00896562349260303,"module",1
"anchor_67","HOG:0031129","HVUL","leaf","T1",7.47957433613505,"leaf::T1",4,1.14479993599199,0.0165433722647244,"module",0
"anchor_67","HOG:0031129","HVUL","leaf","T2",14.5,"leaf::T2",4,0.970279829233895,0.0282784698497859,"module",0.25
"anchor_67","HOG:0031129","HVUL","leaf","T3",28.4898614550509,"leaf::T3",4,0.840264693962908,0.0475715230495832,"module",0.5
"anchor_67","HOG:0031129","HVUL","leaf","T4",42.7313175218636,"leaf::T4",4,0.818459786470527,0.0327323617888051,"module",0.75
"anchor_67","HOG:0031129","HVUL","leaf","T5",56.4998699010652,"leaf::T5",4,0.538970366867417,0.0635630387738017,"module",1
"anchor_67","HOG:0031129","HVUL","root","T1",7.47957433613505,"root::T1",4,-0.571402450906213,0.0114967612146325,"module",0
"anchor_67","HOG:0031129","HVUL","root","T2",14.5,"root::T2",4,-0.612405489838037,0.0147570898446198,"module",0.25
"anchor_67","HOG:0031129","HVUL","root","T3",28.4898614550509,"root::T3",4,-0.737942369293444,0.121572485497436,"module",0.5
"anchor_67","HOG:0031129","HVUL","root","T4",42.7313175218636,"root::T4",4,-0.637317243075291,0.024631047952207,"module",0.75
"anchor_67","HOG:0031129","HVUL","root","T5",56.4998699010652,"root::T5",4,-0.576343573560788,0.0202924500654783,"module",1
"anchor_67","HOG:0031129","VBRO","leaf","T1",7.47957433613505,"leaf::T1",4,1.00465071840937,0.0187731772534449,"module",0
"anchor_67","HOG:0031129","VBRO","leaf","T2",14.5,"leaf::T2",4,0.95868838702733,0.0224937067894267,"module",0.25
"anchor_67","HOG:0031129","VBRO","leaf","T3",28.4898614550509,"leaf::T3",3,0.843363646906056,0.140156423439108,"module",0.5
"anchor_67","HOG:0031129","VBRO","leaf","T4",42.7313175218636,"leaf::T4",4,0.710092803997926,0.115787847365421,"module",0.75
"anchor_67","HOG:0031129","VBRO","leaf","T5",56.4998699010652,"leaf::T5",4,0.721938345747939,0.0184115860224119,"module",1
"anchor_67","HOG:0031129","VBRO","root","T1",7.47957433613505,"root::T1",4,-0.609159467834207,0.00403453310758998,"module",0
"anchor_67","HOG:0031129","VBRO","root","T2",14.5,"root::T2",4,-0.617314227548417,0.0157285833931306,"module",0.25
"anchor_67","HOG:0031129","VBRO","root","T3",28.4898614550509,"root::T3",3,-0.578349004853514,0.0213042517625587,"module",0.5
"anchor_67","HOG:0031129","VBRO","root","T4",42.7313175218636,"root::T4",4,-0.631846299982867,0.0111063055462291,"module",0.75
"anchor_67","HOG:0031129","VBRO","root","T5",56.4998699010652,"root::T5",4,-0.617050656623677,0.0229973324304677,"module",1
"anchor_140","HOG:0032765","BDIS","leaf","T1",7.47957433613505,"leaf::T1",4,-1.43207284039424,0.183020004018465,"anchor",0
"anchor_140","HOG:0032765","BDIS","leaf","T2",14.5,"leaf::T2",4,-1.3097535285002,0.285252240830853,"anchor",0.25
"anchor_140","HOG:0032765","BDIS","leaf","T3",28.4898614550509,"leaf::T3",4,-0.90139266843168,0.473465023824452,"anchor",0.5
"anchor_140","HOG:0032765","BDIS","leaf","T4",42.7313175218636,"leaf::T4",4,-0.141719151022221,0.13193295134318,"anchor",0.75
"anchor_140","HOG:0032765","BDIS","leaf","T5",56.4998699010652,"leaf::T5",4,-0.363907233047411,0.274096376690055,"anchor",1
"anchor_140","HOG:0032765","BDIS","root","T1",7.47957433613505,"root::T1",4,0.197491291424803,0.295196577386625,"anchor",0
"anchor_140","HOG:0032765","BDIS","root","T2",14.5,"root::T2",4,1.51763667808538,0.66087279304421,"anchor",0.25
"anchor_140","HOG:0032765","BDIS","root","T3",28.4898614550509,"root::T3",4,0.687944684387668,0.310172150087991,"anchor",0.5
"anchor_140","HOG:0032765","BDIS","root","T4",42.7313175218636,"root::T4",4,0.240674277434591,0.213523025574167,"anchor",0.75
"anchor_140","HOG:0032765","BDIS","root","T5",56.4998699010652,"root::T5",4,2.09663158904753,0.71802876926795,"anchor",1
"anchor_140","HOG:0032765","BMAX","leaf","T1",7.47957433613505,"leaf::T1",4,-1.28861940793076,0.104960670004663,"anchor",0
"anchor_140","HOG:0032765","BMAX","leaf","T2",14.5,"leaf::T2",4,-1.78711969443968,0.610178078866905,"anchor",0.25
"anchor_140","HOG:0032765","BMAX","leaf","T3",28.4898614550509,"leaf::T3",4,-0.172737611353399,0.167233491023128,"anchor",0.5
"anchor_140","HOG:0032765","BMAX","leaf","T4",42.7313175218636,"leaf::T4",4,-1.12181424774091,0.897517427463905,"anchor",0.75
"anchor_140","HOG:0032765","BMAX","leaf","T5",56.4998699010652,"leaf::T5",4,-0.767955861968902,0.286986836688953,"anchor",1
"anchor_140","HOG:0032765","BMAX","root","T1",7.47957433613505,"root::T1",4,0.240926584085766,0.109993515331664,"anchor",0
"anchor_140","HOG:0032765","BMAX","root","T2",14.5,"root::T2",4,0.278515297294436,0.447781699640195,"anchor",0.25
"anchor_140","HOG:0032765","BMAX","root","T3",28.4898614550509,"root::T3",4,0.70880157207542,0.313019412987624,"anchor",0.5
"anchor_140","HOG:0032765","BMAX","root","T4",42.7313175218636,"root::T4",4,1.24938330673414,0.224008761343101,"anchor",0.75
"anchor_140","HOG:0032765","BMAX","root","T5",56.4998699010652,"root::T5",4,0.707197987994478,0.229825216750866,"anchor",1
"anchor_140","HOG:0032765","BMED","leaf","T1",7.47957433613505,"leaf::T1",4,-0.63897766120047,0.24431638191662,"anchor",0
"anchor_140","HOG:0032765","BMED","leaf","T2",14.5,"leaf::T2",4,-0.114395274503993,0.09477144323075,"anchor",0.25
"anchor_140","HOG:0032765","BMED","leaf","T3",28.4898614550509,"leaf::T3",4,-0.225755370866438,0.234613294419246,"anchor",0.5
"anchor_140","HOG:0032765","BMED","leaf","T4",42.7313175218636,"leaf::T4",4,-0.60430107455357,0.0809013637170895,"anchor",0.75
"anchor_140","HOG:0032765","BMED","leaf","T5",56.4998699010652,"leaf::T5",4,-0.802553624891899,0.245154737400516,"anchor",1
"anchor_140","HOG:0032765","BMED","root","T1",7.47957433613505,"root::T1",4,-0.0221295305021611,0.619852753349075,"anchor",0
"anchor_140","HOG:0032765","BMED","root","T2",14.5,"root::T2",4,1.02244533079668,0.159080811154825,"anchor",0.25
"anchor_140","HOG:0032765","BMED","root","T3",28.4898614550509,"root::T3",4,-0.0275581427896279,0.453877064771187,"anchor",0.5
"anchor_140","HOG:0032765","BMED","root","T4",42.7313175218636,"root::T4",4,0.905485607480916,0.19807754673426,"anchor",0.75
"anchor_140","HOG:0032765","BMED","root","T5",56.4998699010652,"root::T5",4,1.07329713357831,0.463147089335263,"anchor",1
"anchor_140","HOG:0032765","BSYL","leaf","T1",7.47957433613505,"leaf::T1",4,-2.29354979605778,0.298842240510077,"anchor",0
"anchor_140","HOG:0032765","BSYL","leaf","T2",14.5,"leaf::T2",4,0.371592566006722,0.611329828897245,"anchor",0.25
"anchor_140","HOG:0032765","BSYL","leaf","T3",28.4898614550509,"leaf::T3",4,0.232748602377526,0.336162061973397,"anchor",0.5
"anchor_140","HOG:0032765","BSYL","leaf","T4",42.7313175218636,"leaf::T4",4,-0.769800046605239,0.53795871424791,"anchor",0.75
"anchor_140","HOG:0032765","BSYL","leaf","T5",56.4998699010652,"leaf::T5",4,-1.02247354554892,1.29365787243594,"anchor",1
"anchor_140","HOG:0032765","BSYL","root","T1",7.47957433613505,"root::T1",4,0.0119210918410339,0.196990098419194,"anchor",0
"anchor_140","HOG:0032765","BSYL","root","T2",14.5,"root::T2",4,1.01586960056512,0.612557210977575,"anchor",0.25
"anchor_140","HOG:0032765","BSYL","root","T3",28.4898614550509,"root::T3",4,0.378204794693883,0.642780736069725,"anchor",0.5
"anchor_140","HOG:0032765","BSYL","root","T4",42.7313175218636,"root::T4",4,0.470382413504794,0.305152003069418,"anchor",0.75
"anchor_140","HOG:0032765","BSYL","root","T5",56.4998699010652,"root::T5",4,1.58811129173908,0.595495493114575,"anchor",1
"anchor_140","HOG:0032765","FPRA","leaf","T1",7.47957433613505,"leaf::T1",4,-0.695748719396463,0.122698543588668,"anchor",0
"anchor_140","HOG:0032765","FPRA","leaf","T2",14.5,"leaf::T2",4,-0.376696531927373,0.247428777864062,"anchor",0.25
"anchor_140","HOG:0032765","FPRA","leaf","T3",28.4898614550509,"leaf::T3",4,-0.566750291710225,0.447268299244886,"anchor",0.5
"anchor_140","HOG:0032765","FPRA","leaf","T4",42.7313175218636,"leaf::T4",4,-1.04266233841444,0.31575539309524,"anchor",0.75
"anchor_140","HOG:0032765","FPRA","leaf","T5",56.4998699010652,"leaf::T5",4,-0.27804643020088,0.166211760542334,"anchor",1
"anchor_140","HOG:0032765","FPRA","root","T1",7.47957433613505,"root::T1",4,0.303101996399005,0.139409827391637,"anchor",0
"anchor_140","HOG:0032765","FPRA","root","T2",14.5,"root::T2",4,1.9623988048209,0.370722269077932,"anchor",0.25
"anchor_140","HOG:0032765","FPRA","root","T3",28.4898614550509,"root::T3",4,1.2186080760629,0.500964683137005,"anchor",0.5
"anchor_140","HOG:0032765","FPRA","root","T4",42.7313175218636,"root::T4",4,0.315012386984457,0.198322643604809,"anchor",0.75
"anchor_140","HOG:0032765","FPRA","root","T5",56.4998699010652,"root::T5",4,0.688345365625496,0.216383432496501,"anchor",1
"anchor_140","HOG:0032765","HJUB","leaf","T1",7.47957433613505,"leaf::T1",4,-0.704760146291285,0.0485356518690101,"anchor",0
"anchor_140","HOG:0032765","HJUB","leaf","T2",14.5,"leaf::T2",4,-0.765524145236596,0.126578063643807,"anchor",0.25
"anchor_140","HOG:0032765","HJUB","leaf","T3",28.4898614550509,"leaf::T3",4,-0.401852659867918,0.302256086284482,"anchor",0.5
"anchor_140","HOG:0032765","HJUB","leaf","T4",42.7313175218636,"leaf::T4",4,-1.12621705773205,0.0437042406302482,"anchor",0.75
"anchor_140","HOG:0032765","HJUB","leaf","T5",56.4998699010652,"leaf::T5",4,-1.21978756198748,0.0301649778202958,"anchor",1
"anchor_140","HOG:0032765","HJUB","root","T1",7.47957433613505,"root::T1",4,0.10794908901702,0.0563900629347385,"anchor",0
"anchor_140","HOG:0032765","HJUB","root","T2",14.5,"root::T2",4,0.360163437810129,0.139466212629432,"anchor",0.25
"anchor_140","HOG:0032765","HJUB","root","T3",28.4898614550509,"root::T3",4,0.354146963107839,0.26963048808821,"anchor",0.5
"anchor_140","HOG:0032765","HJUB","root","T4",42.7313175218636,"root::T4",4,0.775042929279122,0.108346819293204,"anchor",0.75
"anchor_140","HOG:0032765","HJUB","root","T5",56.4998699010652,"root::T5",4,0.510533559467656,0.108571508715568,"anchor",1
"anchor_140","HOG:0032765","HVUL","leaf","T1",7.47957433613505,"leaf::T1",4,-0.761399504197239,0.119764573790633,"anchor",0
"anchor_140","HOG:0032765","HVUL","leaf","T2",14.5,"leaf::T2",4,-0.915724500953445,0.14909253032822,"anchor",0.25
"anchor_140","HOG:0032765","HVUL","leaf","T3",28.4898614550509,"leaf::T3",4,-0.824638258126399,0.267450504301289,"anchor",0.5
"anchor_140","HOG:0032765","HVUL","leaf","T4",42.7313175218636,"leaf::T4",4,-0.408906003830018,0.112989459200233,"anchor",0.75
"anchor_140","HOG:0032765","HVUL","leaf","T5",56.4998699010652,"leaf::T5",4,-0.181580147400736,0.345445507193821,"anchor",1
"anchor_140","HOG:0032765","HVUL","root","T1",7.47957433613505,"root::T1",4,0.502713438012114,0.125850380355459,"anchor",0
"anchor_140","HOG:0032765","HVUL","root","T2",14.5,"root::T2",4,0.934318125871993,0.349259070815614,"anchor",0.25
"anchor_140","HOG:0032765","HVUL","root","T3",28.4898614550509,"root::T3",4,0.711612765079977,0.108290035379715,"anchor",0.5
"anchor_140","HOG:0032765","HVUL","root","T4",42.7313175218636,"root::T4",4,0.994271631714633,0.470671226516026,"anchor",0.75
"anchor_140","HOG:0032765","HVUL","root","T5",56.4998699010652,"root::T5",4,0.492524288544641,0.280662594745833,"anchor",1
"anchor_140","HOG:0032765","VBRO","leaf","T1",7.47957433613505,"leaf::T1",4,-0.421659168648078,0.0310112735060156,"anchor",0
"anchor_140","HOG:0032765","VBRO","leaf","T2",14.5,"leaf::T2",4,-0.484588911832927,0.313309174294975,"anchor",0.25
"anchor_140","HOG:0032765","VBRO","leaf","T3",28.4898614550509,"leaf::T3",3,-0.624417335049842,0.219021022370086,"anchor",0.5
"anchor_140","HOG:0032765","VBRO","leaf","T4",42.7313175218636,"leaf::T4",4,-1.60968266039289,0.68962334735696,"anchor",0.75
"anchor_140","HOG:0032765","VBRO","leaf","T5",56.4998699010652,"leaf::T5",4,-0.932840547784953,0.113979849106426,"anchor",1
"anchor_140","HOG:0032765","VBRO","root","T1",7.47957433613505,"root::T1",4,0.208026571943206,0.104010707170947,"anchor",0
"anchor_140","HOG:0032765","VBRO","root","T2",14.5,"root::T2",4,0.82791743882561,0.225588064658948,"anchor",0.25
"anchor_140","HOG:0032765","VBRO","root","T3",28.4898614550509,"root::T3",3,1.25228426806359,0.512436669849321,"anchor",0.5
"anchor_140","HOG:0032765","VBRO","root","T4",42.7313175218636,"root::T4",4,0.355257154368196,0.121180279526685,"anchor",0.75
"anchor_140","HOG:0032765","VBRO","root","T5",56.4998699010652,"root::T5",4,1.89185743124189,0.485394119415678,"anchor",1
"anchor_140","HOG:0032765","BDIS","leaf","T1",7.47957433613505,"leaf::T1",4,-0.86710809005269,0.0900614895257792,"module",0
"anchor_140","HOG:0032765","BDIS","leaf","T2",14.5,"leaf::T2",4,-1.21417651424941,0.276634286738957,"module",0.25
"anchor_140","HOG:0032765","BDIS","leaf","T3",28.4898614550509,"leaf::T3",4,-1.04515509450174,0.253832426812315,"module",0.5
"anchor_140","HOG:0032765","BDIS","leaf","T4",42.7313175218636,"leaf::T4",4,-0.443174969010417,0.239530695031962,"module",0.75
"anchor_140","HOG:0032765","BDIS","leaf","T5",56.4998699010652,"leaf::T5",4,-0.114234740622251,0.237577305857441,"module",1
"anchor_140","HOG:0032765","BDIS","root","T1",7.47957433613505,"root::T1",4,0.204622831425137,0.16439377634466,"module",0
"anchor_140","HOG:0032765","BDIS","root","T2",14.5,"root::T2",4,1.7071441913021,0.629749179624252,"module",0.25
"anchor_140","HOG:0032765","BDIS","root","T3",28.4898614550509,"root::T3",4,0.676109704517281,0.161496779707585,"module",0.5
"anchor_140","HOG:0032765","BDIS","root","T4",42.7313175218636,"root::T4",4,0.177638109618588,0.181416143064396,"module",0.75
"anchor_140","HOG:0032765","BDIS","root","T5",56.4998699010652,"root::T5",4,1.2920692777426,0.628115114503719,"module",1
"anchor_140","HOG:0032765","BMAX","leaf","T1",7.47957433613505,"leaf::T1",4,-1.12061080465264,0.0680582472690162,"module",0
"anchor_140","HOG:0032765","BMAX","leaf","T2",14.5,"leaf::T2",4,-1.32797251558325,0.647233726764953,"module",0.25
"anchor_140","HOG:0032765","BMAX","leaf","T3",28.4898614550509,"leaf::T3",4,-0.257827707718324,0.0998615291985876,"module",0.5
"anchor_140","HOG:0032765","BMAX","leaf","T4",42.7313175218636,"leaf::T4",4,-1.04386346970042,1.01375027951432,"module",0.75
"anchor_140","HOG:0032765","BMAX","leaf","T5",56.4998699010652,"leaf::T5",4,-0.754099262259817,0.199346454223055,"module",1
"anchor_140","HOG:0032765","BMAX","root","T1",7.47957433613505,"root::T1",4,0.2483255070028,0.0381149800485052,"module",0
"anchor_140","HOG:0032765","BMAX","root","T2",14.5,"root::T2",4,0.668904077377221,0.497019451694462,"module",0.25
"anchor_140","HOG:0032765","BMAX","root","T3",28.4898614550509,"root::T3",4,0.782846950537091,0.340697338480163,"module",0.5
"anchor_140","HOG:0032765","BMAX","root","T4",42.7313175218636,"root::T4",4,0.973143021492504,0.191562540428669,"module",0.75
"anchor_140","HOG:0032765","BMAX","root","T5",56.4998699010652,"root::T5",4,0.767681003189498,0.282450210240418,"module",1
"anchor_140","HOG:0032765","BMED","leaf","T1",7.47957433613505,"leaf::T1",4,-0.771036884295286,0.0915977752764929,"module",0
"anchor_140","HOG:0032765","BMED","leaf","T2",14.5,"leaf::T2",4,0.172867134429873,0.0686030932880416,"module",0.25
"anchor_140","HOG:0032765","BMED","leaf","T3",28.4898614550509,"leaf::T3",4,-0.28412606141012,0.126965475976985,"module",0.5
"anchor_140","HOG:0032765","BMED","leaf","T4",42.7313175218636,"leaf::T4",4,-0.553951217450703,0.0925086503518893,"module",0.75
"anchor_140","HOG:0032765","BMED","leaf","T5",56.4998699010652,"leaf::T5",4,-0.952116446827475,0.0695866639782595,"module",1
"anchor_140","HOG:0032765","BMED","root","T1",7.47957433613505,"root::T1",4,-0.289998824375604,0.560727735407664,"module",0
"anchor_140","HOG:0032765","BMED","root","T2",14.5,"root::T2",4,1.33561829319978,0.288599312348775,"module",0.25
"anchor_140","HOG:0032765","BMED","root","T3",28.4898614550509,"root::T3",4,0.000971313726844252,0.552931415040467,"module",0.5
"anchor_140","HOG:0032765","BMED","root","T4",42.7313175218636,"root::T4",4,0.717151973517114,0.175178998484803,"module",0.75
"anchor_140","HOG:0032765","BMED","root","T5",56.4998699010652,"root::T5",4,1.06559513239896,0.399512994793246,"module",1
"anchor_140","HOG:0032765","BSYL","leaf","T1",7.47957433613505,"leaf::T1",4,-1.22737177135135,0.105075021863827,"module",0
"anchor_140","HOG:0032765","BSYL","leaf","T2",14.5,"leaf::T2",4,0.812375390678175,0.59703182910928,"module",0.25
"anchor_140","HOG:0032765","BSYL","leaf","T3",28.4898614550509,"leaf::T3",4,0.150866239422266,0.162597188667295,"module",0.5
"anchor_140","HOG:0032765","BSYL","leaf","T4",42.7313175218636,"leaf::T4",4,-0.266929599159003,0.13159798487276,"module",0.75
"anchor_140","HOG:0032765","BSYL","leaf","T5",56.4998699010652,"leaf::T5",4,-0.215470422750409,0.920135573971305,"module",1
"anchor_140","HOG:0032765","BSYL","root","T1",7.47957433613505,"root::T1",4,-0.4036905969199,0.106717975048322,"module",0
"anchor_140","HOG:0032765","BSYL","root","T2",14.5,"root::T2",4,1.2144759234568,0.618884368237999,"module",0.25
"anchor_140","HOG:0032765","BSYL","root","T3",28.4898614550509,"root::T3",4,0.594103369843412,0.631491138567359,"module",0.5
"anchor_140","HOG:0032765","BSYL","root","T4",42.7313175218636,"root::T4",4,-0.0211771031266617,0.159317581256829,"module",0.75
"anchor_140","HOG:0032765","BSYL","root","T5",56.4998699010652,"root::T5",4,0.629028052897379,0.47820799123077,"module",1
"anchor_140","HOG:0032765","FPRA","leaf","T1",7.47957433613505,"leaf::T1",4,-0.751758017397518,0.0446297172788672,"module",0
"anchor_140","HOG:0032765","FPRA","leaf","T2",14.5,"leaf::T2",4,-0.565697030606341,0.218317419693365,"module",0.25
"anchor_140","HOG:0032765","FPRA","leaf","T3",28.4898614550509,"leaf::T3",4,-0.580002668383255,0.347939587663652,"module",0.5
"anchor_140","HOG:0032765","FPRA","leaf","T4",42.7313175218636,"leaf::T4",4,-1.011866393347,0.302827689606835,"module",0.75
"anchor_140","HOG:0032765","FPRA","leaf","T5",56.4998699010652,"leaf::T5",4,-0.677485170678584,0.188086590984704,"module",1
"anchor_140","HOG:0032765","FPRA","root","T1",7.47957433613505,"root::T1",4,0.110787233173138,0.0594367528216925,"module",0
"anchor_140","HOG:0032765","FPRA","root","T2",14.5,"root::T2",4,2.07867269650679,0.380921745957912,"module",0.25
"anchor_140","HOG:0032765","FPRA","root","T3",28.4898614550509,"root::T3",4,1.38515462142314,0.50129371195607,"module",0.5
"anchor_140","HOG:0032765","FPRA","root","T4",42.7313175218636,"root::T4",4,0.344389999274994,0.11288063507841,"module",0.75
"anchor_140","HOG:0032765","FPRA","root","T5",56.4998699010652,"root::T5",4,0.471608147475787,0.109473948760174,"module",1
"anchor_140","HOG:0032765","HJUB","leaf","T1",7.47957433613505,"leaf::T1",4,-0.854007707628053,0.0525829525284298,"module",0
"anchor_140","HOG:0032765","HJUB","leaf","T2",14.5,"leaf::T2",4,-0.770109335016074,0.175791760211031,"module",0.25
"anchor_140","HOG:0032765","HJUB","leaf","T3",28.4898614550509,"leaf::T3",4,-0.342650329435071,0.342224148938909,"module",0.5
"anchor_140","HOG:0032765","HJUB","leaf","T4",42.7313175218636,"leaf::T4",4,-0.881957631635508,0.132148910789663,"module",0.75
"anchor_140","HOG:0032765","HJUB","leaf","T5",56.4998699010652,"leaf::T5",4,-1.12465072532588,0.0768963797025005,"module",1
"anchor_140","HOG:0032765","HJUB","root","T1",7.47957433613505,"root::T1",4,0.204770307420152,0.0517566637599881,"module",0
"anchor_140","HOG:0032765","HJUB","root","T2",14.5,"root::T2",4,0.647692418596492,0.148884527801888,"module",0.25
"anchor_140","HOG:0032765","HJUB","root","T3",28.4898614550509,"root::T3",4,0.611351343875359,0.296897174385003,"module",0.5
"anchor_140","HOG:0032765","HJUB","root","T4",42.7313175218636,"root::T4",4,0.661315062644847,0.130695307857975,"module",0.75
"anchor_140","HOG:0032765","HJUB","root","T5",56.4998699010652,"root::T5",4,0.49746754395731,0.11156920664868,"module",1
"anchor_140","HOG:0032765","HVUL","leaf","T1",7.47957433613505,"leaf::T1",4,-0.978170011377719,0.0268881657485403,"module",0
"anchor_140","HOG:0032765","HVUL","leaf","T2",14.5,"leaf::T2",4,-1.07302597024458,0.10093640367431,"module",0.25
"anchor_140","HOG:0032765","HVUL","leaf","T3",28.4898614550509,"leaf::T3",4,-0.785798871824906,0.303710172819215,"module",0.5
"anchor_140","HOG:0032765","HVUL","leaf","T4",42.7313175218636,"leaf::T4",4,-0.528408012788612,0.11340274739514,"module",0.75
"anchor_140","HOG:0032765","HVUL","leaf","T5",56.4998699010652,"leaf::T5",4,-0.528160162466105,0.365925970008345,"module",1
"anchor_140","HOG:0032765","HVUL","root","T1",7.47957433613505,"root::T1",4,0.245764983543711,0.0722346264408947,"module",0
"anchor_140","HOG:0032765","HVUL","root","T2",14.5,"root::T2",4,0.84920116985967,0.45359979147317,"module",0.25
"anchor_140","HOG:0032765","HVUL","root","T3",28.4898614550509,"root::T3",4,0.596089357166871,0.113304922709289,"module",0.5
"anchor_140","HOG:0032765","HVUL","root","T4",42.7313175218636,"root::T4",4,1.10544229357616,0.459557515737857,"module",0.75
"anchor_140","HOG:0032765","HVUL","root","T5",56.4998699010652,"root::T5",4,0.686149943124789,0.239809018757274,"module",1
"anchor_140","HOG:0032765","VBRO","leaf","T1",7.47957433613505,"leaf::T1",4,-0.57238074195769,0.0485662756553678,"module",0
"anchor_140","HOG:0032765","VBRO","leaf","T2",14.5,"leaf::T2",4,-0.41910077028966,0.323165929474473,"module",0.25
"anchor_140","HOG:0032765","VBRO","leaf","T3",28.4898614550509,"leaf::T3",3,-0.554602766370261,0.18767121139796,"module",0.5
"anchor_140","HOG:0032765","VBRO","leaf","T4",42.7313175218636,"leaf::T4",4,-1.44937720176035,0.763327405854915,"module",0.75
"anchor_140","HOG:0032765","VBRO","leaf","T5",56.4998699010652,"leaf::T5",4,-1.150806468145,0.102855058206879,"module",1
"anchor_140","HOG:0032765","VBRO","root","T1",7.47957433613505,"root::T1",4,0.0982471915465285,0.0863983489177964,"module",0
"anchor_140","HOG:0032765","VBRO","root","T2",14.5,"root::T2",4,0.71575626765201,0.176508764015409,"module",0.25
"anchor_140","HOG:0032765","VBRO","root","T3",28.4898614550509,"root::T3",3,1.15076453720755,0.690030570622417,"module",0.5
"anchor_140","HOG:0032765","VBRO","root","T4",42.7313175218636,"root::T4",4,0.325708579432605,0.0712062661271922,"module",0.75
"anchor_140","HOG:0032765","VBRO","root","T5",56.4998699010652,"root::T5",4,1.58093617490228,0.512792347298996,"module",1
"regulator_HOG:0032897","HOG:0032897","BDIS","leaf","T1",7.47957433613505,"leaf::T1",4,0.0628983106684287,0.258058385803195,"anchor",0
"regulator_HOG:0032897","HOG:0032897","BDIS","leaf","T2",14.5,"leaf::T2",4,-1.09318651377873,0.576319150950129,"anchor",0.25
"regulator_HOG:0032897","HOG:0032897","BDIS","leaf","T3",28.4898614550509,"leaf::T3",4,-1.19268186096704,0.612206312746632,"anchor",0.5
"regulator_HOG:0032897","HOG:0032897","BDIS","leaf","T4",42.7313175218636,"leaf::T4",4,-0.430577526184757,0.381185703747548,"anchor",0.75
"regulator_HOG:0032897","HOG:0032897","BDIS","leaf","T5",56.4998699010652,"leaf::T5",4,0.821854715168298,0.405202549914564,"anchor",1
"regulator_HOG:0032897","HOG:0032897","BDIS","root","T1",7.47957433613505,"root::T1",4,-0.254738811579278,0.322178719255862,"anchor",0
"regulator_HOG:0032897","HOG:0032897","BDIS","root","T2",14.5,"root::T2",4,1.63112257986754,1.09685536286283,"anchor",0.25
"regulator_HOG:0032897","HOG:0032897","BDIS","root","T3",28.4898614550509,"root::T3",4,0.207096039480702,0.444312779216592,"anchor",0.5
"regulator_HOG:0032897","HOG:0032897","BDIS","root","T4",42.7313175218636,"root::T4",4,-0.000779018425446643,0.495779491050596,"anchor",0.75
"regulator_HOG:0032897","HOG:0032897","BDIS","root","T5",56.4998699010652,"root::T5",4,0.795247258484323,1.0092136270084,"anchor",1
"regulator_HOG:0032897","HOG:0032897","BMAX","leaf","T1",7.47957433613505,"leaf::T1",4,-1.42635145211495,0.202885890895336,"anchor",0
"regulator_HOG:0032897","HOG:0032897","BMAX","leaf","T2",14.5,"leaf::T2",4,-1.19459238026452,0.533088774030167,"anchor",0.25
"regulator_HOG:0032897","HOG:0032897","BMAX","leaf","T3",28.4898614550509,"leaf::T3",4,-0.0554756388271315,0.0676223094981187,"anchor",0.5
"regulator_HOG:0032897","HOG:0032897","BMAX","leaf","T4",42.7313175218636,"leaf::T4",4,-0.916016912360436,0.95911495170128,"anchor",0.75
"regulator_HOG:0032897","HOG:0032897","BMAX","leaf","T5",56.4998699010652,"leaf::T5",4,-0.70041658468175,0.220968203900646,"anchor",1
"regulator_HOG:0032897","HOG:0032897","BMAX","root","T1",7.47957433613505,"root::T1",4,0.0535530334000308,0.0875394129086132,"anchor",0
"regulator_HOG:0032897","HOG:0032897","BMAX","root","T2",14.5,"root::T2",4,0.709115559590332,0.459885176969151,"anchor",0.25
"regulator_HOG:0032897","HOG:0032897","BMAX","root","T3",28.4898614550509,"root::T3",4,1.01172912552248,0.363545720707527,"anchor",0.5
"regulator_HOG:0032897","HOG:0032897","BMAX","root","T4",42.7313175218636,"root::T4",4,1.13179658668544,0.105888785060055,"anchor",0.75
"regulator_HOG:0032897","HOG:0032897","BMAX","root","T5",56.4998699010652,"root::T5",4,0.354372746499446,0.153986253733491,"anchor",1
"regulator_HOG:0032897","HOG:0032897","BMED","leaf","T1",7.47957433613505,"leaf::T1",4,0.0784156646948656,0.251674398432137,"anchor",0
"regulator_HOG:0032897","HOG:0032897","BMED","leaf","T2",14.5,"leaf::T2",4,1.66217825703372,0.169532833215234,"anchor",0.25
"regulator_HOG:0032897","HOG:0032897","BMED","leaf","T3",28.4898614550509,"leaf::T3",4,0.294908568432623,0.162097957666014,"anchor",0.5
"regulator_HOG:0032897","HOG:0032897","BMED","leaf","T4",42.7313175218636,"leaf::T4",4,0.42908716094766,0.121760762592153,"anchor",0.75
"regulator_HOG:0032897","HOG:0032897","BMED","leaf","T5",56.4998699010652,"leaf::T5",4,-0.799476049371321,0.0853979604156355,"anchor",1
"regulator_HOG:0032897","HOG:0032897","BMED","root","T1",7.47957433613505,"root::T1",4,-1.93238403344868,0.473026514254245,"anchor",0
"regulator_HOG:0032897","HOG:0032897","BMED","root","T2",14.5,"root::T2",4,0.29546461131359,0.350297459781701,"anchor",0.25
"regulator_HOG:0032897","HOG:0032897","BMED","root","T3",28.4898614550509,"root::T3",4,-1.50668540615412,0.899377445977043,"anchor",0.5
"regulator_HOG:0032897","HOG:0032897","BMED","root","T4",42.7313175218636,"root::T4",4,0.0192412655894434,0.474848347090206,"anchor",0.75
"regulator_HOG:0032897","HOG:0032897","BMED","root","T5",56.4998699010652,"root::T5",4,0.388148319378532,0.580452902272326,"anchor",1
"regulator_HOG:0032897","HOG:0032897","BSYL","leaf","T1",7.47957433613505,"leaf::T1",4,-0.81446906987999,0.181174368953158,"anchor",0
"regulator_HOG:0032897","HOG:0032897","BSYL","leaf","T2",14.5,"leaf::T2",4,0.006655543924871,0.786148473166049,"anchor",0.25
"regulator_HOG:0032897","HOG:0032897","BSYL","leaf","T3",28.4898614550509,"leaf::T3",4,-0.337391704998695,0.453410252218337,"anchor",0.5
"regulator_HOG:0032897","HOG:0032897","BSYL","leaf","T4",42.7313175218636,"leaf::T4",4,-0.36020551473313,0.11199748335152,"anchor",0.75
"regulator_HOG:0032897","HOG:0032897","BSYL","leaf","T5",56.4998699010652,"leaf::T5",4,-0.0383819095125536,0.418074679573767,"anchor",1
"regulator_HOG:0032897","HOG:0032897","BSYL","root","T1",7.47957433613505,"root::T1",4,0.651455608359255,0.204706724071848,"anchor",0
"regulator_HOG:0032897","HOG:0032897","BSYL","root","T2",14.5,"root::T2",4,1.64511334224162,0.410620503561238,"anchor",0.25
"regulator_HOG:0032897","HOG:0032897","BSYL","root","T3",28.4898614550509,"root::T3",4,0.628978129510041,0.431966341848294,"anchor",0.5
"regulator_HOG:0032897","HOG:0032897","BSYL","root","T4",42.7313175218636,"root::T4",4,-0.463715885947547,0.197902938655791,"anchor",0.75
"regulator_HOG:0032897","HOG:0032897","BSYL","root","T5",56.4998699010652,"root::T5",4,-4.02353675150589,5.15028742667853,"anchor",1
"regulator_HOG:0032897","HOG:0032897","FPRA","leaf","T1",7.47957433613505,"leaf::T1",4,1.24815393256645,0.231458289479393,"anchor",0
"regulator_HOG:0032897","HOG:0032897","FPRA","leaf","T2",14.5,"leaf::T2",4,-0.612399154142037,0.0876284478629827,"anchor",0.25
"regulator_HOG:0032897","HOG:0032897","FPRA","leaf","T3",28.4898614550509,"leaf::T3",4,-0.0566794793080657,0.555670953521271,"anchor",0.5
"regulator_HOG:0032897","HOG:0032897","FPRA","leaf","T4",42.7313175218636,"leaf::T4",4,-0.187135418008319,0.87618295531309,"anchor",0.75
"regulator_HOG:0032897","HOG:0032897","FPRA","leaf","T5",56.4998699010652,"leaf::T5",4,-1.05486340218901,0.708215786504355,"anchor",1
"regulator_HOG:0032897","HOG:0032897","FPRA","root","T1",7.47957433613505,"root::T1",4,-0.601408027329336,0.0924585115622664,"anchor",0
"regulator_HOG:0032897","HOG:0032897","FPRA","root","T2",14.5,"root::T2",4,1.09725262386821,0.321353758325109,"anchor",0.25
"regulator_HOG:0032897","HOG:0032897","FPRA","root","T3",28.4898614550509,"root::T3",4,0.553707461340461,0.712368062196998,"anchor",0.5
"regulator_HOG:0032897","HOG:0032897","FPRA","root","T4",42.7313175218636,"root::T4",4,-0.220447302497006,0.335892759583359,"anchor",0.75
"regulator_HOG:0032897","HOG:0032897","FPRA","root","T5",56.4998699010652,"root::T5",4,0.378093727737095,0.330905386077777,"anchor",1
"regulator_HOG:0032897","HOG:0032897","HJUB","leaf","T1",7.47957433613505,"leaf::T1",4,-0.70413303381899,0.106767195545756,"anchor",0
"regulator_HOG:0032897","HOG:0032897","HJUB","leaf","T2",14.5,"leaf::T2",4,-1.29468353124745,0.321372371801459,"anchor",0.25
"regulator_HOG:0032897","HOG:0032897","HJUB","leaf","T3",28.4898614550509,"leaf::T3",4,0.116016209515996,0.603677522963806,"anchor",0.5
"regulator_HOG:0032897","HOG:0032897","HJUB","leaf","T4",42.7313175218636,"leaf::T4",4,-0.539195854121209,0.350061782149837,"anchor",0.75
"regulator_HOG:0032897","HOG:0032897","HJUB","leaf","T5",56.4998699010652,"leaf::T5",4,-1.10834486405895,0.33421873709455,"anchor",1
"regulator_HOG:0032897","HOG:0032897","HJUB","root","T1",7.47957433613505,"root::T1",4,-0.0410764872996893,0.075104355122588,"anchor",0
"regulator_HOG:0032897","HOG:0032897","HJUB","root","T2",14.5,"root::T2",4,0.976162615703973,0.264327279236202,"anchor",0.25
"regulator_HOG:0032897","HOG:0032897","HJUB","root","T3",28.4898614550509,"root::T3",4,0.648274425791739,0.37739359119649,"anchor",0.5
"regulator_HOG:0032897","HOG:0032897","HJUB","root","T4",42.7313175218636,"root::T4",4,0.736600915720792,0.157395521171716,"anchor",0.75
"regulator_HOG:0032897","HOG:0032897","HJUB","root","T5",56.4998699010652,"root::T5",4,0.586484328362512,0.24584418273699,"anchor",1
"regulator_HOG:0032897","HOG:0032897","HVUL","leaf","T1",7.47957433613505,"leaf::T1",4,-0.0167492131047882,0.227420427911631,"anchor",0
"regulator_HOG:0032897","HOG:0032897","HVUL","leaf","T2",14.5,"leaf::T2",4,-1.59697309289748,0.701280291893163,"anchor",0.25
"regulator_HOG:0032897","HOG:0032897","HVUL","leaf","T3",28.4898614550509,"leaf::T3",4,-1.40294675219363,0.325415846522985,"anchor",0.5
"regulator_HOG:0032897","HOG:0032897","HVUL","leaf","T4",42.7313175218636,"leaf::T4",4,-0.523903864282708,0.217954949981429,"anchor",0.75
"regulator_HOG:0032897","HOG:0032897","HVUL","leaf","T5",56.4998699010652,"leaf::T5",4,-0.559999816501099,0.552064137899051,"anchor",1
"regulator_HOG:0032897","HOG:0032897","HVUL","root","T1",7.47957433613505,"root::T1",4,0.431394410202556,0.127168857271477,"anchor",0
"regulator_HOG:0032897","HOG:0032897","HVUL","root","T2",14.5,"root::T2",4,0.891248804788286,0.844896199590735,"anchor",0.25
"regulator_HOG:0032897","HOG:0032897","HVUL","root","T3",28.4898614550509,"root::T3",4,0.344021568540993,0.536123027308864,"anchor",0.5
"regulator_HOG:0032897","HOG:0032897","HVUL","root","T4",42.7313175218636,"root::T4",4,1.8590963133723,0.931996625852228,"anchor",0.75
"regulator_HOG:0032897","HOG:0032897","HVUL","root","T5",56.4998699010652,"root::T5",4,1.13885700010221,0.707403544792173,"anchor",1
"regulator_HOG:0032897","HOG:0032897","VBRO","leaf","T1",7.47957433613505,"leaf::T1",4,-0.000425711875244379,0.0561943115205773,"anchor",0
"regulator_HOG:0032897","HOG:0032897","VBRO","leaf","T2",14.5,"leaf::T2",4,0.689077559221407,0.552460271085944,"anchor",0.25
"regulator_HOG:0032897","HOG:0032897","VBRO","leaf","T3",28.4898614550509,"leaf::T3",3,-0.144858846541387,0.857929320785915,"anchor",0.5
"regulator_HOG:0032897","HOG:0032897","VBRO","leaf","T4",42.7313175218636,"leaf::T4",4,-1.61346628958322,2.19724865723702,"anchor",0.75
"regulator_HOG:0032897","HOG:0032897","VBRO","leaf","T5",56.4998699010652,"leaf::T5",4,-1.14866111811523,0.41872580525905,"anchor",1
"regulator_HOG:0032897","HOG:0032897","VBRO","root","T1",7.47957433613505,"root::T1",4,-0.824484888874429,0.109673597986961,"anchor",0
"regulator_HOG:0032897","HOG:0032897","VBRO","root","T2",14.5,"root::T2",4,0.881089838994686,0.77209047870782,"anchor",0.25
"regulator_HOG:0032897","HOG:0032897","VBRO","root","T3",28.4898614550509,"root::T3",3,2.69417732180885,1.68227956223605,"anchor",0.5
"regulator_HOG:0032897","HOG:0032897","VBRO","root","T4",42.7313175218636,"root::T4",4,-0.148547902768907,0.213830667922887,"anchor",0.75
"regulator_HOG:0032897","HOG:0032897","VBRO","root","T5",56.4998699010652,"root::T5",4,1.95313444695349,1.37475419551208,"anchor",1
