"anchor_id","anchor_hog","tissue","feature","interpretation","median_annual_minus_perennial","n_annual_higher","n_perennial_higher","n_equal","majority_direction","n_agreeing_with_majority","pair_consistency","absolute_median_contrast","discovery_rank"
"anchor_334","HOG:0023048","leaf","mean_activity","equal-time-point mean module activity within tissue",-0.764213818553897,0,4,0,"perennial_higher",4,1,0.764213818553897,1
"anchor_192","HOG:0010481","leaf","mean_activity","equal-time-point mean module activity within tissue",-0.606706203061679,0,4,0,"perennial_higher",4,1,0.606706203061679,2
"anchor_285","HOG:0025342","leaf","mean_activity","equal-time-point mean module activity within tissue",-0.538753131219643,0,4,0,"perennial_higher",4,1,0.538753131219643,3
"anchor_161","HOG:0025959","leaf","mean_activity","equal-time-point mean module activity within tissue",-0.499379616994062,0,4,0,"perennial_higher",4,1,0.499379616994062,4
"anchor_122","HOG:0012297","leaf","mean_activity","equal-time-point mean module activity within tissue",-0.472404381772426,0,4,0,"perennial_higher",4,1,0.472404381772426,5
"anchor_309","HOG:0011540","leaf","mean_activity","equal-time-point mean module activity within tissue",-0.455810225768168,0,4,0,"perennial_higher",4,1,0.455810225768168,6
"anchor_231","HOG:0023138","leaf","mean_activity","equal-time-point mean module activity within tissue",-0.445457427074771,0,4,0,"perennial_higher",4,1,0.445457427074771,7
"anchor_259","HOG:0026742","leaf","mean_activity","equal-time-point mean module activity within tissue",-0.444603330809359,0,4,0,"perennial_higher",4,1,0.444603330809359,8
"anchor_207","HOG:0032903","leaf","mean_activity","equal-time-point mean module activity within tissue",-0.44413652507755,0,4,0,"perennial_higher",4,1,0.44413652507755,9
"anchor_202","HOG:0010482","leaf","mean_activity","equal-time-point mean module activity within tissue",-0.435624159794068,0,4,0,"perennial_higher",4,1,0.435624159794068,10
"anchor_226","HOG:0025149","leaf","mean_activity","equal-time-point mean module activity within tissue",-0.433690623878699,0,4,0,"perennial_higher",4,1,0.433690623878699,11
"anchor_336","HOG:0032436","leaf","mean_activity","equal-time-point mean module activity within tissue",-0.433285872298873,0,4,0,"perennial_higher",4,1,0.433285872298873,12
"anchor_225","HOG:0032904","leaf","mean_activity","equal-time-point mean module activity within tissue",-0.420487035989,0,4,0,"perennial_higher",4,1,0.420487035989,13
"anchor_221","HOG:0028333","leaf","mean_activity","equal-time-point mean module activity within tissue",-0.417406018145294,0,4,0,"perennial_higher",4,1,0.417406018145294,14
"anchor_178","HOG:0010551","leaf","mean_activity","equal-time-point mean module activity within tissue",-0.383963811419959,0,4,0,"perennial_higher",4,1,0.383963811419959,15
"anchor_162","HOG:0005857","leaf","mean_activity","equal-time-point mean module activity within tissue",-0.380558430697544,0,4,0,"perennial_higher",4,1,0.380558430697544,16
"anchor_297","HOG:0028197","leaf","mean_activity","equal-time-point mean module activity within tissue",-0.371085197453518,0,4,0,"perennial_higher",4,1,0.371085197453518,17
"anchor_256","HOG:0006332","leaf","mean_activity","equal-time-point mean module activity within tissue",-0.366648706602489,0,4,0,"perennial_higher",4,1,0.366648706602489,18
"anchor_225","HOG:0032904","root","mean_activity","equal-time-point mean module activity within tissue",0.331258911161686,4,0,0,"annual_higher",4,1,0.331258911161686,19
"anchor_103","HOG:0011510","leaf","mean_activity","equal-time-point mean module activity within tissue",-0.327256323363086,0,4,0,"perennial_higher",4,1,0.327256323363086,20
"anchor_184","HOG:0026019","leaf","mean_activity","equal-time-point mean module activity within tissue",-0.320090701744963,0,4,0,"perennial_higher",4,1,0.320090701744963,21
"anchor_193","HOG:0027905","leaf","mean_activity","equal-time-point mean module activity within tissue",-0.308961138426196,0,4,0,"perennial_higher",4,1,0.308961138426196,22
"anchor_189","HOG:0027641","leaf","mean_activity","equal-time-point mean module activity within tissue",-0.301922836123722,0,4,0,"perennial_higher",4,1,0.301922836123722,23
"anchor_104","HOG:0021825","leaf","mean_activity","equal-time-point mean module activity within tissue",-0.288069519211665,0,4,0,"perennial_higher",4,1,0.288069519211665,24
"anchor_301","HOG:0018459","leaf","mean_activity","equal-time-point mean module activity within tissue",0.271314670763613,4,0,0,"annual_higher",4,1,0.271314670763613,25
"anchor_323","HOG:0026451","leaf","mean_activity","equal-time-point mean module activity within tissue",0.265923433045248,4,0,0,"annual_higher",4,1,0.265923433045248,26
"anchor_203","HOG:0018504","leaf","early_to_late","last minus first matched time-point module activity",-0.229105711458357,0,4,0,"perennial_higher",4,1,0.229105711458357,27
"anchor_335","HOG:0027282","leaf","mean_activity","equal-time-point mean module activity within tissue",-0.220156072224621,0,4,0,"perennial_higher",4,1,0.220156072224621,28
"anchor_316","HOG:0000079","leaf","early_to_late","last minus first matched time-point module activity",-0.204193411784468,0,4,0,"perennial_higher",4,1,0.204193411784468,29
"anchor_335","HOG:0027282","root","mean_activity","equal-time-point mean module activity within tissue",0.199240156658824,4,0,0,"annual_higher",4,1,0.199240156658824,30
"anchor_220","HOG:0011715","leaf","mean_activity","equal-time-point mean module activity within tissue",-0.181675118680975,0,4,0,"perennial_higher",4,1,0.181675118680975,31
"anchor_271","HOG:0026340","root","mean_activity","equal-time-point mean module activity within tissue",-0.16970725924406,0,4,0,"perennial_higher",4,1,0.16970725924406,32
"anchor_250","HOG:0006334","leaf","mean_activity","equal-time-point mean module activity within tissue",-0.161570311145031,0,4,0,"perennial_higher",4,1,0.161570311145031,33
"anchor_327","HOG:0026946","leaf","mean_activity","equal-time-point mean module activity within tissue",-0.158997788671462,0,4,0,"perennial_higher",4,1,0.158997788671462,34
"anchor_279","HOG:0033476","leaf","mean_activity","equal-time-point mean module activity within tissue",-0.153158678557205,0,4,0,"perennial_higher",4,1,0.153158678557205,35
"anchor_330","HOG:0025801","leaf","mean_activity","equal-time-point mean module activity within tissue",-0.150156946790454,0,4,0,"perennial_higher",4,1,0.150156946790454,36
"anchor_138","HOG:0025231","leaf","mean_activity","equal-time-point mean module activity within tissue",0.145576073926674,4,0,0,"annual_higher",4,1,0.145576073926674,37
"anchor_301","HOG:0018459","root","mean_activity","equal-time-point mean module activity within tissue",0.145209803938518,4,0,0,"annual_higher",4,1,0.145209803938518,38
"anchor_149","HOG:0032060","leaf","mean_activity","equal-time-point mean module activity within tissue",-0.143372964462302,0,4,0,"perennial_higher",4,1,0.143372964462302,39
"anchor_307","HOG:0010703","leaf","mean_activity","equal-time-point mean module activity within tissue",0.143193496449312,4,0,0,"annual_higher",4,1,0.143193496449312,40
"anchor_241","HOG:0026507","leaf","mean_activity","equal-time-point mean module activity within tissue",-0.138783926304167,0,4,0,"perennial_higher",4,1,0.138783926304167,41
"anchor_164","HOG:0027054","root","mean_activity","equal-time-point mean module activity within tissue",-0.138259085778619,0,4,0,"perennial_higher",4,1,0.138259085778619,42
"anchor_294","HOG:0026361","leaf","early_to_late","last minus first matched time-point module activity",-0.135030284242794,0,4,0,"perennial_higher",4,1,0.135030284242794,43
"anchor_235","HOG:0017160","leaf","mean_activity","equal-time-point mean module activity within tissue",-0.131401308420547,0,4,0,"perennial_higher",4,1,0.131401308420547,44
"anchor_303","HOG:0027639","leaf","mean_activity","equal-time-point mean module activity within tissue",-0.129228748945543,0,4,0,"perennial_higher",4,1,0.129228748945543,45
"anchor_164","HOG:0027054","leaf","mean_activity","equal-time-point mean module activity within tissue",-0.126057157205784,0,4,0,"perennial_higher",4,1,0.126057157205784,46
"anchor_135","HOG:0004114","leaf","mean_activity","equal-time-point mean module activity within tissue",-0.125186328262521,0,4,0,"perennial_higher",4,1,0.125186328262521,47
"anchor_266","HOG:0028440","leaf","mean_activity","equal-time-point mean module activity within tissue",-0.122373869925457,0,4,0,"perennial_higher",4,1,0.122373869925457,48
"anchor_220","HOG:0011715","root","mean_activity","equal-time-point mean module activity within tissue",-0.119178032885018,0,4,0,"perennial_higher",4,1,0.119178032885018,49
"anchor_279","HOG:0033476","root","mean_activity","equal-time-point mean module activity within tissue",-0.118766164237558,0,4,0,"perennial_higher",4,1,0.118766164237558,50
"anchor_173","HOG:0011717","leaf","mean_activity","equal-time-point mean module activity within tissue",-0.114839054878197,0,4,0,"perennial_higher",4,1,0.114839054878197,51
"anchor_302","HOG:0011628","leaf","early_to_late","last minus first matched time-point module activity",-0.109657797255298,0,4,0,"perennial_higher",4,1,0.109657797255298,52
"anchor_308","HOG:0014354","leaf","mean_activity","equal-time-point mean module activity within tissue",-0.109288817388558,0,4,0,"perennial_higher",4,1,0.109288817388558,53
"anchor_277","HOG:0007857","root","mean_activity","equal-time-point mean module activity within tissue",0.107096141944815,4,0,0,"annual_higher",4,1,0.107096141944815,54
"anchor_286","HOG:0028717","root","early_to_late","last minus first matched time-point module activity",0.0982092983885792,4,0,0,"annual_higher",4,1,0.0982092983885792,55
"anchor_173","HOG:0011717","root","mean_activity","equal-time-point mean module activity within tissue",-0.0981679886125865,0,4,0,"perennial_higher",4,1,0.0981679886125865,56
"anchor_295","HOG:0031418","leaf","mean_activity","equal-time-point mean module activity within tissue",-0.0957065466951529,0,4,0,"perennial_higher",4,1,0.0957065466951529,57
"anchor_107","HOG:0020293","root","mean_activity","equal-time-point mean module activity within tissue",-0.0934327823496654,0,4,0,"perennial_higher",4,1,0.0934327823496654,58
"anchor_133","HOG:0020711","leaf","mean_activity","equal-time-point mean module activity within tissue",0.0881683617184752,4,0,0,"annual_higher",4,1,0.0881683617184752,59
"anchor_136","HOG:0012101","root","mean_activity","equal-time-point mean module activity within tissue",0.0878338216479002,4,0,0,"annual_higher",4,1,0.0878338216479002,60
"anchor_232","HOG:0019459","leaf","mean_activity","equal-time-point mean module activity within tissue",0.0873753393618953,4,0,0,"annual_higher",4,1,0.0873753393618953,61
"anchor_190","HOG:0032397","leaf","early_to_late","last minus first matched time-point module activity",-0.0855324061919693,0,4,0,"perennial_higher",4,1,0.0855324061919693,62
"anchor_324","HOG:0023427","leaf","mean_activity","equal-time-point mean module activity within tissue",-0.0836707091680328,0,4,0,"perennial_higher",4,1,0.0836707091680328,63
"anchor_266","HOG:0028440","root","mean_activity","equal-time-point mean module activity within tissue",-0.0826099881852703,0,4,0,"perennial_higher",4,1,0.0826099881852703,64
"anchor_241","HOG:0026507","root","mean_activity","equal-time-point mean module activity within tissue",-0.0815990498187976,0,4,0,"perennial_higher",4,1,0.0815990498187976,65
"anchor_283","HOG:0026360","leaf","mean_activity","equal-time-point mean module activity within tissue",-0.0802604861441281,0,4,0,"perennial_higher",4,1,0.0802604861441281,66
"anchor_260","HOG:0012011","leaf","mean_activity","equal-time-point mean module activity within tissue",-0.0799609522260439,0,4,0,"perennial_higher",4,1,0.0799609522260439,67
"anchor_114","HOG:0027098","root","early_to_late","last minus first matched time-point module activity",0.0794583032822234,4,0,0,"annual_higher",4,1,0.0794583032822234,68
"anchor_158","HOG:0006208","root","mean_activity","equal-time-point mean module activity within tissue",-0.0791914257743181,0,4,0,"perennial_higher",4,1,0.0791914257743181,69
"anchor_217","HOG:0025124","root","mean_activity","equal-time-point mean module activity within tissue",-0.0761633284125773,0,4,0,"perennial_higher",4,1,0.0761633284125773,70
"anchor_253","HOG:0006149","leaf","mean_activity","equal-time-point mean module activity within tissue",-0.0733096022365574,0,4,0,"perennial_higher",4,1,0.0733096022365574,71
"anchor_253","HOG:0006149","root","mean_activity","equal-time-point mean module activity within tissue",-0.0713600946323141,0,4,0,"perennial_higher",4,1,0.0713600946323141,72
"anchor_196","HOG:0006523","root","mean_activity","equal-time-point mean module activity within tissue",-0.0712483059446244,0,4,0,"perennial_higher",4,1,0.0712483059446244,73
"anchor_213","HOG:0026073","root","mean_activity","equal-time-point mean module activity within tissue",-0.0683168962217417,0,4,0,"perennial_higher",4,1,0.0683168962217417,74
"anchor_227","HOG:0032920","root","mean_activity","equal-time-point mean module activity within tissue",0.0665908520987541,4,0,0,"annual_higher",4,1,0.0665908520987541,75
"anchor_119","HOG:0006139","root","mean_activity","equal-time-point mean module activity within tissue",0.0650092502101301,4,0,0,"annual_higher",4,1,0.0650092502101301,76
"anchor_163","HOG:0008717","leaf","mean_activity","equal-time-point mean module activity within tissue",-0.064951889553433,0,4,0,"perennial_higher",4,1,0.064951889553433,77
"anchor_303","HOG:0027639","root","mean_activity","equal-time-point mean module activity within tissue",-0.0646178166848022,0,4,0,"perennial_higher",4,1,0.0646178166848022,78
"anchor_251","HOG:0011497","leaf","early_to_late","last minus first matched time-point module activity",-0.0631127783079822,0,4,0,"perennial_higher",4,1,0.0631127783079822,79
"anchor_163","HOG:0008717","root","mean_activity","equal-time-point mean module activity within tissue",-0.063071290386778,0,4,0,"perennial_higher",4,1,0.063071290386778,80
"anchor_317","HOG:0030885","root","mean_activity","equal-time-point mean module activity within tissue",-0.0625301497146759,0,4,0,"perennial_higher",4,1,0.0625301497146759,81
"anchor_169","HOG:0030801","root","mean_activity","equal-time-point mean module activity within tissue",-0.062290016432945,0,4,0,"perennial_higher",4,1,0.062290016432945,82
"anchor_90","HOG:0032320","leaf","mean_activity","equal-time-point mean module activity within tissue",0.06059480144463,4,0,0,"annual_higher",4,1,0.06059480144463,83
"anchor_217","HOG:0025124","leaf","mean_activity","equal-time-point mean module activity within tissue",-0.0603214773996028,0,4,0,"perennial_higher",4,1,0.0603214773996028,84
"anchor_149","HOG:0032060","root","mean_activity","equal-time-point mean module activity within tissue",-0.0602250781313936,0,4,0,"perennial_higher",4,1,0.0602250781313936,85
"anchor_118","HOG:0028661","leaf","mean_activity","equal-time-point mean module activity within tissue",-0.0596812158136734,0,4,0,"perennial_higher",4,1,0.0596812158136734,86
"anchor_332","HOG:0028850","root","mean_activity","equal-time-point mean module activity within tissue",-0.0593204219363608,0,4,0,"perennial_higher",4,1,0.0593204219363608,87
"anchor_94","HOG:0008605","leaf","mean_activity","equal-time-point mean module activity within tissue",-0.0591179908211333,0,4,0,"perennial_higher",4,1,0.0591179908211333,88
"anchor_254","HOG:0024990","leaf","mean_activity","equal-time-point mean module activity within tissue",-0.0591048800884584,0,4,0,"perennial_higher",4,1,0.0591048800884584,89
"anchor_196","HOG:0006523","leaf","mean_activity","equal-time-point mean module activity within tissue",-0.0575470196600397,0,4,0,"perennial_higher",4,1,0.0575470196600397,90
"anchor_332","HOG:0028850","leaf","mean_activity","equal-time-point mean module activity within tissue",-0.0574763362701294,0,4,0,"perennial_higher",4,1,0.0574763362701294,91
"anchor_116","HOG:0023564","root","mean_activity","equal-time-point mean module activity within tissue",-0.0560147963455058,0,4,0,"perennial_higher",4,1,0.0560147963455058,92
"anchor_138","HOG:0025231","root","mean_activity","equal-time-point mean module activity within tissue",0.0555427764022945,4,0,0,"annual_higher",4,1,0.0555427764022945,93
"anchor_118","HOG:0028661","root","mean_activity","equal-time-point mean module activity within tissue",-0.054279182521771,0,4,0,"perennial_higher",4,1,0.054279182521771,94
"anchor_94","HOG:0008605","root","mean_activity","equal-time-point mean module activity within tissue",-0.0520799187914837,0,4,0,"perennial_higher",4,1,0.0520799187914837,95
"anchor_315","HOG:0008733","root","mean_activity","equal-time-point mean module activity within tissue",0.049677371002122,4,0,0,"annual_higher",4,1,0.049677371002122,96
"anchor_62","HOG:0024791","root","mean_activity","equal-time-point mean module activity within tissue",0.0495643793342005,4,0,0,"annual_higher",4,1,0.0495643793342005,97
"anchor_320","HOG:0005833","root","mean_activity","equal-time-point mean module activity within tissue",0.0493527538595068,4,0,0,"annual_higher",4,1,0.0493527538595068,98
"anchor_67","HOG:0031129","leaf","mean_activity","equal-time-point mean module activity within tissue",0.0488583566642178,4,0,0,"annual_higher",4,1,0.0488583566642178,99
"anchor_141","HOG:0026234","root","mean_activity","equal-time-point mean module activity within tissue",0.048804184354734,4,0,0,"annual_higher",4,1,0.048804184354734,100
"anchor_143","HOG:0006346","leaf","mean_activity","equal-time-point mean module activity within tissue",0.0483837456377771,4,0,0,"annual_higher",4,1,0.0483837456377771,101
"anchor_191","HOG:0022918","root","mean_activity","equal-time-point mean module activity within tissue",-0.0479985819813767,0,4,0,"perennial_higher",4,1,0.0479985819813767,102
"anchor_213","HOG:0026073","leaf","mean_activity","equal-time-point mean module activity within tissue",-0.0475868096786273,0,4,0,"perennial_higher",4,1,0.0475868096786273,103
"anchor_78","HOG:0028720","root","mean_activity","equal-time-point mean module activity within tissue",0.0462093996528369,4,0,0,"annual_higher",4,1,0.0462093996528369,104
"anchor_90","HOG:0032320","root","mean_activity","equal-time-point mean module activity within tissue",0.0453920373935514,4,0,0,"annual_higher",4,1,0.0453920373935514,105
"anchor_87","HOG:0005589","root","mean_activity","equal-time-point mean module activity within tissue",0.0444376046346345,4,0,0,"annual_higher",4,1,0.0444376046346345,106
"anchor_76","HOG:0016566","root","mean_activity","equal-time-point mean module activity within tissue",0.0406791220533883,4,0,0,"annual_higher",4,1,0.0406791220533883,107
"anchor_205","HOG:0025863","leaf","mean_activity","equal-time-point mean module activity within tissue",0.0386825539430736,4,0,0,"annual_higher",4,1,0.0386825539430736,108
"anchor_72","HOG:0029544","root","mean_activity","equal-time-point mean module activity within tissue",0.0377977960895554,4,0,0,"annual_higher",4,1,0.0377977960895554,109
"anchor_141","HOG:0026234","root","early_to_late","last minus first matched time-point module activity",0.0371785267647184,4,0,0,"annual_higher",4,1,0.0371785267647184,110
"anchor_240","HOG:0007813","root","mean_activity","equal-time-point mean module activity within tissue",0.0370044668606914,4,0,0,"annual_higher",4,1,0.0370044668606914,111
"anchor_291","HOG:0027706","leaf","mean_activity","equal-time-point mean module activity within tissue",-0.0360979095025745,0,4,0,"perennial_higher",4,1,0.0360979095025745,112
"anchor_84","HOG:0030062","root","mean_activity","equal-time-point mean module activity within tissue",0.0352206890181386,4,0,0,"annual_higher",4,1,0.0352206890181386,113
"anchor_12","HOG:0026770","leaf","mean_activity","equal-time-point mean module activity within tissue",0.0347570867294009,4,0,0,"annual_higher",4,1,0.0347570867294009,114
"anchor_254","HOG:0024990","root","mean_activity","equal-time-point mean module activity within tissue",-0.0343810662486211,0,4,0,"perennial_higher",4,1,0.0343810662486211,115
"anchor_105","HOG:0027704","root","mean_activity","equal-time-point mean module activity within tissue",-0.0334386755437884,0,4,0,"perennial_higher",4,1,0.0334386755437884,116
"anchor_208","HOG:0027147","root","mean_activity","equal-time-point mean module activity within tissue",0.0325889714213146,4,0,0,"annual_higher",4,1,0.0325889714213146,117
"anchor_133","HOG:0020711","root","mean_activity","equal-time-point mean module activity within tissue",0.0323556576859934,4,0,0,"annual_higher",4,1,0.0323556576859934,118
"anchor_197","HOG:0006052","root","mean_activity","equal-time-point mean module activity within tissue",0.0315432126039306,4,0,0,"annual_higher",4,1,0.0315432126039306,119
"anchor_43","HOG:0006505","root","mean_activity","equal-time-point mean module activity within tissue",0.0311157531183298,4,0,0,"annual_higher",4,1,0.0311157531183298,120
"anchor_326","HOG:0031982","leaf","mean_activity","equal-time-point mean module activity within tissue",-0.0301387912135092,0,4,0,"perennial_higher",4,1,0.0301387912135092,121
"anchor_26","HOG:0020311","root","mean_activity","equal-time-point mean module activity within tissue",0.0281825820122058,4,0,0,"annual_higher",4,1,0.0281825820122058,122
"anchor_57","HOG:0031653","root","mean_activity","equal-time-point mean module activity within tissue",0.0271452414708613,4,0,0,"annual_higher",4,1,0.0271452414708613,123
"anchor_257","HOG:0011942","root","mean_activity","equal-time-point mean module activity within tissue",0.026172934468601,4,0,0,"annual_higher",4,1,0.026172934468601,124
"anchor_31","HOG:0011086","root","mean_activity","equal-time-point mean module activity within tissue",0.0239184356860841,4,0,0,"annual_higher",4,1,0.0239184356860841,125
"anchor_143","HOG:0006346","root","mean_activity","equal-time-point mean module activity within tissue",0.0235565866714819,4,0,0,"annual_higher",4,1,0.0235565866714819,126
"anchor_114","HOG:0027098","root","mean_activity","equal-time-point mean module activity within tissue",0.0218961233449583,4,0,0,"annual_higher",4,1,0.0218961233449583,127
"anchor_326","HOG:0031982","root","mean_activity","equal-time-point mean module activity within tissue",-0.0207759044345441,0,4,0,"perennial_higher",4,1,0.0207759044345441,128
"anchor_68","HOG:0000537","root","mean_activity","equal-time-point mean module activity within tissue",0.0189578185896533,4,0,0,"annual_higher",4,1,0.0189578185896533,129
"anchor_197","HOG:0006052","leaf","mean_activity","equal-time-point mean module activity within tissue",0.0179717824081935,4,0,0,"annual_higher",4,1,0.0179717824081935,130
"anchor_14","HOG:0012056","leaf","mean_activity","equal-time-point mean module activity within tissue",0.0167040200942224,4,0,0,"annual_higher",4,1,0.0167040200942224,131
"anchor_06","HOG:0028766","root","mean_activity","equal-time-point mean module activity within tissue",0.0155438535132843,4,0,0,"annual_higher",4,1,0.0155438535132843,132
"anchor_13","HOG:0006264","root","mean_activity","equal-time-point mean module activity within tissue",0.0117774267920158,4,0,0,"annual_higher",4,1,0.0117774267920158,133
"anchor_336","HOG:0032436","root","early_to_late","last minus first matched time-point module activity",0.970655111075177,3,1,0,"annual_higher",3,0.75,0.970655111075177,134
"anchor_192","HOG:0010481","root","early_to_late","last minus first matched time-point module activity",0.874081200412429,3,1,0,"annual_higher",3,0.75,0.874081200412429,135
"anchor_231","HOG:0023138","root","early_to_late","last minus first matched time-point module activity",0.782861896073803,3,1,0,"annual_higher",3,0.75,0.782861896073803,136
"anchor_323","HOG:0026451","leaf","early_to_late","last minus first matched time-point module activity",-0.767900019602784,1,3,0,"perennial_higher",3,0.75,0.767900019602784,137
"anchor_159","HOG:0028145","root","early_to_late","last minus first matched time-point module activity",0.752346239336452,3,1,0,"annual_higher",3,0.75,0.752346239336452,138
"anchor_162","HOG:0005857","root","early_to_late","last minus first matched time-point module activity",0.726531187608847,3,1,0,"annual_higher",3,0.75,0.726531187608847,139
"anchor_145","HOG:0026774","root","early_to_late","last minus first matched time-point module activity",0.725699518277633,3,1,0,"annual_higher",3,0.75,0.725699518277633,140
"anchor_186","HOG:0027918","root","early_to_late","last minus first matched time-point module activity",0.707659632288018,3,1,0,"annual_higher",3,0.75,0.707659632288018,141
"anchor_185","HOG:0005683","root","early_to_late","last minus first matched time-point module activity",0.707096096656195,3,1,0,"annual_higher",3,0.75,0.707096096656195,142
"anchor_309","HOG:0011540","root","early_to_late","last minus first matched time-point module activity",0.689359160354635,3,1,0,"annual_higher",3,0.75,0.689359160354635,143
"anchor_334","HOG:0023048","root","mean_activity","equal-time-point mean module activity within tissue",0.68118185883452,3,1,0,"annual_higher",3,0.75,0.68118185883452,144
"anchor_309","HOG:0011540","leaf","early_to_late","last minus first matched time-point module activity",0.663049271692047,3,1,0,"annual_higher",3,0.75,0.663049271692047,145
"anchor_325","HOG:0011775","root","early_to_late","last minus first matched time-point module activity",0.640660798665686,3,1,0,"annual_higher",3,0.75,0.640660798665686,146
"anchor_189","HOG:0027641","root","early_to_late","last minus first matched time-point module activity",0.629862692249454,3,1,0,"annual_higher",3,0.75,0.629862692249454,147
"anchor_336","HOG:0032436","leaf","early_to_late","last minus first matched time-point module activity",0.626170818257586,3,1,0,"annual_higher",3,0.75,0.626170818257586,148
"anchor_103","HOG:0011510","root","early_to_late","last minus first matched time-point module activity",0.622463295813737,3,1,0,"annual_higher",3,0.75,0.622463295813737,149
"anchor_120","HOG:0027421","root","early_to_late","last minus first matched time-point module activity",0.620968875176323,3,1,0,"annual_higher",3,0.75,0.620968875176323,150
"anchor_225","HOG:0032904","leaf","early_to_late","last minus first matched time-point module activity",0.617862294457147,3,1,0,"annual_higher",3,0.75,0.617862294457147,151
"anchor_226","HOG:0025149","leaf","early_to_late","last minus first matched time-point module activity",0.603307217042944,3,1,0,"annual_higher",3,0.75,0.603307217042944,152
"anchor_147","HOG:0032849","root","early_to_late","last minus first matched time-point module activity",0.591184728813215,3,1,0,"annual_higher",3,0.75,0.591184728813215,153
"anchor_285","HOG:0025342","leaf","early_to_late","last minus first matched time-point module activity",0.559300505497205,3,1,0,"annual_higher",3,0.75,0.559300505497205,154
"anchor_192","HOG:0010481","root","mean_activity","equal-time-point mean module activity within tissue",0.52279152557038,3,1,0,"annual_higher",3,0.75,0.52279152557038,155
"anchor_178","HOG:0010551","leaf","early_to_late","last minus first matched time-point module activity",0.490166245328437,3,1,0,"annual_higher",3,0.75,0.490166245328437,156
"anchor_207","HOG:0032903","leaf","early_to_late","last minus first matched time-point module activity",0.487956446890053,3,1,0,"annual_higher",3,0.75,0.487956446890053,157
"anchor_97","HOG:0011541","root","early_to_late","last minus first matched time-point module activity",0.487323662138682,3,1,0,"annual_higher",3,0.75,0.487323662138682,158
"anchor_306","HOG:0010549","root","early_to_late","last minus first matched time-point module activity",0.48686491381584,3,1,0,"annual_higher",3,0.75,0.48686491381584,159
"anchor_334","HOG:0023048","leaf","early_to_late","last minus first matched time-point module activity",0.484647951771661,3,1,0,"annual_higher",3,0.75,0.484647951771661,160
"anchor_219","HOG:0025848","root","early_to_late","last minus first matched time-point module activity",0.460762537512379,3,1,0,"annual_higher",3,0.75,0.460762537512379,161
"anchor_122","HOG:0012297","leaf","early_to_late","last minus first matched time-point module activity",0.44896812665329,3,1,0,"annual_higher",3,0.75,0.44896812665329,162
"anchor_336","HOG:0032436","root","mean_activity","equal-time-point mean module activity within tissue",0.445312579261496,3,1,0,"annual_higher",3,0.75,0.445312579261496,163
"anchor_170","HOG:0025923","root","early_to_late","last minus first matched time-point module activity",0.444131827321193,3,1,0,"annual_higher",3,0.75,0.444131827321193,164
"anchor_192","HOG:0010481","leaf","early_to_late","last minus first matched time-point module activity",0.435707738531117,3,1,0,"annual_higher",3,0.75,0.435707738531117,165
"anchor_335","HOG:0027282","leaf","early_to_late","last minus first matched time-point module activity",0.433220658412554,3,1,0,"annual_higher",3,0.75,0.433220658412554,166
"anchor_162","HOG:0005857","leaf","early_to_late","last minus first matched time-point module activity",0.427414331019906,3,1,0,"annual_higher",3,0.75,0.427414331019906,167
"anchor_228","HOG:0006131","leaf","mean_activity","equal-time-point mean module activity within tissue",-0.42556616728706,1,3,0,"perennial_higher",3,0.75,0.42556616728706,168
"anchor_335","HOG:0027282","root","early_to_late","last minus first matched time-point module activity",0.421302407470419,3,1,0,"annual_higher",3,0.75,0.421302407470419,169
"anchor_318","HOG:0005960","root","early_to_late","last minus first matched time-point module activity",0.40740102727136,3,1,0,"annual_higher",3,0.75,0.40740102727136,170
"anchor_285","HOG:0025342","root","mean_activity","equal-time-point mean module activity within tissue",0.402897073988211,3,1,0,"annual_higher",3,0.75,0.402897073988211,171
"anchor_259","HOG:0026742","leaf","early_to_late","last minus first matched time-point module activity",0.402589320478204,3,1,0,"annual_higher",3,0.75,0.402589320478204,172
"anchor_231","HOG:0023138","root","mean_activity","equal-time-point mean module activity within tissue",0.392211621137602,3,1,0,"annual_higher",3,0.75,0.392211621137602,173
"anchor_237","HOG:0026838","root","early_to_late","last minus first matched time-point module activity",0.39105904392959,3,1,0,"annual_higher",3,0.75,0.39105904392959,174
"anchor_185","HOG:0005683","leaf","early_to_late","last minus first matched time-point module activity",0.385597837631163,3,1,0,"annual_higher",3,0.75,0.385597837631163,175
"anchor_271","HOG:0026340","leaf","early_to_late","last minus first matched time-point module activity",-0.374833107801781,1,3,0,"perennial_higher",3,0.75,0.374833107801781,176
"anchor_103","HOG:0011510","leaf","early_to_late","last minus first matched time-point module activity",0.374206353222559,3,1,0,"annual_higher",3,0.75,0.374206353222559,177
"anchor_282","HOG:0008732","leaf","mean_activity","equal-time-point mean module activity within tissue",-0.366771821858366,1,3,0,"perennial_higher",3,0.75,0.366771821858366,178
"anchor_221","HOG:0028333","root","mean_activity","equal-time-point mean module activity within tissue",0.35753971360068,3,1,0,"annual_higher",3,0.75,0.35753971360068,179
"anchor_290","HOG:0031056","leaf","mean_activity","equal-time-point mean module activity within tissue",-0.357532288150741,1,3,0,"perennial_higher",3,0.75,0.357532288150741,180
"anchor_219","HOG:0025848","leaf","early_to_late","last minus first matched time-point module activity",0.352641919324958,3,1,0,"annual_higher",3,0.75,0.352641919324958,181
"anchor_207","HOG:0032903","root","mean_activity","equal-time-point mean module activity within tissue",0.35017609750603,3,1,0,"annual_higher",3,0.75,0.35017609750603,182
"anchor_259","HOG:0026742","root","early_to_late","last minus first matched time-point module activity",0.343654359763815,3,1,0,"annual_higher",3,0.75,0.343654359763815,183
"anchor_264","HOG:0003561","root","early_to_late","last minus first matched time-point module activity",0.34008812287716,3,1,0,"annual_higher",3,0.75,0.34008812287716,184
"anchor_258","HOG:0027091","leaf","mean_activity","equal-time-point mean module activity within tissue",-0.338276843892957,1,3,0,"perennial_higher",3,0.75,0.338276843892957,185
"anchor_122","HOG:0012297","root","mean_activity","equal-time-point mean module activity within tissue",0.336624712749313,3,1,0,"annual_higher",3,0.75,0.336624712749313,186
"anchor_202","HOG:0010482","root","mean_activity","equal-time-point mean module activity within tissue",0.333931715720897,3,1,0,"annual_higher",3,0.75,0.333931715720897,187
"anchor_309","HOG:0011540","root","mean_activity","equal-time-point mean module activity within tissue",0.333759956629367,3,1,0,"annual_higher",3,0.75,0.333759956629367,188
"anchor_161","HOG:0025959","root","mean_activity","equal-time-point mean module activity within tissue",0.333639679745453,3,1,0,"annual_higher",3,0.75,0.333639679745453,189
"anchor_150","HOG:0011478","leaf","mean_activity","equal-time-point mean module activity within tissue",-0.327520068880692,1,3,0,"perennial_higher",3,0.75,0.327520068880692,190
"anchor_120","HOG:0027421","leaf","mean_activity","equal-time-point mean module activity within tissue",-0.323373287688267,1,3,0,"perennial_higher",3,0.75,0.323373287688267,191
"anchor_322","HOG:0003621","leaf","mean_activity","equal-time-point mean module activity within tissue",-0.312751420888616,1,3,0,"perennial_higher",3,0.75,0.312751420888616,192
"anchor_145","HOG:0026774","leaf","mean_activity","equal-time-point mean module activity within tissue",-0.298802538634403,1,3,0,"perennial_higher",3,0.75,0.298802538634403,193
"anchor_264","HOG:0003561","leaf","mean_activity","equal-time-point mean module activity within tissue",-0.295148114953468,1,3,0,"perennial_higher",3,0.75,0.295148114953468,194
"anchor_228","HOG:0006131","leaf","early_to_late","last minus first matched time-point module activity",0.291441606285308,3,1,0,"annual_higher",3,0.75,0.291441606285308,195
"anchor_159","HOG:0028145","leaf","mean_activity","equal-time-point mean module activity within tissue",-0.290871748281731,1,3,0,"perennial_higher",3,0.75,0.290871748281731,196
"anchor_259","HOG:0026742","root","mean_activity","equal-time-point mean module activity within tissue",0.287691941998047,3,1,0,"annual_higher",3,0.75,0.287691941998047,197
"anchor_219","HOG:0025848","leaf","mean_activity","equal-time-point mean module activity within tissue",-0.285568318032958,1,3,0,"perennial_higher",3,0.75,0.285568318032958,198
"anchor_159","HOG:0028145","leaf","early_to_late","last minus first matched time-point module activity",0.281418723220673,3,1,0,"annual_higher",3,0.75,0.281418723220673,199
"anchor_185","HOG:0005683","leaf","mean_activity","equal-time-point mean module activity within tissue",-0.27717583547592,1,3,0,"perennial_higher",3,0.75,0.27717583547592,200
"anchor_186","HOG:0027918","leaf","mean_activity","equal-time-point mean module activity within tissue",-0.272297762898019,1,3,0,"perennial_higher",3,0.75,0.272297762898019,201
"anchor_193","HOG:0027905","leaf","early_to_late","last minus first matched time-point module activity",0.271637781512398,3,1,0,"annual_higher",3,0.75,0.271637781512398,202
"anchor_140","HOG:0032765","leaf","mean_activity","equal-time-point mean module activity within tissue",-0.2675468952471,1,3,0,"perennial_higher",3,0.75,0.2675468952471,203
"anchor_147","HOG:0032849","leaf","mean_activity","equal-time-point mean module activity within tissue",-0.266057355035809,1,3,0,"perennial_higher",3,0.75,0.266057355035809,204
"anchor_97","HOG:0011541","leaf","mean_activity","equal-time-point mean module activity within tissue",-0.263401209166104,1,3,0,"perennial_higher",3,0.75,0.263401209166104,205
"anchor_145","HOG:0026774","leaf","early_to_late","last minus first matched time-point module activity",0.262661237493825,3,1,0,"annual_higher",3,0.75,0.262661237493825,206
"anchor_226","HOG:0025149","root","mean_activity","equal-time-point mean module activity within tissue",0.259399773017529,3,1,0,"annual_higher",3,0.75,0.259399773017529,207
"anchor_237","HOG:0026838","leaf","mean_activity","equal-time-point mean module activity within tissue",-0.258452193921983,1,3,0,"perennial_higher",3,0.75,0.258452193921983,208
"anchor_228","HOG:0006131","root","mean_activity","equal-time-point mean module activity within tissue",0.255357423596913,3,1,0,"annual_higher",3,0.75,0.255357423596913,209
"anchor_161","HOG:0025959","leaf","early_to_late","last minus first matched time-point module activity",0.252005809797353,3,1,0,"annual_higher",3,0.75,0.252005809797353,210
"anchor_243","HOG:0012390","leaf","mean_activity","equal-time-point mean module activity within tissue",-0.251469076493744,1,3,0,"perennial_higher",3,0.75,0.251469076493744,211
"anchor_306","HOG:0010549","leaf","mean_activity","equal-time-point mean module activity within tissue",-0.250748542372514,1,3,0,"perennial_higher",3,0.75,0.250748542372514,212
"anchor_170","HOG:0025923","leaf","mean_activity","equal-time-point mean module activity within tissue",-0.248283533675926,1,3,0,"perennial_higher",3,0.75,0.248283533675926,213
"anchor_136","HOG:0012101","root","early_to_late","last minus first matched time-point module activity",0.243890643371615,3,1,0,"annual_higher",3,0.75,0.243890643371615,214
"anchor_182","HOG:0027090","leaf","mean_activity","equal-time-point mean module activity within tissue",-0.23851485536655,1,3,0,"perennial_higher",3,0.75,0.23851485536655,215
"anchor_136","HOG:0012101","leaf","early_to_late","last minus first matched time-point module activity",0.236191559055072,3,1,0,"annual_higher",3,0.75,0.236191559055072,216
"anchor_189","HOG:0027641","root","mean_activity","equal-time-point mean module activity within tissue",0.236147178251233,3,1,0,"annual_higher",3,0.75,0.236147178251233,217
"anchor_333","HOG:0008696","leaf","early_to_late","last minus first matched time-point module activity",-0.233952800280577,1,3,0,"perennial_higher",3,0.75,0.233952800280577,218
"anchor_325","HOG:0011775","leaf","mean_activity","equal-time-point mean module activity within tissue",-0.228724519423119,1,3,0,"perennial_higher",3,0.75,0.228724519423119,219
"anchor_302","HOG:0011628","root","early_to_late","last minus first matched time-point module activity",-0.227189434019837,1,3,0,"perennial_higher",3,0.75,0.227189434019837,220
"anchor_320","HOG:0005833","leaf","mean_activity","equal-time-point mean module activity within tissue",0.22688374146171,3,1,0,"annual_higher",3,0.75,0.22688374146171,221
"anchor_300","HOG:0023036","leaf","mean_activity","equal-time-point mean module activity within tissue",-0.226464708061263,1,3,0,"perennial_higher",3,0.75,0.226464708061263,222
"anchor_223","HOG:0013389","leaf","early_to_late","last minus first matched time-point module activity",-0.225749522897283,1,3,0,"perennial_higher",3,0.75,0.225749522897283,223
"anchor_132","HOG:0030886","leaf","early_to_late","last minus first matched time-point module activity",-0.225146082287441,1,3,0,"perennial_higher",3,0.75,0.225146082287441,224
"anchor_283","HOG:0026360","leaf","early_to_late","last minus first matched time-point module activity",-0.222328273948634,1,3,0,"perennial_higher",3,0.75,0.222328273948634,225
"anchor_217","HOG:0025124","leaf","early_to_late","last minus first matched time-point module activity",-0.220218699484993,1,3,0,"perennial_higher",3,0.75,0.220218699484993,226
"anchor_266","HOG:0028440","leaf","early_to_late","last minus first matched time-point module activity",-0.219838959629028,1,3,0,"perennial_higher",3,0.75,0.219838959629028,227
"anchor_268","HOG:0004116","leaf","early_to_late","last minus first matched time-point module activity",-0.219516122411639,1,3,0,"perennial_higher",3,0.75,0.219516122411639,228
"anchor_265","HOG:0016371","leaf","early_to_late","last minus first matched time-point module activity",-0.218543309568318,1,3,0,"perennial_higher",3,0.75,0.218543309568318,229
"anchor_214","HOG:0017319","leaf","early_to_late","last minus first matched time-point module activity",-0.218445675425447,1,3,0,"perennial_higher",3,0.75,0.218445675425447,230
"anchor_322","HOG:0003621","root","mean_activity","equal-time-point mean module activity within tissue",0.217397435284863,3,1,0,"annual_higher",3,0.75,0.217397435284863,231
"anchor_164","HOG:0027054","leaf","early_to_late","last minus first matched time-point module activity",-0.215541625489322,1,3,0,"perennial_higher",3,0.75,0.215541625489322,232
"anchor_324","HOG:0023427","leaf","early_to_late","last minus first matched time-point module activity",-0.213810938134522,1,3,0,"perennial_higher",3,0.75,0.213810938134522,233
"anchor_296","HOG:0032348","leaf","early_to_late","last minus first matched time-point module activity",-0.213759704334814,1,3,0,"perennial_higher",3,0.75,0.213759704334814,234
"anchor_184","HOG:0026019","leaf","early_to_late","last minus first matched time-point module activity",0.212967547757979,3,1,0,"annual_higher",3,0.75,0.212967547757979,235
"anchor_221","HOG:0028333","leaf","early_to_late","last minus first matched time-point module activity",0.211109838061558,3,1,0,"annual_higher",3,0.75,0.211109838061558,236
"anchor_156","HOG:0026499","leaf","early_to_late","last minus first matched time-point module activity",-0.209418106063637,1,3,0,"perennial_higher",3,0.75,0.209418106063637,237
"anchor_104","HOG:0021825","leaf","early_to_late","last minus first matched time-point module activity",0.208195898856027,3,1,0,"annual_higher",3,0.75,0.208195898856027,238
"anchor_137","HOG:0012334","leaf","mean_activity","equal-time-point mean module activity within tissue",-0.204871855856838,1,3,0,"perennial_higher",3,0.75,0.204871855856838,239
"anchor_331","HOG:0027285","leaf","mean_activity","equal-time-point mean module activity within tissue",-0.204450825652047,1,3,0,"perennial_higher",3,0.75,0.204450825652047,240
"anchor_288","HOG:0026637","leaf","mean_activity","equal-time-point mean module activity within tissue",-0.203544599224515,1,3,0,"perennial_higher",3,0.75,0.203544599224515,241
"anchor_328","HOG:0021943","leaf","early_to_late","last minus first matched time-point module activity",-0.201911480461587,1,3,0,"perennial_higher",3,0.75,0.201911480461587,242
"anchor_146","HOG:0032629","leaf","early_to_late","last minus first matched time-point module activity",-0.201514257921345,1,3,0,"perennial_higher",3,0.75,0.201514257921345,243
"anchor_112","HOG:0026556","leaf","early_to_late","last minus first matched time-point module activity",-0.201369945873436,1,3,0,"perennial_higher",3,0.75,0.201369945873436,244
"anchor_96","HOG:0012012","leaf","early_to_late","last minus first matched time-point module activity",-0.199398550906386,1,3,0,"perennial_higher",3,0.75,0.199398550906386,245
"anchor_162","HOG:0005857","root","mean_activity","equal-time-point mean module activity within tissue",0.198095640423116,3,1,0,"annual_higher",3,0.75,0.198095640423116,246
"anchor_106","HOG:0012511","leaf","early_to_late","last minus first matched time-point module activity",-0.195423186352097,1,3,0,"perennial_higher",3,0.75,0.195423186352097,247
"anchor_178","HOG:0010551","root","mean_activity","equal-time-point mean module activity within tissue",0.194534081337131,3,1,0,"annual_higher",3,0.75,0.194534081337131,248
"anchor_78","HOG:0028720","leaf","mean_activity","equal-time-point mean module activity within tissue",0.191577124736358,3,1,0,"annual_higher",3,0.75,0.191577124736358,249
"anchor_175","HOG:0003782","root","early_to_late","last minus first matched time-point module activity",0.19061843619489,3,1,0,"annual_higher",3,0.75,0.19061843619489,250
"anchor_247","HOG:0013148","root","mean_activity","equal-time-point mean module activity within tissue",-0.188989523744153,1,3,0,"perennial_higher",3,0.75,0.188989523744153,251
"anchor_85","HOG:0032061","leaf","early_to_late","last minus first matched time-point module activity",-0.188899255384942,1,3,0,"perennial_higher",3,0.75,0.188899255384942,252
"anchor_94","HOG:0008605","leaf","early_to_late","last minus first matched time-point module activity",-0.187942417273981,1,3,0,"perennial_higher",3,0.75,0.187942417273981,253
"anchor_251","HOG:0011497","leaf","mean_activity","equal-time-point mean module activity within tissue",0.186970028743568,3,1,0,"annual_higher",3,0.75,0.186970028743568,254
"anchor_246","HOG:0027495","leaf","early_to_late","last minus first matched time-point module activity",-0.186648729614185,1,3,0,"perennial_higher",3,0.75,0.186648729614185,255
"anchor_274","HOG:0019536","leaf","early_to_late","last minus first matched time-point module activity",0.184741554906297,3,1,0,"annual_higher",3,0.75,0.184741554906297,256
"anchor_318","HOG:0005960","leaf","early_to_late","last minus first matched time-point module activity",-0.183528652758602,1,3,0,"perennial_higher",3,0.75,0.183528652758602,257
"anchor_78","HOG:0028720","leaf","early_to_late","last minus first matched time-point module activity",-0.183125112421764,1,3,0,"perennial_higher",3,0.75,0.183125112421764,258
"anchor_120","HOG:0027421","root","mean_activity","equal-time-point mean module activity within tissue",0.1822651033207,3,1,0,"annual_higher",3,0.75,0.1822651033207,259
"anchor_209","HOG:0024277","leaf","early_to_late","last minus first matched time-point module activity",0.181488723378522,3,1,0,"annual_higher",3,0.75,0.181488723378522,260
"anchor_193","HOG:0027905","root","mean_activity","equal-time-point mean module activity within tissue",0.180075699337216,3,1,0,"annual_higher",3,0.75,0.180075699337216,261
"anchor_92","HOG:0028695","leaf","early_to_late","last minus first matched time-point module activity",-0.179013162757173,1,3,0,"perennial_higher",3,0.75,0.179013162757173,262
"anchor_275","HOG:0033004","leaf","mean_activity","equal-time-point mean module activity within tissue",-0.178803822238926,1,3,0,"perennial_higher",3,0.75,0.178803822238926,263
"anchor_103","HOG:0011510","root","mean_activity","equal-time-point mean module activity within tissue",0.178250454254962,3,1,0,"annual_higher",3,0.75,0.178250454254962,264
"anchor_253","HOG:0006149","leaf","early_to_late","last minus first matched time-point module activity",-0.177466924794594,1,3,0,"perennial_higher",3,0.75,0.177466924794594,265
"anchor_320","HOG:0005833","leaf","early_to_late","last minus first matched time-point module activity",-0.177339527228169,1,3,0,"perennial_higher",3,0.75,0.177339527228169,266
"anchor_121","HOG:0030887","leaf","early_to_late","last minus first matched time-point module activity",-0.176623951382642,1,3,0,"perennial_higher",3,0.75,0.176623951382642,267
"anchor_244","HOG:0027351","leaf","mean_activity","equal-time-point mean module activity within tissue",-0.176182844402778,1,3,0,"perennial_higher",3,0.75,0.176182844402778,268
"anchor_152","HOG:0028198","leaf","early_to_late","last minus first matched time-point module activity",-0.175902607851403,1,3,0,"perennial_higher",3,0.75,0.175902607851403,269
"anchor_119","HOG:0006139","leaf","mean_activity","equal-time-point mean module activity within tissue",0.175063902205945,3,1,0,"annual_higher",3,0.75,0.175063902205945,270
"anchor_196","HOG:0006523","leaf","early_to_late","last minus first matched time-point module activity",-0.17359948146894,1,3,0,"perennial_higher",3,0.75,0.17359948146894,271
"anchor_124","HOG:0008697","leaf","early_to_late","last minus first matched time-point module activity",-0.172785904250103,1,3,0,"perennial_higher",3,0.75,0.172785904250103,272
"anchor_276","HOG:0007697","leaf","early_to_late","last minus first matched time-point module activity",-0.172146844441612,1,3,0,"perennial_higher",3,0.75,0.172146844441612,273
"anchor_247","HOG:0013148","leaf","early_to_late","last minus first matched time-point module activity",-0.172028269801522,1,3,0,"perennial_higher",3,0.75,0.172028269801522,274
"anchor_282","HOG:0008732","root","early_to_late","last minus first matched time-point module activity",-0.169809211496855,1,3,0,"perennial_higher",3,0.75,0.169809211496855,275
"anchor_308","HOG:0014354","leaf","early_to_late","last minus first matched time-point module activity",-0.169724722561619,1,3,0,"perennial_higher",3,0.75,0.169724722561619,276
"anchor_239","HOG:0028636","leaf","early_to_late","last minus first matched time-point module activity",-0.168952920973553,1,3,0,"perennial_higher",3,0.75,0.168952920973553,277
"anchor_138","HOG:0025231","leaf","early_to_late","last minus first matched time-point module activity",-0.168332124118179,1,3,0,"perennial_higher",3,0.75,0.168332124118179,278
"anchor_169","HOG:0030801","leaf","early_to_late","last minus first matched time-point module activity",-0.168120312858635,1,3,0,"perennial_higher",3,0.75,0.168120312858635,279
"anchor_219","HOG:0025848","root","mean_activity","equal-time-point mean module activity within tissue",0.167718717422977,3,1,0,"annual_higher",3,0.75,0.167718717422977,280
"anchor_252","HOG:0022123","leaf","early_to_late","last minus first matched time-point module activity",-0.167207871088486,1,3,0,"perennial_higher",3,0.75,0.167207871088486,281
"anchor_155","HOG:0008637","leaf","early_to_late","last minus first matched time-point module activity",-0.166452515194966,1,3,0,"perennial_higher",3,0.75,0.166452515194966,282
"anchor_236","HOG:0003795","leaf","early_to_late","last minus first matched time-point module activity",-0.165644708927033,1,3,0,"perennial_higher",3,0.75,0.165644708927033,283
"anchor_319","HOG:0006661","root","mean_activity","equal-time-point mean module activity within tissue",-0.165575255172235,1,3,0,"perennial_higher",3,0.75,0.165575255172235,284
"anchor_220","HOG:0011715","leaf","early_to_late","last minus first matched time-point module activity",-0.165205655536761,1,3,0,"perennial_higher",3,0.75,0.165205655536761,285
"anchor_305","HOG:0006008","root","early_to_late","last minus first matched time-point module activity",0.164854597547237,3,1,0,"annual_higher",3,0.75,0.164854597547237,286
"anchor_190","HOG:0032397","root","early_to_late","last minus first matched time-point module activity",-0.164833599602267,1,3,0,"perennial_higher",3,0.75,0.164833599602267,287
"anchor_317","HOG:0030885","leaf","early_to_late","last minus first matched time-point module activity",-0.164772779856373,1,3,0,"perennial_higher",3,0.75,0.164772779856373,288
"anchor_257","HOG:0011942","leaf","mean_activity","equal-time-point mean module activity within tissue",0.164381586559294,3,1,0,"annual_higher",3,0.75,0.164381586559294,289
"anchor_222","HOG:0032963","leaf","mean_activity","equal-time-point mean module activity within tissue",-0.163945219802109,1,3,0,"perennial_higher",3,0.75,0.163945219802109,290
"anchor_240","HOG:0007813","leaf","mean_activity","equal-time-point mean module activity within tissue",0.161456737409709,3,1,0,"annual_higher",3,0.75,0.161456737409709,291
"anchor_325","HOG:0011775","leaf","early_to_late","last minus first matched time-point module activity",0.161208355686718,3,1,0,"annual_higher",3,0.75,0.161208355686718,292
"anchor_139","HOG:0005689","leaf","early_to_late","last minus first matched time-point module activity",-0.160893506294179,1,3,0,"perennial_higher",3,0.75,0.160893506294179,293
"anchor_222","HOG:0032963","leaf","early_to_late","last minus first matched time-point module activity",-0.16081093636577,1,3,0,"perennial_higher",3,0.75,0.16081093636577,294
"anchor_330","HOG:0025801","leaf","early_to_late","last minus first matched time-point module activity",-0.159101287991397,1,3,0,"perennial_higher",3,0.75,0.159101287991397,295
"anchor_214","HOG:0017319","leaf","mean_activity","equal-time-point mean module activity within tissue",0.1587688554288,3,1,0,"annual_higher",3,0.75,0.1587688554288,296
"anchor_150","HOG:0011478","root","early_to_late","last minus first matched time-point module activity",-0.158513535675294,1,3,0,"perennial_higher",3,0.75,0.158513535675294,297
"anchor_186","HOG:0027918","leaf","early_to_late","last minus first matched time-point module activity",0.158175208214183,3,1,0,"annual_higher",3,0.75,0.158175208214183,298
"anchor_188","HOG:0005666","leaf","early_to_late","last minus first matched time-point module activity",-0.157708794606999,1,3,0,"perennial_higher",3,0.75,0.157708794606999,299
"anchor_321","HOG:0028005","leaf","early_to_late","last minus first matched time-point module activity",-0.157664672803841,1,3,0,"perennial_higher",3,0.75,0.157664672803841,300
"anchor_105","HOG:0027704","leaf","early_to_late","last minus first matched time-point module activity",-0.156138044711418,1,3,0,"perennial_higher",3,0.75,0.156138044711418,301
"anchor_292","HOG:0018454","leaf","early_to_late","last minus first matched time-point module activity",-0.153220432661474,1,3,0,"perennial_higher",3,0.75,0.153220432661474,302
"anchor_299","HOG:0025316","leaf","early_to_late","last minus first matched time-point module activity",-0.153173666718356,1,3,0,"perennial_higher",3,0.75,0.153173666718356,303
"anchor_307","HOG:0010703","root","early_to_late","last minus first matched time-point module activity",-0.152520834428748,1,3,0,"perennial_higher",3,0.75,0.152520834428748,304
"anchor_304","HOG:0027032","leaf","mean_activity","equal-time-point mean module activity within tissue",-0.152448992253366,1,3,0,"perennial_higher",3,0.75,0.152448992253366,305
"anchor_84","HOG:0030062","leaf","mean_activity","equal-time-point mean module activity within tissue",0.150961943291973,3,1,0,"annual_higher",3,0.75,0.150961943291973,306
"anchor_319","HOG:0006661","leaf","mean_activity","equal-time-point mean module activity within tissue",-0.150514929656332,1,3,0,"perennial_higher",3,0.75,0.150514929656332,307
"anchor_181","HOG:0011544","leaf","mean_activity","equal-time-point mean module activity within tissue",-0.149653340876172,1,3,0,"perennial_higher",3,0.75,0.149653340876172,308
"anchor_180","HOG:0030884","leaf","early_to_late","last minus first matched time-point module activity",-0.148002011465643,1,3,0,"perennial_higher",3,0.75,0.148002011465643,309
"anchor_119","HOG:0006139","leaf","early_to_late","last minus first matched time-point module activity",-0.147339000815631,1,3,0,"perennial_higher",3,0.75,0.147339000815631,310
"anchor_140","HOG:0032765","root","mean_activity","equal-time-point mean module activity within tissue",0.147161374190906,3,1,0,"annual_higher",3,0.75,0.147161374190906,311
"anchor_332","HOG:0028850","leaf","early_to_late","last minus first matched time-point module activity",-0.146384681018459,1,3,0,"perennial_higher",3,0.75,0.146384681018459,312
"anchor_197","HOG:0006052","root","early_to_late","last minus first matched time-point module activity",0.14574298689987,3,1,0,"annual_higher",3,0.75,0.14574298689987,313
"anchor_256","HOG:0006332","root","mean_activity","equal-time-point mean module activity within tissue",0.145468997894811,3,1,0,"annual_higher",3,0.75,0.145468997894811,314
"anchor_142","HOG:0029540","leaf","mean_activity","equal-time-point mean module activity within tissue",-0.145458629360231,1,3,0,"perennial_higher",3,0.75,0.145458629360231,315
"anchor_308","HOG:0014354","root","mean_activity","equal-time-point mean module activity within tissue",-0.144419833584424,1,3,0,"perennial_higher",3,0.75,0.144419833584424,316
"anchor_163","HOG:0008717","leaf","early_to_late","last minus first matched time-point module activity",-0.143857464205054,1,3,0,"perennial_higher",3,0.75,0.143857464205054,317
"anchor_244","HOG:0027351","leaf","early_to_late","last minus first matched time-point module activity",-0.143687310233727,1,3,0,"perennial_higher",3,0.75,0.143687310233727,318
"anchor_235","HOG:0017160","root","early_to_late","last minus first matched time-point module activity",0.143473044993313,3,1,0,"annual_higher",3,0.75,0.143473044993313,319
"anchor_318","HOG:0005960","leaf","mean_activity","equal-time-point mean module activity within tissue",-0.142937685955433,1,3,0,"perennial_higher",3,0.75,0.142937685955433,320
"anchor_149","HOG:0032060","leaf","early_to_late","last minus first matched time-point module activity",-0.142914185328997,1,3,0,"perennial_higher",3,0.75,0.142914185328997,321
"anchor_234","HOG:0024574","leaf","early_to_late","last minus first matched time-point module activity",-0.142580624390977,1,3,0,"perennial_higher",3,0.75,0.142580624390977,322
"anchor_242","HOG:0017189","leaf","mean_activity","equal-time-point mean module activity within tissue",-0.142322965690638,1,3,0,"perennial_higher",3,0.75,0.142322965690638,323
"anchor_313","HOG:0007849","root","early_to_late","last minus first matched time-point module activity",-0.141321081677349,1,3,0,"perennial_higher",3,0.75,0.141321081677349,324
"anchor_213","HOG:0026073","leaf","early_to_late","last minus first matched time-point module activity",-0.141257855086432,1,3,0,"perennial_higher",3,0.75,0.141257855086432,325
"anchor_166","HOG:0016397","leaf","early_to_late","last minus first matched time-point module activity",-0.140060924864641,1,3,0,"perennial_higher",3,0.75,0.140060924864641,326
"anchor_203","HOG:0018504","root","early_to_late","last minus first matched time-point module activity",-0.1399153470972,1,3,0,"perennial_higher",3,0.75,0.1399153470972,327
"anchor_145","HOG:0026774","root","mean_activity","equal-time-point mean module activity within tissue",0.139706489366206,3,1,0,"annual_higher",3,0.75,0.139706489366206,328
"anchor_298","HOG:0003541","leaf","mean_activity","equal-time-point mean module activity within tissue",0.138353212925215,3,1,0,"annual_higher",3,0.75,0.138353212925215,329
"anchor_330","HOG:0025801","root","early_to_late","last minus first matched time-point module activity",0.13789712095327,3,1,0,"annual_higher",3,0.75,0.13789712095327,330
"anchor_248","HOG:0028647","leaf","early_to_late","last minus first matched time-point module activity",-0.137288620357113,1,3,0,"perennial_higher",3,0.75,0.137288620357113,331
"anchor_237","HOG:0026838","root","mean_activity","equal-time-point mean module activity within tissue",0.137059460408982,3,1,0,"annual_higher",3,0.75,0.137059460408982,332
"anchor_194","HOG:0030883","leaf","early_to_late","last minus first matched time-point module activity",-0.136146448062713,1,3,0,"perennial_higher",3,0.75,0.136146448062713,333
"anchor_248","HOG:0028647","root","early_to_late","last minus first matched time-point module activity",-0.136009374058739,1,3,0,"perennial_higher",3,0.75,0.136009374058739,334
"anchor_75","HOG:0016636","leaf","early_to_late","last minus first matched time-point module activity",-0.13500887794702,1,3,0,"perennial_higher",3,0.75,0.13500887794702,335
"anchor_167","HOG:0027529","leaf","early_to_late","last minus first matched time-point module activity",-0.133576186760443,1,3,0,"perennial_higher",3,0.75,0.133576186760443,336
"anchor_230","HOG:0012102","leaf","early_to_late","last minus first matched time-point module activity",-0.133277320561534,1,3,0,"perennial_higher",3,0.75,0.133277320561534,337
"anchor_280","HOG:0026707","root","early_to_late","last minus first matched time-point module activity",-0.133123128534706,1,3,0,"perennial_higher",3,0.75,0.133123128534706,338
"anchor_151","HOG:0028263","root","early_to_late","last minus first matched time-point module activity",0.132786221602544,3,1,0,"annual_higher",3,0.75,0.132786221602544,339
"anchor_242","HOG:0017189","root","mean_activity","equal-time-point mean module activity within tissue",-0.131924211724146,1,3,0,"perennial_higher",3,0.75,0.131924211724146,340
"anchor_324","HOG:0023427","root","early_to_late","last minus first matched time-point module activity",0.131319014689596,3,1,0,"annual_higher",3,0.75,0.131319014689596,341
"anchor_227","HOG:0032920","leaf","mean_activity","equal-time-point mean module activity within tissue",0.131127219263072,3,1,0,"annual_higher",3,0.75,0.131127219263072,342
"anchor_198","HOG:0005877","root","early_to_late","last minus first matched time-point module activity",0.130283291099931,3,1,0,"annual_higher",3,0.75,0.130283291099931,343
"anchor_297","HOG:0028197","root","mean_activity","equal-time-point mean module activity within tissue",0.130228370989385,3,1,0,"annual_higher",3,0.75,0.130228370989385,344
"anchor_233","HOG:0016200","leaf","early_to_late","last minus first matched time-point module activity",-0.129811154988685,1,3,0,"perennial_higher",3,0.75,0.129811154988685,345
"anchor_168","HOG:0000122","root","mean_activity","equal-time-point mean module activity within tissue",-0.129732084209774,1,3,0,"perennial_higher",3,0.75,0.129732084209774,346
"anchor_240","HOG:0007813","leaf","early_to_late","last minus first matched time-point module activity",-0.128777387275711,1,3,0,"perennial_higher",3,0.75,0.128777387275711,347
"anchor_151","HOG:0028263","leaf","early_to_late","last minus first matched time-point module activity",0.128631420513569,3,1,0,"annual_higher",3,0.75,0.128631420513569,348
"anchor_151","HOG:0028263","leaf","mean_activity","equal-time-point mean module activity within tissue",-0.127832865905901,1,3,0,"perennial_higher",3,0.75,0.127832865905901,349
"anchor_241","HOG:0026507","leaf","early_to_late","last minus first matched time-point module activity",-0.127594267563657,1,3,0,"perennial_higher",3,0.75,0.127594267563657,350
"anchor_218","HOG:0029429","leaf","mean_activity","equal-time-point mean module activity within tissue",-0.127077319275935,1,3,0,"perennial_higher",3,0.75,0.127077319275935,351
"anchor_269","HOG:0016116","leaf","mean_activity","equal-time-point mean module activity within tissue",-0.126085650231885,1,3,0,"perennial_higher",3,0.75,0.126085650231885,352
"anchor_117","HOG:0021123","leaf","mean_activity","equal-time-point mean module activity within tissue",-0.126016285995602,1,3,0,"perennial_higher",3,0.75,0.126016285995602,353
"anchor_327","HOG:0026946","root","mean_activity","equal-time-point mean module activity within tissue",0.125954636103002,3,1,0,"annual_higher",3,0.75,0.125954636103002,354
"anchor_325","HOG:0011775","root","mean_activity","equal-time-point mean module activity within tissue",0.125479934818583,3,1,0,"annual_higher",3,0.75,0.125479934818583,355
"anchor_86","HOG:0026902","root","early_to_late","last minus first matched time-point module activity",0.125058565731516,3,1,0,"annual_higher",3,0.75,0.125058565731516,356
"anchor_216","HOG:0016625","leaf","early_to_late","last minus first matched time-point module activity",-0.124946744794999,1,3,0,"perennial_higher",3,0.75,0.124946744794999,357
"anchor_210","HOG:0012540","leaf","early_to_late","last minus first matched time-point module activity",-0.124640206768375,1,3,0,"perennial_higher",3,0.75,0.124640206768375,358
"anchor_142","HOG:0029540","root","mean_activity","equal-time-point mean module activity within tissue",-0.12444081151244,1,3,0,"perennial_higher",3,0.75,0.12444081151244,359
"anchor_216","HOG:0016625","root","early_to_late","last minus first matched time-point module activity",-0.124409233891266,1,3,0,"perennial_higher",3,0.75,0.124409233891266,360
"anchor_134","HOG:0030881","leaf","early_to_late","last minus first matched time-point module activity",-0.124057472265683,1,3,0,"perennial_higher",3,0.75,0.124057472265683,361
"anchor_187","HOG:0010929","root","early_to_late","last minus first matched time-point module activity",0.123986283647015,3,1,0,"annual_higher",3,0.75,0.123986283647015,362
"anchor_257","HOG:0011942","leaf","early_to_late","last minus first matched time-point module activity",-0.12375453228639,1,3,0,"perennial_higher",3,0.75,0.12375453228639,363
"anchor_329","HOG:0014208","root","mean_activity","equal-time-point mean module activity within tissue",-0.123584820605497,1,3,0,"perennial_higher",3,0.75,0.123584820605497,364
"anchor_181","HOG:0011544","leaf","early_to_late","last minus first matched time-point module activity",-0.123512738782525,1,3,0,"perennial_higher",3,0.75,0.123512738782525,365
"anchor_43","HOG:0006505","leaf","mean_activity","equal-time-point mean module activity within tissue",0.123263381710378,3,1,0,"annual_higher",3,0.75,0.123263381710378,366
"anchor_290","HOG:0031056","root","early_to_late","last minus first matched time-point module activity",-0.12248140183388,1,3,0,"perennial_higher",3,0.75,0.12248140183388,367
"anchor_297","HOG:0028197","leaf","early_to_late","last minus first matched time-point module activity",0.122056539375169,3,1,0,"annual_higher",3,0.75,0.122056539375169,368
"anchor_223","HOG:0013389","root","mean_activity","equal-time-point mean module activity within tissue",-0.121878414336973,1,3,0,"perennial_higher",3,0.75,0.121878414336973,369
"anchor_222","HOG:0032963","root","early_to_late","last minus first matched time-point module activity",0.12173171916312,3,1,0,"annual_higher",3,0.75,0.12173171916312,370
"anchor_299","HOG:0025316","root","early_to_late","last minus first matched time-point module activity",-0.121696309885487,1,3,0,"perennial_higher",3,0.75,0.121696309885487,371
"anchor_235","HOG:0017160","root","mean_activity","equal-time-point mean module activity within tissue",-0.121144244313743,1,3,0,"perennial_higher",3,0.75,0.121144244313743,372
"anchor_218","HOG:0029429","leaf","early_to_late","last minus first matched time-point module activity",-0.120799911387526,1,3,0,"perennial_higher",3,0.75,0.120799911387526,373
"anchor_117","HOG:0021123","root","mean_activity","equal-time-point mean module activity within tissue",-0.120233953256487,1,3,0,"perennial_higher",3,0.75,0.120233953256487,374
"anchor_168","HOG:0000122","leaf","mean_activity","equal-time-point mean module activity within tissue",-0.119310538409813,1,3,0,"perennial_higher",3,0.75,0.119310538409813,375
"anchor_252","HOG:0022123","root","early_to_late","last minus first matched time-point module activity",-0.119272219194229,1,3,0,"perennial_higher",3,0.75,0.119272219194229,376
"anchor_160","HOG:0024444","root","early_to_late","last minus first matched time-point module activity",0.119257855082151,3,1,0,"annual_higher",3,0.75,0.119257855082151,377
"anchor_243","HOG:0012390","root","early_to_late","last minus first matched time-point module activity",-0.118460316086432,1,3,0,"perennial_higher",3,0.75,0.118460316086432,378
"anchor_118","HOG:0028661","leaf","early_to_late","last minus first matched time-point module activity",-0.117572030459014,1,3,0,"perennial_higher",3,0.75,0.117572030459014,379
"anchor_84","HOG:0030062","leaf","early_to_late","last minus first matched time-point module activity",-0.116933204427336,1,3,0,"perennial_higher",3,0.75,0.116933204427336,380
"anchor_258","HOG:0027091","root","early_to_late","last minus first matched time-point module activity",-0.116400236540586,1,3,0,"perennial_higher",3,0.75,0.116400236540586,381
"anchor_128","HOG:0024976","leaf","mean_activity","equal-time-point mean module activity within tissue",-0.115889482406214,1,3,0,"perennial_higher",3,0.75,0.115889482406214,382
"anchor_245","HOG:0026703","leaf","mean_activity","equal-time-point mean module activity within tissue",-0.114676477958366,1,3,0,"perennial_higher",3,0.75,0.114676477958366,383
"anchor_208","HOG:0027147","leaf","mean_activity","equal-time-point mean module activity within tissue",0.114220201130416,3,1,0,"annual_higher",3,0.75,0.114220201130416,384
"anchor_260","HOG:0012011","leaf","early_to_late","last minus first matched time-point module activity",-0.114180191146214,1,3,0,"perennial_higher",3,0.75,0.114180191146214,385
"anchor_200","HOG:0005639","root","early_to_late","last minus first matched time-point module activity",0.11416164526759,3,1,0,"annual_higher",3,0.75,0.11416164526759,386
"anchor_116","HOG:0023564","leaf","early_to_late","last minus first matched time-point module activity",-0.113377345825802,1,3,0,"perennial_higher",3,0.75,0.113377345825802,387
"anchor_293","HOG:0027601","root","early_to_late","last minus first matched time-point module activity",-0.112593636912058,1,3,0,"perennial_higher",3,0.75,0.112593636912058,388
"anchor_143","HOG:0006346","leaf","early_to_late","last minus first matched time-point module activity",-0.111960807080848,1,3,0,"perennial_higher",3,0.75,0.111960807080848,389
"anchor_262","HOG:0023896","leaf","mean_activity","equal-time-point mean module activity within tissue",-0.111177206573062,1,3,0,"perennial_higher",3,0.75,0.111177206573062,390
"anchor_276","HOG:0007697","root","early_to_late","last minus first matched time-point module activity",-0.110894708680768,1,3,0,"perennial_higher",3,0.75,0.110894708680768,391
"anchor_179","HOG:0031227","root","mean_activity","equal-time-point mean module activity within tissue",0.109653313334561,3,1,0,"annual_higher",3,0.75,0.109653313334561,392
"anchor_272","HOG:0027413","leaf","mean_activity","equal-time-point mean module activity within tissue",-0.10956897098259,1,3,0,"perennial_higher",3,0.75,0.10956897098259,393
"anchor_80","HOG:0025232","root","early_to_late","last minus first matched time-point module activity",0.109139803618625,3,1,0,"annual_higher",3,0.75,0.109139803618625,394
"anchor_250","HOG:0006334","root","early_to_late","last minus first matched time-point module activity",0.108520645703705,3,1,0,"annual_higher",3,0.75,0.108520645703705,395
"anchor_313","HOG:0007849","leaf","early_to_late","last minus first matched time-point module activity",-0.108487671021317,1,3,0,"perennial_higher",3,0.75,0.108487671021317,396
"anchor_315","HOG:0008733","leaf","mean_activity","equal-time-point mean module activity within tissue",0.108074229246817,3,1,0,"annual_higher",3,0.75,0.108074229246817,397
"anchor_287","HOG:0028018","leaf","early_to_late","last minus first matched time-point module activity",-0.107694499063049,1,3,0,"perennial_higher",3,0.75,0.107694499063049,398
"anchor_182","HOG:0027090","root","early_to_late","last minus first matched time-point module activity",-0.107490046701911,1,3,0,"perennial_higher",3,0.75,0.107490046701911,399
"anchor_316","HOG:0000079","root","early_to_late","last minus first matched time-point module activity",-0.107015987204049,1,3,0,"perennial_higher",3,0.75,0.107015987204049,400
"anchor_274","HOG:0019536","leaf","mean_activity","equal-time-point mean module activity within tissue",-0.106828097851424,1,3,0,"perennial_higher",3,0.75,0.106828097851424,401
"anchor_315","HOG:0008733","leaf","early_to_late","last minus first matched time-point module activity",-0.106427799318095,1,3,0,"perennial_higher",3,0.75,0.106427799318095,402
"anchor_24","HOG:0031321","root","early_to_late","last minus first matched time-point module activity",0.105457704237878,3,1,0,"annual_higher",3,0.75,0.105457704237878,403
"anchor_281","HOG:0011064","leaf","early_to_late","last minus first matched time-point module activity",-0.105255809098316,1,3,0,"perennial_higher",3,0.75,0.105255809098316,404
"anchor_300","HOG:0023036","root","early_to_late","last minus first matched time-point module activity",-0.104511180347736,1,3,0,"perennial_higher",3,0.75,0.104511180347736,405
"anchor_208","HOG:0027147","leaf","early_to_late","last minus first matched time-point module activity",-0.104480080526812,1,3,0,"perennial_higher",3,0.75,0.104480080526812,406
"anchor_67","HOG:0031129","leaf","early_to_late","last minus first matched time-point module activity",-0.104142163095183,1,3,0,"perennial_higher",3,0.75,0.104142163095183,407
"anchor_154","HOG:0023439","leaf","mean_activity","equal-time-point mean module activity within tissue",-0.103780764455533,1,3,0,"perennial_higher",3,0.75,0.103780764455533,408
"anchor_113","HOG:0024337","leaf","mean_activity","equal-time-point mean module activity within tissue",-0.102699762641828,1,3,0,"perennial_higher",3,0.75,0.102699762641828,409
"anchor_99","HOG:0031473","root","early_to_late","last minus first matched time-point module activity",0.102397894280315,3,1,0,"annual_higher",3,0.75,0.102397894280315,410
"anchor_304","HOG:0027032","leaf","early_to_late","last minus first matched time-point module activity",-0.101606011216141,1,3,0,"perennial_higher",3,0.75,0.101606011216141,411
"anchor_107","HOG:0020293","leaf","early_to_late","last minus first matched time-point module activity",-0.101559962346404,1,3,0,"perennial_higher",3,0.75,0.101559962346404,412
"anchor_252","HOG:0022123","root","mean_activity","equal-time-point mean module activity within tissue",-0.101547140097366,1,3,0,"perennial_higher",3,0.75,0.101547140097366,413
"anchor_113","HOG:0024337","root","mean_activity","equal-time-point mean module activity within tissue",-0.10131384423304,1,3,0,"perennial_higher",3,0.75,0.10131384423304,414
"anchor_140","HOG:0032765","root","early_to_late","last minus first matched time-point module activity",0.10120775977205,3,1,0,"annual_higher",3,0.75,0.10120775977205,415
"anchor_269","HOG:0016116","root","early_to_late","last minus first matched time-point module activity",-0.100650763629085,1,3,0,"perennial_higher",3,0.75,0.100650763629085,416
"anchor_108","HOG:0033256","root","early_to_late","last minus first matched time-point module activity",0.100624118535609,3,1,0,"annual_higher",3,0.75,0.100624118535609,417
"anchor_110","HOG:0028395","leaf","mean_activity","equal-time-point mean module activity within tissue",-0.0991943888574852,1,3,0,"perennial_higher",3,0.75,0.0991943888574852,418
"anchor_130","HOG:0024495","leaf","mean_activity","equal-time-point mean module activity within tissue",-0.099020189662589,1,3,0,"perennial_higher",3,0.75,0.099020189662589,419
"anchor_212","HOG:0018037","leaf","early_to_late","last minus first matched time-point module activity",-0.099001626106406,1,3,0,"perennial_higher",3,0.75,0.099001626106406,420
"anchor_284","HOG:0022810","root","early_to_late","last minus first matched time-point module activity",-0.0981340116074622,1,3,0,"perennial_higher",3,0.75,0.0981340116074622,421
"anchor_249","HOG:0016944","leaf","early_to_late","last minus first matched time-point module activity",-0.09727856714406,1,3,0,"perennial_higher",3,0.75,0.09727856714406,422
"anchor_46","HOG:0021895","leaf","mean_activity","equal-time-point mean module activity within tissue",0.0967112206277762,3,1,0,"annual_higher",3,0.75,0.0967112206277762,423
"anchor_98","HOG:0018100","root","early_to_late","last minus first matched time-point module activity",0.0966005897562082,3,1,0,"annual_higher",3,0.75,0.0966005897562082,424
"anchor_172","HOG:0007645","root","early_to_late","last minus first matched time-point module activity",0.0962233079106114,3,1,0,"annual_higher",3,0.75,0.0962233079106114,425
"anchor_03","HOG:0011532","root","early_to_late","last minus first matched time-point module activity",0.0958487585094152,3,1,0,"annual_higher",3,0.75,0.0958487585094152,426
"anchor_144","HOG:0028381","leaf","early_to_late","last minus first matched time-point module activity",-0.0941725560160755,1,3,0,"perennial_higher",3,0.75,0.0941725560160755,427
"anchor_91","HOG:0023227","root","mean_activity","equal-time-point mean module activity within tissue",-0.0941101084603909,1,3,0,"perennial_higher",3,0.75,0.0941101084603909,428
"anchor_101","HOG:0007833","root","mean_activity","equal-time-point mean module activity within tissue",-0.0940394755874995,1,3,0,"perennial_higher",3,0.75,0.0940394755874995,429
"anchor_261","HOG:0028718","root","early_to_late","last minus first matched time-point module activity",0.0935389650572047,3,1,0,"annual_higher",3,0.75,0.0935389650572047,430
"anchor_209","HOG:0024277","leaf","mean_activity","equal-time-point mean module activity within tissue",-0.0934926780719542,1,3,0,"perennial_higher",3,0.75,0.0934926780719542,431
"anchor_47","HOG:0020310","root","early_to_late","last minus first matched time-point module activity",0.0933260157301686,3,1,0,"annual_higher",3,0.75,0.0933260157301686,432
"anchor_220","HOG:0011715","root","early_to_late","last minus first matched time-point module activity",0.0933087942855754,3,1,0,"annual_higher",3,0.75,0.0933087942855754,433
"anchor_224","HOG:0020382","root","early_to_late","last minus first matched time-point module activity",-0.0923640267818569,1,3,0,"perennial_higher",3,0.75,0.0923640267818569,434
"anchor_73","HOG:0029110","root","early_to_late","last minus first matched time-point module activity",0.0920063142717272,3,1,0,"annual_higher",3,0.75,0.0920063142717272,435
"anchor_254","HOG:0024990","leaf","early_to_late","last minus first matched time-point module activity",-0.0918410628462936,1,3,0,"perennial_higher",3,0.75,0.0918410628462936,436
"anchor_76","HOG:0016566","leaf","mean_activity","equal-time-point mean module activity within tissue",0.0917796771026888,3,1,0,"annual_higher",3,0.75,0.0917796771026888,437
"anchor_107","HOG:0020293","leaf","mean_activity","equal-time-point mean module activity within tissue",-0.0915356372948943,1,3,0,"perennial_higher",3,0.75,0.0915356372948943,438
"anchor_295","HOG:0031418","root","mean_activity","equal-time-point mean module activity within tissue",-0.0914140003573089,1,3,0,"perennial_higher",3,0.75,0.0914140003573089,439
"anchor_82","HOG:0029401","root","early_to_late","last minus first matched time-point module activity",0.0911032714607936,3,1,0,"annual_higher",3,0.75,0.0911032714607936,440
"anchor_245","HOG:0026703","root","early_to_late","last minus first matched time-point module activity",-0.0910313879919167,1,3,0,"perennial_higher",3,0.75,0.0910313879919167,441
"anchor_247","HOG:0013148","leaf","mean_activity","equal-time-point mean module activity within tissue",-0.0908146745858944,1,3,0,"perennial_higher",3,0.75,0.0908146745858944,442
"anchor_62","HOG:0024791","leaf","mean_activity","equal-time-point mean module activity within tissue",0.0906233602411488,3,1,0,"annual_higher",3,0.75,0.0906233602411488,443
"anchor_157","HOG:0029921","leaf","early_to_late","last minus first matched time-point module activity",-0.090601088075545,1,3,0,"perennial_higher",3,0.75,0.090601088075545,444
"anchor_52","HOG:0012253","root","early_to_late","last minus first matched time-point module activity",0.0905544800261378,3,1,0,"annual_higher",3,0.75,0.0905544800261378,445
"anchor_41","HOG:0028089","root","early_to_late","last minus first matched time-point module activity",0.0904131672999356,3,1,0,"annual_higher",3,0.75,0.0904131672999356,446
"anchor_93","HOG:0028978","root","mean_activity","equal-time-point mean module activity within tissue",-0.0899260465538797,1,3,0,"perennial_higher",3,0.75,0.0899260465538797,447
"anchor_100","HOG:0012035","leaf","early_to_late","last minus first matched time-point module activity",-0.0898705419577926,1,3,0,"perennial_higher",3,0.75,0.0898705419577926,448
"anchor_215","HOG:0012403","leaf","mean_activity","equal-time-point mean module activity within tissue",-0.0898656646208757,1,3,0,"perennial_higher",3,0.75,0.0898656646208757,449
"anchor_132","HOG:0030886","leaf","mean_activity","equal-time-point mean module activity within tissue",-0.0892012633679817,1,3,0,"perennial_higher",3,0.75,0.0892012633679817,450
"anchor_272","HOG:0027413","root","early_to_late","last minus first matched time-point module activity",-0.0884761955314329,1,3,0,"perennial_higher",3,0.75,0.0884761955314329,451
"anchor_29","HOG:0010571","root","early_to_late","last minus first matched time-point module activity",0.0883828087473175,3,1,0,"annual_higher",3,0.75,0.0883828087473175,452
"anchor_102","HOG:0006009","root","early_to_late","last minus first matched time-point module activity",0.088335185944599,3,1,0,"annual_higher",3,0.75,0.088335185944599,453
"anchor_218","HOG:0029429","root","mean_activity","equal-time-point mean module activity within tissue",-0.0882580172240252,1,3,0,"perennial_higher",3,0.75,0.0882580172240252,454
"anchor_169","HOG:0030801","root","early_to_late","last minus first matched time-point module activity",0.0880210625549175,3,1,0,"annual_higher",3,0.75,0.0880210625549175,455
"anchor_229","HOG:0000322","root","early_to_late","last minus first matched time-point module activity",-0.086974609019811,1,3,0,"perennial_higher",3,0.75,0.086974609019811,456
"anchor_61","HOG:0016166","root","early_to_late","last minus first matched time-point module activity",0.0868711012157536,3,1,0,"annual_higher",3,0.75,0.0868711012157536,457
"anchor_158","HOG:0006208","leaf","mean_activity","equal-time-point mean module activity within tissue",-0.0867094141189577,1,3,0,"perennial_higher",3,0.75,0.0867094141189577,458
"anchor_89","HOG:0028008","leaf","mean_activity","equal-time-point mean module activity within tissue",0.0865468673193536,3,1,0,"annual_higher",3,0.75,0.0865468673193536,459
"anchor_97","HOG:0011541","root","mean_activity","equal-time-point mean module activity within tissue",0.0865346725685597,3,1,0,"annual_higher",3,0.75,0.0865346725685597,460
"anchor_72","HOG:0029544","leaf","mean_activity","equal-time-point mean module activity within tissue",0.0861880323333724,3,1,0,"annual_higher",3,0.75,0.0861880323333724,461
"anchor_51","HOG:0023192","root","early_to_late","last minus first matched time-point module activity",0.0859110927476947,3,1,0,"annual_higher",3,0.75,0.0859110927476947,462
"anchor_16","HOG:0007637","root","early_to_late","last minus first matched time-point module activity",0.0857876739223958,3,1,0,"annual_higher",3,0.75,0.0857876739223958,463
"anchor_05","HOG:0006205","root","early_to_late","last minus first matched time-point module activity",0.0857001671584005,3,1,0,"annual_higher",3,0.75,0.0857001671584005,464
"anchor_262","HOG:0023896","leaf","early_to_late","last minus first matched time-point module activity",-0.0852677242849846,1,3,0,"perennial_higher",3,0.75,0.0852677242849846,465
"anchor_40","HOG:0028012","root","early_to_late","last minus first matched time-point module activity",0.0850772619232773,3,1,0,"annual_higher",3,0.75,0.0850772619232773,466
"anchor_132","HOG:0030886","root","early_to_late","last minus first matched time-point module activity",0.08487927231931,3,1,0,"annual_higher",3,0.75,0.08487927231931,467
"anchor_126","HOG:0000096","root","mean_activity","equal-time-point mean module activity within tissue",-0.0848483510755317,1,3,0,"perennial_higher",3,0.75,0.0848483510755317,468
"anchor_270","HOG:0007636","root","early_to_late","last minus first matched time-point module activity",0.0847744397622409,3,1,0,"annual_higher",3,0.75,0.0847744397622409,469
"anchor_198","HOG:0005877","leaf","mean_activity","equal-time-point mean module activity within tissue",-0.0846747671085916,1,3,0,"perennial_higher",3,0.75,0.0846747671085916,470
"anchor_177","HOG:0000535","leaf","mean_activity","equal-time-point mean module activity within tissue",-0.08408276099751,1,3,0,"perennial_higher",3,0.75,0.08408276099751,471
"anchor_252","HOG:0022123","leaf","mean_activity","equal-time-point mean module activity within tissue",-0.0839798814594638,1,3,0,"perennial_higher",3,0.75,0.0839798814594638,472
"anchor_96","HOG:0012012","leaf","mean_activity","equal-time-point mean module activity within tissue",-0.0839529903758463,1,3,0,"perennial_higher",3,0.75,0.0839529903758463,473
"anchor_171","HOG:0008585","root","early_to_late","last minus first matched time-point module activity",-0.0836124987745775,1,3,0,"perennial_higher",3,0.75,0.0836124987745775,474
"anchor_214","HOG:0017319","root","mean_activity","equal-time-point mean module activity within tissue",0.0835955201346913,3,1,0,"annual_higher",3,0.75,0.0835955201346913,475
"anchor_115","HOG:0024562","leaf","mean_activity","equal-time-point mean module activity within tissue",-0.082977246535008,1,3,0,"perennial_higher",3,0.75,0.082977246535008,476
"anchor_158","HOG:0006208","leaf","early_to_late","last minus first matched time-point module activity",-0.082876648775863,1,3,0,"perennial_higher",3,0.75,0.082876648775863,477
"anchor_330","HOG:0025801","root","mean_activity","equal-time-point mean module activity within tissue",-0.0828179107982764,1,3,0,"perennial_higher",3,0.75,0.0828179107982764,478
"anchor_81","HOG:0023669","root","early_to_late","last minus first matched time-point module activity",0.082528883292426,3,1,0,"annual_higher",3,0.75,0.082528883292426,479
"anchor_331","HOG:0027285","root","early_to_late","last minus first matched time-point module activity",-0.0823856434874704,1,3,0,"perennial_higher",3,0.75,0.0823856434874704,480
"anchor_20","HOG:0023601","root","early_to_late","last minus first matched time-point module activity",0.0819134764935305,3,1,0,"annual_higher",3,0.75,0.0819134764935305,481
"anchor_65","HOG:0018364","root","early_to_late","last minus first matched time-point module activity",0.0813691391923759,3,1,0,"annual_higher",3,0.75,0.0813691391923759,482
"anchor_125","HOG:0018534","leaf","mean_activity","equal-time-point mean module activity within tissue",-0.0811703042409319,1,3,0,"perennial_higher",3,0.75,0.0811703042409319,483
"anchor_62","HOG:0024791","leaf","early_to_late","last minus first matched time-point module activity",-0.0807851780207353,1,3,0,"perennial_higher",3,0.75,0.0807851780207353,484
"anchor_310","HOG:0007835","leaf","mean_activity","equal-time-point mean module activity within tissue",-0.0802223691424802,1,3,0,"perennial_higher",3,0.75,0.0802223691424802,485
"anchor_251","HOG:0011497","root","mean_activity","equal-time-point mean module activity within tissue",0.0798311295108581,3,1,0,"annual_higher",3,0.75,0.0798311295108581,486
"anchor_88","HOG:0025219","root","early_to_late","last minus first matched time-point module activity",0.0796817454241488,3,1,0,"annual_higher",3,0.75,0.0796817454241488,487
"anchor_323","HOG:0026451","root","early_to_late","last minus first matched time-point module activity",0.0794401833648409,3,1,0,"annual_higher",3,0.75,0.0794401833648409,488
"anchor_183","HOG:0031530","leaf","mean_activity","equal-time-point mean module activity within tissue",0.0791929060495089,3,1,0,"annual_higher",3,0.75,0.0791929060495089,489
"anchor_288","HOG:0026637","root","early_to_late","last minus first matched time-point module activity",-0.0791507553340117,1,3,0,"perennial_higher",3,0.75,0.0791507553340117,490
"anchor_314","HOG:0031066","leaf","mean_activity","equal-time-point mean module activity within tissue",-0.0788636942896668,1,3,0,"perennial_higher",3,0.75,0.0788636942896668,491
"anchor_191","HOG:0022918","leaf","mean_activity","equal-time-point mean module activity within tissue",-0.0786089482885177,1,3,0,"perennial_higher",3,0.75,0.0786089482885177,492
"anchor_321","HOG:0028005","root","mean_activity","equal-time-point mean module activity within tissue",-0.0779340554208452,1,3,0,"perennial_higher",3,0.75,0.0779340554208452,493
"anchor_69","HOG:0033359","leaf","early_to_late","last minus first matched time-point module activity",-0.077723257196238,1,3,0,"perennial_higher",3,0.75,0.077723257196238,494
"anchor_191","HOG:0022918","root","early_to_late","last minus first matched time-point module activity",0.0775676314078777,3,1,0,"annual_higher",3,0.75,0.0775676314078777,495
"anchor_70","HOG:0032161","root","early_to_late","last minus first matched time-point module activity",0.0775586632929838,3,1,0,"annual_higher",3,0.75,0.0775586632929838,496
"anchor_101","HOG:0007833","leaf","mean_activity","equal-time-point mean module activity within tissue",-0.0775456342734221,1,3,0,"perennial_higher",3,0.75,0.0775456342734221,497
"anchor_91","HOG:0023227","leaf","mean_activity","equal-time-point mean module activity within tissue",-0.0772934946015489,1,3,0,"perennial_higher",3,0.75,0.0772934946015489,498
"anchor_284","HOG:0022810","leaf","mean_activity","equal-time-point mean module activity within tissue",-0.077100777040702,1,3,0,"perennial_higher",3,0.75,0.077100777040702,499
"anchor_79","HOG:0017159","leaf","mean_activity","equal-time-point mean module activity within tissue",0.0769263858417524,3,1,0,"annual_higher",3,0.75,0.0769263858417524,500
"anchor_263","HOG:0024905","leaf","mean_activity","equal-time-point mean module activity within tissue",-0.0765657396451547,1,3,0,"perennial_higher",3,0.75,0.0765657396451547,501
"anchor_23","HOG:0028394","root","early_to_late","last minus first matched time-point module activity",0.076458874246983,3,1,0,"annual_higher",3,0.75,0.076458874246983,502
"anchor_250","HOG:0006334","leaf","early_to_late","last minus first matched time-point module activity",0.075813207038765,3,1,0,"annual_higher",3,0.75,0.075813207038765,503
"anchor_156","HOG:0026499","leaf","mean_activity","equal-time-point mean module activity within tissue",-0.0755006866711841,1,3,0,"perennial_higher",3,0.75,0.0755006866711841,504
"anchor_68","HOG:0000537","leaf","mean_activity","equal-time-point mean module activity within tissue",0.0754892216400118,3,1,0,"annual_higher",3,0.75,0.0754892216400118,505
"anchor_48","HOG:0023400","root","early_to_late","last minus first matched time-point module activity",0.0753346585414147,3,1,0,"annual_higher",3,0.75,0.0753346585414147,506
"anchor_164","HOG:0027054","root","early_to_late","last minus first matched time-point module activity",0.075244259853733,3,1,0,"annual_higher",3,0.75,0.075244259853733,507
"anchor_171","HOG:0008585","leaf","mean_activity","equal-time-point mean module activity within tissue",-0.0751506257212635,1,3,0,"perennial_higher",3,0.75,0.0751506257212635,508
"anchor_303","HOG:0027639","leaf","early_to_late","last minus first matched time-point module activity",-0.0751247743380266,1,3,0,"perennial_higher",3,0.75,0.0751247743380266,509
"anchor_01","HOG:0020610","root","early_to_late","last minus first matched time-point module activity",0.0751220609432596,3,1,0,"annual_higher",3,0.75,0.0751220609432596,510
"anchor_02","HOG:0020076","root","early_to_late","last minus first matched time-point module activity",0.0748014218241888,3,1,0,"annual_higher",3,0.75,0.0748014218241888,511
"anchor_58","HOG:0032593","root","early_to_late","last minus first matched time-point module activity",0.0744862401852303,3,1,0,"annual_higher",3,0.75,0.0744862401852303,512
"anchor_155","HOG:0008637","root","mean_activity","equal-time-point mean module activity within tissue",-0.0742369391318229,1,3,0,"perennial_higher",3,0.75,0.0742369391318229,513
"anchor_250","HOG:0006334","root","mean_activity","equal-time-point mean module activity within tissue",-0.07389966416328,1,3,0,"perennial_higher",3,0.75,0.07389966416328,514
"anchor_35","HOG:0012402","root","early_to_late","last minus first matched time-point module activity",0.0738026794998701,3,1,0,"annual_higher",3,0.75,0.0738026794998701,515
"anchor_115","HOG:0024562","leaf","early_to_late","last minus first matched time-point module activity",0.0737559864244164,3,1,0,"annual_higher",3,0.75,0.0737559864244164,516
"anchor_132","HOG:0030886","root","mean_activity","equal-time-point mean module activity within tissue",-0.0736176523261575,1,3,0,"perennial_higher",3,0.75,0.0736176523261575,517
"anchor_123","HOG:0005690","root","mean_activity","equal-time-point mean module activity within tissue",-0.073094400613607,1,3,0,"perennial_higher",3,0.75,0.073094400613607,518
"anchor_125","HOG:0018534","leaf","early_to_late","last minus first matched time-point module activity",0.0728119191910233,3,1,0,"annual_higher",3,0.75,0.0728119191910233,519
"anchor_174","HOG:0026397","root","mean_activity","equal-time-point mean module activity within tissue",-0.0723570719131133,1,3,0,"perennial_higher",3,0.75,0.0723570719131133,520
"anchor_133","HOG:0020711","leaf","early_to_late","last minus first matched time-point module activity",-0.0723558195304979,1,3,0,"perennial_higher",3,0.75,0.0723558195304979,521
"anchor_126","HOG:0000096","leaf","mean_activity","equal-time-point mean module activity within tissue",-0.0723440107085465,1,3,0,"perennial_higher",3,0.75,0.0723440107085465,522
"anchor_62","HOG:0024791","root","early_to_late","last minus first matched time-point module activity",0.0723389410517978,3,1,0,"annual_higher",3,0.75,0.0723389410517978,523
"anchor_93","HOG:0028978","leaf","mean_activity","equal-time-point mean module activity within tissue",-0.0722237118595185,1,3,0,"perennial_higher",3,0.75,0.0722237118595185,524
"anchor_32","HOG:0005788","root","early_to_late","last minus first matched time-point module activity",0.0720549066066091,3,1,0,"annual_higher",3,0.75,0.0720549066066091,525
"anchor_216","HOG:0016625","leaf","mean_activity","equal-time-point mean module activity within tissue",-0.0718730095144092,1,3,0,"perennial_higher",3,0.75,0.0718730095144092,526
"anchor_141","HOG:0026234","leaf","early_to_late","last minus first matched time-point module activity",-0.0717167811924776,1,3,0,"perennial_higher",3,0.75,0.0717167811924776,527
"anchor_43","HOG:0006505","leaf","early_to_late","last minus first matched time-point module activity",-0.0716052397045956,1,3,0,"perennial_higher",3,0.75,0.0716052397045956,528
"anchor_123","HOG:0005690","leaf","mean_activity","equal-time-point mean module activity within tissue",-0.07156812184871,1,3,0,"perennial_higher",3,0.75,0.07156812184871,529
"anchor_40","HOG:0028012","leaf","early_to_late","last minus first matched time-point module activity",-0.0715023840085871,1,3,0,"perennial_higher",3,0.75,0.0715023840085871,530
"anchor_173","HOG:0011717","root","early_to_late","last minus first matched time-point module activity",0.0712727306635871,3,1,0,"annual_higher",3,0.75,0.0712727306635871,531
"anchor_295","HOG:0031418","leaf","early_to_late","last minus first matched time-point module activity",0.0710155474983142,3,1,0,"annual_higher",3,0.75,0.0710155474983142,532
"anchor_10","HOG:0023085","root","early_to_late","last minus first matched time-point module activity",0.0709965958394217,3,1,0,"annual_higher",3,0.75,0.0709965958394217,533
"anchor_128","HOG:0024976","root","early_to_late","last minus first matched time-point module activity",-0.0707111635300476,1,3,0,"perennial_higher",3,0.75,0.0707111635300476,534
"anchor_169","HOG:0030801","leaf","mean_activity","equal-time-point mean module activity within tissue",-0.0706015119271114,1,3,0,"perennial_higher",3,0.75,0.0706015119271114,535
"anchor_36","HOG:0018221","root","early_to_late","last minus first matched time-point module activity",0.0702329211584591,3,1,0,"annual_higher",3,0.75,0.0702329211584591,536
"anchor_59","HOG:0023358","leaf","mean_activity","equal-time-point mean module activity within tissue",0.0699882314035151,3,1,0,"annual_higher",3,0.75,0.0699882314035151,537
"anchor_266","HOG:0028440","root","early_to_late","last minus first matched time-point module activity",0.0689463631746252,3,1,0,"annual_higher",3,0.75,0.0689463631746252,538
"anchor_39","HOG:0007936","root","early_to_late","last minus first matched time-point module activity",0.0686328121755131,3,1,0,"annual_higher",3,0.75,0.0686328121755131,539
"anchor_176","HOG:0018009","root","early_to_late","last minus first matched time-point module activity",0.0681215813489842,3,1,0,"annual_higher",3,0.75,0.0681215813489842,540
"anchor_49","HOG:0020408","root","early_to_late","last minus first matched time-point module activity",0.0680704131553238,3,1,0,"annual_higher",3,0.75,0.0680704131553238,541
"anchor_199","HOG:0017178","leaf","mean_activity","equal-time-point mean module activity within tissue",0.0679096127023949,3,1,0,"annual_higher",3,0.75,0.0679096127023949,542
"anchor_09","HOG:0029484","leaf","mean_activity","equal-time-point mean module activity within tissue",0.0675515543422776,3,1,0,"annual_higher",3,0.75,0.0675515543422776,543
"anchor_321","HOG:0028005","leaf","mean_activity","equal-time-point mean module activity within tissue",-0.0672067049214139,1,3,0,"perennial_higher",3,0.75,0.0672067049214139,544
"anchor_275","HOG:0033004","root","early_to_late","last minus first matched time-point module activity",0.0671907447487264,3,1,0,"annual_higher",3,0.75,0.0671907447487264,545
"anchor_72","HOG:0029544","leaf","early_to_late","last minus first matched time-point module activity",-0.0671492672847826,1,3,0,"perennial_higher",3,0.75,0.0671492672847826,546
"anchor_201","HOG:0027005","leaf","mean_activity","equal-time-point mean module activity within tissue",-0.0668947267436117,1,3,0,"perennial_higher",3,0.75,0.0668947267436117,547
"anchor_144","HOG:0028381","leaf","mean_activity","equal-time-point mean module activity within tissue",-0.0667085801082214,1,3,0,"perennial_higher",3,0.75,0.0667085801082214,548
"anchor_144","HOG:0028381","root","mean_activity","equal-time-point mean module activity within tissue",-0.0664448094642726,1,3,0,"perennial_higher",3,0.75,0.0664448094642726,549
"anchor_328","HOG:0021943","root","early_to_late","last minus first matched time-point module activity",-0.0661955930552916,1,3,0,"perennial_higher",3,0.75,0.0661955930552916,550
"anchor_15","HOG:0022830","root","early_to_late","last minus first matched time-point module activity",0.0660397306513845,3,1,0,"annual_higher",3,0.75,0.0660397306513845,551
"anchor_314","HOG:0031066","root","mean_activity","equal-time-point mean module activity within tissue",-0.0654204112145554,1,3,0,"perennial_higher",3,0.75,0.0654204112145554,552
"anchor_30","HOG:0024452","root","early_to_late","last minus first matched time-point module activity",0.0648287264137603,3,1,0,"annual_higher",3,0.75,0.0648287264137603,553
"anchor_276","HOG:0007697","leaf","mean_activity","equal-time-point mean module activity within tissue",-0.0646483642856195,1,3,0,"perennial_higher",3,0.75,0.0646483642856195,554
"anchor_212","HOG:0018037","root","mean_activity","equal-time-point mean module activity within tissue",0.0646272678250262,3,1,0,"annual_higher",3,0.75,0.0646272678250262,555
"anchor_75","HOG:0016636","root","mean_activity","equal-time-point mean module activity within tissue",-0.0645467058673945,1,3,0,"perennial_higher",3,0.75,0.0645467058673945,556
"anchor_26","HOG:0020311","root","early_to_late","last minus first matched time-point module activity",0.0642043824764771,3,1,0,"annual_higher",3,0.75,0.0642043824764771,557
"anchor_63","HOG:0020349","root","early_to_late","last minus first matched time-point module activity",0.0641545522011555,3,1,0,"annual_higher",3,0.75,0.0641545522011555,558
"anchor_211","HOG:0027975","root","early_to_late","last minus first matched time-point module activity",-0.0641460119556421,1,3,0,"perennial_higher",3,0.75,0.0641460119556421,559
"anchor_66","HOG:0027281","root","early_to_late","last minus first matched time-point module activity",0.0641082501974805,3,1,0,"annual_higher",3,0.75,0.0641082501974805,560
"anchor_141","HOG:0026234","leaf","mean_activity","equal-time-point mean module activity within tissue",0.0637268596408175,3,1,0,"annual_higher",3,0.75,0.0637268596408175,561
"anchor_85","HOG:0032061","leaf","mean_activity","equal-time-point mean module activity within tissue",-0.0634360623806572,1,3,0,"perennial_higher",3,0.75,0.0634360623806572,562
"anchor_13","HOG:0006264","root","early_to_late","last minus first matched time-point module activity",0.0633088818527601,3,1,0,"annual_higher",3,0.75,0.0633088818527601,563
"anchor_230","HOG:0012102","root","early_to_late","last minus first matched time-point module activity",-0.0632468436895652,1,3,0,"perennial_higher",3,0.75,0.0632468436895652,564
"anchor_206","HOG:0007920","root","early_to_late","last minus first matched time-point module activity",-0.0629426057047321,1,3,0,"perennial_higher",3,0.75,0.0629426057047321,565
"anchor_56","HOG:0004085","root","early_to_late","last minus first matched time-point module activity",0.062829102491632,3,1,0,"annual_higher",3,0.75,0.062829102491632,566
"anchor_77","HOG:0024401","root","early_to_late","last minus first matched time-point module activity",0.0626690370289003,3,1,0,"annual_higher",3,0.75,0.0626690370289003,567
"anchor_59","HOG:0023358","leaf","early_to_late","last minus first matched time-point module activity",-0.0626393647123143,1,3,0,"perennial_higher",3,0.75,0.0626393647123143,568
"anchor_13","HOG:0006264","leaf","mean_activity","equal-time-point mean module activity within tissue",0.0626326972809734,3,1,0,"annual_higher",3,0.75,0.0626326972809734,569
"anchor_34","HOG:0000226","root","early_to_late","last minus first matched time-point module activity",0.0623646411471632,3,1,0,"annual_higher",3,0.75,0.0623646411471632,570
"anchor_137","HOG:0012334","root","early_to_late","last minus first matched time-point module activity",-0.0623316443017226,1,3,0,"perennial_higher",3,0.75,0.0623316443017226,571
"anchor_44","HOG:0000178","root","early_to_late","last minus first matched time-point module activity",0.0623054312669897,3,1,0,"annual_higher",3,0.75,0.0623054312669897,572
"anchor_181","HOG:0011544","root","early_to_late","last minus first matched time-point module activity",0.062093223305767,3,1,0,"annual_higher",3,0.75,0.062093223305767,573
"anchor_199","HOG:0017178","leaf","early_to_late","last minus first matched time-point module activity",-0.0618470065434155,1,3,0,"perennial_higher",3,0.75,0.0618470065434155,574
"anchor_273","HOG:0006057","leaf","mean_activity","equal-time-point mean module activity within tissue",-0.0617779151075485,1,3,0,"perennial_higher",3,0.75,0.0617779151075485,575
"anchor_60","HOG:0000465","leaf","mean_activity","equal-time-point mean module activity within tissue",0.0617522645411785,3,1,0,"annual_higher",3,0.75,0.0617522645411785,576
"anchor_174","HOG:0026397","leaf","mean_activity","equal-time-point mean module activity within tissue",-0.061651361860023,1,3,0,"perennial_higher",3,0.75,0.061651361860023,577
"anchor_25","HOG:0016389","leaf","early_to_late","last minus first matched time-point module activity",-0.0615285492857002,1,3,0,"perennial_higher",3,0.75,0.0615285492857002,578
"anchor_92","HOG:0028695","leaf","mean_activity","equal-time-point mean module activity within tissue",-0.0613538468287344,1,3,0,"perennial_higher",3,0.75,0.0613538468287344,579
"anchor_55","HOG:0021036","leaf","early_to_late","last minus first matched time-point module activity",-0.0611777372060213,1,3,0,"perennial_higher",3,0.75,0.0611777372060213,580
"anchor_27","HOG:0004192","root","early_to_late","last minus first matched time-point module activity",0.0607250458865781,3,1,0,"annual_higher",3,0.75,0.0607250458865781,581
"anchor_180","HOG:0030884","leaf","mean_activity","equal-time-point mean module activity within tissue",-0.0602814739679031,1,3,0,"perennial_higher",3,0.75,0.0602814739679031,582
"anchor_65","HOG:0018364","leaf","early_to_late","last minus first matched time-point module activity",-0.0600520401442479,1,3,0,"perennial_higher",3,0.75,0.0600520401442479,583
"anchor_181","HOG:0011544","root","mean_activity","equal-time-point mean module activity within tissue",-0.0598841729671964,1,3,0,"perennial_higher",3,0.75,0.0598841729671964,584
"anchor_06","HOG:0028766","root","early_to_late","last minus first matched time-point module activity",0.0594676422763274,3,1,0,"annual_higher",3,0.75,0.0594676422763274,585
"anchor_96","HOG:0012012","root","mean_activity","equal-time-point mean module activity within tissue",-0.059388321919422,1,3,0,"perennial_higher",3,0.75,0.059388321919422,586
"anchor_87","HOG:0005589","leaf","mean_activity","equal-time-point mean module activity within tissue",0.0583569355721391,3,1,0,"annual_higher",3,0.75,0.0583569355721391,587
"anchor_246","HOG:0027495","root","early_to_late","last minus first matched time-point module activity",0.0581078219053411,3,1,0,"annual_higher",3,0.75,0.0581078219053411,588
"anchor_267","HOG:0026549","root","early_to_late","last minus first matched time-point module activity",0.0578729768263503,3,1,0,"annual_higher",3,0.75,0.0578729768263503,589
"anchor_190","HOG:0032397","leaf","mean_activity","equal-time-point mean module activity within tissue",-0.0574283183571055,1,3,0,"perennial_higher",3,0.75,0.0574283183571055,590
"anchor_179","HOG:0031227","root","early_to_late","last minus first matched time-point module activity",-0.0573997039623136,1,3,0,"perennial_higher",3,0.75,0.0573997039623136,591
"anchor_19","HOG:0019927","root","early_to_late","last minus first matched time-point module activity",0.0573461886906088,3,1,0,"annual_higher",3,0.75,0.0573461886906088,592
"anchor_179","HOG:0031227","leaf","early_to_late","last minus first matched time-point module activity",-0.0572308161257105,1,3,0,"perennial_higher",3,0.75,0.0572308161257105,593
"anchor_134","HOG:0030881","leaf","mean_activity","equal-time-point mean module activity within tissue",-0.0567580736486598,1,3,0,"perennial_higher",3,0.75,0.0567580736486598,594
"anchor_153","HOG:0028065","root","early_to_late","last minus first matched time-point module activity",0.0565360807277733,3,1,0,"annual_higher",3,0.75,0.0565360807277733,595
"anchor_172","HOG:0007645","leaf","mean_activity","equal-time-point mean module activity within tissue",-0.0563125936001836,1,3,0,"perennial_higher",3,0.75,0.0563125936001836,596
"anchor_175","HOG:0003782","root","mean_activity","equal-time-point mean module activity within tissue",0.0562093046131687,3,1,0,"annual_higher",3,0.75,0.0562093046131687,597
"anchor_25","HOG:0016389","root","early_to_late","last minus first matched time-point module activity",0.0560621675732006,3,1,0,"annual_higher",3,0.75,0.0560621675732006,598
"anchor_249","HOG:0016944","root","early_to_late","last minus first matched time-point module activity",-0.0558373898617824,1,3,0,"perennial_higher",3,0.75,0.0558373898617824,599
"anchor_11","HOG:0021930","root","early_to_late","last minus first matched time-point module activity",0.0553937525855542,3,1,0,"annual_higher",3,0.75,0.0553937525855542,600
"anchor_260","HOG:0012011","root","mean_activity","equal-time-point mean module activity within tissue",-0.0549689580508209,1,3,0,"perennial_higher",3,0.75,0.0549689580508209,601
"anchor_66","HOG:0027281","leaf","early_to_late","last minus first matched time-point module activity",-0.0549570623167904,1,3,0,"perennial_higher",3,0.75,0.0549570623167904,602
"anchor_37","HOG:0007638","root","early_to_late","last minus first matched time-point module activity",0.0547555539606907,3,1,0,"annual_higher",3,0.75,0.0547555539606907,603
"anchor_277","HOG:0007857","leaf","early_to_late","last minus first matched time-point module activity",0.0547255620195624,3,1,0,"annual_higher",3,0.75,0.0547255620195624,604
"anchor_130","HOG:0024495","root","mean_activity","equal-time-point mean module activity within tissue",-0.0546546299881255,1,3,0,"perennial_higher",3,0.75,0.0546546299881255,605
"anchor_289","HOG:0012227","root","mean_activity","equal-time-point mean module activity within tissue",0.0542422516041205,3,1,0,"annual_higher",3,0.75,0.0542422516041205,606
"anchor_28","HOG:0023914","root","early_to_late","last minus first matched time-point module activity",0.0541648269369182,3,1,0,"annual_higher",3,0.75,0.0541648269369182,607
"anchor_163","HOG:0008717","root","early_to_late","last minus first matched time-point module activity",0.0540828751510528,3,1,0,"annual_higher",3,0.75,0.0540828751510528,608
"anchor_270","HOG:0007636","leaf","early_to_late","last minus first matched time-point module activity",-0.053967785660377,1,3,0,"perennial_higher",3,0.75,0.053967785660377,609
"anchor_195","HOG:0029148","leaf","early_to_late","last minus first matched time-point module activity",-0.0539636638351937,1,3,0,"perennial_higher",3,0.75,0.0539636638351937,610
"anchor_06","HOG:0028766","leaf","early_to_late","last minus first matched time-point module activity",-0.0536246220163193,1,3,0,"perennial_higher",3,0.75,0.0536246220163193,611
"anchor_143","HOG:0006346","root","early_to_late","last minus first matched time-point module activity",0.0536025894207361,3,1,0,"annual_higher",3,0.75,0.0536025894207361,612
"anchor_273","HOG:0006057","root","mean_activity","equal-time-point mean module activity within tissue",-0.0532710199471157,1,3,0,"perennial_higher",3,0.75,0.0532710199471157,613
"anchor_90","HOG:0032320","leaf","early_to_late","last minus first matched time-point module activity",-0.0529539239101463,1,3,0,"perennial_higher",3,0.75,0.0529539239101463,614
"anchor_71","HOG:0025186","root","early_to_late","last minus first matched time-point module activity",0.0526764969524479,3,1,0,"annual_higher",3,0.75,0.0526764969524479,615
"anchor_211","HOG:0027975","leaf","mean_activity","equal-time-point mean module activity within tissue",-0.0526650595590651,1,3,0,"perennial_higher",3,0.75,0.0526650595590651,616
"anchor_176","HOG:0018009","leaf","mean_activity","equal-time-point mean module activity within tissue",-0.0523983660861647,1,3,0,"perennial_higher",3,0.75,0.0523983660861647,617
"anchor_227","HOG:0032920","leaf","early_to_late","last minus first matched time-point module activity",-0.0521238537523799,1,3,0,"perennial_higher",3,0.75,0.0521238537523799,618
"anchor_154","HOG:0023439","root","mean_activity","equal-time-point mean module activity within tissue",-0.0517542556634176,1,3,0,"perennial_higher",3,0.75,0.0517542556634176,619
"anchor_109","HOG:0011640","leaf","early_to_late","last minus first matched time-point module activity",-0.0512874072558394,1,3,0,"perennial_higher",3,0.75,0.0512874072558394,620
"anchor_126","HOG:0000096","leaf","early_to_late","last minus first matched time-point module activity",-0.0512572519034599,1,3,0,"perennial_higher",3,0.75,0.0512572519034599,621
"anchor_301","HOG:0018459","root","early_to_late","last minus first matched time-point module activity",-0.0512009412213861,1,3,0,"perennial_higher",3,0.75,0.0512009412213861,622
"anchor_287","HOG:0028018","root","mean_activity","equal-time-point mean module activity within tissue",0.0511998530391078,3,1,0,"annual_higher",3,0.75,0.0511998530391078,623
"anchor_31","HOG:0011086","leaf","mean_activity","equal-time-point mean module activity within tissue",0.0510173963529689,3,1,0,"annual_higher",3,0.75,0.0510173963529689,624
"anchor_277","HOG:0007857","leaf","mean_activity","equal-time-point mean module activity within tissue",0.0507684514939769,3,1,0,"annual_higher",3,0.75,0.0507684514939769,625
"anchor_116","HOG:0023564","leaf","mean_activity","equal-time-point mean module activity within tissue",-0.0506826143107469,1,3,0,"perennial_higher",3,0.75,0.0506826143107469,626
"anchor_49","HOG:0020408","leaf","mean_activity","equal-time-point mean module activity within tissue",0.0505461902937953,3,1,0,"annual_higher",3,0.75,0.0505461902937953,627
"anchor_79","HOG:0017159","root","early_to_late","last minus first matched time-point module activity",0.0505428440816136,3,1,0,"annual_higher",3,0.75,0.0505428440816136,628
"anchor_75","HOG:0016636","leaf","mean_activity","equal-time-point mean module activity within tissue",-0.0500385635517357,1,3,0,"perennial_higher",3,0.75,0.0500385635517357,629
"anchor_323","HOG:0026451","root","mean_activity","equal-time-point mean module activity within tissue",0.0497812853673964,3,1,0,"annual_higher",3,0.75,0.0497812853673964,630
"anchor_294","HOG:0026361","root","early_to_late","last minus first matched time-point module activity",-0.0497337017238046,1,3,0,"perennial_higher",3,0.75,0.0497337017238046,631
"anchor_89","HOG:0028008","leaf","early_to_late","last minus first matched time-point module activity",-0.0497051952136264,1,3,0,"perennial_higher",3,0.75,0.0497051952136264,632
"anchor_127","HOG:0007713","leaf","mean_activity","equal-time-point mean module activity within tissue",0.0494579510878581,3,1,0,"annual_higher",3,0.75,0.0494579510878581,633
"anchor_06","HOG:0028766","leaf","mean_activity","equal-time-point mean module activity within tissue",0.049454873617026,3,1,0,"annual_higher",3,0.75,0.049454873617026,634
"anchor_13","HOG:0006264","leaf","early_to_late","last minus first matched time-point module activity",-0.0491054168005035,1,3,0,"perennial_higher",3,0.75,0.0491054168005035,635
"anchor_08","HOG:0006123","root","early_to_late","last minus first matched time-point module activity",0.0489580426996081,3,1,0,"annual_higher",3,0.75,0.0489580426996081,636
"anchor_283","HOG:0026360","root","mean_activity","equal-time-point mean module activity within tissue",-0.0488159996960116,1,3,0,"perennial_higher",3,0.75,0.0488159996960116,637
"anchor_87","HOG:0005589","leaf","early_to_late","last minus first matched time-point module activity",-0.0487012717856938,1,3,0,"perennial_higher",3,0.75,0.0487012717856938,638
"anchor_302","HOG:0011628","root","mean_activity","equal-time-point mean module activity within tissue",-0.0485195252078184,1,3,0,"perennial_higher",3,0.75,0.0485195252078184,639
"anchor_268","HOG:0004116","root","mean_activity","equal-time-point mean module activity within tissue",0.0484132324736278,3,1,0,"annual_higher",3,0.75,0.0484132324736278,640
"anchor_205","HOG:0025863","root","mean_activity","equal-time-point mean module activity within tissue",0.0484077841922272,3,1,0,"annual_higher",3,0.75,0.0484077841922272,641
"anchor_46","HOG:0021895","leaf","early_to_late","last minus first matched time-point module activity",-0.0482949156234843,1,3,0,"perennial_higher",3,0.75,0.0482949156234843,642
"anchor_116","HOG:0023564","root","early_to_late","last minus first matched time-point module activity",-0.0482620097068662,1,3,0,"perennial_higher",3,0.75,0.0482620097068662,643
"anchor_26","HOG:0020311","leaf","early_to_late","last minus first matched time-point module activity",-0.0480742302402548,1,3,0,"perennial_higher",3,0.75,0.0480742302402548,644
"anchor_109","HOG:0011640","root","early_to_late","last minus first matched time-point module activity",0.0479936673688267,3,1,0,"annual_higher",3,0.75,0.0479936673688267,645
"anchor_200","HOG:0005639","root","mean_activity","equal-time-point mean module activity within tissue",0.0478779819758176,3,1,0,"annual_higher",3,0.75,0.0478779819758176,646
"anchor_31","HOG:0011086","leaf","early_to_late","last minus first matched time-point module activity",-0.0477698815935085,1,3,0,"perennial_higher",3,0.75,0.0477698815935085,647
"anchor_89","HOG:0028008","root","mean_activity","equal-time-point mean module activity within tissue",0.0477273839148944,3,1,0,"annual_higher",3,0.75,0.0477273839148944,648
"anchor_223","HOG:0013389","leaf","mean_activity","equal-time-point mean module activity within tissue",-0.0474549850405344,1,3,0,"perennial_higher",3,0.75,0.0474549850405344,649
"anchor_95","HOG:0026142","leaf","early_to_late","last minus first matched time-point module activity",-0.0473244095380049,1,3,0,"perennial_higher",3,0.75,0.0473244095380049,650
"anchor_316","HOG:0000079","root","mean_activity","equal-time-point mean module activity within tissue",0.0473094334356688,3,1,0,"annual_higher",3,0.75,0.0473094334356688,651
"anchor_85","HOG:0032061","root","early_to_late","last minus first matched time-point module activity",0.0473084047276544,3,1,0,"annual_higher",3,0.75,0.0473084047276544,652
"anchor_261","HOG:0028718","leaf","early_to_late","last minus first matched time-point module activity",-0.0472130398867168,1,3,0,"perennial_higher",3,0.75,0.0472130398867168,653
"anchor_255","HOG:0032961","root","mean_activity","equal-time-point mean module activity within tissue",0.0470725543946479,3,1,0,"annual_higher",3,0.75,0.0470725543946479,654
"anchor_218","HOG:0029429","root","early_to_late","last minus first matched time-point module activity",0.0466463896026713,3,1,0,"annual_higher",3,0.75,0.0466463896026713,655
"anchor_187","HOG:0010929","leaf","early_to_late","last minus first matched time-point module activity",-0.046527832576608,1,3,0,"perennial_higher",3,0.75,0.046527832576608,656
"anchor_133","HOG:0020711","root","early_to_late","last minus first matched time-point module activity",-0.0464360012439692,1,3,0,"perennial_higher",3,0.75,0.0464360012439692,657
"anchor_183","HOG:0031530","root","mean_activity","equal-time-point mean module activity within tissue",0.0463199821854141,3,1,0,"annual_higher",3,0.75,0.0463199821854141,658
"anchor_18","HOG:0000191","root","early_to_late","last minus first matched time-point module activity",0.0462985772862594,3,1,0,"annual_higher",3,0.75,0.0462985772862594,659
"anchor_317","HOG:0030885","root","early_to_late","last minus first matched time-point module activity",0.0462138870252082,3,1,0,"annual_higher",3,0.75,0.0462138870252082,660
"anchor_263","HOG:0024905","root","early_to_late","last minus first matched time-point module activity",0.0453399028497004,3,1,0,"annual_higher",3,0.75,0.0453399028497004,661
"anchor_56","HOG:0004085","leaf","mean_activity","equal-time-point mean module activity within tissue",0.0453244277028606,3,1,0,"annual_higher",3,0.75,0.0453244277028606,662
"anchor_312","HOG:0023825","root","early_to_late","last minus first matched time-point module activity",-0.0453230513615936,1,3,0,"perennial_higher",3,0.75,0.0453230513615936,663
"anchor_233","HOG:0016200","root","mean_activity","equal-time-point mean module activity within tissue",0.0452919983289177,3,1,0,"annual_higher",3,0.75,0.0452919983289177,664
"anchor_26","HOG:0020311","leaf","mean_activity","equal-time-point mean module activity within tissue",0.0451492598416509,3,1,0,"annual_higher",3,0.75,0.0451492598416509,665
"anchor_04","HOG:0019394","root","early_to_late","last minus first matched time-point module activity",0.0448558632813184,3,1,0,"annual_higher",3,0.75,0.0448558632813184,666
"anchor_149","HOG:0032060","root","early_to_late","last minus first matched time-point module activity",0.0448007609109335,3,1,0,"annual_higher",3,0.75,0.0448007609109335,667
"anchor_310","HOG:0007835","root","mean_activity","equal-time-point mean module activity within tissue",-0.0447631287197577,1,3,0,"perennial_higher",3,0.75,0.0447631287197577,668
"anchor_85","HOG:0032061","root","mean_activity","equal-time-point mean module activity within tissue",-0.0446071526888192,1,3,0,"perennial_higher",3,0.75,0.0446071526888192,669
"anchor_304","HOG:0027032","root","early_to_late","last minus first matched time-point module activity",0.0443121465573881,3,1,0,"annual_higher",3,0.75,0.0443121465573881,670
"anchor_232","HOG:0019459","root","mean_activity","equal-time-point mean module activity within tissue",0.044219902184456,3,1,0,"annual_higher",3,0.75,0.044219902184456,671
"anchor_63","HOG:0020349","leaf","early_to_late","last minus first matched time-point module activity",-0.0441186110699744,1,3,0,"perennial_higher",3,0.75,0.0441186110699744,672
"anchor_04","HOG:0019394","leaf","mean_activity","equal-time-point mean module activity within tissue",0.0439203216804612,3,1,0,"annual_higher",3,0.75,0.0439203216804612,673
"anchor_32","HOG:0005788","leaf","early_to_late","last minus first matched time-point module activity",-0.0436647453086018,1,3,0,"perennial_higher",3,0.75,0.0436647453086018,674
"anchor_60","HOG:0000465","leaf","early_to_late","last minus first matched time-point module activity",-0.0434314350518428,1,3,0,"perennial_higher",3,0.75,0.0434314350518428,675
"anchor_110","HOG:0028395","root","mean_activity","equal-time-point mean module activity within tissue",-0.0429149451382586,1,3,0,"perennial_higher",3,0.75,0.0429149451382586,676
"anchor_54","HOG:0022739","root","early_to_late","last minus first matched time-point module activity",0.0428993523854212,3,1,0,"annual_higher",3,0.75,0.0428993523854212,677
"anchor_56","HOG:0004085","leaf","early_to_late","last minus first matched time-point module activity",-0.0426373050635821,1,3,0,"perennial_higher",3,0.75,0.0426373050635821,678
"anchor_268","HOG:0004116","leaf","mean_activity","equal-time-point mean module activity within tissue",0.0424753977224295,3,1,0,"annual_higher",3,0.75,0.0424753977224295,679
"anchor_293","HOG:0027601","root","mean_activity","equal-time-point mean module activity within tissue",0.042263759483725,3,1,0,"annual_higher",3,0.75,0.042263759483725,680
"anchor_199","HOG:0017178","root","early_to_late","last minus first matched time-point module activity",0.042216664657255,3,1,0,"annual_higher",3,0.75,0.042216664657255,681
"anchor_49","HOG:0020408","leaf","early_to_late","last minus first matched time-point module activity",-0.0421931868188299,1,3,0,"perennial_higher",3,0.75,0.0421931868188299,682
"anchor_156","HOG:0026499","root","mean_activity","equal-time-point mean module activity within tissue",-0.0421788177017785,1,3,0,"perennial_higher",3,0.75,0.0421788177017785,683
"anchor_14","HOG:0012056","root","early_to_late","last minus first matched time-point module activity",0.0420025834035033,3,1,0,"annual_higher",3,0.75,0.0420025834035033,684
"anchor_11","HOG:0021930","leaf","early_to_late","last minus first matched time-point module activity",-0.0419583277836855,1,3,0,"perennial_higher",3,0.75,0.0419583277836855,685
"anchor_201","HOG:0027005","root","early_to_late","last minus first matched time-point module activity",-0.0417061436524363,1,3,0,"perennial_higher",3,0.75,0.0417061436524363,686
"anchor_57","HOG:0031653","leaf","mean_activity","equal-time-point mean module activity within tissue",0.0416554187164314,3,1,0,"annual_higher",3,0.75,0.0416554187164314,687
"anchor_114","HOG:0027098","leaf","mean_activity","equal-time-point mean module activity within tissue",0.0415852808488062,3,1,0,"annual_higher",3,0.75,0.0415852808488062,688
"anchor_92","HOG:0028695","root","mean_activity","equal-time-point mean module activity within tissue",-0.0415360578201934,1,3,0,"perennial_higher",3,0.75,0.0415360578201934,689
"anchor_31","HOG:0011086","root","early_to_late","last minus first matched time-point module activity",0.0413247668055218,3,1,0,"annual_higher",3,0.75,0.0413247668055218,690
"anchor_135","HOG:0004114","root","early_to_late","last minus first matched time-point module activity",0.0409648209182819,3,1,0,"annual_higher",3,0.75,0.0409648209182819,691
"anchor_108","HOG:0033256","leaf","mean_activity","equal-time-point mean module activity within tissue",0.0406666548737495,3,1,0,"annual_higher",3,0.75,0.0406666548737495,692
"anchor_07","HOG:0011862","root","early_to_late","last minus first matched time-point module activity",0.0403055640680072,3,1,0,"annual_higher",3,0.75,0.0403055640680072,693
"anchor_33","HOG:0016909","leaf","early_to_late","last minus first matched time-point module activity",-0.0402018522173307,1,3,0,"perennial_higher",3,0.75,0.0402018522173307,694
"anchor_22","HOG:0011649","leaf","mean_activity","equal-time-point mean module activity within tissue",0.0401797889998722,3,1,0,"annual_higher",3,0.75,0.0401797889998722,695
"anchor_157","HOG:0029921","root","mean_activity","equal-time-point mean module activity within tissue",-0.0399459936522232,1,3,0,"perennial_higher",3,0.75,0.0399459936522232,696
"anchor_239","HOG:0028636","root","mean_activity","equal-time-point mean module activity within tissue",-0.0398687719950862,1,3,0,"perennial_higher",3,0.75,0.0398687719950862,697
"anchor_07","HOG:0011862","leaf","mean_activity","equal-time-point mean module activity within tissue",0.0397365680899279,3,1,0,"annual_higher",3,0.75,0.0397365680899279,698
"anchor_213","HOG:0026073","root","early_to_late","last minus first matched time-point module activity",0.0397233117243955,3,1,0,"annual_higher",3,0.75,0.0397233117243955,699
"anchor_42","HOG:0032893","leaf","early_to_late","last minus first matched time-point module activity",-0.0394818561951363,1,3,0,"perennial_higher",3,0.75,0.0394818561951363,700
"anchor_232","HOG:0019459","leaf","early_to_late","last minus first matched time-point module activity",-0.039348582257755,1,3,0,"perennial_higher",3,0.75,0.039348582257755,701
"anchor_12","HOG:0026770","leaf","early_to_late","last minus first matched time-point module activity",-0.0392216756958717,1,3,0,"perennial_higher",3,0.75,0.0392216756958717,702
"anchor_71","HOG:0025186","leaf","early_to_late","last minus first matched time-point module activity",-0.0391347447292598,1,3,0,"perennial_higher",3,0.75,0.0391347447292598,703
"anchor_02","HOG:0020076","leaf","early_to_late","last minus first matched time-point module activity",-0.0389719823198171,1,3,0,"perennial_higher",3,0.75,0.0389719823198171,704
"anchor_206","HOG:0007920","leaf","early_to_late","last minus first matched time-point module activity",-0.0387730059081297,1,3,0,"perennial_higher",3,0.75,0.0387730059081297,705
"anchor_148","HOG:0020549","root","early_to_late","last minus first matched time-point module activity",-0.0386913957127178,1,3,0,"perennial_higher",3,0.75,0.0386913957127178,706
"anchor_71","HOG:0025186","root","mean_activity","equal-time-point mean module activity within tissue",0.0385900648490819,3,1,0,"annual_higher",3,0.75,0.0385900648490819,707
"anchor_38","HOG:0011023","root","mean_activity","equal-time-point mean module activity within tissue",0.0384568873512477,3,1,0,"annual_higher",3,0.75,0.0384568873512477,708
"anchor_57","HOG:0031653","leaf","early_to_late","last minus first matched time-point module activity",-0.0383853740702073,1,3,0,"perennial_higher",3,0.75,0.0383853740702073,709
"anchor_127","HOG:0007713","root","mean_activity","equal-time-point mean module activity within tissue",0.0382845476277024,3,1,0,"annual_higher",3,0.75,0.0382845476277024,710
"anchor_332","HOG:0028850","root","early_to_late","last minus first matched time-point module activity",0.0382237734534512,3,1,0,"annual_higher",3,0.75,0.0382237734534512,711
"anchor_67","HOG:0031129","root","mean_activity","equal-time-point mean module activity within tissue",0.0381832839866686,3,1,0,"annual_higher",3,0.75,0.0381832839866686,712
"anchor_195","HOG:0029148","root","mean_activity","equal-time-point mean module activity within tissue",0.0381795162570735,3,1,0,"annual_higher",3,0.75,0.0381795162570735,713
"anchor_174","HOG:0026397","leaf","early_to_late","last minus first matched time-point module activity",-0.0381079970992456,1,3,0,"perennial_higher",3,0.75,0.0381079970992456,714
"anchor_38","HOG:0011023","leaf","mean_activity","equal-time-point mean module activity within tissue",0.0379441580180965,3,1,0,"annual_higher",3,0.75,0.0379441580180965,715
"anchor_53","HOG:0016795","leaf","mean_activity","equal-time-point mean module activity within tissue",0.0379439274145187,3,1,0,"annual_higher",3,0.75,0.0379439274145187,716
"anchor_61","HOG:0016166","leaf","early_to_late","last minus first matched time-point module activity",-0.0378607140828184,1,3,0,"perennial_higher",3,0.75,0.0378607140828184,717
"anchor_239","HOG:0028636","leaf","mean_activity","equal-time-point mean module activity within tissue",-0.0378435020704184,1,3,0,"perennial_higher",3,0.75,0.0378435020704184,718
"anchor_248","HOG:0028647","leaf","mean_activity","equal-time-point mean module activity within tissue",-0.0375594311397434,1,3,0,"perennial_higher",3,0.75,0.0375594311397434,719
"anchor_35","HOG:0012402","leaf","early_to_late","last minus first matched time-point module activity",-0.0374569522477314,1,3,0,"perennial_higher",3,0.75,0.0374569522477314,720
"anchor_39","HOG:0007936","leaf","early_to_late","last minus first matched time-point module activity",-0.0373953661517738,1,3,0,"perennial_higher",3,0.75,0.0373953661517738,721
"anchor_284","HOG:0022810","root","mean_activity","equal-time-point mean module activity within tissue",-0.0373861141426773,1,3,0,"perennial_higher",3,0.75,0.0373861141426773,722
"anchor_01","HOG:0020610","leaf","mean_activity","equal-time-point mean module activity within tissue",0.0373427764301698,3,1,0,"annual_higher",3,0.75,0.0373427764301698,723
"anchor_17","HOG:0026834","root","early_to_late","last minus first matched time-point module activity",0.0372577596402408,3,1,0,"annual_higher",3,0.75,0.0372577596402408,724
"anchor_324","HOG:0023427","root","mean_activity","equal-time-point mean module activity within tissue",-0.0371865955644916,1,3,0,"perennial_higher",3,0.75,0.0371865955644916,725
"anchor_108","HOG:0033256","root","mean_activity","equal-time-point mean module activity within tissue",0.0370670476652098,3,1,0,"annual_higher",3,0.75,0.0370670476652098,726
"anchor_86","HOG:0026902","leaf","early_to_late","last minus first matched time-point module activity",-0.0369804565314722,1,3,0,"perennial_higher",3,0.75,0.0369804565314722,727
"anchor_176","HOG:0018009","root","mean_activity","equal-time-point mean module activity within tissue",-0.0362134991332752,1,3,0,"perennial_higher",3,0.75,0.0362134991332752,728
"anchor_283","HOG:0026360","root","early_to_late","last minus first matched time-point module activity",0.035777492601736,3,1,0,"annual_higher",3,0.75,0.035777492601736,729
"anchor_284","HOG:0022810","leaf","early_to_late","last minus first matched time-point module activity",-0.0356049820336429,1,3,0,"perennial_higher",3,0.75,0.0356049820336429,730
"anchor_224","HOG:0020382","root","mean_activity","equal-time-point mean module activity within tissue",-0.0354744849106806,1,3,0,"perennial_higher",3,0.75,0.0354744849106806,731
"anchor_134","HOG:0030881","root","mean_activity","equal-time-point mean module activity within tissue",-0.0354663866191217,1,3,0,"perennial_higher",3,0.75,0.0354663866191217,732
"anchor_49","HOG:0020408","root","mean_activity","equal-time-point mean module activity within tissue",0.0353692537993325,3,1,0,"annual_higher",3,0.75,0.0353692537993325,733
"anchor_203","HOG:0018504","leaf","mean_activity","equal-time-point mean module activity within tissue",-0.0353582757891484,1,3,0,"perennial_higher",3,0.75,0.0353582757891484,734
"anchor_19","HOG:0019927","leaf","early_to_late","last minus first matched time-point module activity",-0.0351391448119343,1,3,0,"perennial_higher",3,0.75,0.0351391448119343,735
"anchor_54","HOG:0022739","leaf","early_to_late","last minus first matched time-point module activity",-0.0351125236983425,1,3,0,"perennial_higher",3,0.75,0.0351125236983425,736
"anchor_111","HOG:0016913","leaf","mean_activity","equal-time-point mean module activity within tissue",0.0351119919747555,3,1,0,"annual_higher",3,0.75,0.0351119919747555,737
"anchor_46","HOG:0021895","root","mean_activity","equal-time-point mean module activity within tissue",0.0350603385439993,3,1,0,"annual_higher",3,0.75,0.0350603385439993,738
"anchor_71","HOG:0025186","leaf","mean_activity","equal-time-point mean module activity within tissue",0.0348950650176978,3,1,0,"annual_higher",3,0.75,0.0348950650176978,739
"anchor_291","HOG:0027706","root","early_to_late","last minus first matched time-point module activity",0.0346895086470164,3,1,0,"annual_higher",3,0.75,0.0346895086470164,740
"anchor_111","HOG:0016913","leaf","early_to_late","last minus first matched time-point module activity",-0.0344380086648485,1,3,0,"perennial_higher",3,0.75,0.0344380086648485,741
"anchor_45","HOG:0007725","leaf","mean_activity","equal-time-point mean module activity within tissue",0.0342735939748989,3,1,0,"annual_higher",3,0.75,0.0342735939748989,742
"anchor_296","HOG:0032348","root","mean_activity","equal-time-point mean module activity within tissue",-0.0340522286031471,1,3,0,"perennial_higher",3,0.75,0.0340522286031471,743
"anchor_21","HOG:0022504","leaf","early_to_late","last minus first matched time-point module activity",-0.0340311535999751,1,3,0,"perennial_higher",3,0.75,0.0340311535999751,744
"anchor_302","HOG:0011628","leaf","mean_activity","equal-time-point mean module activity within tissue",-0.0339486038584363,1,3,0,"perennial_higher",3,0.75,0.0339486038584363,745
"anchor_90","HOG:0032320","root","early_to_late","last minus first matched time-point module activity",0.0336863587118524,3,1,0,"annual_higher",3,0.75,0.0336863587118524,746
"anchor_291","HOG:0027706","root","mean_activity","equal-time-point mean module activity within tissue",-0.033470729640587,1,3,0,"perennial_higher",3,0.75,0.033470729640587,747
"anchor_57","HOG:0031653","root","early_to_late","last minus first matched time-point module activity",0.0330071477774047,3,1,0,"annual_higher",3,0.75,0.0330071477774047,748
"anchor_298","HOG:0003541","root","mean_activity","equal-time-point mean module activity within tissue",0.0328352868666304,3,1,0,"annual_higher",3,0.75,0.0328352868666304,749
"anchor_15","HOG:0022830","leaf","mean_activity","equal-time-point mean module activity within tissue",0.0324132740764981,3,1,0,"annual_higher",3,0.75,0.0324132740764981,750
"anchor_09","HOG:0029484","leaf","early_to_late","last minus first matched time-point module activity",-0.0323770160796308,1,3,0,"perennial_higher",3,0.75,0.0323770160796308,751
"anchor_04","HOG:0019394","root","mean_activity","equal-time-point mean module activity within tissue",0.0322715591962938,3,1,0,"annual_higher",3,0.75,0.0322715591962938,752
"anchor_42","HOG:0032893","root","early_to_late","last minus first matched time-point module activity",0.0319895947342739,3,1,0,"annual_higher",3,0.75,0.0319895947342739,753
"anchor_40","HOG:0028012","leaf","mean_activity","equal-time-point mean module activity within tissue",0.0317990975425468,3,1,0,"annual_higher",3,0.75,0.0317990975425468,754
"anchor_44","HOG:0000178","leaf","mean_activity","equal-time-point mean module activity within tissue",0.0316466291728557,3,1,0,"annual_higher",3,0.75,0.0316466291728557,755
"anchor_19","HOG:0019927","leaf","mean_activity","equal-time-point mean module activity within tissue",0.0314980606851177,3,1,0,"annual_higher",3,0.75,0.0314980606851177,756
"anchor_15","HOG:0022830","root","mean_activity","equal-time-point mean module activity within tissue",0.0312596061481873,3,1,0,"annual_higher",3,0.75,0.0312596061481873,757
"anchor_16","HOG:0007637","leaf","early_to_late","last minus first matched time-point module activity",-0.0310184521099185,1,3,0,"perennial_higher",3,0.75,0.0310184521099185,758
"anchor_77","HOG:0024401","leaf","early_to_late","last minus first matched time-point module activity",-0.0309659068422908,1,3,0,"perennial_higher",3,0.75,0.0309659068422908,759
"anchor_131","HOG:0012340","root","early_to_late","last minus first matched time-point module activity",0.0308594175217497,3,1,0,"annual_higher",3,0.75,0.0308594175217497,760
"anchor_12","HOG:0026770","root","mean_activity","equal-time-point mean module activity within tissue",0.0301864617476674,3,1,0,"annual_higher",3,0.75,0.0301864617476674,761
"anchor_18","HOG:0000191","leaf","mean_activity","equal-time-point mean module activity within tissue",0.0298261442276866,3,1,0,"annual_higher",3,0.75,0.0298261442276866,762
"anchor_254","HOG:0024990","root","early_to_late","last minus first matched time-point module activity",-0.0298148063492744,1,3,0,"perennial_higher",3,0.75,0.0298148063492744,763
"anchor_02","HOG:0020076","leaf","mean_activity","equal-time-point mean module activity within tissue",0.0297915880628083,3,1,0,"annual_higher",3,0.75,0.0297915880628083,764
"anchor_12","HOG:0026770","root","early_to_late","last minus first matched time-point module activity",0.0296164755196497,3,1,0,"annual_higher",3,0.75,0.0296164755196497,765
"anchor_09","HOG:0029484","root","mean_activity","equal-time-point mean module activity within tissue",0.0296092079534888,3,1,0,"annual_higher",3,0.75,0.0296092079534888,766
"anchor_33","HOG:0016909","leaf","mean_activity","equal-time-point mean module activity within tissue",0.0295447023376449,3,1,0,"annual_higher",3,0.75,0.0295447023376449,767
"anchor_179","HOG:0031227","leaf","mean_activity","equal-time-point mean module activity within tissue",-0.0294400801315862,1,3,0,"perennial_higher",3,0.75,0.0294400801315862,768
"anchor_22","HOG:0011649","root","early_to_late","last minus first matched time-point module activity",0.0291688222539989,3,1,0,"annual_higher",3,0.75,0.0291688222539989,769
"anchor_95","HOG:0026142","leaf","mean_activity","equal-time-point mean module activity within tissue",0.0289317725271785,3,1,0,"annual_higher",3,0.75,0.0289317725271785,770
"anchor_270","HOG:0007636","root","mean_activity","equal-time-point mean module activity within tissue",0.028885826472376,3,1,0,"annual_higher",3,0.75,0.028885826472376,771
"anchor_32","HOG:0005788","root","mean_activity","equal-time-point mean module activity within tissue",0.0286682952524018,3,1,0,"annual_higher",3,0.75,0.0286682952524018,772
"anchor_20","HOG:0023601","leaf","mean_activity","equal-time-point mean module activity within tissue",0.0284838147628745,3,1,0,"annual_higher",3,0.75,0.0284838147628745,773
"anchor_28","HOG:0023914","leaf","early_to_late","last minus first matched time-point module activity",-0.0284350832384823,1,3,0,"perennial_higher",3,0.75,0.0284350832384823,774
"anchor_201","HOG:0027005","root","mean_activity","equal-time-point mean module activity within tissue",-0.0282438112887417,1,3,0,"perennial_higher",3,0.75,0.0282438112887417,775
"anchor_32","HOG:0005788","leaf","mean_activity","equal-time-point mean module activity within tissue",0.0281884463968742,3,1,0,"annual_higher",3,0.75,0.0281884463968742,776
"anchor_52","HOG:0012253","leaf","mean_activity","equal-time-point mean module activity within tissue",-0.0279373830026633,1,3,0,"perennial_higher",3,0.75,0.0279373830026633,777
"anchor_39","HOG:0007936","root","mean_activity","equal-time-point mean module activity within tissue",0.027849361535829,3,1,0,"annual_higher",3,0.75,0.027849361535829,778
"anchor_56","HOG:0004085","root","mean_activity","equal-time-point mean module activity within tissue",0.0277413293918654,3,1,0,"annual_higher",3,0.75,0.0277413293918654,779
"anchor_39","HOG:0007936","leaf","mean_activity","equal-time-point mean module activity within tissue",0.027582607756494,3,1,0,"annual_higher",3,0.75,0.027582607756494,780
"anchor_77","HOG:0024401","root","mean_activity","equal-time-point mean module activity within tissue",-0.0275265095586436,1,3,0,"perennial_higher",3,0.75,0.0275265095586436,781
"anchor_280","HOG:0026707","leaf","mean_activity","equal-time-point mean module activity within tissue",-0.0274839705036466,1,3,0,"perennial_higher",3,0.75,0.0274839705036466,782
"anchor_74","HOG:0010710","leaf","mean_activity","equal-time-point mean module activity within tissue",0.027343108027159,3,1,0,"annual_higher",3,0.75,0.027343108027159,783
"anchor_05","HOG:0006205","leaf","early_to_late","last minus first matched time-point module activity",-0.0273300297627216,1,3,0,"perennial_higher",3,0.75,0.0273300297627216,784
"anchor_165","HOG:0027303","root","early_to_late","last minus first matched time-point module activity",0.0271913466779191,3,1,0,"annual_higher",3,0.75,0.0271913466779191,785
"anchor_127","HOG:0007713","leaf","early_to_late","last minus first matched time-point module activity",-0.0267834089119903,1,3,0,"perennial_higher",3,0.75,0.0267834089119903,786
"anchor_95","HOG:0026142","root","mean_activity","equal-time-point mean module activity within tissue",0.0263256357334268,3,1,0,"annual_higher",3,0.75,0.0263256357334268,787
"anchor_14","HOG:0012056","leaf","early_to_late","last minus first matched time-point module activity",-0.0261802262462141,1,3,0,"perennial_higher",3,0.75,0.0261802262462141,788
"anchor_246","HOG:0027495","root","mean_activity","equal-time-point mean module activity within tissue",0.0256111019235613,3,1,0,"annual_higher",3,0.75,0.0256111019235613,789
"anchor_253","HOG:0006149","root","early_to_late","last minus first matched time-point module activity",0.025553405947629,3,1,0,"annual_higher",3,0.75,0.025553405947629,790
"anchor_238","HOG:0031127","root","early_to_late","last minus first matched time-point module activity",-0.0250020528941222,1,3,0,"perennial_higher",3,0.75,0.0250020528941222,791
"anchor_203","HOG:0018504","root","mean_activity","equal-time-point mean module activity within tissue",0.024991628108636,3,1,0,"annual_higher",3,0.75,0.024991628108636,792
"anchor_172","HOG:0007645","leaf","early_to_late","last minus first matched time-point module activity",0.0247876816562904,3,1,0,"annual_higher",3,0.75,0.0247876816562904,793
"anchor_28","HOG:0023914","leaf","mean_activity","equal-time-point mean module activity within tissue",0.0246473430083988,3,1,0,"annual_higher",3,0.75,0.0246473430083988,794
"anchor_305","HOG:0006008","leaf","early_to_late","last minus first matched time-point module activity",0.0241911937744571,3,1,0,"annual_higher",3,0.75,0.0241911937744571,795
"anchor_07","HOG:0011862","leaf","early_to_late","last minus first matched time-point module activity",-0.0241258336268778,1,3,0,"perennial_higher",3,0.75,0.0241258336268778,796
"anchor_17","HOG:0026834","leaf","mean_activity","equal-time-point mean module activity within tissue",0.0240232398286459,3,1,0,"annual_higher",3,0.75,0.0240232398286459,797
"anchor_10","HOG:0023085","leaf","early_to_late","last minus first matched time-point module activity",-0.0238269562291218,1,3,0,"perennial_higher",3,0.75,0.0238269562291218,798
"anchor_45","HOG:0007725","leaf","early_to_late","last minus first matched time-point module activity",-0.0235577350128721,1,3,0,"perennial_higher",3,0.75,0.0235577350128721,799
"anchor_18","HOG:0000191","leaf","early_to_late","last minus first matched time-point module activity",-0.0232252227443558,1,3,0,"perennial_higher",3,0.75,0.0232252227443558,800
"anchor_50","HOG:0010736","root","mean_activity","equal-time-point mean module activity within tissue",0.0231784641543288,3,1,0,"annual_higher",3,0.75,0.0231784641543288,801
"anchor_51","HOG:0023192","root","mean_activity","equal-time-point mean module activity within tissue",0.0226861439360138,3,1,0,"annual_higher",3,0.75,0.0226861439360138,802
"anchor_41","HOG:0028089","leaf","early_to_late","last minus first matched time-point module activity",-0.0219696681116618,1,3,0,"perennial_higher",3,0.75,0.0219696681116618,803
"anchor_67","HOG:0031129","root","early_to_late","last minus first matched time-point module activity",-0.0218957122048566,1,3,0,"perennial_higher",3,0.75,0.0218957122048566,804
"anchor_156","HOG:0026499","root","early_to_late","last minus first matched time-point module activity",0.0217620735682115,3,1,0,"annual_higher",3,0.75,0.0217620735682115,805
"anchor_204","HOG:0012261","leaf","mean_activity","equal-time-point mean module activity within tissue",-0.0217572809684306,1,3,0,"perennial_higher",3,0.75,0.0217572809684306,806
"anchor_48","HOG:0023400","root","mean_activity","equal-time-point mean module activity within tissue",0.0216280167926863,3,1,0,"annual_higher",3,0.75,0.0216280167926863,807
"anchor_29","HOG:0010571","leaf","early_to_late","last minus first matched time-point module activity",-0.0214509303827108,1,3,0,"perennial_higher",3,0.75,0.0214509303827108,808
"anchor_211","HOG:0027975","root","mean_activity","equal-time-point mean module activity within tissue",-0.0214506399126772,1,3,0,"perennial_higher",3,0.75,0.0214506399126772,809
"anchor_190","HOG:0032397","root","mean_activity","equal-time-point mean module activity within tissue",-0.0212404788153957,1,3,0,"perennial_higher",3,0.75,0.0212404788153957,810
"anchor_55","HOG:0021036","root","early_to_late","last minus first matched time-point module activity",0.021215036262589,3,1,0,"annual_higher",3,0.75,0.021215036262589,811
"anchor_65","HOG:0018364","root","mean_activity","equal-time-point mean module activity within tissue",0.0210333442948407,3,1,0,"annual_higher",3,0.75,0.0210333442948407,812
"anchor_265","HOG:0016371","root","mean_activity","equal-time-point mean module activity within tissue",0.020427711733978,3,1,0,"annual_higher",3,0.75,0.020427711733978,813
"anchor_70","HOG:0032161","leaf","mean_activity","equal-time-point mean module activity within tissue",-0.0202677480471621,1,3,0,"perennial_higher",3,0.75,0.0202677480471621,814
"anchor_160","HOG:0024444","leaf","early_to_late","last minus first matched time-point module activity",0.019973762323396,3,1,0,"annual_higher",3,0.75,0.019973762323396,815
"anchor_38","HOG:0011023","leaf","early_to_late","last minus first matched time-point module activity",-0.0199324069539926,1,3,0,"perennial_higher",3,0.75,0.0199324069539926,816
"anchor_36","HOG:0018221","leaf","early_to_late","last minus first matched time-point module activity",-0.019634181118705,1,3,0,"perennial_higher",3,0.75,0.019634181118705,817
"anchor_30","HOG:0024452","leaf","early_to_late","last minus first matched time-point module activity",-0.0194281224203591,1,3,0,"perennial_higher",3,0.75,0.0194281224203591,818
"anchor_290","HOG:0031056","root","mean_activity","equal-time-point mean module activity within tissue",-0.0190619707232442,1,3,0,"perennial_higher",3,0.75,0.0190619707232442,819
"anchor_313","HOG:0007849","leaf","mean_activity","equal-time-point mean module activity within tissue",0.0189049480776667,3,1,0,"annual_higher",3,0.75,0.0189049480776667,820
"anchor_280","HOG:0026707","root","mean_activity","equal-time-point mean module activity within tissue",0.0187775619296873,3,1,0,"annual_higher",3,0.75,0.0187775619296873,821
"anchor_21","HOG:0022504","root","early_to_late","last minus first matched time-point module activity",0.0182512568157057,3,1,0,"annual_higher",3,0.75,0.0182512568157057,822
"anchor_66","HOG:0027281","root","mean_activity","equal-time-point mean module activity within tissue",0.0181254184067253,3,1,0,"annual_higher",3,0.75,0.0181254184067253,823
"anchor_23","HOG:0028394","root","mean_activity","equal-time-point mean module activity within tissue",0.018045495565769,3,1,0,"annual_higher",3,0.75,0.018045495565769,824
"anchor_21","HOG:0022504","leaf","mean_activity","equal-time-point mean module activity within tissue",0.0179705681362384,3,1,0,"annual_higher",3,0.75,0.0179705681362384,825
"anchor_311","HOG:0022963","leaf","mean_activity","equal-time-point mean module activity within tissue",-0.0179399015899213,1,3,0,"perennial_higher",3,0.75,0.0179399015899213,826
"anchor_273","HOG:0006057","leaf","early_to_late","last minus first matched time-point module activity",-0.0178172442635409,1,3,0,"perennial_higher",3,0.75,0.0178172442635409,827
"anchor_21","HOG:0022504","root","mean_activity","equal-time-point mean module activity within tissue",0.0177037190599458,3,1,0,"annual_higher",3,0.75,0.0177037190599458,828
"anchor_305","HOG:0006008","leaf","mean_activity","equal-time-point mean module activity within tissue",0.0174784546177723,3,1,0,"annual_higher",3,0.75,0.0174784546177723,829
"anchor_267","HOG:0026549","root","mean_activity","equal-time-point mean module activity within tissue",0.0173303363505336,3,1,0,"annual_higher",3,0.75,0.0173303363505336,830
"anchor_29","HOG:0010571","leaf","mean_activity","equal-time-point mean module activity within tissue",0.0170300749628879,3,1,0,"annual_higher",3,0.75,0.0170300749628879,831
"anchor_41","HOG:0028089","leaf","mean_activity","equal-time-point mean module activity within tissue",0.0170108274082278,3,1,0,"annual_higher",3,0.75,0.0170108274082278,832
"anchor_197","HOG:0006052","leaf","early_to_late","last minus first matched time-point module activity",-0.016954590307131,1,3,0,"perennial_higher",3,0.75,0.016954590307131,833
"anchor_64","HOG:0006263","leaf","early_to_late","last minus first matched time-point module activity",0.0166129567003357,3,1,0,"annual_higher",3,0.75,0.0166129567003357,834
"anchor_34","HOG:0000226","leaf","mean_activity","equal-time-point mean module activity within tissue",0.0165154991692489,3,1,0,"annual_higher",3,0.75,0.0165154991692489,835
"anchor_265","HOG:0016371","leaf","mean_activity","equal-time-point mean module activity within tissue",0.0161564044318007,3,1,0,"annual_higher",3,0.75,0.0161564044318007,836
"anchor_47","HOG:0020310","leaf","early_to_late","last minus first matched time-point module activity",-0.0161354362358339,1,3,0,"perennial_higher",3,0.75,0.0161354362358339,837
"anchor_60","HOG:0000465","root","mean_activity","equal-time-point mean module activity within tissue",0.0160835322237954,3,1,0,"annual_higher",3,0.75,0.0160835322237954,838
"anchor_205","HOG:0025863","leaf","early_to_late","last minus first matched time-point module activity",-0.0155856900956,1,3,0,"perennial_higher",3,0.75,0.0155856900956,839
"anchor_73","HOG:0029110","root","mean_activity","equal-time-point mean module activity within tissue",0.0155759274367745,3,1,0,"annual_higher",3,0.75,0.0155759274367745,840
"anchor_11","HOG:0021930","leaf","mean_activity","equal-time-point mean module activity within tissue",0.0154039727898565,3,1,0,"annual_higher",3,0.75,0.0154039727898565,841
"anchor_37","HOG:0007638","leaf","mean_activity","equal-time-point mean module activity within tissue",0.0151128931799963,3,1,0,"annual_higher",3,0.75,0.0151128931799963,842
"anchor_22","HOG:0011649","root","mean_activity","equal-time-point mean module activity within tissue",0.0150545944455764,3,1,0,"annual_higher",3,0.75,0.0150545944455764,843
"anchor_131","HOG:0012340","root","mean_activity","equal-time-point mean module activity within tissue",0.0146577026310198,3,1,0,"annual_higher",3,0.75,0.0146577026310198,844
"anchor_59","HOG:0023358","root","mean_activity","equal-time-point mean module activity within tissue",0.0145109049948828,3,1,0,"annual_higher",3,0.75,0.0145109049948828,845
"anchor_321","HOG:0028005","root","early_to_late","last minus first matched time-point module activity",0.0144868518248914,3,1,0,"annual_higher",3,0.75,0.0144868518248914,846
"anchor_79","HOG:0017159","root","mean_activity","equal-time-point mean module activity within tissue",0.0144107422579566,3,1,0,"annual_higher",3,0.75,0.0144107422579566,847
"anchor_45","HOG:0007725","root","mean_activity","equal-time-point mean module activity within tissue",0.0143251213200859,3,1,0,"annual_higher",3,0.75,0.0143251213200859,848
"anchor_312","HOG:0023825","root","mean_activity","equal-time-point mean module activity within tissue",0.014157296649688,3,1,0,"annual_higher",3,0.75,0.014157296649688,849
"anchor_42","HOG:0032893","root","mean_activity","equal-time-point mean module activity within tissue",0.0137441222584231,3,1,0,"annual_higher",3,0.75,0.0137441222584231,850
"anchor_311","HOG:0022963","root","mean_activity","equal-time-point mean module activity within tissue",-0.0134652986301672,1,3,0,"perennial_higher",3,0.75,0.0134652986301672,851
"anchor_251","HOG:0011497","root","early_to_late","last minus first matched time-point module activity",-0.0129619525849591,1,3,0,"perennial_higher",3,0.75,0.0129619525849591,852
"anchor_07","HOG:0011862","root","mean_activity","equal-time-point mean module activity within tissue",0.0125617443945171,3,1,0,"annual_higher",3,0.75,0.0125617443945171,853
"anchor_82","HOG:0029401","leaf","early_to_late","last minus first matched time-point module activity",-0.0125478187758359,1,3,0,"perennial_higher",3,0.75,0.0125478187758359,854
"anchor_33","HOG:0016909","root","mean_activity","equal-time-point mean module activity within tissue",0.0122070439299155,3,1,0,"annual_higher",3,0.75,0.0122070439299155,855
"anchor_286","HOG:0028717","leaf","mean_activity","equal-time-point mean module activity within tissue",0.0115527845020091,3,1,0,"annual_higher",3,0.75,0.0115527845020091,856
"anchor_59","HOG:0023358","root","early_to_late","last minus first matched time-point module activity",-0.0114481088882797,1,3,0,"perennial_higher",3,0.75,0.0114481088882797,857
"anchor_194","HOG:0030883","root","mean_activity","equal-time-point mean module activity within tissue",0.0107940740260497,3,1,0,"annual_higher",3,0.75,0.0107940740260497,858
"anchor_41","HOG:0028089","root","mean_activity","equal-time-point mean module activity within tissue",-0.0105141184630905,1,3,0,"perennial_higher",3,0.75,0.0105141184630905,859
"anchor_294","HOG:0026361","leaf","mean_activity","equal-time-point mean module activity within tissue",0.0105060387373313,3,1,0,"annual_higher",3,0.75,0.0105060387373313,860
"anchor_88","HOG:0025219","root","mean_activity","equal-time-point mean module activity within tissue",-0.0103437094094417,1,3,0,"perennial_higher",3,0.75,0.0103437094094417,861
"anchor_199","HOG:0017178","root","mean_activity","equal-time-point mean module activity within tissue",0.0103406096151635,3,1,0,"annual_higher",3,0.75,0.0103406096151635,862
"anchor_99","HOG:0031473","leaf","early_to_late","last minus first matched time-point module activity",-0.0101189498424494,1,3,0,"perennial_higher",3,0.75,0.0101189498424494,863
"anchor_239","HOG:0028636","root","early_to_late","last minus first matched time-point module activity",0.00988545362656323,3,1,0,"annual_higher",3,0.75,0.00988545362656323,864
"anchor_20","HOG:0023601","root","mean_activity","equal-time-point mean module activity within tissue",0.00901082202412584,3,1,0,"annual_higher",3,0.75,0.00901082202412584,865
"anchor_18","HOG:0000191","root","mean_activity","equal-time-point mean module activity within tissue",0.00780920067915686,3,1,0,"annual_higher",3,0.75,0.00780920067915686,866
"anchor_187","HOG:0010929","root","mean_activity","equal-time-point mean module activity within tissue",0.00745184815463534,3,1,0,"annual_higher",3,0.75,0.00745184815463534,867
"anchor_61","HOG:0016166","root","mean_activity","equal-time-point mean module activity within tissue",0.00745042931831796,3,1,0,"annual_higher",3,0.75,0.00745042931831796,868
"anchor_53","HOG:0016795","root","early_to_late","last minus first matched time-point module activity",0.00688382844777374,3,1,0,"annual_higher",3,0.75,0.00688382844777374,869
"anchor_165","HOG:0027303","leaf","mean_activity","equal-time-point mean module activity within tissue",-0.00571871383414491,1,3,0,"perennial_higher",3,0.75,0.00571871383414491,870
"anchor_30","HOG:0024452","leaf","mean_activity","equal-time-point mean module activity within tissue",-0.00527517345258932,1,3,0,"perennial_higher",3,0.75,0.00527517345258932,871
"anchor_69","HOG:0033359","root","mean_activity","equal-time-point mean module activity within tissue",-0.00133762438810353,1,3,0,"perennial_higher",3,0.75,0.00133762438810353,872
"anchor_225","HOG:0032904","root","early_to_late","last minus first matched time-point module activity",0.860275692989651,2,2,0,"mixed_or_tied",2,0.5,0.860275692989651,873
"anchor_202","HOG:0010482","root","early_to_late","last minus first matched time-point module activity",0.766793600241387,2,2,0,"mixed_or_tied",2,0.5,0.766793600241387,874
"anchor_122","HOG:0012297","root","early_to_late","last minus first matched time-point module activity",0.699926059011834,2,2,0,"mixed_or_tied",2,0.5,0.699926059011834,875
"anchor_226","HOG:0025149","root","early_to_late","last minus first matched time-point module activity",0.680814733238822,2,2,0,"mixed_or_tied",2,0.5,0.680814733238822,876
"anchor_334","HOG:0023048","root","early_to_late","last minus first matched time-point module activity",0.662053975567456,2,2,0,"mixed_or_tied",2,0.5,0.662053975567456,877
"anchor_285","HOG:0025342","root","early_to_late","last minus first matched time-point module activity",0.652401955488806,2,2,0,"mixed_or_tied",2,0.5,0.652401955488806,878
"anchor_178","HOG:0010551","root","early_to_late","last minus first matched time-point module activity",0.632403714722239,2,2,0,"mixed_or_tied",2,0.5,0.632403714722239,879
"anchor_104","HOG:0021825","root","early_to_late","last minus first matched time-point module activity",0.59328604401984,2,2,0,"mixed_or_tied",2,0.5,0.59328604401984,880
"anchor_193","HOG:0027905","root","early_to_late","last minus first matched time-point module activity",0.557693503545149,2,2,0,"mixed_or_tied",2,0.5,0.557693503545149,881
"anchor_307","HOG:0010703","leaf","early_to_late","last minus first matched time-point module activity",-0.474349922981376,2,2,0,"mixed_or_tied",2,0.5,0.474349922981376,882
"anchor_228","HOG:0006131","root","early_to_late","last minus first matched time-point module activity",0.445155442267957,2,2,0,"mixed_or_tied",2,0.5,0.445155442267957,883
"anchor_256","HOG:0006332","root","early_to_late","last minus first matched time-point module activity",0.365284854989871,2,2,0,"mixed_or_tied",2,0.5,0.365284854989871,884
"anchor_161","HOG:0025959","root","early_to_late","last minus first matched time-point module activity",0.349792492498498,2,2,0,"mixed_or_tied",2,0.5,0.349792492498498,885
"anchor_184","HOG:0026019","root","early_to_late","last minus first matched time-point module activity",0.316180013997309,2,2,0,"mixed_or_tied",2,0.5,0.316180013997309,886
"anchor_221","HOG:0028333","root","early_to_late","last minus first matched time-point module activity",0.307265049098005,2,2,0,"mixed_or_tied",2,0.5,0.307265049098005,887
"anchor_243","HOG:0012390","leaf","early_to_late","last minus first matched time-point module activity",0.246257517494544,2,2,0,"mixed_or_tied",2,0.5,0.246257517494544,888
"anchor_136","HOG:0012101","leaf","mean_activity","equal-time-point mean module activity within tissue",-0.230418740118347,2,2,0,"mixed_or_tied",2,0.5,0.230418740118347,889
"anchor_297","HOG:0028197","root","early_to_late","last minus first matched time-point module activity",0.229946433285622,2,2,0,"mixed_or_tied",2,0.5,0.229946433285622,890
"anchor_288","HOG:0026637","leaf","early_to_late","last minus first matched time-point module activity",0.227205876850619,2,2,0,"mixed_or_tied",2,0.5,0.227205876850619,891
"anchor_202","HOG:0010482","leaf","early_to_late","last minus first matched time-point module activity",0.218204756139832,2,2,0,"mixed_or_tied",2,0.5,0.218204756139832,892
"anchor_269","HOG:0016116","leaf","early_to_late","last minus first matched time-point module activity",0.210448197022222,2,2,0,"mixed_or_tied",2,0.5,0.210448197022222,893
"anchor_137","HOG:0012334","leaf","early_to_late","last minus first matched time-point module activity",0.208520197646828,2,2,0,"mixed_or_tied",2,0.5,0.208520197646828,894
"anchor_182","HOG:0027090","leaf","early_to_late","last minus first matched time-point module activity",0.197511975533523,2,2,0,"mixed_or_tied",2,0.5,0.197511975533523,895
"anchor_231","HOG:0023138","leaf","early_to_late","last minus first matched time-point module activity",-0.191988931068537,2,2,0,"mixed_or_tied",2,0.5,0.191988931068537,896
"anchor_258","HOG:0027091","leaf","early_to_late","last minus first matched time-point module activity",0.175222862730562,2,2,0,"mixed_or_tied",2,0.5,0.175222862730562,897
"anchor_272","HOG:0027413","leaf","early_to_late","last minus first matched time-point module activity",0.168505910627743,2,2,0,"mixed_or_tied",2,0.5,0.168505910627743,898
"anchor_245","HOG:0026703","leaf","early_to_late","last minus first matched time-point module activity",0.167533262970005,2,2,0,"mixed_or_tied",2,0.5,0.167533262970005,899
"anchor_207","HOG:0032903","root","early_to_late","last minus first matched time-point module activity",0.166785418742493,2,2,0,"mixed_or_tied",2,0.5,0.166785418742493,900
"anchor_329","HOG:0014208","root","early_to_late","last minus first matched time-point module activity",0.158331624633883,2,2,0,"mixed_or_tied",2,0.5,0.158331624633883,901
"anchor_120","HOG:0027421","leaf","early_to_late","last minus first matched time-point module activity",0.158328802482471,2,2,0,"mixed_or_tied",2,0.5,0.158328802482471,902
"anchor_247","HOG:0013148","root","early_to_late","last minus first matched time-point module activity",0.155634166160778,2,2,0,"mixed_or_tied",2,0.5,0.155634166160778,903
"anchor_244","HOG:0027351","root","early_to_late","last minus first matched time-point module activity",0.145937452801554,2,2,0,"mixed_or_tied",2,0.5,0.145937452801554,904
"anchor_292","HOG:0018454","root","early_to_late","last minus first matched time-point module activity",-0.145891069279959,2,2,0,"mixed_or_tied",2,0.5,0.145891069279959,905
"anchor_322","HOG:0003621","root","early_to_late","last minus first matched time-point module activity",0.145152320343733,2,2,0,"mixed_or_tied",2,0.5,0.145152320343733,906
"anchor_140","HOG:0032765","leaf","early_to_late","last minus first matched time-point module activity",0.144281552877257,2,2,0,"mixed_or_tied",2,0.5,0.144281552877257,907
"anchor_212","HOG:0018037","leaf","mean_activity","equal-time-point mean module activity within tissue",0.132084162676212,2,2,0,"mixed_or_tied",2,0.5,0.132084162676212,908
"anchor_271","HOG:0026340","root","early_to_late","last minus first matched time-point module activity",-0.125402703207328,2,2,0,"mixed_or_tied",2,0.5,0.125402703207328,909
"anchor_150","HOG:0011478","leaf","early_to_late","last minus first matched time-point module activity",0.11663922063005,2,2,0,"mixed_or_tied",2,0.5,0.11663922063005,910
"anchor_331","HOG:0027285","root","mean_activity","equal-time-point mean module activity within tissue",0.11429102276525,2,2,0,"mixed_or_tied",2,0.5,0.11429102276525,911
"anchor_153","HOG:0028065","leaf","early_to_late","last minus first matched time-point module activity",-0.114113825229837,2,2,0,"mixed_or_tied",2,0.5,0.114113825229837,912
"anchor_245","HOG:0026703","root","mean_activity","equal-time-point mean module activity within tissue",0.113810777322745,2,2,0,"mixed_or_tied",2,0.5,0.113810777322745,913
"anchor_234","HOG:0024574","root","early_to_late","last minus first matched time-point module activity",-0.106743724898598,2,2,0,"mixed_or_tied",2,0.5,0.106743724898598,914
"anchor_237","HOG:0026838","leaf","early_to_late","last minus first matched time-point module activity",-0.106719930283245,2,2,0,"mixed_or_tied",2,0.5,0.106719930283245,915
"anchor_243","HOG:0012390","root","mean_activity","equal-time-point mean module activity within tissue",0.106510968218428,2,2,0,"mixed_or_tied",2,0.5,0.106510968218428,916
"anchor_153","HOG:0028065","leaf","mean_activity","equal-time-point mean module activity within tissue",0.106143300901608,2,2,0,"mixed_or_tied",2,0.5,0.106143300901608,917
"anchor_290","HOG:0031056","leaf","early_to_late","last minus first matched time-point module activity",0.104889958019505,2,2,0,"mixed_or_tied",2,0.5,0.104889958019505,918
"anchor_256","HOG:0006332","leaf","early_to_late","last minus first matched time-point module activity",-0.104626413603374,2,2,0,"mixed_or_tied",2,0.5,0.104626413603374,919
"anchor_301","HOG:0018459","leaf","early_to_late","last minus first matched time-point module activity",-0.0992731672914957,2,2,0,"mixed_or_tied",2,0.5,0.0992731672914957,920
"anchor_255","HOG:0032961","leaf","early_to_late","last minus first matched time-point module activity",-0.0991121573193472,2,2,0,"mixed_or_tied",2,0.5,0.0991121573193472,921
"anchor_236","HOG:0003795","root","mean_activity","equal-time-point mean module activity within tissue",-0.0963901551327085,2,2,0,"mixed_or_tied",2,0.5,0.0963901551327085,922
"anchor_200","HOG:0005639","leaf","mean_activity","equal-time-point mean module activity within tissue",0.0951789621327402,2,2,0,"mixed_or_tied",2,0.5,0.0951789621327402,923
"anchor_201","HOG:0027005","leaf","early_to_late","last minus first matched time-point module activity",-0.0948379800546197,2,2,0,"mixed_or_tied",2,0.5,0.0948379800546197,924
"anchor_186","HOG:0027918","root","mean_activity","equal-time-point mean module activity within tissue",0.094807187513191,2,2,0,"mixed_or_tied",2,0.5,0.094807187513191,925
"anchor_298","HOG:0003541","leaf","early_to_late","last minus first matched time-point module activity",-0.0928630899446978,2,2,0,"mixed_or_tied",2,0.5,0.0928630899446978,926
"anchor_200","HOG:0005639","leaf","early_to_late","last minus first matched time-point module activity",-0.0921384169706507,2,2,0,"mixed_or_tied",2,0.5,0.0921384169706507,927
"anchor_310","HOG:0007835","root","early_to_late","last minus first matched time-point module activity",-0.0889320384571254,2,2,0,"mixed_or_tied",2,0.5,0.0889320384571254,928
"anchor_182","HOG:0027090","root","mean_activity","equal-time-point mean module activity within tissue",0.0879548370843478,2,2,0,"mixed_or_tied",2,0.5,0.0879548370843478,929
"anchor_128","HOG:0024976","root","mean_activity","equal-time-point mean module activity within tissue",0.0861830804449842,2,2,0,"mixed_or_tied",2,0.5,0.0861830804449842,930
"anchor_312","HOG:0023825","leaf","early_to_late","last minus first matched time-point module activity",-0.0850983268330632,2,2,0,"mixed_or_tied",2,0.5,0.0850983268330632,931
"anchor_242","HOG:0017189","leaf","early_to_late","last minus first matched time-point module activity",0.084904360381745,2,2,0,"mixed_or_tied",2,0.5,0.084904360381745,932
"anchor_123","HOG:0005690","root","early_to_late","last minus first matched time-point module activity",-0.084473124387511,2,2,0,"mixed_or_tied",2,0.5,0.084473124387511,933
"anchor_281","HOG:0011064","root","early_to_late","last minus first matched time-point module activity",-0.0836732923710319,2,2,0,"mixed_or_tied",2,0.5,0.0836732923710319,934
"anchor_300","HOG:0023036","root","mean_activity","equal-time-point mean module activity within tissue",0.0833322490875291,2,2,0,"mixed_or_tied",2,0.5,0.0833322490875291,935
"anchor_246","HOG:0027495","leaf","mean_activity","equal-time-point mean module activity within tissue",0.0833141849323475,2,2,0,"mixed_or_tied",2,0.5,0.0833141849323475,936
"anchor_312","HOG:0023825","leaf","mean_activity","equal-time-point mean module activity within tissue",-0.0806780748736849,2,2,0,"mixed_or_tied",2,0.5,0.0806780748736849,937
"anchor_210","HOG:0012540","leaf","mean_activity","equal-time-point mean module activity within tissue",-0.0794751654524275,2,2,0,"mixed_or_tied",2,0.5,0.0794751654524275,938
"anchor_80","HOG:0025232","leaf","early_to_late","last minus first matched time-point module activity",-0.07676757820383,2,2,0,"mixed_or_tied",2,0.5,0.07676757820383,939
"anchor_328","HOG:0021943","leaf","mean_activity","equal-time-point mean module activity within tissue",0.0759691064540014,2,2,0,"mixed_or_tied",2,0.5,0.0759691064540014,940
"anchor_249","HOG:0016944","leaf","mean_activity","equal-time-point mean module activity within tissue",-0.074331093785635,2,2,0,"mixed_or_tied",2,0.5,0.074331093785635,941
"anchor_38","HOG:0011023","root","early_to_late","last minus first matched time-point module activity",0.0735608909058327,2,2,0,"mixed_or_tied",2,0.5,0.0735608909058327,942
"anchor_275","HOG:0033004","leaf","early_to_late","last minus first matched time-point module activity",-0.0729284433553748,2,2,0,"mixed_or_tied",2,0.5,0.0729284433553748,943
"anchor_300","HOG:0023036","leaf","early_to_late","last minus first matched time-point module activity",0.0727619197103502,2,2,0,"mixed_or_tied",2,0.5,0.0727619197103502,944
"anchor_72","HOG:0029544","root","early_to_late","last minus first matched time-point module activity",0.0727413834856452,2,2,0,"mixed_or_tied",2,0.5,0.0727413834856452,945
"anchor_97","HOG:0011541","leaf","early_to_late","last minus first matched time-point module activity",0.0725455416630405,2,2,0,"mixed_or_tied",2,0.5,0.0725455416630405,946
"anchor_79","HOG:0017159","leaf","early_to_late","last minus first matched time-point module activity",-0.0722466681017511,2,2,0,"mixed_or_tied",2,0.5,0.0722466681017511,947
"anchor_296","HOG:0032348","leaf","mean_activity","equal-time-point mean module activity within tissue",-0.0715608891943305,2,2,0,"mixed_or_tied",2,0.5,0.0715608891943305,948
"anchor_331","HOG:0027285","leaf","early_to_late","last minus first matched time-point module activity",0.0711732052967197,2,2,0,"mixed_or_tied",2,0.5,0.0711732052967197,949
"anchor_314","HOG:0031066","root","early_to_late","last minus first matched time-point module activity",-0.0705188014888604,2,2,0,"mixed_or_tied",2,0.5,0.0705188014888604,950
"anchor_238","HOG:0031127","leaf","early_to_late","last minus first matched time-point module activity",-0.0702195984315293,2,2,0,"mixed_or_tied",2,0.5,0.0702195984315293,951
"anchor_147","HOG:0032849","root","mean_activity","equal-time-point mean module activity within tissue",0.0699518507190819,2,2,0,"mixed_or_tied",2,0.5,0.0699518507190819,952
"anchor_292","HOG:0018454","leaf","mean_activity","equal-time-point mean module activity within tissue",-0.0685553757399264,2,2,0,"mixed_or_tied",2,0.5,0.0685553757399264,953
"anchor_135","HOG:0004114","leaf","early_to_late","last minus first matched time-point module activity",-0.0667060490728381,2,2,0,"mixed_or_tied",2,0.5,0.0667060490728381,954
"anchor_216","HOG:0016625","root","mean_activity","equal-time-point mean module activity within tissue",0.0663176372814648,2,2,0,"mixed_or_tied",2,0.5,0.0663176372814648,955
"anchor_298","HOG:0003541","root","early_to_late","last minus first matched time-point module activity",0.0655122379918466,2,2,0,"mixed_or_tied",2,0.5,0.0655122379918466,956
"anchor_264","HOG:0003561","root","mean_activity","equal-time-point mean module activity within tissue",0.0654847615397676,2,2,0,"mixed_or_tied",2,0.5,0.0654847615397676,957
"anchor_296","HOG:0032348","root","early_to_late","last minus first matched time-point module activity",0.0644261875964774,2,2,0,"mixed_or_tied",2,0.5,0.0644261875964774,958
"anchor_185","HOG:0005683","root","mean_activity","equal-time-point mean module activity within tissue",0.0642933406004244,2,2,0,"mixed_or_tied",2,0.5,0.0642933406004244,959
"anchor_137","HOG:0012334","root","mean_activity","equal-time-point mean module activity within tissue",0.0636037925432691,2,2,0,"mixed_or_tied",2,0.5,0.0636037925432691,960
"anchor_171","HOG:0008585","root","mean_activity","equal-time-point mean module activity within tissue",0.0632350853891467,2,2,0,"mixed_or_tied",2,0.5,0.0632350853891467,961
"anchor_326","HOG:0031982","leaf","early_to_late","last minus first matched time-point module activity",0.0631508665036743,2,2,0,"mixed_or_tied",2,0.5,0.0631508665036743,962
"anchor_155","HOG:0008637","leaf","mean_activity","equal-time-point mean module activity within tissue",-0.0630045111892656,2,2,0,"mixed_or_tied",2,0.5,0.0630045111892656,963
"anchor_83","HOG:0023230","root","early_to_late","last minus first matched time-point module activity",0.0614524720851131,2,2,0,"mixed_or_tied",2,0.5,0.0614524720851131,964
"anchor_100","HOG:0012035","root","early_to_late","last minus first matched time-point module activity",-0.0613508951591822,2,2,0,"mixed_or_tied",2,0.5,0.0613508951591822,965
"anchor_222","HOG:0032963","root","mean_activity","equal-time-point mean module activity within tissue",-0.0597595872178738,2,2,0,"mixed_or_tied",2,0.5,0.0597595872178738,966
"anchor_314","HOG:0031066","leaf","early_to_late","last minus first matched time-point module activity",-0.0593845249670927,2,2,0,"mixed_or_tied",2,0.5,0.0593845249670927,967
"anchor_127","HOG:0007713","root","early_to_late","last minus first matched time-point module activity",0.0588053436185069,2,2,0,"mixed_or_tied",2,0.5,0.0588053436185069,968
"anchor_272","HOG:0027413","root","mean_activity","equal-time-point mean module activity within tissue",0.058601118821166,2,2,0,"mixed_or_tied",2,0.5,0.058601118821166,969
"anchor_150","HOG:0011478","root","mean_activity","equal-time-point mean module activity within tissue",0.0579860964250713,2,2,0,"mixed_or_tied",2,0.5,0.0579860964250713,970
"anchor_277","HOG:0007857","root","early_to_late","last minus first matched time-point module activity",-0.054778243925585,2,2,0,"mixed_or_tied",2,0.5,0.054778243925585,971
"anchor_236","HOG:0003795","leaf","mean_activity","equal-time-point mean module activity within tissue",-0.0531621376714563,2,2,0,"mixed_or_tied",2,0.5,0.0531621376714563,972
"anchor_210","HOG:0012540","root","mean_activity","equal-time-point mean module activity within tissue",-0.052357990072958,2,2,0,"mixed_or_tied",2,0.5,0.052357990072958,973
"anchor_121","HOG:0030887","root","early_to_late","last minus first matched time-point module activity",-0.0521389715559762,2,2,0,"mixed_or_tied",2,0.5,0.0521389715559762,974
"anchor_189","HOG:0027641","leaf","early_to_late","last minus first matched time-point module activity",-0.0516349407577713,2,2,0,"mixed_or_tied",2,0.5,0.0516349407577713,975
"anchor_281","HOG:0011064","leaf","mean_activity","equal-time-point mean module activity within tissue",-0.0515957115804908,2,2,0,"mixed_or_tied",2,0.5,0.0515957115804908,976
"anchor_317","HOG:0030885","leaf","mean_activity","equal-time-point mean module activity within tissue",-0.051524008353863,2,2,0,"mixed_or_tied",2,0.5,0.051524008353863,977
"anchor_204","HOG:0012261","root","early_to_late","last minus first matched time-point module activity",-0.0507264061170884,2,2,0,"mixed_or_tied",2,0.5,0.0507264061170884,978
"anchor_313","HOG:0007849","root","mean_activity","equal-time-point mean module activity within tissue",0.0505204539989499,2,2,0,"mixed_or_tied",2,0.5,0.0505204539989499,979
"anchor_198","HOG:0005877","leaf","early_to_late","last minus first matched time-point module activity",-0.0494252928524505,2,2,0,"mixed_or_tied",2,0.5,0.0494252928524505,980
"anchor_315","HOG:0008733","root","early_to_late","last minus first matched time-point module activity",-0.0492341826711704,2,2,0,"mixed_or_tied",2,0.5,0.0492341826711704,981
"anchor_110","HOG:0028395","leaf","early_to_late","last minus first matched time-point module activity",-0.0491277526983776,2,2,0,"mixed_or_tied",2,0.5,0.0491277526983776,982
"anchor_151","HOG:0028263","root","mean_activity","equal-time-point mean module activity within tissue",-0.0489235260570681,2,2,0,"mixed_or_tied",2,0.5,0.0489235260570681,983
"anchor_48","HOG:0023400","leaf","mean_activity","equal-time-point mean module activity within tissue",0.0488396246031662,2,2,0,"mixed_or_tied",2,0.5,0.0488396246031662,984
"anchor_264","HOG:0003561","leaf","early_to_late","last minus first matched time-point module activity",0.0481012241845704,2,2,0,"mixed_or_tied",2,0.5,0.0481012241845704,985
"anchor_43","HOG:0006505","root","early_to_late","last minus first matched time-point module activity",0.0478643860148257,2,2,0,"mixed_or_tied",2,0.5,0.0478643860148257,986
"anchor_274","HOG:0019536","root","early_to_late","last minus first matched time-point module activity",-0.0477593093721604,2,2,0,"mixed_or_tied",2,0.5,0.0477593093721604,987
"anchor_289","HOG:0012227","leaf","mean_activity","equal-time-point mean module activity within tissue",0.0477409808505403,2,2,0,"mixed_or_tied",2,0.5,0.0477409808505403,988
"anchor_159","HOG:0028145","root","mean_activity","equal-time-point mean module activity within tissue",0.047333241369594,2,2,0,"mixed_or_tied",2,0.5,0.047333241369594,989
"anchor_311","HOG:0022963","root","early_to_late","last minus first matched time-point module activity",-0.0465329714942218,2,2,0,"mixed_or_tied",2,0.5,0.0465329714942218,990
"anchor_249","HOG:0016944","root","mean_activity","equal-time-point mean module activity within tissue",-0.0464468549571131,2,2,0,"mixed_or_tied",2,0.5,0.0464468549571131,991
"anchor_09","HOG:0029484","root","early_to_late","last minus first matched time-point module activity",0.0460145577849546,2,2,0,"mixed_or_tied",2,0.5,0.0460145577849546,992
"anchor_147","HOG:0032849","leaf","early_to_late","last minus first matched time-point module activity",0.0459680540890029,2,2,0,"mixed_or_tied",2,0.5,0.0459680540890029,993
"anchor_227","HOG:0032920","root","early_to_late","last minus first matched time-point module activity",0.0456470652005542,2,2,0,"mixed_or_tied",2,0.5,0.0456470652005542,994
"anchor_248","HOG:0028647","root","mean_activity","equal-time-point mean module activity within tissue",0.0455290044877681,2,2,0,"mixed_or_tied",2,0.5,0.0455290044877681,995
"anchor_152","HOG:0028198","root","mean_activity","equal-time-point mean module activity within tissue",-0.0449150335419784,2,2,0,"mixed_or_tied",2,0.5,0.0449150335419784,996
"anchor_104","HOG:0021825","root","mean_activity","equal-time-point mean module activity within tissue",0.0442106067054528,2,2,0,"mixed_or_tied",2,0.5,0.0442106067054528,997
"anchor_205","HOG:0025863","root","early_to_late","last minus first matched time-point module activity",0.0439215203176627,2,2,0,"mixed_or_tied",2,0.5,0.0439215203176627,998
"anchor_170","HOG:0025923","leaf","early_to_late","last minus first matched time-point module activity",-0.0433925771478372,2,2,0,"mixed_or_tied",2,0.5,0.0433925771478372,999
"anchor_84","HOG:0030062","root","early_to_late","last minus first matched time-point module activity",0.0432802618385834,2,2,0,"mixed_or_tied",2,0.5,0.0432802618385834,1000
"anchor_258","HOG:0027091","root","mean_activity","equal-time-point mean module activity within tissue",0.0430299289341269,2,2,0,"mixed_or_tied",2,0.5,0.0430299289341269,1001
"anchor_184","HOG:0026019","root","mean_activity","equal-time-point mean module activity within tissue",0.0426208865816716,2,2,0,"mixed_or_tied",2,0.5,0.0426208865816716,1002
"anchor_175","HOG:0003782","leaf","mean_activity","equal-time-point mean module activity within tissue",0.0423230089324828,2,2,0,"mixed_or_tied",2,0.5,0.0423230089324828,1003
"anchor_241","HOG:0026507","root","early_to_late","last minus first matched time-point module activity",0.0421803620449702,2,2,0,"mixed_or_tied",2,0.5,0.0421803620449702,1004
"anchor_308","HOG:0014354","root","early_to_late","last minus first matched time-point module activity",-0.0419281861240553,2,2,0,"mixed_or_tied",2,0.5,0.0419281861240553,1005
"anchor_123","HOG:0005690","leaf","early_to_late","last minus first matched time-point module activity",-0.0418721863068538,2,2,0,"mixed_or_tied",2,0.5,0.0418721863068538,1006
"anchor_327","HOG:0026946","leaf","early_to_late","last minus first matched time-point module activity",-0.0414322546959061,2,2,0,"mixed_or_tied",2,0.5,0.0414322546959061,1007
"anchor_110","HOG:0028395","root","early_to_late","last minus first matched time-point module activity",-0.0413947234559513,2,2,0,"mixed_or_tied",2,0.5,0.0413947234559513,1008
"anchor_292","HOG:0018454","root","mean_activity","equal-time-point mean module activity within tissue",-0.0413730719216855,2,2,0,"mixed_or_tied",2,0.5,0.0413730719216855,1009
"anchor_69","HOG:0033359","root","early_to_late","last minus first matched time-point module activity",0.0410016785861801,2,2,0,"mixed_or_tied",2,0.5,0.0410016785861801,1010
"anchor_244","HOG:0027351","root","mean_activity","equal-time-point mean module activity within tissue",-0.0407885196519225,2,2,0,"mixed_or_tied",2,0.5,0.0407885196519225,1011
"anchor_48","HOG:0023400","leaf","early_to_late","last minus first matched time-point module activity",-0.040502756681212,2,2,0,"mixed_or_tied",2,0.5,0.040502756681212,1012
"anchor_265","HOG:0016371","root","early_to_late","last minus first matched time-point module activity",-0.0404570816195454,2,2,0,"mixed_or_tied",2,0.5,0.0404570816195454,1013
"anchor_194","HOG:0030883","leaf","mean_activity","equal-time-point mean module activity within tissue",-0.040355555887332,2,2,0,"mixed_or_tied",2,0.5,0.040355555887332,1014
"anchor_51","HOG:0023192","leaf","mean_activity","equal-time-point mean module activity within tissue",0.0401643604316058,2,2,0,"mixed_or_tied",2,0.5,0.0401643604316058,1015
"anchor_68","HOG:0000537","leaf","early_to_late","last minus first matched time-point module activity",-0.0395801787045578,2,2,0,"mixed_or_tied",2,0.5,0.0395801787045578,1016
"anchor_117","HOG:0021123","root","early_to_late","last minus first matched time-point module activity",-0.039426903519567,2,2,0,"mixed_or_tied",2,0.5,0.039426903519567,1017
"anchor_23","HOG:0028394","leaf","early_to_late","last minus first matched time-point module activity",-0.0392228327197097,2,2,0,"mixed_or_tied",2,0.5,0.0392228327197097,1018
"anchor_76","HOG:0016566","root","early_to_late","last minus first matched time-point module activity",0.0392110151899282,2,2,0,"mixed_or_tied",2,0.5,0.0392110151899282,1019
"anchor_212","HOG:0018037","root","early_to_late","last minus first matched time-point module activity",0.039052907467039,2,2,0,"mixed_or_tied",2,0.5,0.039052907467039,1020
"anchor_270","HOG:0007636","leaf","mean_activity","equal-time-point mean module activity within tissue",0.0390489381321258,2,2,0,"mixed_or_tied",2,0.5,0.0390489381321258,1021
"anchor_114","HOG:0027098","leaf","early_to_late","last minus first matched time-point module activity",-0.0390224115757405,2,2,0,"mixed_or_tied",2,0.5,0.0390224115757405,1022
"anchor_286","HOG:0028717","leaf","early_to_late","last minus first matched time-point module activity",-0.0389308182266872,2,2,0,"mixed_or_tied",2,0.5,0.0389308182266872,1023
"anchor_287","HOG:0028018","root","early_to_late","last minus first matched time-point module activity",-0.038766821239068,2,2,0,"mixed_or_tied",2,0.5,0.038766821239068,1024
"anchor_173","HOG:0011717","leaf","early_to_late","last minus first matched time-point module activity",-0.0385228550901003,2,2,0,"mixed_or_tied",2,0.5,0.0385228550901003,1025
"anchor_131","HOG:0012340","leaf","early_to_late","last minus first matched time-point module activity",0.0381694514934499,2,2,0,"mixed_or_tied",2,0.5,0.0381694514934499,1026
"anchor_33","HOG:0016909","root","early_to_late","last minus first matched time-point module activity",0.0381436683516981,2,2,0,"mixed_or_tied",2,0.5,0.0381436683516981,1027
"anchor_51","HOG:0023192","leaf","early_to_late","last minus first matched time-point module activity",-0.0381152804099655,2,2,0,"mixed_or_tied",2,0.5,0.0381152804099655,1028
"anchor_130","HOG:0024495","leaf","early_to_late","last minus first matched time-point module activity",0.0374252135425085,2,2,0,"mixed_or_tied",2,0.5,0.0374252135425085,1029
"anchor_295","HOG:0031418","root","early_to_late","last minus first matched time-point module activity",0.0372768464463722,2,2,0,"mixed_or_tied",2,0.5,0.0372768464463722,1030
"anchor_76","HOG:0016566","leaf","early_to_late","last minus first matched time-point module activity",-0.0371276624511297,2,2,0,"mixed_or_tied",2,0.5,0.0371276624511297,1031
"anchor_80","HOG:0025232","leaf","mean_activity","equal-time-point mean module activity within tissue",0.0371009300653944,2,2,0,"mixed_or_tied",2,0.5,0.0371009300653944,1032
"anchor_268","HOG:0004116","root","early_to_late","last minus first matched time-point module activity",-0.0369787607841212,2,2,0,"mixed_or_tied",2,0.5,0.0369787607841212,1033
"anchor_152","HOG:0028198","root","early_to_late","last minus first matched time-point module activity",0.0369198378695394,2,2,0,"mixed_or_tied",2,0.5,0.0369198378695394,1034
"anchor_304","HOG:0027032","root","mean_activity","equal-time-point mean module activity within tissue",-0.0367902656475731,2,2,0,"mixed_or_tied",2,0.5,0.0367902656475731,1035
"anchor_174","HOG:0026397","root","early_to_late","last minus first matched time-point module activity",-0.0367620477125461,2,2,0,"mixed_or_tied",2,0.5,0.0367620477125461,1036
"anchor_75","HOG:0016636","root","early_to_late","last minus first matched time-point module activity",-0.0367334268856903,2,2,0,"mixed_or_tied",2,0.5,0.0367334268856903,1037
"anchor_22","HOG:0011649","leaf","early_to_late","last minus first matched time-point module activity",-0.0364276177969935,2,2,0,"mixed_or_tied",2,0.5,0.0364276177969935,1038
"anchor_128","HOG:0024976","leaf","early_to_late","last minus first matched time-point module activity",0.0359873860950173,2,2,0,"mixed_or_tied",2,0.5,0.0359873860950173,1039
"anchor_126","HOG:0000096","root","early_to_late","last minus first matched time-point module activity",-0.0357980916805218,2,2,0,"mixed_or_tied",2,0.5,0.0357980916805218,1040
"anchor_260","HOG:0012011","root","early_to_late","last minus first matched time-point module activity",0.0353952092495967,2,2,0,"mixed_or_tied",2,0.5,0.0353952092495967,1041
"anchor_125","HOG:0018534","root","early_to_late","last minus first matched time-point module activity",-0.0353871079116847,2,2,0,"mixed_or_tied",2,0.5,0.0353871079116847,1042
"anchor_288","HOG:0026637","root","mean_activity","equal-time-point mean module activity within tissue",0.0352873879200658,2,2,0,"mixed_or_tied",2,0.5,0.0352873879200658,1043
"anchor_91","HOG:0023227","root","early_to_late","last minus first matched time-point module activity",-0.0352069257101429,2,2,0,"mixed_or_tied",2,0.5,0.0352069257101429,1044
"anchor_73","HOG:0029110","leaf","early_to_late","last minus first matched time-point module activity",-0.0349178525570512,2,2,0,"mixed_or_tied",2,0.5,0.0349178525570512,1045
"anchor_152","HOG:0028198","leaf","mean_activity","equal-time-point mean module activity within tissue",-0.0347102549481556,2,2,0,"mixed_or_tied",2,0.5,0.0347102549481556,1046
"anchor_230","HOG:0012102","leaf","mean_activity","equal-time-point mean module activity within tissue",-0.034630925072347,2,2,0,"mixed_or_tied",2,0.5,0.034630925072347,1047
"anchor_280","HOG:0026707","leaf","early_to_late","last minus first matched time-point module activity",-0.0344592675225508,2,2,0,"mixed_or_tied",2,0.5,0.0344592675225508,1048
"anchor_195","HOG:0029148","leaf","mean_activity","equal-time-point mean module activity within tissue",0.0341825656753095,2,2,0,"mixed_or_tied",2,0.5,0.0341825656753095,1049
"anchor_168","HOG:0000122","root","early_to_late","last minus first matched time-point module activity",0.0341359197617956,2,2,0,"mixed_or_tied",2,0.5,0.0341359197617956,1050
"anchor_208","HOG:0027147","root","early_to_late","last minus first matched time-point module activity",0.0340301968023659,2,2,0,"mixed_or_tied",2,0.5,0.0340301968023659,1051
"anchor_320","HOG:0005833","root","early_to_late","last minus first matched time-point module activity",-0.0340084110300613,2,2,0,"mixed_or_tied",2,0.5,0.0340084110300613,1052
"anchor_224","HOG:0020382","leaf","early_to_late","last minus first matched time-point module activity",-0.0338943477324267,2,2,0,"mixed_or_tied",2,0.5,0.0338943477324267,1053
"anchor_157","HOG:0029921","leaf","mean_activity","equal-time-point mean module activity within tissue",-0.0332901881027045,2,2,0,"mixed_or_tied",2,0.5,0.0332901881027045,1054
"anchor_102","HOG:0006009","leaf","early_to_late","last minus first matched time-point module activity",-0.0332327028373277,2,2,0,"mixed_or_tied",2,0.5,0.0332327028373277,1055
"anchor_142","HOG:0029540","leaf","early_to_late","last minus first matched time-point module activity",0.0331827986653613,2,2,0,"mixed_or_tied",2,0.5,0.0331827986653613,1056
"anchor_87","HOG:0005589","root","early_to_late","last minus first matched time-point module activity",0.0331742321547183,2,2,0,"mixed_or_tied",2,0.5,0.0331742321547183,1057
"anchor_229","HOG:0000322","leaf","mean_activity","equal-time-point mean module activity within tissue",0.0331175425098471,2,2,0,"mixed_or_tied",2,0.5,0.0331175425098471,1058
"anchor_129","HOG:0029472","leaf","mean_activity","equal-time-point mean module activity within tissue",0.0330408111425031,2,2,0,"mixed_or_tied",2,0.5,0.0330408111425031,1059
"anchor_53","HOG:0016795","leaf","early_to_late","last minus first matched time-point module activity",-0.032722102701156,2,2,0,"mixed_or_tied",2,0.5,0.032722102701156,1060
"anchor_93","HOG:0028978","root","early_to_late","last minus first matched time-point module activity",-0.0324123174435996,2,2,0,"mixed_or_tied",2,0.5,0.0324123174435996,1061
"anchor_273","HOG:0006057","root","early_to_late","last minus first matched time-point module activity",-0.0324015274226022,2,2,0,"mixed_or_tied",2,0.5,0.0324015274226022,1062
"anchor_66","HOG:0027281","leaf","mean_activity","equal-time-point mean module activity within tissue",0.0323794344227282,2,2,0,"mixed_or_tied",2,0.5,0.0323794344227282,1063
"anchor_183","HOG:0031530","leaf","early_to_late","last minus first matched time-point module activity",-0.0321865898568479,2,2,0,"mixed_or_tied",2,0.5,0.0321865898568479,1064
"anchor_105","HOG:0027704","root","early_to_late","last minus first matched time-point module activity",0.0321260075748278,2,2,0,"mixed_or_tied",2,0.5,0.0321260075748278,1065
"anchor_146","HOG:0032629","root","mean_activity","equal-time-point mean module activity within tissue",-0.0316682184724011,2,2,0,"mixed_or_tied",2,0.5,0.0316682184724011,1066
"anchor_166","HOG:0016397","root","early_to_late","last minus first matched time-point module activity",0.0316158628576815,2,2,0,"mixed_or_tied",2,0.5,0.0316158628576815,1067
"anchor_135","HOG:0004114","root","mean_activity","equal-time-point mean module activity within tissue",-0.031491762598032,2,2,0,"mixed_or_tied",2,0.5,0.031491762598032,1068
"anchor_175","HOG:0003782","leaf","early_to_late","last minus first matched time-point module activity",-0.0314498359308047,2,2,0,"mixed_or_tied",2,0.5,0.0314498359308047,1069
"anchor_234","HOG:0024574","root","mean_activity","equal-time-point mean module activity within tissue",0.0311252710785578,2,2,0,"mixed_or_tied",2,0.5,0.0311252710785578,1070
"anchor_282","HOG:0008732","root","mean_activity","equal-time-point mean module activity within tissue",0.0310152103737675,2,2,0,"mixed_or_tied",2,0.5,0.0310152103737675,1071
"anchor_105","HOG:0027704","leaf","mean_activity","equal-time-point mean module activity within tissue",-0.0309150583432796,2,2,0,"mixed_or_tied",2,0.5,0.0309150583432796,1072
"anchor_333","HOG:0008696","root","mean_activity","equal-time-point mean module activity within tissue",-0.0306302129719586,2,2,0,"mixed_or_tied",2,0.5,0.0306302129719586,1073
"anchor_139","HOG:0005689","root","early_to_late","last minus first matched time-point module activity",-0.0304594285894164,2,2,0,"mixed_or_tied",2,0.5,0.0304594285894164,1074
"anchor_238","HOG:0031127","root","mean_activity","equal-time-point mean module activity within tissue",0.0303011675602063,2,2,0,"mixed_or_tied",2,0.5,0.0303011675602063,1075
"anchor_329","HOG:0014208","leaf","early_to_late","last minus first matched time-point module activity",-0.0302477826088275,2,2,0,"mixed_or_tied",2,0.5,0.0302477826088275,1076
"anchor_115","HOG:0024562","root","early_to_late","last minus first matched time-point module activity",-0.0299718148733229,2,2,0,"mixed_or_tied",2,0.5,0.0299718148733229,1077
"anchor_261","HOG:0028718","root","mean_activity","equal-time-point mean module activity within tissue",0.0295440205861424,2,2,0,"mixed_or_tied",2,0.5,0.0295440205861424,1078
"anchor_01","HOG:0020610","leaf","early_to_late","last minus first matched time-point module activity",-0.0294733173978264,2,2,0,"mixed_or_tied",2,0.5,0.0294733173978264,1079
"anchor_281","HOG:0011064","root","mean_activity","equal-time-point mean module activity within tissue",-0.0292627646829788,2,2,0,"mixed_or_tied",2,0.5,0.0292627646829788,1080
"anchor_242","HOG:0017189","root","early_to_late","last minus first matched time-point module activity",0.0288494260990964,2,2,0,"mixed_or_tied",2,0.5,0.0288494260990964,1081
"anchor_333","HOG:0008696","root","early_to_late","last minus first matched time-point module activity",-0.0287312606825264,2,2,0,"mixed_or_tied",2,0.5,0.0287312606825264,1082
"anchor_134","HOG:0030881","root","early_to_late","last minus first matched time-point module activity",-0.0286951407621134,2,2,0,"mixed_or_tied",2,0.5,0.0286951407621134,1083
"anchor_92","HOG:0028695","root","early_to_late","last minus first matched time-point module activity",-0.0286679828375539,2,2,0,"mixed_or_tied",2,0.5,0.0286679828375539,1084
"anchor_146","HOG:0032629","leaf","mean_activity","equal-time-point mean module activity within tissue",-0.0286026174740282,2,2,0,"mixed_or_tied",2,0.5,0.0286026174740282,1085
"anchor_95","HOG:0026142","root","early_to_late","last minus first matched time-point module activity",0.0285208887835603,2,2,0,"mixed_or_tied",2,0.5,0.0285208887835603,1086
"anchor_217","HOG:0025124","root","early_to_late","last minus first matched time-point module activity",0.0284291122204956,2,2,0,"mixed_or_tied",2,0.5,0.0284291122204956,1087
"anchor_167","HOG:0027529","leaf","mean_activity","equal-time-point mean module activity within tissue",-0.0282736375263931,2,2,0,"mixed_or_tied",2,0.5,0.0282736375263931,1088
"anchor_215","HOG:0012403","leaf","early_to_late","last minus first matched time-point module activity",-0.0280187963817048,2,2,0,"mixed_or_tied",2,0.5,0.0280187963817048,1089
"anchor_269","HOG:0016116","root","mean_activity","equal-time-point mean module activity within tissue",0.0280110177326549,2,2,0,"mixed_or_tied",2,0.5,0.0280110177326549,1090
"anchor_329","HOG:0014208","leaf","mean_activity","equal-time-point mean module activity within tissue",-0.0279303701633565,2,2,0,"mixed_or_tied",2,0.5,0.0279303701633565,1091
"anchor_233","HOG:0016200","leaf","mean_activity","equal-time-point mean module activity within tissue",-0.0278143104728678,2,2,0,"mixed_or_tied",2,0.5,0.0278143104728678,1092
"anchor_129","HOG:0029472","root","early_to_late","last minus first matched time-point module activity",-0.027629556966921,2,2,0,"mixed_or_tied",2,0.5,0.027629556966921,1093
"anchor_93","HOG:0028978","leaf","early_to_late","last minus first matched time-point module activity",-0.0272816869915795,2,2,0,"mixed_or_tied",2,0.5,0.0272816869915795,1094
"anchor_138","HOG:0025231","root","early_to_late","last minus first matched time-point module activity",0.0272030323400669,2,2,0,"mixed_or_tied",2,0.5,0.0272030323400669,1095
"anchor_229","HOG:0000322","leaf","early_to_late","last minus first matched time-point module activity",-0.0271841709086685,2,2,0,"mixed_or_tied",2,0.5,0.0271841709086685,1096
"anchor_05","HOG:0006205","root","mean_activity","equal-time-point mean module activity within tissue",0.0268989132545446,2,2,0,"mixed_or_tied",2,0.5,0.0268989132545446,1097
"anchor_124","HOG:0008697","root","mean_activity","equal-time-point mean module activity within tissue",-0.0268907648929284,2,2,0,"mixed_or_tied",2,0.5,0.0268907648929284,1098
"anchor_306","HOG:0010549","leaf","early_to_late","last minus first matched time-point module activity",0.02675652158903,2,2,0,"mixed_or_tied",2,0.5,0.02675652158903,1099
"anchor_42","HOG:0032893","leaf","mean_activity","equal-time-point mean module activity within tissue",0.0267102623238043,2,2,0,"mixed_or_tied",2,0.5,0.0267102623238043,1100
"anchor_112","HOG:0026556","root","early_to_late","last minus first matched time-point module activity",-0.0266487846877401,2,2,0,"mixed_or_tied",2,0.5,0.0266487846877401,1101
"anchor_144","HOG:0028381","root","early_to_late","last minus first matched time-point module activity",-0.0263980266048354,2,2,0,"mixed_or_tied",2,0.5,0.0263980266048354,1102
"anchor_275","HOG:0033004","root","mean_activity","equal-time-point mean module activity within tissue",-0.0263203860822814,2,2,0,"mixed_or_tied",2,0.5,0.0263203860822814,1103
"anchor_58","HOG:0032593","root","mean_activity","equal-time-point mean module activity within tissue",0.026189704985291,2,2,0,"mixed_or_tied",2,0.5,0.026189704985291,1104
"anchor_50","HOG:0010736","leaf","early_to_late","last minus first matched time-point module activity",-0.0261005940108264,2,2,0,"mixed_or_tied",2,0.5,0.0261005940108264,1105
"anchor_235","HOG:0017160","leaf","early_to_late","last minus first matched time-point module activity",0.026039185591028,2,2,0,"mixed_or_tied",2,0.5,0.026039185591028,1106
"anchor_89","HOG:0028008","root","early_to_late","last minus first matched time-point module activity",-0.026039064489699,2,2,0,"mixed_or_tied",2,0.5,0.026039064489699,1107
"anchor_100","HOG:0012035","leaf","mean_activity","equal-time-point mean module activity within tissue",-0.0259408180649119,2,2,0,"mixed_or_tied",2,0.5,0.0259408180649119,1108
"anchor_198","HOG:0005877","root","mean_activity","equal-time-point mean module activity within tissue",-0.0258692532461292,2,2,0,"mixed_or_tied",2,0.5,0.0258692532461292,1109
"anchor_15","HOG:0022830","leaf","early_to_late","last minus first matched time-point module activity",-0.0257925630957511,2,2,0,"mixed_or_tied",2,0.5,0.0257925630957511,1110
"anchor_166","HOG:0016397","leaf","mean_activity","equal-time-point mean module activity within tissue",-0.0257267914320468,2,2,0,"mixed_or_tied",2,0.5,0.0257267914320468,1111
"anchor_55","HOG:0021036","leaf","mean_activity","equal-time-point mean module activity within tissue",0.0256936864532428,2,2,0,"mixed_or_tied",2,0.5,0.0256936864532428,1112
"anchor_101","HOG:0007833","root","early_to_late","last minus first matched time-point module activity",-0.025563881027145,2,2,0,"mixed_or_tied",2,0.5,0.025563881027145,1113
"anchor_210","HOG:0012540","root","early_to_late","last minus first matched time-point module activity",-0.025364977280258,2,2,0,"mixed_or_tied",2,0.5,0.025364977280258,1114
"anchor_165","HOG:0027303","leaf","early_to_late","last minus first matched time-point module activity",-0.0253420056239674,2,2,0,"mixed_or_tied",2,0.5,0.0253420056239674,1115
"anchor_322","HOG:0003621","leaf","early_to_late","last minus first matched time-point module activity",-0.0253113179147647,2,2,0,"mixed_or_tied",2,0.5,0.0253113179147647,1116
"anchor_04","HOG:0019394","leaf","early_to_late","last minus first matched time-point module activity",-0.0248673850333492,2,2,0,"mixed_or_tied",2,0.5,0.0248673850333492,1117
"anchor_240","HOG:0007813","root","early_to_late","last minus first matched time-point module activity",0.0247210481872777,2,2,0,"mixed_or_tied",2,0.5,0.0247210481872777,1118
"anchor_176","HOG:0018009","leaf","early_to_late","last minus first matched time-point module activity",-0.0239887787305242,2,2,0,"mixed_or_tied",2,0.5,0.0239887787305242,1119
"anchor_82","HOG:0029401","leaf","mean_activity","equal-time-point mean module activity within tissue",-0.0237923539822995,2,2,0,"mixed_or_tied",2,0.5,0.0237923539822995,1120
"anchor_196","HOG:0006523","root","early_to_late","last minus first matched time-point module activity",0.0234405526988214,2,2,0,"mixed_or_tied",2,0.5,0.0234405526988214,1121
"anchor_229","HOG:0000322","root","mean_activity","equal-time-point mean module activity within tissue",0.0234020865428747,2,2,0,"mixed_or_tied",2,0.5,0.0234020865428747,1122
"anchor_279","HOG:0033476","root","early_to_late","last minus first matched time-point module activity",-0.0232077964196682,2,2,0,"mixed_or_tied",2,0.5,0.0232077964196682,1123
"anchor_204","HOG:0012261","leaf","early_to_late","last minus first matched time-point module activity",-0.0231510446781362,2,2,0,"mixed_or_tied",2,0.5,0.0231510446781362,1124
"anchor_112","HOG:0026556","root","mean_activity","equal-time-point mean module activity within tissue",-0.0230614222193606,2,2,0,"mixed_or_tied",2,0.5,0.0230614222193606,1125
"anchor_158","HOG:0006208","root","early_to_late","last minus first matched time-point module activity",0.0228109323209223,2,2,0,"mixed_or_tied",2,0.5,0.0228109323209223,1126
"anchor_306","HOG:0010549","root","mean_activity","equal-time-point mean module activity within tissue",0.0227901079747843,2,2,0,"mixed_or_tied",2,0.5,0.0227901079747843,1127
"anchor_58","HOG:0032593","leaf","early_to_late","last minus first matched time-point module activity",-0.0224847591862331,2,2,0,"mixed_or_tied",2,0.5,0.0224847591862331,1128
"anchor_188","HOG:0005666","leaf","mean_activity","equal-time-point mean module activity within tissue",-0.0224442239042635,2,2,0,"mixed_or_tied",2,0.5,0.0224442239042635,1129
"anchor_125","HOG:0018534","root","mean_activity","equal-time-point mean module activity within tissue",-0.0222511621684188,2,2,0,"mixed_or_tied",2,0.5,0.0222511621684188,1130
"anchor_282","HOG:0008732","leaf","early_to_late","last minus first matched time-point module activity",0.022063872609601,2,2,0,"mixed_or_tied",2,0.5,0.022063872609601,1131
"anchor_74","HOG:0010710","root","early_to_late","last minus first matched time-point module activity",0.0220481493535521,2,2,0,"mixed_or_tied",2,0.5,0.0220481493535521,1132
"anchor_100","HOG:0012035","root","mean_activity","equal-time-point mean module activity within tissue",-0.0219384834006818,2,2,0,"mixed_or_tied",2,0.5,0.0219384834006818,1133
"anchor_191","HOG:0022918","leaf","early_to_late","last minus first matched time-point module activity",0.0218125422605104,2,2,0,"mixed_or_tied",2,0.5,0.0218125422605104,1134
"anchor_236","HOG:0003795","root","early_to_late","last minus first matched time-point module activity",0.0217667373678701,2,2,0,"mixed_or_tied",2,0.5,0.0217667373678701,1135
"anchor_194","HOG:0030883","root","early_to_late","last minus first matched time-point module activity",-0.0217072787394512,2,2,0,"mixed_or_tied",2,0.5,0.0217072787394512,1136
"anchor_188","HOG:0005666","root","early_to_late","last minus first matched time-point module activity",-0.0216127639449203,2,2,0,"mixed_or_tied",2,0.5,0.0216127639449203,1137
"anchor_180","HOG:0030884","root","mean_activity","equal-time-point mean module activity within tissue",0.0213000330420631,2,2,0,"mixed_or_tied",2,0.5,0.0213000330420631,1138
"anchor_263","HOG:0024905","root","mean_activity","equal-time-point mean module activity within tissue",0.0212577268886342,2,2,0,"mixed_or_tied",2,0.5,0.0212577268886342,1139
"anchor_119","HOG:0006139","root","early_to_late","last minus first matched time-point module activity",0.0210874877026015,2,2,0,"mixed_or_tied",2,0.5,0.0210874877026015,1140
"anchor_278","HOG:0024629","root","mean_activity","equal-time-point mean module activity within tissue",0.0209864359422256,2,2,0,"mixed_or_tied",2,0.5,0.0209864359422256,1141
"anchor_52","HOG:0012253","leaf","early_to_late","last minus first matched time-point module activity",0.0209558278764239,2,2,0,"mixed_or_tied",2,0.5,0.0209558278764239,1142
"anchor_276","HOG:0007697","root","mean_activity","equal-time-point mean module activity within tissue",0.0208877764506492,2,2,0,"mixed_or_tied",2,0.5,0.0208877764506492,1143
"anchor_03","HOG:0011532","root","mean_activity","equal-time-point mean module activity within tissue",0.0204966930259253,2,2,0,"mixed_or_tied",2,0.5,0.0204966930259253,1144
"anchor_30","HOG:0024452","root","mean_activity","equal-time-point mean module activity within tissue",0.0204393769259222,2,2,0,"mixed_or_tied",2,0.5,0.0204393769259222,1145
"anchor_47","HOG:0020310","root","mean_activity","equal-time-point mean module activity within tissue",0.0202239332337804,2,2,0,"mixed_or_tied",2,0.5,0.0202239332337804,1146
"anchor_25","HOG:0016389","leaf","mean_activity","equal-time-point mean module activity within tissue",0.0201229135368569,2,2,0,"mixed_or_tied",2,0.5,0.0201229135368569,1147
"anchor_328","HOG:0021943","root","mean_activity","equal-time-point mean module activity within tissue",0.0201184989424535,2,2,0,"mixed_or_tied",2,0.5,0.0201184989424535,1148
"anchor_77","HOG:0024401","leaf","mean_activity","equal-time-point mean module activity within tissue",-0.0199931569288733,2,2,0,"mixed_or_tied",2,0.5,0.0199931569288733,1149
"anchor_286","HOG:0028717","root","mean_activity","equal-time-point mean module activity within tissue",0.0199475481311755,2,2,0,"mixed_or_tied",2,0.5,0.0199475481311755,1150
"anchor_101","HOG:0007833","leaf","early_to_late","last minus first matched time-point module activity",0.0194372104939027,2,2,0,"mixed_or_tied",2,0.5,0.0194372104939027,1151
"anchor_165","HOG:0027303","root","mean_activity","equal-time-point mean module activity within tissue",0.0193145661158493,2,2,0,"mixed_or_tied",2,0.5,0.0193145661158493,1152
"anchor_46","HOG:0021895","root","early_to_late","last minus first matched time-point module activity",0.019291156837509,2,2,0,"mixed_or_tied",2,0.5,0.019291156837509,1153
"anchor_107","HOG:0020293","root","early_to_late","last minus first matched time-point module activity",0.0192660879945883,2,2,0,"mixed_or_tied",2,0.5,0.0192660879945883,1154
"anchor_29","HOG:0010571","root","mean_activity","equal-time-point mean module activity within tissue",0.0191537383544445,2,2,0,"mixed_or_tied",2,0.5,0.0191537383544445,1155
"anchor_326","HOG:0031982","root","early_to_late","last minus first matched time-point module activity",-0.0190467524820775,2,2,0,"mixed_or_tied",2,0.5,0.0190467524820775,1156
"anchor_86","HOG:0026902","leaf","mean_activity","equal-time-point mean module activity within tissue",-0.0189742180562248,2,2,0,"mixed_or_tied",2,0.5,0.0189742180562248,1157
"anchor_11","HOG:0021930","root","mean_activity","equal-time-point mean module activity within tissue",0.0185688613863451,2,2,0,"mixed_or_tied",2,0.5,0.0185688613863451,1158
"anchor_287","HOG:0028018","leaf","mean_activity","equal-time-point mean module activity within tissue",0.0185312980264077,2,2,0,"mixed_or_tied",2,0.5,0.0185312980264077,1159
"anchor_180","HOG:0030884","root","early_to_late","last minus first matched time-point module activity",-0.018508239029546,2,2,0,"mixed_or_tied",2,0.5,0.018508239029546,1160
"anchor_311","HOG:0022963","leaf","early_to_late","last minus first matched time-point module activity",0.0183788302012894,2,2,0,"mixed_or_tied",2,0.5,0.0183788302012894,1161
"anchor_129","HOG:0029472","root","mean_activity","equal-time-point mean module activity within tissue",0.0182714185876731,2,2,0,"mixed_or_tied",2,0.5,0.0182714185876731,1162
"anchor_37","HOG:0007638","leaf","early_to_late","last minus first matched time-point module activity",-0.0182569417723498,2,2,0,"mixed_or_tied",2,0.5,0.0182569417723498,1163
"anchor_44","HOG:0000178","leaf","early_to_late","last minus first matched time-point module activity",-0.018148084811733,2,2,0,"mixed_or_tied",2,0.5,0.018148084811733,1164
"anchor_20","HOG:0023601","leaf","early_to_late","last minus first matched time-point module activity",-0.018135164609161,2,2,0,"mixed_or_tied",2,0.5,0.018135164609161,1165
"anchor_148","HOG:0020549","root","mean_activity","equal-time-point mean module activity within tissue",0.0180892347560968,2,2,0,"mixed_or_tied",2,0.5,0.0180892347560968,1166
"anchor_24","HOG:0031321","root","mean_activity","equal-time-point mean module activity within tissue",0.0179216766473161,2,2,0,"mixed_or_tied",2,0.5,0.0179216766473161,1167
"anchor_206","HOG:0007920","root","mean_activity","equal-time-point mean module activity within tissue",0.0174046341715394,2,2,0,"mixed_or_tied",2,0.5,0.0174046341715394,1168
"anchor_102","HOG:0006009","leaf","mean_activity","equal-time-point mean module activity within tissue",0.017305595789866,2,2,0,"mixed_or_tied",2,0.5,0.017305595789866,1169
"anchor_274","HOG:0019536","root","mean_activity","equal-time-point mean module activity within tissue",-0.0173035919399948,2,2,0,"mixed_or_tied",2,0.5,0.0173035919399948,1170
"anchor_94","HOG:0008605","root","early_to_late","last minus first matched time-point module activity",0.0171849263591973,2,2,0,"mixed_or_tied",2,0.5,0.0171849263591973,1171
"anchor_113","HOG:0024337","root","early_to_late","last minus first matched time-point module activity",-0.0171439785505852,2,2,0,"mixed_or_tied",2,0.5,0.0171439785505852,1172
"anchor_98","HOG:0018100","root","mean_activity","equal-time-point mean module activity within tissue",0.0169904179817496,2,2,0,"mixed_or_tied",2,0.5,0.0169904179817496,1173
"anchor_88","HOG:0025219","leaf","early_to_late","last minus first matched time-point module activity",-0.0167837325291813,2,2,0,"mixed_or_tied",2,0.5,0.0167837325291813,1174
"anchor_74","HOG:0010710","leaf","early_to_late","last minus first matched time-point module activity",-0.016339054075559,2,2,0,"mixed_or_tied",2,0.5,0.016339054075559,1175
"anchor_17","HOG:0026834","leaf","early_to_late","last minus first matched time-point module activity",-0.0163187223145232,2,2,0,"mixed_or_tied",2,0.5,0.0163187223145232,1176
"anchor_305","HOG:0006008","root","mean_activity","equal-time-point mean module activity within tissue",0.0163101591510486,2,2,0,"mixed_or_tied",2,0.5,0.0163101591510486,1177
"anchor_160","HOG:0024444","root","mean_activity","equal-time-point mean module activity within tissue",0.0161856028428958,2,2,0,"mixed_or_tied",2,0.5,0.0161856028428958,1178
"anchor_115","HOG:0024562","root","mean_activity","equal-time-point mean module activity within tissue",0.016148397574439,2,2,0,"mixed_or_tied",2,0.5,0.016148397574439,1179
"anchor_211","HOG:0027975","leaf","early_to_late","last minus first matched time-point module activity",-0.0161169738391716,2,2,0,"mixed_or_tied",2,0.5,0.0161169738391716,1180
"anchor_86","HOG:0026902","root","mean_activity","equal-time-point mean module activity within tissue",0.0159992456371955,2,2,0,"mixed_or_tied",2,0.5,0.0159992456371955,1181
"anchor_121","HOG:0030887","leaf","mean_activity","equal-time-point mean module activity within tissue",0.0159638619277489,2,2,0,"mixed_or_tied",2,0.5,0.0159638619277489,1182
"anchor_278","HOG:0024629","leaf","mean_activity","equal-time-point mean module activity within tissue",0.0158861596469497,2,2,0,"mixed_or_tied",2,0.5,0.0158861596469497,1183
"anchor_215","HOG:0012403","root","early_to_late","last minus first matched time-point module activity",0.0158285919796337,2,2,0,"mixed_or_tied",2,0.5,0.0158285919796337,1184
"anchor_64","HOG:0006263","root","mean_activity","equal-time-point mean module activity within tissue",0.0154083484258067,2,2,0,"mixed_or_tied",2,0.5,0.0154083484258067,1185
"anchor_154","HOG:0023439","root","early_to_late","last minus first matched time-point module activity",-0.0153256495893052,2,2,0,"mixed_or_tied",2,0.5,0.0153256495893052,1186
"anchor_14","HOG:0012056","root","mean_activity","equal-time-point mean module activity within tissue",0.0152436848499449,2,2,0,"mixed_or_tied",2,0.5,0.0152436848499449,1187
"anchor_73","HOG:0029110","leaf","mean_activity","equal-time-point mean module activity within tissue",0.0151031242288712,2,2,0,"mixed_or_tied",2,0.5,0.0151031242288712,1188
"anchor_64","HOG:0006263","leaf","mean_activity","equal-time-point mean module activity within tissue",0.0146320938720497,2,2,0,"mixed_or_tied",2,0.5,0.0146320938720497,1189
"anchor_98","HOG:0018100","leaf","early_to_late","last minus first matched time-point module activity",-0.0145029801851488,2,2,0,"mixed_or_tied",2,0.5,0.0145029801851488,1190
"anchor_172","HOG:0007645","root","mean_activity","equal-time-point mean module activity within tissue",-0.0144389729999411,2,2,0,"mixed_or_tied",2,0.5,0.0144389729999411,1191
"anchor_131","HOG:0012340","leaf","mean_activity","equal-time-point mean module activity within tissue",0.0144109987440081,2,2,0,"mixed_or_tied",2,0.5,0.0144109987440081,1192
"anchor_27","HOG:0004192","leaf","early_to_late","last minus first matched time-point module activity",-0.01419930601418,2,2,0,"mixed_or_tied",2,0.5,0.01419930601418,1193
"anchor_16","HOG:0007637","root","mean_activity","equal-time-point mean module activity within tissue",0.0141941905659104,2,2,0,"mixed_or_tied",2,0.5,0.0141941905659104,1194
"anchor_204","HOG:0012261","root","mean_activity","equal-time-point mean module activity within tissue",-0.0140842913390473,2,2,0,"mixed_or_tied",2,0.5,0.0140842913390473,1195
"anchor_111","HOG:0016913","root","mean_activity","equal-time-point mean module activity within tissue",0.0139615659414902,2,2,0,"mixed_or_tied",2,0.5,0.0139615659414902,1196
"anchor_17","HOG:0026834","root","mean_activity","equal-time-point mean module activity within tissue",0.0138965719646942,2,2,0,"mixed_or_tied",2,0.5,0.0138965719646942,1197
"anchor_214","HOG:0017319","root","early_to_late","last minus first matched time-point module activity",0.0138487964384908,2,2,0,"mixed_or_tied",2,0.5,0.0138487964384908,1198
"anchor_70","HOG:0032161","leaf","early_to_late","last minus first matched time-point module activity",-0.0138186877879584,2,2,0,"mixed_or_tied",2,0.5,0.0138186877879584,1199
"anchor_129","HOG:0029472","leaf","early_to_late","last minus first matched time-point module activity",-0.0138157441415597,2,2,0,"mixed_or_tied",2,0.5,0.0138157441415597,1200
"anchor_50","HOG:0010736","leaf","mean_activity","equal-time-point mean module activity within tissue",0.013705125251121,2,2,0,"mixed_or_tied",2,0.5,0.013705125251121,1201
"anchor_118","HOG:0028661","root","early_to_late","last minus first matched time-point module activity",-0.0134925766247936,2,2,0,"mixed_or_tied",2,0.5,0.0134925766247936,1202
"anchor_299","HOG:0025316","root","mean_activity","equal-time-point mean module activity within tissue",-0.0134649415792254,2,2,0,"mixed_or_tied",2,0.5,0.0134649415792254,1203
"anchor_232","HOG:0019459","root","early_to_late","last minus first matched time-point module activity",-0.0132967213037716,2,2,0,"mixed_or_tied",2,0.5,0.0132967213037716,1204
"anchor_177","HOG:0000535","root","mean_activity","equal-time-point mean module activity within tissue",-0.0132631071508549,2,2,0,"mixed_or_tied",2,0.5,0.0132631071508549,1205
"anchor_98","HOG:0018100","leaf","mean_activity","equal-time-point mean module activity within tissue",-0.0131817003754787,2,2,0,"mixed_or_tied",2,0.5,0.0131817003754787,1206
"anchor_153","HOG:0028065","root","mean_activity","equal-time-point mean module activity within tissue",0.0129364142164253,2,2,0,"mixed_or_tied",2,0.5,0.0129364142164253,1207
"anchor_278","HOG:0024629","leaf","early_to_late","last minus first matched time-point module activity",-0.0127899559404386,2,2,0,"mixed_or_tied",2,0.5,0.0127899559404386,1208
"anchor_209","HOG:0024277","root","mean_activity","equal-time-point mean module activity within tissue",-0.0127653487172164,2,2,0,"mixed_or_tied",2,0.5,0.0127653487172164,1209
"anchor_209","HOG:0024277","root","early_to_late","last minus first matched time-point module activity",-0.0126294547265185,2,2,0,"mixed_or_tied",2,0.5,0.0126294547265185,1210
"anchor_307","HOG:0010703","root","mean_activity","equal-time-point mean module activity within tissue",-0.0125764848881916,2,2,0,"mixed_or_tied",2,0.5,0.0125764848881916,1211
"anchor_10","HOG:0023085","leaf","mean_activity","equal-time-point mean module activity within tissue",0.012391302261524,2,2,0,"mixed_or_tied",2,0.5,0.012391302261524,1212
"anchor_24","HOG:0031321","leaf","mean_activity","equal-time-point mean module activity within tissue",-0.0122875087607091,2,2,0,"mixed_or_tied",2,0.5,0.0122875087607091,1213
"anchor_278","HOG:0024629","root","early_to_late","last minus first matched time-point module activity",0.0122751501952614,2,2,0,"mixed_or_tied",2,0.5,0.0122751501952614,1214
"anchor_289","HOG:0012227","leaf","early_to_late","last minus first matched time-point module activity",0.0122069862851812,2,2,0,"mixed_or_tied",2,0.5,0.0122069862851812,1215
"anchor_124","HOG:0008697","root","early_to_late","last minus first matched time-point module activity",0.0121557817414684,2,2,0,"mixed_or_tied",2,0.5,0.0121557817414684,1216
"anchor_262","HOG:0023896","root","early_to_late","last minus first matched time-point module activity",0.0120151654191236,2,2,0,"mixed_or_tied",2,0.5,0.0120151654191236,1217
"anchor_02","HOG:0020076","root","mean_activity","equal-time-point mean module activity within tissue",0.0120096160217343,2,2,0,"mixed_or_tied",2,0.5,0.0120096160217343,1218
"anchor_154","HOG:0023439","leaf","early_to_late","last minus first matched time-point module activity",0.0120063914628881,2,2,0,"mixed_or_tied",2,0.5,0.0120063914628881,1219
"anchor_10","HOG:0023085","root","mean_activity","equal-time-point mean module activity within tissue",0.0119492802159148,2,2,0,"mixed_or_tied",2,0.5,0.0119492802159148,1220
"anchor_299","HOG:0025316","leaf","mean_activity","equal-time-point mean module activity within tissue",-0.0118926365459146,2,2,0,"mixed_or_tied",2,0.5,0.0118926365459146,1221
"anchor_99","HOG:0031473","root","mean_activity","equal-time-point mean module activity within tissue",0.0115449879755233,2,2,0,"mixed_or_tied",2,0.5,0.0115449879755233,1222
"anchor_157","HOG:0029921","root","early_to_late","last minus first matched time-point module activity",-0.0114976268860687,2,2,0,"mixed_or_tied",2,0.5,0.0114976268860687,1223
"anchor_99","HOG:0031473","leaf","mean_activity","equal-time-point mean module activity within tissue",-0.0114421483412978,2,2,0,"mixed_or_tied",2,0.5,0.0114421483412978,1224
"anchor_166","HOG:0016397","root","mean_activity","equal-time-point mean module activity within tissue",0.0113923446657563,2,2,0,"mixed_or_tied",2,0.5,0.0113923446657563,1225
"anchor_289","HOG:0012227","root","early_to_late","last minus first matched time-point module activity",0.0110911765573421,2,2,0,"mixed_or_tied",2,0.5,0.0110911765573421,1226
"anchor_81","HOG:0023669","leaf","early_to_late","last minus first matched time-point module activity",0.0109485569769104,2,2,0,"mixed_or_tied",2,0.5,0.0109485569769104,1227
"anchor_70","HOG:0032161","root","mean_activity","equal-time-point mean module activity within tissue",0.0108740663654705,2,2,0,"mixed_or_tied",2,0.5,0.0108740663654705,1228
"anchor_52","HOG:0012253","root","mean_activity","equal-time-point mean module activity within tissue",-0.0108468573908831,2,2,0,"mixed_or_tied",2,0.5,0.0108468573908831,1229
"anchor_117","HOG:0021123","leaf","early_to_late","last minus first matched time-point module activity",-0.0107892686652417,2,2,0,"mixed_or_tied",2,0.5,0.0107892686652417,1230
"anchor_319","HOG:0006661","leaf","early_to_late","last minus first matched time-point module activity",0.0107000404649918,2,2,0,"mixed_or_tied",2,0.5,0.0107000404649918,1231
"anchor_195","HOG:0029148","root","early_to_late","last minus first matched time-point module activity",-0.0106479226475727,2,2,0,"mixed_or_tied",2,0.5,0.0106479226475727,1232
"anchor_63","HOG:0020349","leaf","mean_activity","equal-time-point mean module activity within tissue",0.0104882784196039,2,2,0,"mixed_or_tied",2,0.5,0.0104882784196039,1233
"anchor_01","HOG:0020610","root","mean_activity","equal-time-point mean module activity within tissue",0.010251018648867,2,2,0,"mixed_or_tied",2,0.5,0.010251018648867,1234
"anchor_262","HOG:0023896","root","mean_activity","equal-time-point mean module activity within tissue",0.0100041358695039,2,2,0,"mixed_or_tied",2,0.5,0.0100041358695039,1235
"anchor_37","HOG:0007638","root","mean_activity","equal-time-point mean module activity within tissue",0.0099730972962081,2,2,0,"mixed_or_tied",2,0.5,0.0099730972962081,1236
"anchor_60","HOG:0000465","root","early_to_late","last minus first matched time-point module activity",0.00996986821401269,2,2,0,"mixed_or_tied",2,0.5,0.00996986821401269,1237
"anchor_27","HOG:0004192","leaf","mean_activity","equal-time-point mean module activity within tissue",0.00989835905132569,2,2,0,"mixed_or_tied",2,0.5,0.00989835905132569,1238
"anchor_319","HOG:0006661","root","early_to_late","last minus first matched time-point module activity",-0.00986247041712512,2,2,0,"mixed_or_tied",2,0.5,0.00986247041712512,1239
"anchor_224","HOG:0020382","leaf","mean_activity","equal-time-point mean module activity within tissue",-0.0098541187390167,2,2,0,"mixed_or_tied",2,0.5,0.0098541187390167,1240
"anchor_303","HOG:0027639","root","early_to_late","last minus first matched time-point module activity",0.00981298105955236,2,2,0,"mixed_or_tied",2,0.5,0.00981298105955236,1241
"anchor_34","HOG:0000226","root","mean_activity","equal-time-point mean module activity within tissue",0.00944643038062498,2,2,0,"mixed_or_tied",2,0.5,0.00944643038062498,1242
"anchor_19","HOG:0019927","root","mean_activity","equal-time-point mean module activity within tissue",0.00943319397534298,2,2,0,"mixed_or_tied",2,0.5,0.00943319397534298,1243
"anchor_327","HOG:0026946","root","early_to_late","last minus first matched time-point module activity",-0.00939186740788245,2,2,0,"mixed_or_tied",2,0.5,0.00939186740788245,1244
"anchor_187","HOG:0010929","leaf","mean_activity","equal-time-point mean module activity within tissue",0.00935156151995103,2,2,0,"mixed_or_tied",2,0.5,0.00935156151995103,1245
"anchor_177","HOG:0000535","leaf","early_to_late","last minus first matched time-point module activity",-0.00907317785835055,2,2,0,"mixed_or_tied",2,0.5,0.00907317785835055,1246
"anchor_83","HOG:0023230","leaf","mean_activity","equal-time-point mean module activity within tissue",-0.00901368492828347,2,2,0,"mixed_or_tied",2,0.5,0.00901368492828347,1247
"anchor_130","HOG:0024495","root","early_to_late","last minus first matched time-point module activity",-0.00900738978529264,2,2,0,"mixed_or_tied",2,0.5,0.00900738978529264,1248
"anchor_168","HOG:0000122","leaf","early_to_late","last minus first matched time-point module activity",0.0089581504139673,2,2,0,"mixed_or_tied",2,0.5,0.0089581504139673,1249
"anchor_81","HOG:0023669","root","mean_activity","equal-time-point mean module activity within tissue",0.0085363217571594,2,2,0,"mixed_or_tied",2,0.5,0.0085363217571594,1250
"anchor_267","HOG:0026549","leaf","early_to_late","last minus first matched time-point module activity",0.00851312461167641,2,2,0,"mixed_or_tied",2,0.5,0.00851312461167641,1251
"anchor_23","HOG:0028394","leaf","mean_activity","equal-time-point mean module activity within tissue",0.00845611564424104,2,2,0,"mixed_or_tied",2,0.5,0.00845611564424104,1252
"anchor_64","HOG:0006263","root","early_to_late","last minus first matched time-point module activity",0.0083623292761007,2,2,0,"mixed_or_tied",2,0.5,0.0083623292761007,1253
"anchor_267","HOG:0026549","leaf","mean_activity","equal-time-point mean module activity within tissue",-0.00825847389759277,2,2,0,"mixed_or_tied",2,0.5,0.00825847389759277,1254
"anchor_238","HOG:0031127","leaf","mean_activity","equal-time-point mean module activity within tissue",-0.00815652351875668,2,2,0,"mixed_or_tied",2,0.5,0.00815652351875668,1255
"anchor_113","HOG:0024337","leaf","early_to_late","last minus first matched time-point module activity",-0.00807673474937315,2,2,0,"mixed_or_tied",2,0.5,0.00807673474937315,1256
"anchor_121","HOG:0030887","root","mean_activity","equal-time-point mean module activity within tissue",0.0080590908453933,2,2,0,"mixed_or_tied",2,0.5,0.0080590908453933,1257
"anchor_230","HOG:0012102","root","mean_activity","equal-time-point mean module activity within tissue",-0.00801123319093128,2,2,0,"mixed_or_tied",2,0.5,0.00801123319093128,1258
"anchor_170","HOG:0025923","root","mean_activity","equal-time-point mean module activity within tissue",0.00791772062509455,2,2,0,"mixed_or_tied",2,0.5,0.00791772062509455,1259
"anchor_82","HOG:0029401","root","mean_activity","equal-time-point mean module activity within tissue",0.00786661273312644,2,2,0,"mixed_or_tied",2,0.5,0.00786661273312644,1260
"anchor_08","HOG:0006123","leaf","mean_activity","equal-time-point mean module activity within tissue",0.00777335908663235,2,2,0,"mixed_or_tied",2,0.5,0.00777335908663235,1261
"anchor_08","HOG:0006123","leaf","early_to_late","last minus first matched time-point module activity",-0.0077596977957104,2,2,0,"mixed_or_tied",2,0.5,0.0077596977957104,1262
"anchor_148","HOG:0020549","leaf","mean_activity","equal-time-point mean module activity within tissue",0.00760688342789662,2,2,0,"mixed_or_tied",2,0.5,0.00760688342789662,1263
"anchor_08","HOG:0006123","root","mean_activity","equal-time-point mean module activity within tissue",0.0075118513499221,2,2,0,"mixed_or_tied",2,0.5,0.0075118513499221,1264
"anchor_255","HOG:0032961","root","early_to_late","last minus first matched time-point module activity",-0.0075111555748486,2,2,0,"mixed_or_tied",2,0.5,0.0075111555748486,1265
"anchor_215","HOG:0012403","root","mean_activity","equal-time-point mean module activity within tissue",-0.00748110904906579,2,2,0,"mixed_or_tied",2,0.5,0.00748110904906579,1266
"anchor_35","HOG:0012402","root","mean_activity","equal-time-point mean module activity within tissue",0.00737900992081947,2,2,0,"mixed_or_tied",2,0.5,0.00737900992081947,1267
"anchor_255","HOG:0032961","leaf","mean_activity","equal-time-point mean module activity within tissue",0.0071664010833995,2,2,0,"mixed_or_tied",2,0.5,0.0071664010833995,1268
"anchor_318","HOG:0005960","root","mean_activity","equal-time-point mean module activity within tissue",-0.00697191070351127,2,2,0,"mixed_or_tied",2,0.5,0.00697191070351127,1269
"anchor_155","HOG:0008637","root","early_to_late","last minus first matched time-point module activity",-0.00691873457645353,2,2,0,"mixed_or_tied",2,0.5,0.00691873457645353,1270
"anchor_310","HOG:0007835","leaf","early_to_late","last minus first matched time-point module activity",0.0068946373981868,2,2,0,"mixed_or_tied",2,0.5,0.0068946373981868,1271
"anchor_160","HOG:0024444","leaf","mean_activity","equal-time-point mean module activity within tissue",-0.00677569707077441,2,2,0,"mixed_or_tied",2,0.5,0.00677569707077441,1272
"anchor_45","HOG:0007725","root","early_to_late","last minus first matched time-point module activity",0.00660973526015096,2,2,0,"mixed_or_tied",2,0.5,0.00660973526015096,1273
"anchor_106","HOG:0012511","root","mean_activity","equal-time-point mean module activity within tissue",-0.00643326632137603,2,2,0,"mixed_or_tied",2,0.5,0.00643326632137603,1274
"anchor_109","HOG:0011640","root","mean_activity","equal-time-point mean module activity within tissue",0.0064067944277651,2,2,0,"mixed_or_tied",2,0.5,0.0064067944277651,1275
"anchor_54","HOG:0022739","leaf","mean_activity","equal-time-point mean module activity within tissue",0.00626975005672292,2,2,0,"mixed_or_tied",2,0.5,0.00626975005672292,1276
"anchor_333","HOG:0008696","leaf","mean_activity","equal-time-point mean module activity within tissue",0.00622846630078722,2,2,0,"mixed_or_tied",2,0.5,0.00622846630078722,1277
"anchor_167","HOG:0027529","root","early_to_late","last minus first matched time-point module activity",0.00622379807874363,2,2,0,"mixed_or_tied",2,0.5,0.00622379807874363,1278
"anchor_74","HOG:0010710","root","mean_activity","equal-time-point mean module activity within tissue",0.00619121421189189,2,2,0,"mixed_or_tied",2,0.5,0.00619121421189189,1279
"anchor_47","HOG:0020310","leaf","mean_activity","equal-time-point mean module activity within tissue",0.00607178324611607,2,2,0,"mixed_or_tied",2,0.5,0.00607178324611607,1280
"anchor_106","HOG:0012511","leaf","mean_activity","equal-time-point mean module activity within tissue",0.00594830735809349,2,2,0,"mixed_or_tied",2,0.5,0.00594830735809349,1281
"anchor_106","HOG:0012511","root","early_to_late","last minus first matched time-point module activity",-0.00586852700156282,2,2,0,"mixed_or_tied",2,0.5,0.00586852700156282,1282
"anchor_05","HOG:0006205","leaf","mean_activity","equal-time-point mean module activity within tissue",0.0057768596831671,2,2,0,"mixed_or_tied",2,0.5,0.0057768596831671,1283
"anchor_111","HOG:0016913","root","early_to_late","last minus first matched time-point module activity",-0.00570880294129106,2,2,0,"mixed_or_tied",2,0.5,0.00570880294129106,1284
"anchor_139","HOG:0005689","root","mean_activity","equal-time-point mean module activity within tissue",-0.00569458455786154,2,2,0,"mixed_or_tied",2,0.5,0.00569458455786154,1285
"anchor_68","HOG:0000537","root","early_to_late","last minus first matched time-point module activity",0.00559841452018234,2,2,0,"mixed_or_tied",2,0.5,0.00559841452018234,1286
"anchor_80","HOG:0025232","root","mean_activity","equal-time-point mean module activity within tissue",0.00554177048922172,2,2,0,"mixed_or_tied",2,0.5,0.00554177048922172,1287
"anchor_167","HOG:0027529","root","mean_activity","equal-time-point mean module activity within tissue",-0.00533976701624445,2,2,0,"mixed_or_tied",2,0.5,0.00533976701624445,1288
"anchor_83","HOG:0023230","root","mean_activity","equal-time-point mean module activity within tissue",-0.00522987464265151,2,2,0,"mixed_or_tied",2,0.5,0.00522987464265151,1289
"anchor_279","HOG:0033476","leaf","early_to_late","last minus first matched time-point module activity",-0.00519081448187242,2,2,0,"mixed_or_tied",2,0.5,0.00519081448187242,1290
"anchor_63","HOG:0020349","root","mean_activity","equal-time-point mean module activity within tissue",-0.0051728875874863,2,2,0,"mixed_or_tied",2,0.5,0.0051728875874863,1291
"anchor_40","HOG:0028012","root","mean_activity","equal-time-point mean module activity within tissue",-0.00511750368103164,2,2,0,"mixed_or_tied",2,0.5,0.00511750368103164,1292
"anchor_112","HOG:0026556","leaf","mean_activity","equal-time-point mean module activity within tissue",-0.00498009026653085,2,2,0,"mixed_or_tied",2,0.5,0.00498009026653085,1293
"anchor_03","HOG:0011532","leaf","mean_activity","equal-time-point mean module activity within tissue",0.00497234895652587,2,2,0,"mixed_or_tied",2,0.5,0.00497234895652587,1294
"anchor_83","HOG:0023230","leaf","early_to_late","last minus first matched time-point module activity",0.00490208968406861,2,2,0,"mixed_or_tied",2,0.5,0.00490208968406861,1295
"anchor_124","HOG:0008697","leaf","mean_activity","equal-time-point mean module activity within tissue",-0.00482026616809977,2,2,0,"mixed_or_tied",2,0.5,0.00482026616809977,1296
"anchor_24","HOG:0031321","leaf","early_to_late","last minus first matched time-point module activity",0.0047058725925081,2,2,0,"mixed_or_tied",2,0.5,0.0047058725925081,1297
"anchor_65","HOG:0018364","leaf","mean_activity","equal-time-point mean module activity within tissue",0.00467148706327064,2,2,0,"mixed_or_tied",2,0.5,0.00467148706327064,1298
"anchor_263","HOG:0024905","leaf","early_to_late","last minus first matched time-point module activity",0.00463335886276525,2,2,0,"mixed_or_tied",2,0.5,0.00463335886276525,1299
"anchor_78","HOG:0028720","root","early_to_late","last minus first matched time-point module activity",0.00460868133476278,2,2,0,"mixed_or_tied",2,0.5,0.00460868133476278,1300
"anchor_183","HOG:0031530","root","early_to_late","last minus first matched time-point module activity",0.0046052408375668,2,2,0,"mixed_or_tied",2,0.5,0.0046052408375668,1301
"anchor_69","HOG:0033359","leaf","mean_activity","equal-time-point mean module activity within tissue",0.00459302098505543,2,2,0,"mixed_or_tied",2,0.5,0.00459302098505543,1302
"anchor_291","HOG:0027706","leaf","early_to_late","last minus first matched time-point module activity",0.00450591959374691,2,2,0,"mixed_or_tied",2,0.5,0.00450591959374691,1303
"anchor_61","HOG:0016166","leaf","mean_activity","equal-time-point mean module activity within tissue",-0.00443674006076272,2,2,0,"mixed_or_tied",2,0.5,0.00443674006076272,1304
"anchor_81","HOG:0023669","leaf","mean_activity","equal-time-point mean module activity within tissue",0.00438732135141617,2,2,0,"mixed_or_tied",2,0.5,0.00438732135141617,1305
"anchor_102","HOG:0006009","root","mean_activity","equal-time-point mean module activity within tissue",0.00424838398745048,2,2,0,"mixed_or_tied",2,0.5,0.00424838398745048,1306
"anchor_36","HOG:0018221","leaf","mean_activity","equal-time-point mean module activity within tissue",0.0042266991865918,2,2,0,"mixed_or_tied",2,0.5,0.0042266991865918,1307
"anchor_96","HOG:0012012","root","early_to_late","last minus first matched time-point module activity",-0.00412390614334135,2,2,0,"mixed_or_tied",2,0.5,0.00412390614334135,1308
"anchor_50","HOG:0010736","root","early_to_late","last minus first matched time-point module activity",0.0040281444361227,2,2,0,"mixed_or_tied",2,0.5,0.0040281444361227,1309
"anchor_294","HOG:0026361","root","mean_activity","equal-time-point mean module activity within tissue",0.00380344981600833,2,2,0,"mixed_or_tied",2,0.5,0.00380344981600833,1310
"anchor_234","HOG:0024574","leaf","mean_activity","equal-time-point mean module activity within tissue",-0.00378267816914618,2,2,0,"mixed_or_tied",2,0.5,0.00378267816914618,1311
"anchor_142","HOG:0029540","root","early_to_late","last minus first matched time-point module activity",0.00359033881468235,2,2,0,"mixed_or_tied",2,0.5,0.00359033881468235,1312
"anchor_03","HOG:0011532","leaf","early_to_late","last minus first matched time-point module activity",-0.00354462542093409,2,2,0,"mixed_or_tied",2,0.5,0.00354462542093409,1313
"anchor_148","HOG:0020549","leaf","early_to_late","last minus first matched time-point module activity",0.00351445207477474,2,2,0,"mixed_or_tied",2,0.5,0.00351445207477474,1314
"anchor_28","HOG:0023914","root","mean_activity","equal-time-point mean module activity within tissue",0.00345573276328032,2,2,0,"mixed_or_tied",2,0.5,0.00345573276328032,1315
"anchor_58","HOG:0032593","leaf","mean_activity","equal-time-point mean module activity within tissue",0.00337646466254232,2,2,0,"mixed_or_tied",2,0.5,0.00337646466254232,1316
"anchor_271","HOG:0026340","leaf","mean_activity","equal-time-point mean module activity within tissue",0.00320849247043103,2,2,0,"mixed_or_tied",2,0.5,0.00320849247043103,1317
"anchor_109","HOG:0011640","leaf","mean_activity","equal-time-point mean module activity within tissue",0.00318810056840985,2,2,0,"mixed_or_tied",2,0.5,0.00318810056840985,1318
"anchor_16","HOG:0007637","leaf","mean_activity","equal-time-point mean module activity within tissue",0.0031802816211266,2,2,0,"mixed_or_tied",2,0.5,0.0031802816211266,1319
"anchor_25","HOG:0016389","root","mean_activity","equal-time-point mean module activity within tissue",0.00314606655902933,2,2,0,"mixed_or_tied",2,0.5,0.00314606655902933,1320
"anchor_261","HOG:0028718","leaf","mean_activity","equal-time-point mean module activity within tissue",0.00311682462971979,2,2,0,"mixed_or_tied",2,0.5,0.00311682462971979,1321
"anchor_35","HOG:0012402","leaf","mean_activity","equal-time-point mean module activity within tissue",0.00300413573484581,2,2,0,"mixed_or_tied",2,0.5,0.00300413573484581,1322
"anchor_188","HOG:0005666","root","mean_activity","equal-time-point mean module activity within tissue",-0.00265964601123958,2,2,0,"mixed_or_tied",2,0.5,0.00265964601123958,1323
"anchor_171","HOG:0008585","leaf","early_to_late","last minus first matched time-point module activity",0.00263322890877404,2,2,0,"mixed_or_tied",2,0.5,0.00263322890877404,1324
"anchor_53","HOG:0016795","root","mean_activity","equal-time-point mean module activity within tissue",0.00247388054824915,2,2,0,"mixed_or_tied",2,0.5,0.00247388054824915,1325
"anchor_177","HOG:0000535","root","early_to_late","last minus first matched time-point module activity",0.00246893872873555,2,2,0,"mixed_or_tied",2,0.5,0.00246893872873555,1326
"anchor_27","HOG:0004192","root","mean_activity","equal-time-point mean module activity within tissue",0.00244728409208733,2,2,0,"mixed_or_tied",2,0.5,0.00244728409208733,1327
"anchor_34","HOG:0000226","leaf","early_to_late","last minus first matched time-point module activity",-0.00217816024157752,2,2,0,"mixed_or_tied",2,0.5,0.00217816024157752,1328
"anchor_146","HOG:0032629","root","early_to_late","last minus first matched time-point module activity",-0.00198829653353713,2,2,0,"mixed_or_tied",2,0.5,0.00198829653353713,1329
"anchor_257","HOG:0011942","root","early_to_late","last minus first matched time-point module activity",0.00182794496268504,2,2,0,"mixed_or_tied",2,0.5,0.00182794496268504,1330
"anchor_91","HOG:0023227","leaf","early_to_late","last minus first matched time-point module activity",0.00177244122514494,2,2,0,"mixed_or_tied",2,0.5,0.00177244122514494,1331
"anchor_316","HOG:0000079","leaf","mean_activity","equal-time-point mean module activity within tissue",-0.00163394710422493,2,2,0,"mixed_or_tied",2,0.5,0.00163394710422493,1332
"anchor_206","HOG:0007920","leaf","mean_activity","equal-time-point mean module activity within tissue",0.00159591305840723,2,2,0,"mixed_or_tied",2,0.5,0.00159591305840723,1333
"anchor_233","HOG:0016200","root","early_to_late","last minus first matched time-point module activity",-0.00135676573065782,2,2,0,"mixed_or_tied",2,0.5,0.00135676573065782,1334
"anchor_54","HOG:0022739","root","mean_activity","equal-time-point mean module activity within tissue",-0.00108635589893935,2,2,0,"mixed_or_tied",2,0.5,0.00108635589893935,1335
"anchor_36","HOG:0018221","root","mean_activity","equal-time-point mean module activity within tissue",-0.00107840859715919,2,2,0,"mixed_or_tied",2,0.5,0.00107840859715919,1336
"anchor_293","HOG:0027601","leaf","mean_activity","equal-time-point mean module activity within tissue",0.000930259439990311,2,2,0,"mixed_or_tied",2,0.5,0.000930259439990311,1337
"anchor_44","HOG:0000178","root","mean_activity","equal-time-point mean module activity within tissue",0.000852748473763654,2,2,0,"mixed_or_tied",2,0.5,0.000852748473763654,1338
"anchor_88","HOG:0025219","leaf","mean_activity","equal-time-point mean module activity within tissue",-0.000708736948915656,2,2,0,"mixed_or_tied",2,0.5,0.000708736948915656,1339
"anchor_108","HOG:0033256","leaf","early_to_late","last minus first matched time-point module activity",0.000633206812415632,2,2,0,"mixed_or_tied",2,0.5,0.000633206812415632,1340
"anchor_55","HOG:0021036","root","mean_activity","equal-time-point mean module activity within tissue",0.00055243648011849,2,2,0,"mixed_or_tied",2,0.5,0.00055243648011849,1341
"anchor_293","HOG:0027601","leaf","early_to_late","last minus first matched time-point module activity",-0.000545218113837398,2,2,0,"mixed_or_tied",2,0.5,0.000545218113837398,1342
"anchor_139","HOG:0005689","leaf","mean_activity","equal-time-point mean module activity within tissue",0.000437889542286352,2,2,0,"mixed_or_tied",2,0.5,0.000437889542286352,1343
"anchor_223","HOG:0013389","root","early_to_late","last minus first matched time-point module activity",0.000185409903543987,2,2,0,"mixed_or_tied",2,0.5,0.000185409903543987,1344
