"ranking","tissue","feature","anchor_hog","score","n_annual_higher","n_perennial_higher","direction","rank_within_profile"
"anchor_module_mean_strength_ratio",,"anchor_module_mean_strength_ratio","HOG:0000079",-0.0855436530830313,1,3,"perennial",253
"anchor_module_mean_strength_ratio",,"anchor_module_mean_strength_ratio","HOG:0000096",-0.0108427344343657,1,3,"perennial",160
"anchor_module_mean_strength_ratio",,"anchor_module_mean_strength_ratio","HOG:0000122",0.0291063673216405,2,2,"annual",118
"anchor_module_mean_strength_ratio",,"anchor_module_mean_strength_ratio","HOG:0000178",-0.0537431955239578,1,3,"perennial",204
"anchor_module_mean_strength_ratio",,"anchor_module_mean_strength_ratio","HOG:0000191",-0.0460864870866527,2,2,"perennial",193
"anchor_module_mean_strength_ratio",,"anchor_module_mean_strength_ratio","HOG:0000226",-0.152083116277132,1,3,"perennial",305
"anchor_module_mean_strength_ratio",,"anchor_module_mean_strength_ratio","HOG:0000322",0.0839880193051789,2,2,"annual",71
"anchor_module_mean_strength_ratio",,"anchor_module_mean_strength_ratio","HOG:0000465",-0.051754574149408,2,2,"perennial",200
"anchor_module_mean_strength_ratio",,"anchor_module_mean_strength_ratio","HOG:0000535",-0.0187503239293611,2,2,"perennial",167
"anchor_module_mean_strength_ratio",,"anchor_module_mean_strength_ratio","HOG:0000537",-0.0015508750611815,2,2,"perennial",149
"anchor_module_mean_strength_ratio",,"anchor_module_mean_strength_ratio","HOG:0003541",0.0374452830829375,3,1,"annual",106
"anchor_module_mean_strength_ratio",,"anchor_module_mean_strength_ratio","HOG:0003561",0.129724573927106,3,1,"annual",47
"anchor_module_mean_strength_ratio",,"anchor_module_mean_strength_ratio","HOG:0003621",0.198564984573606,4,0,"annual",21
"anchor_module_mean_strength_ratio",,"anchor_module_mean_strength_ratio","HOG:0003782",0.225916325566242,3,1,"annual",10
"anchor_module_mean_strength_ratio",,"anchor_module_mean_strength_ratio","HOG:0003795",0.162486480710432,4,0,"annual",33
"anchor_module_mean_strength_ratio",,"anchor_module_mean_strength_ratio","HOG:0004085",-0.068463141547895,1,3,"perennial",228
"anchor_module_mean_strength_ratio",,"anchor_module_mean_strength_ratio","HOG:0004114",-0.0016300600535798,2,2,"perennial",150
"anchor_module_mean_strength_ratio",,"anchor_module_mean_strength_ratio","HOG:0004116",0.178547524275188,3,1,"annual",26
"anchor_module_mean_strength_ratio",,"anchor_module_mean_strength_ratio","HOG:0004192",-0.0500418936495953,1,3,"perennial",197
"anchor_module_mean_strength_ratio",,"anchor_module_mean_strength_ratio","HOG:0005589",-0.0341668748229712,1,3,"perennial",182
"anchor_module_mean_strength_ratio",,"anchor_module_mean_strength_ratio","HOG:0005639",-0.143629969145996,0,4,"perennial",300
"anchor_module_mean_strength_ratio",,"anchor_module_mean_strength_ratio","HOG:0005666",-0.0315628160967295,1,3,"perennial",179
"anchor_module_mean_strength_ratio",,"anchor_module_mean_strength_ratio","HOG:0005683",-0.0065691637020351,2,2,"perennial",154
"anchor_module_mean_strength_ratio",,"anchor_module_mean_strength_ratio","HOG:0005689",-0.0100057296596858,2,2,"perennial",158
"anchor_module_mean_strength_ratio",,"anchor_module_mean_strength_ratio","HOG:0005690",-0.0211393245703274,2,2,"perennial",173
"anchor_module_mean_strength_ratio",,"anchor_module_mean_strength_ratio","HOG:0005788",-0.115432900090716,1,3,"perennial",282
"anchor_module_mean_strength_ratio",,"anchor_module_mean_strength_ratio","HOG:0005833",0.0103075150013667,2,2,"annual",142
"anchor_module_mean_strength_ratio",,"anchor_module_mean_strength_ratio","HOG:0005857",0.0360249021167247,2,2,"annual",107
"anchor_module_mean_strength_ratio",,"anchor_module_mean_strength_ratio","HOG:0005877",0.0323862070385169,2,2,"annual",112
"anchor_module_mean_strength_ratio",,"anchor_module_mean_strength_ratio","HOG:0005960",0.10660154938734,2,2,"annual",61
"anchor_module_mean_strength_ratio",,"anchor_module_mean_strength_ratio","HOG:0006008",-0.271520709660419,1,3,"perennial",324
"anchor_module_mean_strength_ratio",,"anchor_module_mean_strength_ratio","HOG:0006009",-0.329667367511772,1,3,"perennial",334
"anchor_module_mean_strength_ratio",,"anchor_module_mean_strength_ratio","HOG:0006052",0.0346660518689504,2,2,"annual",108
"anchor_module_mean_strength_ratio",,"anchor_module_mean_strength_ratio","HOG:0006057",0.018241595945659,2,2,"annual",134
"anchor_module_mean_strength_ratio",,"anchor_module_mean_strength_ratio","HOG:0006123",-0.069006306537078,1,3,"perennial",229
"anchor_module_mean_strength_ratio",,"anchor_module_mean_strength_ratio","HOG:0006131",0.0722861964287757,3,1,"annual",80
"anchor_module_mean_strength_ratio",,"anchor_module_mean_strength_ratio","HOG:0006139",-0.286129177132089,1,3,"perennial",326
"anchor_module_mean_strength_ratio",,"anchor_module_mean_strength_ratio","HOG:0006149",0.0330187403134782,3,1,"annual",111
"anchor_module_mean_strength_ratio",,"anchor_module_mean_strength_ratio","HOG:0006205",-0.0674147754405254,1,3,"perennial",226
"anchor_module_mean_strength_ratio",,"anchor_module_mean_strength_ratio","HOG:0006208",-0.0820411947994708,2,2,"perennial",247
"anchor_module_mean_strength_ratio",,"anchor_module_mean_strength_ratio","HOG:0006263",-0.066434931453419,1,3,"perennial",224
"anchor_module_mean_strength_ratio",,"anchor_module_mean_strength_ratio","HOG:0006264",-0.0373657141030512,1,3,"perennial",187
"anchor_module_mean_strength_ratio",,"anchor_module_mean_strength_ratio","HOG:0006332",0.120442572940645,3,1,"annual",51
"anchor_module_mean_strength_ratio",,"anchor_module_mean_strength_ratio","HOG:0006334",-0.0728323170486941,1,3,"perennial",234
"anchor_module_mean_strength_ratio",,"anchor_module_mean_strength_ratio","HOG:0006346",-0.309986390719832,0,4,"perennial",331
"anchor_module_mean_strength_ratio",,"anchor_module_mean_strength_ratio","HOG:0006505",-0.181009581740014,1,3,"perennial",310
"anchor_module_mean_strength_ratio",,"anchor_module_mean_strength_ratio","HOG:0006523",0.0208385865497805,2,2,"annual",125
"anchor_module_mean_strength_ratio",,"anchor_module_mean_strength_ratio","HOG:0006661",0.171098580517357,3,1,"annual",27
"anchor_module_mean_strength_ratio",,"anchor_module_mean_strength_ratio","HOG:0007636",0.1023202756265,3,1,"annual",62
"anchor_module_mean_strength_ratio",,"anchor_module_mean_strength_ratio","HOG:0007637",-0.0285573194392025,1,3,"perennial",177
"anchor_module_mean_strength_ratio",,"anchor_module_mean_strength_ratio","HOG:0007638",0.0978433803365756,3,1,"annual",68
"anchor_module_mean_strength_ratio",,"anchor_module_mean_strength_ratio","HOG:0007645",-0.23222374716632,0,4,"perennial",321
"anchor_module_mean_strength_ratio",,"anchor_module_mean_strength_ratio","HOG:0007697",-0.0590089174571567,1,3,"perennial",213
"anchor_module_mean_strength_ratio",,"anchor_module_mean_strength_ratio","HOG:0007713",-0.161087645269119,1,3,"perennial",307
"anchor_module_mean_strength_ratio",,"anchor_module_mean_strength_ratio","HOG:0007725",-0.0208525562419442,2,2,"perennial",172
"anchor_module_mean_strength_ratio",,"anchor_module_mean_strength_ratio","HOG:0007813",-0.113946654859914,1,3,"perennial",279
"anchor_module_mean_strength_ratio",,"anchor_module_mean_strength_ratio","HOG:0007833",-0.0500578508872379,2,2,"perennial",198
"anchor_module_mean_strength_ratio",,"anchor_module_mean_strength_ratio","HOG:0007835",0.170905929234815,3,1,"annual",28
"anchor_module_mean_strength_ratio",,"anchor_module_mean_strength_ratio","HOG:0007849",-0.0180200644179401,2,2,"perennial",165
"anchor_module_mean_strength_ratio",,"anchor_module_mean_strength_ratio","HOG:0007857",-0.0603144289777462,2,2,"perennial",215
"anchor_module_mean_strength_ratio",,"anchor_module_mean_strength_ratio","HOG:0007920",0.193219627089855,2,2,"annual",23
"anchor_module_mean_strength_ratio",,"anchor_module_mean_strength_ratio","HOG:0007936",-0.0863181834693316,0,4,"perennial",255
"anchor_module_mean_strength_ratio",,"anchor_module_mean_strength_ratio","HOG:0008585",-0.0549217530142133,1,3,"perennial",207
"anchor_module_mean_strength_ratio",,"anchor_module_mean_strength_ratio","HOG:0008605",0.0699444170127798,3,1,"annual",82
"anchor_module_mean_strength_ratio",,"anchor_module_mean_strength_ratio","HOG:0008637",-0.0717085311068522,1,3,"perennial",232
"anchor_module_mean_strength_ratio",,"anchor_module_mean_strength_ratio","HOG:0008696",-0.130644819910364,1,3,"perennial",290
"anchor_module_mean_strength_ratio",,"anchor_module_mean_strength_ratio","HOG:0008697",0.0208353781251901,2,2,"annual",126
"anchor_module_mean_strength_ratio",,"anchor_module_mean_strength_ratio","HOG:0008717",-0.0368235860745876,2,2,"perennial",184
"anchor_module_mean_strength_ratio",,"anchor_module_mean_strength_ratio","HOG:0008732",-0.0853073512434039,1,3,"perennial",252
"anchor_module_mean_strength_ratio",,"anchor_module_mean_strength_ratio","HOG:0008733",0.345333667019547,3,1,"annual",1
"anchor_module_mean_strength_ratio",,"anchor_module_mean_strength_ratio","HOG:0010481",0.0441208287377275,3,1,"annual",101
"anchor_module_mean_strength_ratio",,"anchor_module_mean_strength_ratio","HOG:0010482",0.0182693922959637,2,2,"annual",133
"anchor_module_mean_strength_ratio",,"anchor_module_mean_strength_ratio","HOG:0010549",0.165411192294364,3,1,"annual",32
"anchor_module_mean_strength_ratio",,"anchor_module_mean_strength_ratio","HOG:0010551",0.0979486807258821,3,1,"annual",67
"anchor_module_mean_strength_ratio",,"anchor_module_mean_strength_ratio","HOG:0010571",-0.0291832224703737,2,2,"perennial",178
"anchor_module_mean_strength_ratio",,"anchor_module_mean_strength_ratio","HOG:0010703",-0.003259904455931,2,2,"perennial",151
"anchor_module_mean_strength_ratio",,"anchor_module_mean_strength_ratio","HOG:0010710",-0.112137078032822,1,3,"perennial",278
"anchor_module_mean_strength_ratio",,"anchor_module_mean_strength_ratio","HOG:0010736",-0.0625329231330945,1,3,"perennial",217
"anchor_module_mean_strength_ratio",,"anchor_module_mean_strength_ratio","HOG:0010929",-0.306445999147703,1,3,"perennial",330
"anchor_module_mean_strength_ratio",,"anchor_module_mean_strength_ratio","HOG:0011023",-0.053315817494217,2,2,"perennial",203
"anchor_module_mean_strength_ratio",,"anchor_module_mean_strength_ratio","HOG:0011064",-0.121835812759282,1,3,"perennial",284
"anchor_module_mean_strength_ratio",,"anchor_module_mean_strength_ratio","HOG:0011086",-0.124762206618194,1,3,"perennial",286
"anchor_module_mean_strength_ratio",,"anchor_module_mean_strength_ratio","HOG:0011478",0.0054901766921901,2,2,"annual",143
"anchor_module_mean_strength_ratio",,"anchor_module_mean_strength_ratio","HOG:0011497",-0.0631529446171347,1,3,"perennial",219
"anchor_module_mean_strength_ratio",,"anchor_module_mean_strength_ratio","HOG:0011510",0.077170643291587,3,1,"annual",75
"anchor_module_mean_strength_ratio",,"anchor_module_mean_strength_ratio","HOG:0011532",-0.19521599251999,1,3,"perennial",314
"anchor_module_mean_strength_ratio",,"anchor_module_mean_strength_ratio","HOG:0011540",0.114912107370628,2,2,"annual",55
"anchor_module_mean_strength_ratio",,"anchor_module_mean_strength_ratio","HOG:0011541",0.081464792097402,4,0,"annual",72
"anchor_module_mean_strength_ratio",,"anchor_module_mean_strength_ratio","HOG:0011544",0.0656497572925259,3,1,"annual",86
"anchor_module_mean_strength_ratio",,"anchor_module_mean_strength_ratio","HOG:0011628",0.130996550054297,3,1,"annual",46
"anchor_module_mean_strength_ratio",,"anchor_module_mean_strength_ratio","HOG:0011640",-0.0872134008144437,1,3,"perennial",257
"anchor_module_mean_strength_ratio",,"anchor_module_mean_strength_ratio","HOG:0011649",-0.0333394614297573,2,2,"perennial",180
"anchor_module_mean_strength_ratio",,"anchor_module_mean_strength_ratio","HOG:0011715",0.0975310215349864,3,1,"annual",69
"anchor_module_mean_strength_ratio",,"anchor_module_mean_strength_ratio","HOG:0011717",-0.0625043785854286,1,3,"perennial",216
"anchor_module_mean_strength_ratio",,"anchor_module_mean_strength_ratio","HOG:0011775",0.257014028259799,3,1,"annual",5
"anchor_module_mean_strength_ratio",,"anchor_module_mean_strength_ratio","HOG:0011862",-0.0758608674809574,1,3,"perennial",238
"anchor_module_mean_strength_ratio",,"anchor_module_mean_strength_ratio","HOG:0011942",-0.28276908224915,1,3,"perennial",325
"anchor_module_mean_strength_ratio",,"anchor_module_mean_strength_ratio","HOG:0012011",0.151209928477134,3,1,"annual",39
"anchor_module_mean_strength_ratio",,"anchor_module_mean_strength_ratio","HOG:0012012",-0.0088709556134432,1,3,"perennial",156
"anchor_module_mean_strength_ratio",,"anchor_module_mean_strength_ratio","HOG:0012035",-0.0967913432862088,0,4,"perennial",266
"anchor_module_mean_strength_ratio",,"anchor_module_mean_strength_ratio","HOG:0012056",-0.10377204490121,1,3,"perennial",272
"anchor_module_mean_strength_ratio",,"anchor_module_mean_strength_ratio","HOG:0012101",0.058680998565919,3,1,"annual",91
"anchor_module_mean_strength_ratio",,"anchor_module_mean_strength_ratio","HOG:0012102",0.102227104203515,4,0,"annual",63
"anchor_module_mean_strength_ratio",,"anchor_module_mean_strength_ratio","HOG:0012227",-0.356127810246464,1,3,"perennial",335
"anchor_module_mean_strength_ratio",,"anchor_module_mean_strength_ratio","HOG:0012253",-0.221784826088429,1,3,"perennial",320
"anchor_module_mean_strength_ratio",,"anchor_module_mean_strength_ratio","HOG:0012261",0.0587414390520488,2,2,"annual",90
"anchor_module_mean_strength_ratio",,"anchor_module_mean_strength_ratio","HOG:0012297",0.069631151960292,3,1,"annual",83
"anchor_module_mean_strength_ratio",,"anchor_module_mean_strength_ratio","HOG:0012334",-0.113974698818944,1,3,"perennial",280
"anchor_module_mean_strength_ratio",,"anchor_module_mean_strength_ratio","HOG:0012340",0.0699566633625451,2,2,"annual",81
"anchor_module_mean_strength_ratio",,"anchor_module_mean_strength_ratio","HOG:0012390",-0.0819792261799064,2,2,"perennial",246
"anchor_module_mean_strength_ratio",,"anchor_module_mean_strength_ratio","HOG:0012402",-0.0639380475776775,1,3,"perennial",221
"anchor_module_mean_strength_ratio",,"anchor_module_mean_strength_ratio","HOG:0012403",0.0190046825453479,2,2,"annual",129
"anchor_module_mean_strength_ratio",,"anchor_module_mean_strength_ratio","HOG:0012511",0.0184201633598724,2,2,"annual",132
"anchor_module_mean_strength_ratio",,"anchor_module_mean_strength_ratio","HOG:0012540",-0.147974487296963,1,3,"perennial",304
"anchor_module_mean_strength_ratio",,"anchor_module_mean_strength_ratio","HOG:0013148",0.0568491887817125,2,2,"annual",93
"anchor_module_mean_strength_ratio",,"anchor_module_mean_strength_ratio","HOG:0013389",-0.0650351739525838,2,2,"perennial",222
"anchor_module_mean_strength_ratio",,"anchor_module_mean_strength_ratio","HOG:0014208",0.143230443826685,3,1,"annual",41
"anchor_module_mean_strength_ratio",,"anchor_module_mean_strength_ratio","HOG:0014354",0.053067366486917,2,2,"annual",95
"anchor_module_mean_strength_ratio",,"anchor_module_mean_strength_ratio","HOG:0016116",-0.299432486044256,0,4,"perennial",329
"anchor_module_mean_strength_ratio",,"anchor_module_mean_strength_ratio","HOG:0016166",-0.0278105654589211,2,2,"perennial",176
"anchor_module_mean_strength_ratio",,"anchor_module_mean_strength_ratio","HOG:0016200",-0.05833338174632,1,3,"perennial",212
"anchor_module_mean_strength_ratio",,"anchor_module_mean_strength_ratio","HOG:0016371",-0.124806366546438,1,3,"perennial",287
"anchor_module_mean_strength_ratio",,"anchor_module_mean_strength_ratio","HOG:0016389",-0.0770683760087144,1,3,"perennial",239
"anchor_module_mean_strength_ratio",,"anchor_module_mean_strength_ratio","HOG:0016397",0.023505290542986,2,2,"annual",123
"anchor_module_mean_strength_ratio",,"anchor_module_mean_strength_ratio","HOG:0016566",-0.0790372151932688,1,3,"perennial",243
"anchor_module_mean_strength_ratio",,"anchor_module_mean_strength_ratio","HOG:0016625",-0.0573823384545023,2,2,"perennial",209
"anchor_module_mean_strength_ratio",,"anchor_module_mean_strength_ratio","HOG:0016636",-0.0370663714264518,2,2,"perennial",185
"anchor_module_mean_strength_ratio",,"anchor_module_mean_strength_ratio","HOG:0016795",-0.0869126785070671,1,3,"perennial",256
"anchor_module_mean_strength_ratio",,"anchor_module_mean_strength_ratio","HOG:0016909",-0.0858261806297432,1,3,"perennial",254
"anchor_module_mean_strength_ratio",,"anchor_module_mean_strength_ratio","HOG:0016913",-0.100768984100396,1,3,"perennial",270
"anchor_module_mean_strength_ratio",,"anchor_module_mean_strength_ratio","HOG:0016944",0.287144457701554,3,1,"annual",4
"anchor_module_mean_strength_ratio",,"anchor_module_mean_strength_ratio","HOG:0017159",-0.121367855141984,1,3,"perennial",283
"anchor_module_mean_strength_ratio",,"anchor_module_mean_strength_ratio","HOG:0017160",0.0393825906670223,3,1,"annual",104
"anchor_module_mean_strength_ratio",,"anchor_module_mean_strength_ratio","HOG:0017178",0.0597665082257442,3,1,"annual",88
"anchor_module_mean_strength_ratio",,"anchor_module_mean_strength_ratio","HOG:0017189",0.220369763408401,3,1,"annual",14
"anchor_module_mean_strength_ratio",,"anchor_module_mean_strength_ratio","HOG:0017319",-0.132773093864007,2,2,"perennial",293
"anchor_module_mean_strength_ratio",,"anchor_module_mean_strength_ratio","HOG:0018009",-0.136703540381847,1,3,"perennial",296
"anchor_module_mean_strength_ratio",,"anchor_module_mean_strength_ratio","HOG:0018037",-0.0950123081917579,1,3,"perennial",264
"anchor_module_mean_strength_ratio",,"anchor_module_mean_strength_ratio","HOG:0018100",-0.191702411174954,2,2,"perennial",312
"anchor_module_mean_strength_ratio",,"anchor_module_mean_strength_ratio","HOG:0018221",-0.130838164756138,1,3,"perennial",291
"anchor_module_mean_strength_ratio",,"anchor_module_mean_strength_ratio","HOG:0018364",-0.0543612169216835,1,3,"perennial",206
"anchor_module_mean_strength_ratio",,"anchor_module_mean_strength_ratio","HOG:0018454",0.134840373799721,3,1,"annual",44
"anchor_module_mean_strength_ratio",,"anchor_module_mean_strength_ratio","HOG:0018459",0.168583848836352,3,1,"annual",29
"anchor_module_mean_strength_ratio",,"anchor_module_mean_strength_ratio","HOG:0018504",6.80761759925797e-05,2,2,"annual",145
"anchor_module_mean_strength_ratio",,"anchor_module_mean_strength_ratio","HOG:0018534",0.010953278507215,2,2,"annual",141
"anchor_module_mean_strength_ratio",,"anchor_module_mean_strength_ratio","HOG:0019394",-0.0660686347345865,1,3,"perennial",223
"anchor_module_mean_strength_ratio",,"anchor_module_mean_strength_ratio","HOG:0019459",-0.0387264449329526,2,2,"perennial",188
"anchor_module_mean_strength_ratio",,"anchor_module_mean_strength_ratio","HOG:0019536",-0.0130360114669512,2,2,"perennial",161
"anchor_module_mean_strength_ratio",,"anchor_module_mean_strength_ratio","HOG:0019927",-0.0746635734668039,1,3,"perennial",237
"anchor_module_mean_strength_ratio",,"anchor_module_mean_strength_ratio","HOG:0020076",-0.0538951016411653,1,3,"perennial",205
"anchor_module_mean_strength_ratio",,"anchor_module_mean_strength_ratio","HOG:0020293",0.0381077130935876,3,1,"annual",105
"anchor_module_mean_strength_ratio",,"anchor_module_mean_strength_ratio","HOG:0020310",-0.294184080517536,1,3,"perennial",327
"anchor_module_mean_strength_ratio",,"anchor_module_mean_strength_ratio","HOG:0020311",-0.216712854530044,1,3,"perennial",318
"anchor_module_mean_strength_ratio",,"anchor_module_mean_strength_ratio","HOG:0020349",-0.0580612539320917,1,3,"perennial",210
"anchor_module_mean_strength_ratio",,"anchor_module_mean_strength_ratio","HOG:0020382",-0.000240858165110505,2,2,"perennial",146
"anchor_module_mean_strength_ratio",,"anchor_module_mean_strength_ratio","HOG:0020408",-0.08273023316482,0,4,"perennial",250
"anchor_module_mean_strength_ratio",,"anchor_module_mean_strength_ratio","HOG:0020549",0.300938795808687,3,1,"annual",2
"anchor_module_mean_strength_ratio",,"anchor_module_mean_strength_ratio","HOG:0020610",-0.0100811255317551,2,2,"perennial",159
"anchor_module_mean_strength_ratio",,"anchor_module_mean_strength_ratio","HOG:0020711",0.0453266192349558,2,2,"annual",99
"anchor_module_mean_strength_ratio",,"anchor_module_mean_strength_ratio","HOG:0021036",-0.0671070967585271,1,3,"perennial",225
"anchor_module_mean_strength_ratio",,"anchor_module_mean_strength_ratio","HOG:0021123",-0.0882909041892788,2,2,"perennial",258
"anchor_module_mean_strength_ratio",,"anchor_module_mean_strength_ratio","HOG:0021825",0.158254777217327,4,0,"annual",36
"anchor_module_mean_strength_ratio",,"anchor_module_mean_strength_ratio","HOG:0021895",-0.0596159540284016,1,3,"perennial",214
"anchor_module_mean_strength_ratio",,"anchor_module_mean_strength_ratio","HOG:0021930",-0.0146717499546851,1,3,"perennial",162
"anchor_module_mean_strength_ratio",,"anchor_module_mean_strength_ratio","HOG:0021943",0.074290547344934,3,1,"annual",78
"anchor_module_mean_strength_ratio",,"anchor_module_mean_strength_ratio","HOG:0022123",0.289379073502635,3,1,"annual",3
"anchor_module_mean_strength_ratio",,"anchor_module_mean_strength_ratio","HOG:0022504",-0.135534286787764,1,3,"perennial",295
"anchor_module_mean_strength_ratio",,"anchor_module_mean_strength_ratio","HOG:0022739",-0.0428207588803166,2,2,"perennial",192
"anchor_module_mean_strength_ratio",,"anchor_module_mean_strength_ratio","HOG:0022810",-0.13036636337521,1,3,"perennial",289
"anchor_module_mean_strength_ratio",,"anchor_module_mean_strength_ratio","HOG:0022830",-0.0697439514373132,2,2,"perennial",231
"anchor_module_mean_strength_ratio",,"anchor_module_mean_strength_ratio","HOG:0022918",-0.0963712535800895,1,3,"perennial",265
"anchor_module_mean_strength_ratio",,"anchor_module_mean_strength_ratio","HOG:0022963",-0.0400400220545498,2,2,"perennial",191
"anchor_module_mean_strength_ratio",,"anchor_module_mean_strength_ratio","HOG:0023036",0.0346316413434865,2,2,"annual",109
"anchor_module_mean_strength_ratio",,"anchor_module_mean_strength_ratio","HOG:0023048",0.0989978585301894,3,1,"annual",65
"anchor_module_mean_strength_ratio",,"anchor_module_mean_strength_ratio","HOG:0023085",-0.0787443290306145,1,3,"perennial",241
"anchor_module_mean_strength_ratio",,"anchor_module_mean_strength_ratio","HOG:0023138",0.119731337343463,3,1,"annual",53
"anchor_module_mean_strength_ratio",,"anchor_module_mean_strength_ratio","HOG:0023192",-0.0770808806930041,1,3,"perennial",240
"anchor_module_mean_strength_ratio",,"anchor_module_mean_strength_ratio","HOG:0023227",-0.0365576315480153,1,3,"perennial",183
"anchor_module_mean_strength_ratio",,"anchor_module_mean_strength_ratio","HOG:0023230",0.023369348005988,2,2,"annual",124
"anchor_module_mean_strength_ratio",,"anchor_module_mean_strength_ratio","HOG:0023358",-0.135226540348645,1,3,"perennial",294
"anchor_module_mean_strength_ratio",,"anchor_module_mean_strength_ratio","HOG:0023400",-0.140151019661834,1,3,"perennial",299
"anchor_module_mean_strength_ratio",,"anchor_module_mean_strength_ratio","HOG:0023427",0.0343281194495577,2,2,"annual",110
"anchor_module_mean_strength_ratio",,"anchor_module_mean_strength_ratio","HOG:0023439",0.0301645068753025,2,2,"annual",115
"anchor_module_mean_strength_ratio",,"anchor_module_mean_strength_ratio","HOG:0023564",-0.109849958428211,1,3,"perennial",275
"anchor_module_mean_strength_ratio",,"anchor_module_mean_strength_ratio","HOG:0023601",0.0309100481327081,2,2,"annual",114
"anchor_module_mean_strength_ratio",,"anchor_module_mean_strength_ratio","HOG:0023669",0.113584739776364,3,1,"annual",57
"anchor_module_mean_strength_ratio",,"anchor_module_mean_strength_ratio","HOG:0023825",-0.131810881090881,2,2,"perennial",292
"anchor_module_mean_strength_ratio",,"anchor_module_mean_strength_ratio","HOG:0023896",-0.386364828199638,1,3,"perennial",336
"anchor_module_mean_strength_ratio",,"anchor_module_mean_strength_ratio","HOG:0023914",-0.0472578118859826,1,3,"perennial",195
"anchor_module_mean_strength_ratio",,"anchor_module_mean_strength_ratio","HOG:0024277",0.03113460870565,3,1,"annual",113
"anchor_module_mean_strength_ratio",,"anchor_module_mean_strength_ratio","HOG:0024337",-0.0727746941466948,1,3,"perennial",233
"anchor_module_mean_strength_ratio",,"anchor_module_mean_strength_ratio","HOG:0024401",-0.197981949787895,0,4,"perennial",315
"anchor_module_mean_strength_ratio",,"anchor_module_mean_strength_ratio","HOG:0024444",-0.0480532409637856,1,3,"perennial",196
"anchor_module_mean_strength_ratio",,"anchor_module_mean_strength_ratio","HOG:0024452",-0.0902332162142218,1,3,"perennial",260
"anchor_module_mean_strength_ratio",,"anchor_module_mean_strength_ratio","HOG:0024495",0.0187023060567552,3,1,"annual",130
"anchor_module_mean_strength_ratio",,"anchor_module_mean_strength_ratio","HOG:0024562",0.107349430204155,3,1,"annual",60
"anchor_module_mean_strength_ratio",,"anchor_module_mean_strength_ratio","HOG:0024574",0.0278475001100835,2,2,"annual",119
"anchor_module_mean_strength_ratio",,"anchor_module_mean_strength_ratio","HOG:0024629",0.250247196477641,3,1,"annual",7
"anchor_module_mean_strength_ratio",,"anchor_module_mean_strength_ratio","HOG:0024791",-0.19330145260022,1,3,"perennial",313
"anchor_module_mean_strength_ratio",,"anchor_module_mean_strength_ratio","HOG:0024905",0.154459202696353,2,2,"annual",37
"anchor_module_mean_strength_ratio",,"anchor_module_mean_strength_ratio","HOG:0024976",-0.0740664353426292,1,3,"perennial",236
"anchor_module_mean_strength_ratio",,"anchor_module_mean_strength_ratio","HOG:0024990",-0.0528058715799038,1,3,"perennial",202
"anchor_module_mean_strength_ratio",,"anchor_module_mean_strength_ratio","HOG:0025124",0.0483517593335216,2,2,"annual",97
"anchor_module_mean_strength_ratio",,"anchor_module_mean_strength_ratio","HOG:0025149",0.114417223988693,2,2,"annual",56
"anchor_module_mean_strength_ratio",,"anchor_module_mean_strength_ratio","HOG:0025186",-0.0991416141852458,1,3,"perennial",269
"anchor_module_mean_strength_ratio",,"anchor_module_mean_strength_ratio","HOG:0025219",0.0154580318890799,2,2,"annual",137
"anchor_module_mean_strength_ratio",,"anchor_module_mean_strength_ratio","HOG:0025231",-0.0917404456092827,1,3,"perennial",263
"anchor_module_mean_strength_ratio",,"anchor_module_mean_strength_ratio","HOG:0025232",-0.0842017806506823,2,2,"perennial",251
"anchor_module_mean_strength_ratio",,"anchor_module_mean_strength_ratio","HOG:0025316",0.0763501212020419,2,2,"annual",76
"anchor_module_mean_strength_ratio",,"anchor_module_mean_strength_ratio","HOG:0025342",0.0259919196295389,3,1,"annual",120
"anchor_module_mean_strength_ratio",,"anchor_module_mean_strength_ratio","HOG:0025801",0.120191667751507,4,0,"annual",52
"anchor_module_mean_strength_ratio",,"anchor_module_mean_strength_ratio","HOG:0025848",0.0994181588737752,3,1,"annual",64
"anchor_module_mean_strength_ratio",,"anchor_module_mean_strength_ratio","HOG:0025863",-0.110774279198939,1,3,"perennial",276
"anchor_module_mean_strength_ratio",,"anchor_module_mean_strength_ratio","HOG:0025923",0.00500141670080712,2,2,"annual",144
"anchor_module_mean_strength_ratio",,"anchor_module_mean_strength_ratio","HOG:0025959",0.041400202686579,3,1,"annual",103
"anchor_module_mean_strength_ratio",,"anchor_module_mean_strength_ratio","HOG:0026019",0.20328948065338,3,1,"annual",18
"anchor_module_mean_strength_ratio",,"anchor_module_mean_strength_ratio","HOG:0026073",0.0246043005544967,2,2,"annual",122
"anchor_module_mean_strength_ratio",,"anchor_module_mean_strength_ratio","HOG:0026142",-0.16919931780117,1,3,"perennial",308
"anchor_module_mean_strength_ratio",,"anchor_module_mean_strength_ratio","HOG:0026234",0.0569931363324374,3,1,"annual",92
"anchor_module_mean_strength_ratio",,"anchor_module_mean_strength_ratio","HOG:0026340",-0.0790102087080625,2,2,"perennial",242
"anchor_module_mean_strength_ratio",,"anchor_module_mean_strength_ratio","HOG:0026360",0.21083568893076,3,1,"annual",17
"anchor_module_mean_strength_ratio",,"anchor_module_mean_strength_ratio","HOG:0026361",-0.000258039199521054,2,2,"perennial",147
"anchor_module_mean_strength_ratio",,"anchor_module_mean_strength_ratio","HOG:0026397",0.0167621503104265,2,2,"annual",136
"anchor_module_mean_strength_ratio",,"anchor_module_mean_strength_ratio","HOG:0026451",0.235085916096027,4,0,"annual",9
"anchor_module_mean_strength_ratio",,"anchor_module_mean_strength_ratio","HOG:0026499",-0.0461792491446524,1,3,"perennial",194
"anchor_module_mean_strength_ratio",,"anchor_module_mean_strength_ratio","HOG:0026507",0.202074959533632,3,1,"annual",20
"anchor_module_mean_strength_ratio",,"anchor_module_mean_strength_ratio","HOG:0026549",-0.19845024696414,2,2,"perennial",316
"anchor_module_mean_strength_ratio",,"anchor_module_mean_strength_ratio","HOG:0026556",-0.0736950763050375,1,3,"perennial",235
"anchor_module_mean_strength_ratio",,"anchor_module_mean_strength_ratio","HOG:0026637",0.0508920092559416,2,2,"annual",96
"anchor_module_mean_strength_ratio",,"anchor_module_mean_strength_ratio","HOG:0026703",-0.0337182227744088,2,2,"perennial",181
"anchor_module_mean_strength_ratio",,"anchor_module_mean_strength_ratio","HOG:0026707",-0.037341832747931,1,3,"perennial",186
"anchor_module_mean_strength_ratio",,"anchor_module_mean_strength_ratio","HOG:0026742",0.0843133004026096,2,2,"annual",70
"anchor_module_mean_strength_ratio",,"anchor_module_mean_strength_ratio","HOG:0026770",-0.111625237630352,1,3,"perennial",277
"anchor_module_mean_strength_ratio",,"anchor_module_mean_strength_ratio","HOG:0026774",0.110751673831379,2,2,"annual",59
"anchor_module_mean_strength_ratio",,"anchor_module_mean_strength_ratio","HOG:0026834",-0.0969161473761317,1,3,"perennial",267
"anchor_module_mean_strength_ratio",,"anchor_module_mean_strength_ratio","HOG:0026838",0.236155553226825,3,1,"annual",8
"anchor_module_mean_strength_ratio",,"anchor_module_mean_strength_ratio","HOG:0026902",-0.232514336356236,1,3,"perennial",322
"anchor_module_mean_strength_ratio",,"anchor_module_mean_strength_ratio","HOG:0026946",0.161238277015195,4,0,"annual",34
"anchor_module_mean_strength_ratio",,"anchor_module_mean_strength_ratio","HOG:0027005",0.152995511265037,3,1,"annual",38
"anchor_module_mean_strength_ratio",,"anchor_module_mean_strength_ratio","HOG:0027032",0.0988047745230279,2,2,"annual",66
"anchor_module_mean_strength_ratio",,"anchor_module_mean_strength_ratio","HOG:0027054",0.15082445386018,4,0,"annual",40
"anchor_module_mean_strength_ratio",,"anchor_module_mean_strength_ratio","HOG:0027090",0.018613090591075,2,2,"annual",131
"anchor_module_mean_strength_ratio",,"anchor_module_mean_strength_ratio","HOG:0027091",-0.25987845004381,1,3,"perennial",323
"anchor_module_mean_strength_ratio",,"anchor_module_mean_strength_ratio","HOG:0027098",-0.0638971451295689,1,3,"perennial",220
"anchor_module_mean_strength_ratio",,"anchor_module_mean_strength_ratio","HOG:0027147",-0.101268255233629,1,3,"perennial",271
"anchor_module_mean_strength_ratio",,"anchor_module_mean_strength_ratio","HOG:0027281",-0.220461011589979,1,3,"perennial",319
"anchor_module_mean_strength_ratio",,"anchor_module_mean_strength_ratio","HOG:0027282",0.187261739161562,2,2,"annual",24
"anchor_module_mean_strength_ratio",,"anchor_module_mean_strength_ratio","HOG:0027285",-0.138672783085432,2,2,"perennial",297
"anchor_module_mean_strength_ratio",,"anchor_module_mean_strength_ratio","HOG:0027303",-0.203440472795518,0,4,"perennial",317
"anchor_module_mean_strength_ratio",,"anchor_module_mean_strength_ratio","HOG:0027351",0.223230214727976,3,1,"annual",13
"anchor_module_mean_strength_ratio",,"anchor_module_mean_strength_ratio","HOG:0027413",-0.144990638637087,0,4,"perennial",301
"anchor_module_mean_strength_ratio",,"anchor_module_mean_strength_ratio","HOG:0027421",-0.0009340221356266,2,2,"perennial",148
"anchor_module_mean_strength_ratio",,"anchor_module_mean_strength_ratio","HOG:0027495",-0.00614340075999099,2,2,"perennial",153
"anchor_module_mean_strength_ratio",,"anchor_module_mean_strength_ratio","HOG:0027529",-0.0197687521925436,2,2,"perennial",169
"anchor_module_mean_strength_ratio",,"anchor_module_mean_strength_ratio","HOG:0027601",0.124985673042144,4,0,"annual",49
"anchor_module_mean_strength_ratio",,"anchor_module_mean_strength_ratio","HOG:0027639",0.196526808818743,3,1,"annual",22
"anchor_module_mean_strength_ratio",,"anchor_module_mean_strength_ratio","HOG:0027641",0.0758815779693498,2,2,"annual",77
"anchor_module_mean_strength_ratio",,"anchor_module_mean_strength_ratio","HOG:0027704",0.0658274786046792,3,1,"annual",85
"anchor_module_mean_strength_ratio",,"anchor_module_mean_strength_ratio","HOG:0027706",0.223845574315632,3,1,"annual",12
"anchor_module_mean_strength_ratio",,"anchor_module_mean_strength_ratio","HOG:0027905",0.179565963185497,4,0,"annual",25
"anchor_module_mean_strength_ratio",,"anchor_module_mean_strength_ratio","HOG:0027918",-0.051851485385793,1,3,"perennial",201
"anchor_module_mean_strength_ratio",,"anchor_module_mean_strength_ratio","HOG:0027975",0.0197787409541208,2,2,"annual",128
"anchor_module_mean_strength_ratio",,"anchor_module_mean_strength_ratio","HOG:0028005",0.12496221154704,2,2,"annual",50
"anchor_module_mean_strength_ratio",,"anchor_module_mean_strength_ratio","HOG:0028008",-0.0681472200851585,2,2,"perennial",227
"anchor_module_mean_strength_ratio",,"anchor_module_mean_strength_ratio","HOG:0028012",0.0434305251019013,2,2,"annual",102
"anchor_module_mean_strength_ratio",,"anchor_module_mean_strength_ratio","HOG:0028018",-0.0978461886579965,1,3,"perennial",268
"anchor_module_mean_strength_ratio",,"anchor_module_mean_strength_ratio","HOG:0028065",-0.328068648592143,1,3,"perennial",332
"anchor_module_mean_strength_ratio",,"anchor_module_mean_strength_ratio","HOG:0028089",-0.122060388315488,1,3,"perennial",285
"anchor_module_mean_strength_ratio",,"anchor_module_mean_strength_ratio","HOG:0028145",0.07312266569418,2,2,"annual",79
"anchor_module_mean_strength_ratio",,"anchor_module_mean_strength_ratio","HOG:0028197",0.117003481951579,3,1,"annual",54
"anchor_module_mean_strength_ratio",,"anchor_module_mean_strength_ratio","HOG:0028198",0.0132685774379613,3,1,"annual",138
"anchor_module_mean_strength_ratio",,"anchor_module_mean_strength_ratio","HOG:0028263",0.011536416951027,2,2,"annual",140
"anchor_module_mean_strength_ratio",,"anchor_module_mean_strength_ratio","HOG:0028333",0.216995647522189,3,1,"annual",16
"anchor_module_mean_strength_ratio",,"anchor_module_mean_strength_ratio","HOG:0028381",-0.108038709666994,1,3,"perennial",274
"anchor_module_mean_strength_ratio",,"anchor_module_mean_strength_ratio","HOG:0028394",-0.114480645715933,1,3,"perennial",281
"anchor_module_mean_strength_ratio",,"anchor_module_mean_strength_ratio","HOG:0028395",-0.0793662719325535,2,2,"perennial",244
"anchor_module_mean_strength_ratio",,"anchor_module_mean_strength_ratio","HOG:0028440",-0.139921090936183,1,3,"perennial",298
"anchor_module_mean_strength_ratio",,"anchor_module_mean_strength_ratio","HOG:0028636",0.219912947094603,3,1,"annual",15
"anchor_module_mean_strength_ratio",,"anchor_module_mean_strength_ratio","HOG:0028647",-0.0826117487443205,2,2,"perennial",248
"anchor_module_mean_strength_ratio",,"anchor_module_mean_strength_ratio","HOG:0028661",0.0653836129325646,3,1,"annual",87
"anchor_module_mean_strength_ratio",,"anchor_module_mean_strength_ratio","HOG:0028695",0.0448215925399545,4,0,"annual",100
"anchor_module_mean_strength_ratio",,"anchor_module_mean_strength_ratio","HOG:0028717",0.160806106672227,3,1,"annual",35
"anchor_module_mean_strength_ratio",,"anchor_module_mean_strength_ratio","HOG:0028718",0.0591806055312169,2,2,"annual",89
"anchor_module_mean_strength_ratio",,"anchor_module_mean_strength_ratio","HOG:0028720",-0.329069234688276,1,3,"perennial",333
"anchor_module_mean_strength_ratio",,"anchor_module_mean_strength_ratio","HOG:0028766",-0.0690532803405745,1,3,"perennial",230
"anchor_module_mean_strength_ratio",,"anchor_module_mean_strength_ratio","HOG:0028850",0.0772030379362788,2,2,"annual",74
"anchor_module_mean_strength_ratio",,"anchor_module_mean_strength_ratio","HOG:0028978",-0.0516931207674044,1,3,"perennial",199
"anchor_module_mean_strength_ratio",,"anchor_module_mean_strength_ratio","HOG:0029110",-0.0888507051288242,2,2,"perennial",259
"anchor_module_mean_strength_ratio",,"anchor_module_mean_strength_ratio","HOG:0029148",-0.020686748608798,1,3,"perennial",171
"anchor_module_mean_strength_ratio",,"anchor_module_mean_strength_ratio","HOG:0029401",0.053827977232894,3,1,"annual",94
"anchor_module_mean_strength_ratio",,"anchor_module_mean_strength_ratio","HOG:0029429",0.112900289434501,3,1,"annual",58
"anchor_module_mean_strength_ratio",,"anchor_module_mean_strength_ratio","HOG:0029472",-0.170978855384911,1,3,"perennial",309
"anchor_module_mean_strength_ratio",,"anchor_module_mean_strength_ratio","HOG:0029484",0.0479714181156544,2,2,"annual",98
"anchor_module_mean_strength_ratio",,"anchor_module_mean_strength_ratio","HOG:0029540",0.0299947077724502,3,1,"annual",116
"anchor_module_mean_strength_ratio",,"anchor_module_mean_strength_ratio","HOG:0029544",-0.152411183842977,1,3,"perennial",306
"anchor_module_mean_strength_ratio",,"anchor_module_mean_strength_ratio","HOG:0029921",0.134496996137657,3,1,"annual",45
"anchor_module_mean_strength_ratio",,"anchor_module_mean_strength_ratio","HOG:0030062",-0.147555806796592,1,3,"perennial",303
"anchor_module_mean_strength_ratio",,"anchor_module_mean_strength_ratio","HOG:0030801",-0.0033692004467175,2,2,"perennial",152
"anchor_module_mean_strength_ratio",,"anchor_module_mean_strength_ratio","HOG:0030881",-0.0399253570277565,2,2,"perennial",190
"anchor_module_mean_strength_ratio",,"anchor_module_mean_strength_ratio","HOG:0030883",-0.0554328942500427,2,2,"perennial",208
"anchor_module_mean_strength_ratio",,"anchor_module_mean_strength_ratio","HOG:0030884",-0.0156992523574478,2,2,"perennial",163
"anchor_module_mean_strength_ratio",,"anchor_module_mean_strength_ratio","HOG:0030885",0.0798901937361459,2,2,"annual",73
"anchor_module_mean_strength_ratio",,"anchor_module_mean_strength_ratio","HOG:0030886",-0.0826863233492295,1,3,"perennial",249
"anchor_module_mean_strength_ratio",,"anchor_module_mean_strength_ratio","HOG:0030887",-0.0220764930850677,2,2,"perennial",174
"anchor_module_mean_strength_ratio",,"anchor_module_mean_strength_ratio","HOG:0031056",0.0678605129675915,2,2,"annual",84
"anchor_module_mean_strength_ratio",,"anchor_module_mean_strength_ratio","HOG:0031066",-0.0581370601118304,2,2,"perennial",211
"anchor_module_mean_strength_ratio",,"anchor_module_mean_strength_ratio","HOG:0031127",0.137095939395065,3,1,"annual",42
"anchor_module_mean_strength_ratio",,"anchor_module_mean_strength_ratio","HOG:0031129",0.252369959671133,3,1,"annual",6
"anchor_module_mean_strength_ratio",,"anchor_module_mean_strength_ratio","HOG:0031227",-0.146178799437847,1,3,"perennial",302
"anchor_module_mean_strength_ratio",,"anchor_module_mean_strength_ratio","HOG:0031321",-0.129696830337952,1,3,"perennial",288
"anchor_module_mean_strength_ratio",,"anchor_module_mean_strength_ratio","HOG:0031418",0.165504846486561,4,0,"annual",31
"anchor_module_mean_strength_ratio",,"anchor_module_mean_strength_ratio","HOG:0031473",-0.29600886932329,1,3,"perennial",328
"anchor_module_mean_strength_ratio",,"anchor_module_mean_strength_ratio","HOG:0031530",0.0295889838693642,2,2,"annual",117
"anchor_module_mean_strength_ratio",,"anchor_module_mean_strength_ratio","HOG:0031653",-0.0914095584019202,2,2,"perennial",262
"anchor_module_mean_strength_ratio",,"anchor_module_mean_strength_ratio","HOG:0031982",0.0180041608989359,2,2,"annual",135
"anchor_module_mean_strength_ratio",,"anchor_module_mean_strength_ratio","HOG:0032060",-0.0205229853409523,2,2,"perennial",170
"anchor_module_mean_strength_ratio",,"anchor_module_mean_strength_ratio","HOG:0032061",0.012629843914769,2,2,"annual",139
"anchor_module_mean_strength_ratio",,"anchor_module_mean_strength_ratio","HOG:0032161",0.13554163186683,2,2,"annual",43
"anchor_module_mean_strength_ratio",,"anchor_module_mean_strength_ratio","HOG:0032320",-0.190079462879828,1,3,"perennial",311
"anchor_module_mean_strength_ratio",,"anchor_module_mean_strength_ratio","HOG:0032348",0.202610848657742,3,1,"annual",19
"anchor_module_mean_strength_ratio",,"anchor_module_mean_strength_ratio","HOG:0032397",-0.105137565403612,1,3,"perennial",273
"anchor_module_mean_strength_ratio",,"anchor_module_mean_strength_ratio","HOG:0032436",-0.00724230027669725,2,2,"perennial",155
"anchor_module_mean_strength_ratio",,"anchor_module_mean_strength_ratio","HOG:0032593",-0.0804938229566795,1,3,"perennial",245
"anchor_module_mean_strength_ratio",,"anchor_module_mean_strength_ratio","HOG:0032629",0.0202988198954438,2,2,"annual",127
"anchor_module_mean_strength_ratio",,"anchor_module_mean_strength_ratio","HOG:0032765",0.129367102768549,3,1,"annual",48
"anchor_module_mean_strength_ratio",,"anchor_module_mean_strength_ratio","HOG:0032849",-0.0183860349069822,2,2,"perennial",166
"anchor_module_mean_strength_ratio",,"anchor_module_mean_strength_ratio","HOG:0032893",-0.0270335782479236,1,3,"perennial",175
"anchor_module_mean_strength_ratio",,"anchor_module_mean_strength_ratio","HOG:0032903",-0.0630601760699425,2,2,"perennial",218
"anchor_module_mean_strength_ratio",,"anchor_module_mean_strength_ratio","HOG:0032904",-0.0903572195377159,2,2,"perennial",261
"anchor_module_mean_strength_ratio",,"anchor_module_mean_strength_ratio","HOG:0032920",0.0253880598307785,2,2,"annual",121
"anchor_module_mean_strength_ratio",,"anchor_module_mean_strength_ratio","HOG:0032961",0.1668284621208,3,1,"annual",30
"anchor_module_mean_strength_ratio",,"anchor_module_mean_strength_ratio","HOG:0032963",0.224388569094455,3,1,"annual",11
"anchor_module_mean_strength_ratio",,"anchor_module_mean_strength_ratio","HOG:0033004",-0.0176343555510255,2,2,"perennial",164
"anchor_module_mean_strength_ratio",,"anchor_module_mean_strength_ratio","HOG:0033256",-0.019651130379021,1,3,"perennial",168
"anchor_module_mean_strength_ratio",,"anchor_module_mean_strength_ratio","HOG:0033359",-0.00893261420179285,2,2,"perennial",157
"anchor_module_mean_strength_ratio",,"anchor_module_mean_strength_ratio","HOG:0033476",-0.0390992985543666,2,2,"perennial",189
"internal_edge_density",,"internal_edge_density","HOG:0000079",-0.101354141985069,0,4,"perennial",324
"internal_edge_density",,"internal_edge_density","HOG:0000096",0.032903573601248,3,1,"annual",34
"internal_edge_density",,"internal_edge_density","HOG:0000122",0.0523004763136342,2,2,"annual",24
"internal_edge_density",,"internal_edge_density","HOG:0000178",-0.0859464788709519,1,3,"perennial",301
"internal_edge_density",,"internal_edge_density","HOG:0000191",-0.0621498282172695,1,3,"perennial",242
"internal_edge_density",,"internal_edge_density","HOG:0000226",-0.00571528733180597,1,3,"perennial",101
"internal_edge_density",,"internal_edge_density","HOG:0000322",0.0602739324918806,3,1,"annual",15
"internal_edge_density",,"internal_edge_density","HOG:0000465",-0.05069252170592,1,3,"perennial",205
"internal_edge_density",,"internal_edge_density","HOG:0000535",-0.0078705437784722,2,2,"perennial",105
"internal_edge_density",,"internal_edge_density","HOG:0000537",-0.0886301128101548,0,4,"perennial",305
"internal_edge_density",,"internal_edge_density","HOG:0003541",-0.0480158730158731,1,3,"perennial",195
"internal_edge_density",,"internal_edge_density","HOG:0003561",-0.0246912183269005,1,3,"perennial",143
"internal_edge_density",,"internal_edge_density","HOG:0003621",-0.140375495025596,0,4,"perennial",333
"internal_edge_density",,"internal_edge_density","HOG:0003782",-0.0934712931995542,1,3,"perennial",312
"internal_edge_density",,"internal_edge_density","HOG:0003795",0.0591864276074802,3,1,"annual",16
"internal_edge_density",,"internal_edge_density","HOG:0004085",-0.0665866522081762,1,3,"perennial",256
"internal_edge_density",,"internal_edge_density","HOG:0004114",-0.0161095848595849,2,2,"perennial",127
"internal_edge_density",,"internal_edge_density","HOG:0004116",-0.0325144338399906,0,4,"perennial",160
"internal_edge_density",,"internal_edge_density","HOG:0004192",-0.054119899982652,1,3,"perennial",215
"internal_edge_density",,"internal_edge_density","HOG:0005589",-0.0961496892640245,1,3,"perennial",319
"internal_edge_density",,"internal_edge_density","HOG:0005639",-0.132595526248777,1,3,"perennial",331
"internal_edge_density",,"internal_edge_density","HOG:0005666",0.00256097150098555,2,2,"annual",82
"internal_edge_density",,"internal_edge_density","HOG:0005683",0.0292247134352395,2,2,"annual",38
"internal_edge_density",,"internal_edge_density","HOG:0005689",-0.0521703851144898,1,3,"perennial",209
"internal_edge_density",,"internal_edge_density","HOG:0005690",-0.037166539492766,1,3,"perennial",171
"internal_edge_density",,"internal_edge_density","HOG:0005788",-0.0558890200364109,1,3,"perennial",221
"internal_edge_density",,"internal_edge_density","HOG:0005833",0.00848847547139765,2,2,"annual",67
"internal_edge_density",,"internal_edge_density","HOG:0005857",0.0658493349030433,3,1,"annual",14
"internal_edge_density",,"internal_edge_density","HOG:0005877",-0.027715189730036,1,3,"perennial",146
"internal_edge_density",,"internal_edge_density","HOG:0005960",0.084657488105764,3,1,"annual",6
"internal_edge_density",,"internal_edge_density","HOG:0006008",-0.0569935532119615,2,2,"perennial",227
"internal_edge_density",,"internal_edge_density","HOG:0006009",-0.064971807243523,0,4,"perennial",251
"internal_edge_density",,"internal_edge_density","HOG:0006052",-0.0184361118876774,2,2,"perennial",133
"internal_edge_density",,"internal_edge_density","HOG:0006057",-0.0957987664509402,1,3,"perennial",317
"internal_edge_density",,"internal_edge_density","HOG:0006123",-0.0467446523728241,1,3,"perennial",191
"internal_edge_density",,"internal_edge_density","HOG:0006131",0.022718364676645,2,2,"annual",44
"internal_edge_density",,"internal_edge_density","HOG:0006139",-0.0744034119573505,1,3,"perennial",280
"internal_edge_density",,"internal_edge_density","HOG:0006149",-0.0651357929933868,0,4,"perennial",252
"internal_edge_density",,"internal_edge_density","HOG:0006205",-0.0719742152016694,1,3,"perennial",272
"internal_edge_density",,"internal_edge_density","HOG:0006208",0.00300852679912425,2,2,"annual",81
"internal_edge_density",,"internal_edge_density","HOG:0006263",-0.034397252395453,2,2,"perennial",164
"internal_edge_density",,"internal_edge_density","HOG:0006264",-0.0679642725515187,1,3,"perennial",263
"internal_edge_density",,"internal_edge_density","HOG:0006332",-0.0105393757346219,1,3,"perennial",113
"internal_edge_density",,"internal_edge_density","HOG:0006334",-0.0101594583105641,2,2,"perennial",111
"internal_edge_density",,"internal_edge_density","HOG:0006346",-0.0657719776201601,1,3,"perennial",254
"internal_edge_density",,"internal_edge_density","HOG:0006505",-0.0598782221317813,1,3,"perennial",232
"internal_edge_density",,"internal_edge_density","HOG:0006523",-0.0114684578326059,1,3,"perennial",116
"internal_edge_density",,"internal_edge_density","HOG:0006661",0.0251590209732705,3,1,"annual",42
"internal_edge_density",,"internal_edge_density","HOG:0007636",-0.0442600858361532,1,3,"perennial",181
"internal_edge_density",,"internal_edge_density","HOG:0007637",-0.0586736288874321,1,3,"perennial",229
"internal_edge_density",,"internal_edge_density","HOG:0007638",-0.0715727119209607,1,3,"perennial",270
"internal_edge_density",,"internal_edge_density","HOG:0007645",0.000743931933267002,2,2,"annual",88
"internal_edge_density",,"internal_edge_density","HOG:0007697",0.0719896736123918,3,1,"annual",11
"internal_edge_density",,"internal_edge_density","HOG:0007713",-0.0178987536407025,2,2,"perennial",130
"internal_edge_density",,"internal_edge_density","HOG:0007725",-0.0793808461952112,1,3,"perennial",288
"internal_edge_density",,"internal_edge_density","HOG:0007813",-0.106829959172549,1,3,"perennial",326
"internal_edge_density",,"internal_edge_density","HOG:0007833",0.0295862474729503,3,1,"annual",36
"internal_edge_density",,"internal_edge_density","HOG:0007835",-0.0840433847957788,1,3,"perennial",295
"internal_edge_density",,"internal_edge_density","HOG:0007849",-0.0401736654257663,1,3,"perennial",177
"internal_edge_density",,"internal_edge_density","HOG:0007857",-0.0564009394738844,1,3,"perennial",224
"internal_edge_density",,"internal_edge_density","HOG:0007920",0.0037956708334935,2,2,"annual",80
"internal_edge_density",,"internal_edge_density","HOG:0007936",-0.0488013194857521,1,3,"perennial",197
"internal_edge_density",,"internal_edge_density","HOG:0008585",-0.0893164958411172,0,4,"perennial",307
"internal_edge_density",,"internal_edge_density","HOG:0008605",-0.0295855926481549,1,3,"perennial",150
"internal_edge_density",,"internal_edge_density","HOG:0008637",-0.0209370106388118,2,2,"perennial",136
"internal_edge_density",,"internal_edge_density","HOG:0008696",-0.0723300718888952,0,4,"perennial",274
"internal_edge_density",,"internal_edge_density","HOG:0008697",-0.0534291899807642,1,3,"perennial",214
"internal_edge_density",,"internal_edge_density","HOG:0008717",0.00593671972643334,2,2,"annual",77
"internal_edge_density",,"internal_edge_density","HOG:0008732",-0.0608585858585858,1,3,"perennial",239
"internal_edge_density",,"internal_edge_density","HOG:0008733",0.0509557762498939,3,1,"annual",25
"internal_edge_density",,"internal_edge_density","HOG:0010481",-0.0447734503798577,1,3,"perennial",186
"internal_edge_density",,"internal_edge_density","HOG:0010482",0.0700798466693824,3,1,"annual",12
"internal_edge_density",,"internal_edge_density","HOG:0010549",0.00924601764502075,2,2,"annual",66
"internal_edge_density",,"internal_edge_density","HOG:0010551",0.0275093181598732,4,0,"annual",40
"internal_edge_density",,"internal_edge_density","HOG:0010571",-0.0606830886771284,1,3,"perennial",237
"internal_edge_density",,"internal_edge_density","HOG:0010703",0.0721139971139972,3,1,"annual",10
"internal_edge_density",,"internal_edge_density","HOG:0010710",-0.0529643159702523,0,4,"perennial",212
"internal_edge_density",,"internal_edge_density","HOG:0010736",-0.0637955659340982,1,3,"perennial",246
"internal_edge_density",,"internal_edge_density","HOG:0010929",-0.0411388457464382,1,3,"perennial",178
"internal_edge_density",,"internal_edge_density","HOG:0011023",-0.0213393626013835,1,3,"perennial",137
"internal_edge_density",,"internal_edge_density","HOG:0011064",-0.0243728340243724,1,3,"perennial",141
"internal_edge_density",,"internal_edge_density","HOG:0011086",-0.0465050632901288,1,3,"perennial",189
"internal_edge_density",,"internal_edge_density","HOG:0011478",-0.0300672495718935,2,2,"perennial",153
"internal_edge_density",,"internal_edge_density","HOG:0011497",-0.0834278495463053,0,4,"perennial",293
"internal_edge_density",,"internal_edge_density","HOG:0011510",0.0694886531093427,3,1,"annual",13
"internal_edge_density",,"internal_edge_density","HOG:0011532",-0.00498799937643835,2,2,"perennial",99
"internal_edge_density",,"internal_edge_density","HOG:0011540",-0.0494171108449723,1,3,"perennial",200
"internal_edge_density",,"internal_edge_density","HOG:0011541",0.00623296582598907,2,2,"annual",75
"internal_edge_density",,"internal_edge_density","HOG:0011544",-0.0097410004895373,1,3,"perennial",108
"internal_edge_density",,"internal_edge_density","HOG:0011628",0.0559594436065024,3,1,"annual",21
"internal_edge_density",,"internal_edge_density","HOG:0011640",-0.0843520415845471,1,3,"perennial",298
"internal_edge_density",,"internal_edge_density","HOG:0011649",-0.0619302275841686,1,3,"perennial",240
"internal_edge_density",,"internal_edge_density","HOG:0011715",-0.0601370851370852,1,3,"perennial",235
"internal_edge_density",,"internal_edge_density","HOG:0011717",0.0084014208192846,2,2,"annual",68
"internal_edge_density",,"internal_edge_density","HOG:0011775",0.0152553329023918,2,2,"annual",54
"internal_edge_density",,"internal_edge_density","HOG:0011862",-0.0454597328974864,1,3,"perennial",187
"internal_edge_density",,"internal_edge_density","HOG:0011942",-0.103863634176189,1,3,"perennial",325
"internal_edge_density",,"internal_edge_density","HOG:0012011",0.0203176353205229,2,2,"annual",45
"internal_edge_density",,"internal_edge_density","HOG:0012012",-0.0135264206230468,1,3,"perennial",119
"internal_edge_density",,"internal_edge_density","HOG:0012035",0.00975103070979628,2,2,"annual",64
"internal_edge_density",,"internal_edge_density","HOG:0012056",-0.0096605838094242,2,2,"perennial",107
"internal_edge_density",,"internal_edge_density","HOG:0012101",0.0178746266549564,2,2,"annual",50
"internal_edge_density",,"internal_edge_density","HOG:0012102",-0.051118535597403,1,3,"perennial",206
"internal_edge_density",,"internal_edge_density","HOG:0012227",0.00928104575163395,2,2,"annual",65
"internal_edge_density",,"internal_edge_density","HOG:0012253",0.0148307260181387,2,2,"annual",55
"internal_edge_density",,"internal_edge_density","HOG:0012261",-0.11396644780485,0,4,"perennial",328
"internal_edge_density",,"internal_edge_density","HOG:0012297",0.00251890759589685,2,2,"annual",83
"internal_edge_density",,"internal_edge_density","HOG:0012334",0.00738967928623098,2,2,"annual",72
"internal_edge_density",,"internal_edge_density","HOG:0012340",-0.00258828994685045,2,2,"perennial",93
"internal_edge_density",,"internal_edge_density","HOG:0012390",-0.0293309631544926,1,3,"perennial",149
"internal_edge_density",,"internal_edge_density","HOG:0012402",-0.0506686309080397,1,3,"perennial",204
"internal_edge_density",,"internal_edge_density","HOG:0012403",-0.0895971004045016,1,3,"perennial",309
"internal_edge_density",,"internal_edge_density","HOG:0012511",-0.0487338712370405,0,4,"perennial",196
"internal_edge_density",,"internal_edge_density","HOG:0012540",-0.0674083261674667,0,4,"perennial",261
"internal_edge_density",,"internal_edge_density","HOG:0013148",0.0581751581751582,3,1,"annual",19
"internal_edge_density",,"internal_edge_density","HOG:0013389",0.131423255107465,3,1,"annual",2
"internal_edge_density",,"internal_edge_density","HOG:0014208",-0.0876984126984126,1,3,"perennial",304
"internal_edge_density",,"internal_edge_density","HOG:0014354",-0.0792429792429792,1,3,"perennial",287
"internal_edge_density",,"internal_edge_density","HOG:0016116",0.0294072936541176,3,1,"annual",37
"internal_edge_density",,"internal_edge_density","HOG:0016166",-0.0685237955034484,1,3,"perennial",264
"internal_edge_density",,"internal_edge_density","HOG:0016200",-0.0644172475145684,0,4,"perennial",249
"internal_edge_density",,"internal_edge_density","HOG:0016371",-0.00629090788051595,2,2,"perennial",102
"internal_edge_density",,"internal_edge_density","HOG:0016389",-0.062096190711115,1,3,"perennial",241
"internal_edge_density",,"internal_edge_density","HOG:0016397",-0.0470139206989397,1,3,"perennial",193
"internal_edge_density",,"internal_edge_density","HOG:0016566",-0.0521523466175412,1,3,"perennial",208
"internal_edge_density",,"internal_edge_density","HOG:0016625",0.00117899275780875,2,2,"annual",87
"internal_edge_density",,"internal_edge_density","HOG:0016636",-0.0357884721528378,0,4,"perennial",168
"internal_edge_density",,"internal_edge_density","HOG:0016795",-0.0445212034622979,1,3,"perennial",183
"internal_edge_density",,"internal_edge_density","HOG:0016909",-0.0151302806519821,1,3,"perennial",123
"internal_edge_density",,"internal_edge_density","HOG:0016913",-0.0668087625074142,1,3,"perennial",258
"internal_edge_density",,"internal_edge_density","HOG:0016944",0.0189884555263011,2,2,"annual",48
"internal_edge_density",,"internal_edge_density","HOG:0017159",-0.037174565684898,1,3,"perennial",172
"internal_edge_density",,"internal_edge_density","HOG:0017160",0.0399407455289809,3,1,"annual",30
"internal_edge_density",,"internal_edge_density","HOG:0017178",-0.0958487022895144,1,3,"perennial",318
"internal_edge_density",,"internal_edge_density","HOG:0017189",-0.0628519181967457,2,2,"perennial",244
"internal_edge_density",,"internal_edge_density","HOG:0017319",-0.0989813899196303,1,3,"perennial",322
"internal_edge_density",,"internal_edge_density","HOG:0018009",-0.0722680204653081,0,4,"perennial",273
"internal_edge_density",,"internal_edge_density","HOG:0018037",-0.0678135845264157,1,3,"perennial",262
"internal_edge_density",,"internal_edge_density","HOG:0018100",-0.0455163748068673,1,3,"perennial",188
"internal_edge_density",,"internal_edge_density","HOG:0018221",-0.00309679211197266,2,2,"perennial",95
"internal_edge_density",,"internal_edge_density","HOG:0018364",-0.0841156056138036,1,3,"perennial",296
"internal_edge_density",,"internal_edge_density","HOG:0018454",-0.0894451089989645,1,3,"perennial",308
"internal_edge_density",,"internal_edge_density","HOG:0018459",0.0725412014885701,3,1,"annual",9
"internal_edge_density",,"internal_edge_density","HOG:0018504",0.0859916610322288,3,1,"annual",5
"internal_edge_density",,"internal_edge_density","HOG:0018534",-0.0178829122781385,2,2,"perennial",129
"internal_edge_density",,"internal_edge_density","HOG:0019394",-0.0465737901965332,1,3,"perennial",190
"internal_edge_density",,"internal_edge_density","HOG:0019459",-0.0530799981279112,1,3,"perennial",213
"internal_edge_density",,"internal_edge_density","HOG:0019536",0.00787371263912895,2,2,"annual",70
"internal_edge_density",,"internal_edge_density","HOG:0019927",-0.035379773807758,1,3,"perennial",167
"internal_edge_density",,"internal_edge_density","HOG:0020076",-0.0737173336866186,1,3,"perennial",276
"internal_edge_density",,"internal_edge_density","HOG:0020293",-0.065820769643324,1,3,"perennial",255
"internal_edge_density",,"internal_edge_density","HOG:0020310",0.0331508460418849,2,2,"annual",33
"internal_edge_density",,"internal_edge_density","HOG:0020311",-0.0114534868752609,1,3,"perennial",115
"internal_edge_density",,"internal_edge_density","HOG:0020349",-0.0103654369012946,1,3,"perennial",112
"internal_edge_density",,"internal_edge_density","HOG:0020382",-0.17865589694858,0,4,"perennial",336
"internal_edge_density",,"internal_edge_density","HOG:0020408",-0.0728048819531971,1,3,"perennial",275
"internal_edge_density",,"internal_edge_density","HOG:0020549",-0.0027777773864015,2,2,"perennial",94
"internal_edge_density",,"internal_edge_density","HOG:0020610",-0.0834523724866996,1,3,"perennial",294
"internal_edge_density",,"internal_edge_density","HOG:0020711",-0.0979981619710424,1,3,"perennial",321
"internal_edge_density",,"internal_edge_density","HOG:0021036",-0.0036648395164786,2,2,"perennial",97
"internal_edge_density",,"internal_edge_density","HOG:0021123",0.054218480914633,3,1,"annual",22
"internal_edge_density",,"internal_edge_density","HOG:0021825",-0.011403764639073,2,2,"perennial",114
"internal_edge_density",,"internal_edge_density","HOG:0021895",-0.0494535290879621,1,3,"perennial",201
"internal_edge_density",,"internal_edge_density","HOG:0021930",-0.0709107977258331,1,3,"perennial",267
"internal_edge_density",,"internal_edge_density","HOG:0021943",-0.0547152232723923,2,2,"perennial",220
"internal_edge_density",,"internal_edge_density","HOG:0022123",-0.030897095680377,2,2,"perennial",155
"internal_edge_density",,"internal_edge_density","HOG:0022504",-0.00502552706023768,1,3,"perennial",100
"internal_edge_density",,"internal_edge_density","HOG:0022739",-0.0157334498771382,1,3,"perennial",125
"internal_edge_density",,"internal_edge_density","HOG:0022810",-0.0527073879258355,1,3,"perennial",210
"internal_edge_density",,"internal_edge_density","HOG:0022830",-0.0343165798924251,1,3,"perennial",163
"internal_edge_density",,"internal_edge_density","HOG:0022918",0.0278137428203247,3,1,"annual",39
"internal_edge_density",,"internal_edge_density","HOG:0022963",-0.0823620823620823,1,3,"perennial",292
"internal_edge_density",,"internal_edge_density","HOG:0023036",-0.0596182305900976,1,3,"perennial",231
"internal_edge_density",,"internal_edge_density","HOG:0023048",-0.0223081788546685,1,3,"perennial",139
"internal_edge_density",,"internal_edge_density","HOG:0023085",-0.031421041892668,1,3,"perennial",157
"internal_edge_density",,"internal_edge_density","HOG:0023138",0.0154466627301941,3,1,"annual",53
"internal_edge_density",,"internal_edge_density","HOG:0023192",-0.0542472656168122,1,3,"perennial",217
"internal_edge_density",,"internal_edge_density","HOG:0023227",0.0307296191919824,3,1,"annual",35
"internal_edge_density",,"internal_edge_density","HOG:0023230",-0.0622208595743598,1,3,"perennial",243
"internal_edge_density",,"internal_edge_density","HOG:0023358",-0.0440022956360343,1,3,"perennial",180
"internal_edge_density",,"internal_edge_density","HOG:0023400",-0.0529497300051942,1,3,"perennial",211
"internal_edge_density",,"internal_edge_density","HOG:0023427",0.0244650958360635,3,1,"annual",43
"internal_edge_density",,"internal_edge_density","HOG:0023439",0.0190098926773143,3,1,"annual",47
"internal_edge_density",,"internal_edge_density","HOG:0023564",-0.0936578530252987,0,4,"perennial",314
"internal_edge_density",,"internal_edge_density","HOG:0023601",-0.073937493128419,1,3,"perennial",278
"internal_edge_density",,"internal_edge_density","HOG:0023669",-0.0952250610540336,1,3,"perennial",316
"internal_edge_density",,"internal_edge_density","HOG:0023825",-0.081548827816339,0,4,"perennial",290
"internal_edge_density",,"internal_edge_density","HOG:0023896",-0.0099748624015233,1,3,"perennial",110
"internal_edge_density",,"internal_edge_density","HOG:0023914",-0.0447276105979479,1,3,"perennial",185
"internal_edge_density",,"internal_edge_density","HOG:0024277",-0.0670585949997715,1,3,"perennial",259
"internal_edge_density",,"internal_edge_density","HOG:0024337",0.0465590561180639,4,0,"annual",26
"internal_edge_density",,"internal_edge_density","HOG:0024401",-0.0178353265679126,2,2,"perennial",128
"internal_edge_density",,"internal_edge_density","HOG:0024444",0.0139626553587336,3,1,"annual",57
"internal_edge_density",,"internal_edge_density","HOG:0024452",-0.0195956092573327,2,2,"perennial",135
"internal_edge_density",,"internal_edge_density","HOG:0024495",-0.0641888429073068,1,3,"perennial",248
"internal_edge_density",,"internal_edge_density","HOG:0024562",-0.059969839266969,0,4,"perennial",234
"internal_edge_density",,"internal_edge_density","HOG:0024574",-0.0853539175940067,1,3,"perennial",299
"internal_edge_density",,"internal_edge_density","HOG:0024629",0.0129350215439019,3,1,"annual",60
"internal_edge_density",,"internal_edge_density","HOG:0024791",-0.00721633225359148,2,2,"perennial",104
"internal_edge_density",,"internal_edge_density","HOG:0024905",-0.107242478093497,0,4,"perennial",327
"internal_edge_density",,"internal_edge_density","HOG:0024976",-0.0711987185091604,0,4,"perennial",268
"internal_edge_density",,"internal_edge_density","HOG:0024990",-0.044515656837629,1,3,"perennial",182
"internal_edge_density",,"internal_edge_density","HOG:0025124",0.0202955506065835,3,1,"annual",46
"internal_edge_density",,"internal_edge_density","HOG:0025149",0.0061494301698478,3,1,"annual",76
"internal_edge_density",,"internal_edge_density","HOG:0025186",-0.0246136695287175,1,3,"perennial",142
"internal_edge_density",,"internal_edge_density","HOG:0025219",-0.0342270814695349,1,3,"perennial",162
"internal_edge_density",,"internal_edge_density","HOG:0025231",-0.138397803586306,1,3,"perennial",332
"internal_edge_density",,"internal_edge_density","HOG:0025232",-0.0854447928823147,1,3,"perennial",300
"internal_edge_density",,"internal_edge_density","HOG:0025316",-0.032470029439921,2,2,"perennial",159
"internal_edge_density",,"internal_edge_density","HOG:0025342",0.0051266930523897,2,2,"annual",79
"internal_edge_density",,"internal_edge_density","HOG:0025801",0.0560869314716077,3,1,"annual",20
"internal_edge_density",,"internal_edge_density","HOG:0025848",0.0182855380820228,2,2,"annual",49
"internal_edge_density",,"internal_edge_density","HOG:0025863",-0.0179725300860464,1,3,"perennial",131
"internal_edge_density",,"internal_edge_density","HOG:0025923",0.00214144445202211,3,1,"annual",85
"internal_edge_density",,"internal_edge_density","HOG:0025959",-0.0468603467513209,2,2,"perennial",192
"internal_edge_density",,"internal_edge_density","HOG:0026019",0.010733766983767,2,2,"annual",62
"internal_edge_density",,"internal_edge_density","HOG:0026073",-0.000370975131476299,2,2,"perennial",91
"internal_edge_density",,"internal_edge_density","HOG:0026142",-0.054174893610644,1,3,"perennial",216
"internal_edge_density",,"internal_edge_density","HOG:0026234",-0.0546666425555382,1,3,"perennial",219
"internal_edge_density",,"internal_edge_density","HOG:0026340",0.0166666666666667,2,2,"annual",52
"internal_edge_density",,"internal_edge_density","HOG:0026360",-0.00642877411624187,2,2,"perennial",103
"internal_edge_density",,"internal_edge_density","HOG:0026361",-0.0352483376281669,2,2,"perennial",166
"internal_edge_density",,"internal_edge_density","HOG:0026397",0.010113260084498,3,1,"annual",63
"internal_edge_density",,"internal_edge_density","HOG:0026451",-0.0757936507936507,1,3,"perennial",282
"internal_edge_density",,"internal_edge_density","HOG:0026499",0.00043325813743665,2,2,"annual",89
"internal_edge_density",,"internal_edge_density","HOG:0026507",0.00186844575783019,3,1,"annual",86
"internal_edge_density",,"internal_edge_density","HOG:0026549",-0.0812544473070787,1,3,"perennial",289
"internal_edge_density",,"internal_edge_density","HOG:0026556",0.0263015381864376,3,1,"annual",41
"internal_edge_density",,"internal_edge_density","HOG:0026637",-0.125798191129999,0,4,"perennial",330
"internal_edge_density",,"internal_edge_density","HOG:0026703",-0.0300265094382742,1,3,"perennial",152
"internal_edge_density",,"internal_edge_density","HOG:0026707",-0.00908590775804348,1,3,"perennial",106
"internal_edge_density",,"internal_edge_density","HOG:0026742",-0.0446000420200192,1,3,"perennial",184
"internal_edge_density",,"internal_edge_density","HOG:0026770",-0.0317003375339674,1,3,"perennial",158
"internal_edge_density",,"internal_edge_density","HOG:0026774",0.0334392208076418,2,2,"annual",32
"internal_edge_density",,"internal_edge_density","HOG:0026834",-0.0397982580939956,1,3,"perennial",175
"internal_edge_density",,"internal_edge_density","HOG:0026838",-0.0488416452340181,1,3,"perennial",198
"internal_edge_density",,"internal_edge_density","HOG:0026902",-0.0646931806576001,1,3,"perennial",250
"internal_edge_density",,"internal_edge_density","HOG:0026946",-0.0192640692640692,2,2,"perennial",134
"internal_edge_density",,"internal_edge_density","HOG:0027005",-0.018137340161964,1,3,"perennial",132
"internal_edge_density",,"internal_edge_density","HOG:0027032",-0.0309094236605713,0,4,"perennial",156
"internal_edge_density",,"internal_edge_density","HOG:0027054",-2.34320569431502e-06,2,2,"perennial",90
"internal_edge_density",,"internal_edge_density","HOG:0027090",-0.0716545531762922,0,4,"perennial",271
"internal_edge_density",,"internal_edge_density","HOG:0027091",0.0792801969272559,2,2,"annual",8
"internal_edge_density",,"internal_edge_density","HOG:0027098",-0.0249406645184164,2,2,"perennial",144
"internal_edge_density",,"internal_edge_density","HOG:0027147",-0.0599202252859653,1,3,"perennial",233
"internal_edge_density",,"internal_edge_density","HOG:0027281",-0.0742509874295494,1,3,"perennial",279
"internal_edge_density",,"internal_edge_density","HOG:0027282",-0.0790892114421524,2,2,"perennial",286
"internal_edge_density",,"internal_edge_density","HOG:0027285",-0.0560222025739268,1,3,"perennial",222
"internal_edge_density",,"internal_edge_density","HOG:0027303",-0.0703936761159278,1,3,"perennial",266
"internal_edge_density",,"internal_edge_density","HOG:0027351",0.00684513324449174,3,1,"annual",74
"internal_edge_density",,"internal_edge_density","HOG:0027413",-0.0397552840384056,0,4,"perennial",174
"internal_edge_density",,"internal_edge_density","HOG:0027421",0.0538578317134799,3,1,"annual",23
"internal_edge_density",,"internal_edge_density","HOG:0027495",-0.140776924437275,1,3,"perennial",334
"internal_edge_density",,"internal_edge_density","HOG:0027529",-0.0768092132701503,1,3,"perennial",284
"internal_edge_density",,"internal_edge_density","HOG:0027601",-0.0360781730346948,1,3,"perennial",170
"internal_edge_density",,"internal_edge_density","HOG:0027639",0.166977804274006,3,1,"annual",1
"internal_edge_density",,"internal_edge_density","HOG:0027641",-0.0566595466439236,1,3,"perennial",226
"internal_edge_density",,"internal_edge_density","HOG:0027704",-0.0326189806287785,2,2,"perennial",161
"internal_edge_density",,"internal_edge_density","HOG:0027706",-0.087370519579784,0,4,"perennial",303
"internal_edge_density",,"internal_edge_density","HOG:0027905",0.0144415878239407,2,2,"annual",56
"internal_edge_density",,"internal_edge_density","HOG:0027918",0.0869312483882445,3,1,"annual",4
"internal_edge_density",,"internal_edge_density","HOG:0027975",-0.0671754394931874,0,4,"perennial",260
"internal_edge_density",,"internal_edge_density","HOG:0028005",0.0175289377387405,2,2,"annual",51
"internal_edge_density",,"internal_edge_density","HOG:0028008",-0.0738684795313247,1,3,"perennial",277
"internal_edge_density",,"internal_edge_density","HOG:0028012",-0.0935359280227575,1,3,"perennial",313
"internal_edge_density",,"internal_edge_density","HOG:0028018",-0.0543263807335053,1,3,"perennial",218
"internal_edge_density",,"internal_edge_density","HOG:0028065",-0.0778343787696256,1,3,"perennial",285
"internal_edge_density",,"internal_edge_density","HOG:0028089",-0.0400151943602495,1,3,"perennial",176
"internal_edge_density",,"internal_edge_density","HOG:0028145",0.0890612653493482,4,0,"annual",3
"internal_edge_density",,"internal_edge_density","HOG:0028197",0.0464031707934147,3,1,"annual",27
"internal_edge_density",,"internal_edge_density","HOG:0028198",-0.0608556549476977,0,4,"perennial",238
"internal_edge_density",,"internal_edge_density","HOG:0028263",-0.0044670913754688,2,2,"perennial",98
"internal_edge_density",,"internal_edge_density","HOG:0028333",-0.00324683156564695,2,2,"perennial",96
"internal_edge_density",,"internal_edge_density","HOG:0028381",-0.0149074236730249,2,2,"perennial",122
"internal_edge_density",,"internal_edge_density","HOG:0028394",-0.043941437430281,1,3,"perennial",179
"internal_edge_density",,"internal_edge_density","HOG:0028395",-0.0606761679128383,0,4,"perennial",236
"internal_edge_density",,"internal_edge_density","HOG:0028440",0.0137563040932257,2,2,"annual",58
"internal_edge_density",,"internal_edge_density","HOG:0028636",0.0406764855462654,3,1,"annual",29
"internal_edge_density",,"internal_edge_density","HOG:0028647",-0.0279389269948215,0,4,"perennial",147
"internal_edge_density",,"internal_edge_density","HOG:0028661",-0.0214423634766116,0,4,"perennial",138
"internal_edge_density",,"internal_edge_density","HOG:0028695",-0.0098222219601722,2,2,"perennial",109
"internal_edge_density",,"internal_edge_density","HOG:0028717",-0.0505435688096472,1,3,"perennial",203
"internal_edge_density",,"internal_edge_density","HOG:0028718",-0.0655431899057254,1,3,"perennial",253
"internal_edge_density",,"internal_edge_density","HOG:0028720",-0.0841510610745285,1,3,"perennial",297
"internal_edge_density",,"internal_edge_density","HOG:0028766",-0.0688700113328304,1,3,"perennial",265
"internal_edge_density",,"internal_edge_density","HOG:0028850",0.00228744244895955,2,2,"annual",84
"internal_edge_density",,"internal_edge_density","HOG:0028978",0.0581957151497717,3,1,"annual",18
"internal_edge_density",,"internal_edge_density","HOG:0029110",-0.037764814554622,1,3,"perennial",173
"internal_edge_density",,"internal_edge_density","HOG:0029148",0.0134866160752033,2,2,"annual",59
"internal_edge_density",,"internal_edge_density","HOG:0029401",-0.0756421703430744,1,3,"perennial",281
"internal_edge_density",,"internal_edge_density","HOG:0029429",-0.0346269532623225,1,3,"perennial",165
"internal_edge_density",,"internal_edge_density","HOG:0029472",0.0077622121270357,2,2,"annual",71
"internal_edge_density",,"internal_edge_density","HOG:0029484",-0.0911287432753461,1,3,"perennial",311
"internal_edge_density",,"internal_edge_density","HOG:0029540",-0.0160995507483252,2,2,"perennial",126
"internal_edge_density",,"internal_edge_density","HOG:0029544",-0.0630888845221834,1,3,"perennial",245
"internal_edge_density",,"internal_edge_density","HOG:0029921",-0.0816478849471153,1,3,"perennial",291
"internal_edge_density",,"internal_edge_density","HOG:0030062",-0.0137364287721786,1,3,"perennial",120
"internal_edge_density",,"internal_edge_density","HOG:0030801",0.0379725279445734,2,2,"annual",31
"internal_edge_density",,"internal_edge_density","HOG:0030881",-0.0562926153003372,1,3,"perennial",223
"internal_edge_density",,"internal_edge_density","HOG:0030883",-0.0564267595718677,0,4,"perennial",225
"internal_edge_density",,"internal_edge_density","HOG:0030884",-0.0299651724639527,1,3,"perennial",151
"internal_edge_density",,"internal_edge_density","HOG:0030885",-0.0305152363975894,2,2,"perennial",154
"internal_edge_density",,"internal_edge_density","HOG:0030886",-0.0292767367899638,1,3,"perennial",148
"internal_edge_density",,"internal_edge_density","HOG:0030887",-0.0515440173502677,1,3,"perennial",207
"internal_edge_density",,"internal_edge_density","HOG:0031056",-0.124828847622965,1,3,"perennial",329
"internal_edge_density",,"internal_edge_density","HOG:0031066",0.0057820148217551,2,2,"annual",78
"internal_edge_density",,"internal_edge_density","HOG:0031127",-0.0902235124558173,0,4,"perennial",310
"internal_edge_density",,"internal_edge_density","HOG:0031129",-0.148968084459057,1,3,"perennial",335
"internal_edge_density",,"internal_edge_density","HOG:0031227",-0.0229457085790779,1,3,"perennial",140
"internal_edge_density",,"internal_edge_density","HOG:0031321",-0.0360469185864749,2,2,"perennial",169
"internal_edge_density",,"internal_edge_density","HOG:0031418",-0.0977897102897105,0,4,"perennial",320
"internal_edge_density",,"internal_edge_density","HOG:0031473",-0.0860363951524757,1,3,"perennial",302
"internal_edge_density",,"internal_edge_density","HOG:0031530",-0.0586234357633146,0,4,"perennial",228
"internal_edge_density",,"internal_edge_density","HOG:0031653",-0.0594558256240872,1,3,"perennial",230
"internal_edge_density",,"internal_edge_density","HOG:0031982",-0.0713340299547195,1,3,"perennial",269
"internal_edge_density",,"internal_edge_density","HOG:0032060",0.0125826369629927,3,1,"annual",61
"internal_edge_density",,"internal_edge_density","HOG:0032061",-0.00248536929142555,2,2,"perennial",92
"internal_edge_density",,"internal_edge_density","HOG:0032161",-0.0667569748697585,1,3,"perennial",257
"internal_edge_density",,"internal_edge_density","HOG:0032320",-0.0116994401213492,2,2,"perennial",117
"internal_edge_density",,"internal_edge_density","HOG:0032348",-0.0993244739756368,1,3,"perennial",323
"internal_edge_density",,"internal_edge_density","HOG:0032397",0.0070555140267962,2,2,"annual",73
"internal_edge_density",,"internal_edge_density","HOG:0032436",0.0433914265810818,3,1,"annual",28
"internal_edge_density",,"internal_edge_density","HOG:0032593",-0.0504197223216292,1,3,"perennial",202
"internal_edge_density",,"internal_edge_density","HOG:0032629",-0.0137475737697902,1,3,"perennial",121
"internal_edge_density",,"internal_edge_density","HOG:0032765",-0.0252005468116213,2,2,"perennial",145
"internal_edge_density",,"internal_edge_density","HOG:0032849",0.0583943833943834,3,1,"annual",17
"internal_edge_density",,"internal_edge_density","HOG:0032893",-0.094507112805533,0,4,"perennial",315
"internal_edge_density",,"internal_edge_density","HOG:0032903",0.0079873726625932,2,2,"annual",69
"internal_edge_density",,"internal_edge_density","HOG:0032904",-0.0134365120654749,1,3,"perennial",118
"internal_edge_density",,"internal_edge_density","HOG:0032920",-0.0479974893138104,1,3,"perennial",194
"internal_edge_density",,"internal_edge_density","HOG:0032961",-0.0638321179828639,2,2,"perennial",247
"internal_edge_density",,"internal_edge_density","HOG:0032963",-0.0493768622619715,2,2,"perennial",199
"internal_edge_density",,"internal_edge_density","HOG:0033004",-0.0154432373182373,2,2,"perennial",124
"internal_edge_density",,"internal_edge_density","HOG:0033256",-0.0765614985079043,1,3,"perennial",283
"internal_edge_density",,"internal_edge_density","HOG:0033359",-0.0888341881367591,1,3,"perennial",306
"internal_edge_density",,"internal_edge_density","HOG:0033476",0.0846399692947007,4,0,"annual",7
"leaf_early_to_late","leaf","early_to_late","HOG:0000079",-0.204193411784468,0,4,"perennial",319
"leaf_early_to_late","leaf","early_to_late","HOG:0000096",-0.0512572519034599,1,3,"perennial",196
"leaf_early_to_late","leaf","early_to_late","HOG:0000122",0.008958150413967,2,2,"annual",76
"leaf_early_to_late","leaf","early_to_late","HOG:0000178",-0.018148084811733,2,2,"perennial",111
"leaf_early_to_late","leaf","early_to_late","HOG:0000191",-0.0232252227443558,1,3,"perennial",120
"leaf_early_to_late","leaf","early_to_late","HOG:0000226",-0.00217816024157755,2,2,"perennial",88
"leaf_early_to_late","leaf","early_to_late","HOG:0000322",-0.0271841709086685,2,2,"perennial",132
"leaf_early_to_late","leaf","early_to_late","HOG:0000465",-0.0434314350518427,1,3,"perennial",182
"leaf_early_to_late","leaf","early_to_late","HOG:0000535",-0.00907317785835045,2,2,"perennial",93
"leaf_early_to_late","leaf","early_to_late","HOG:0000537",-0.0395801787045578,2,2,"perennial",173
"leaf_early_to_late","leaf","early_to_late","HOG:0003541",-0.092863089944698,2,2,"perennial",234
"leaf_early_to_late","leaf","early_to_late","HOG:0003561",0.04810122418457,2,2,"annual",55
"leaf_early_to_late","leaf","early_to_late","HOG:0003621",-0.0253113179147645,2,2,"perennial",126
"leaf_early_to_late","leaf","early_to_late","HOG:0003782",-0.0314498359308047,2,2,"perennial",141
"leaf_early_to_late","leaf","early_to_late","HOG:0003795",-0.165644708927033,1,3,"perennial",292
"leaf_early_to_late","leaf","early_to_late","HOG:0004085",-0.0426373050635821,1,3,"perennial",180
"leaf_early_to_late","leaf","early_to_late","HOG:0004114",-0.0667060490728383,2,2,"perennial",213
"leaf_early_to_late","leaf","early_to_late","HOG:0004116",-0.21951612241164,1,3,"perennial",326
"leaf_early_to_late","leaf","early_to_late","HOG:0004192",-0.01419930601418,2,2,"perennial",100
"leaf_early_to_late","leaf","early_to_late","HOG:0005589",-0.0487012717856938,1,3,"perennial",191
"leaf_early_to_late","leaf","early_to_late","HOG:0005639",-0.0921384169706505,2,2,"perennial",233
"leaf_early_to_late","leaf","early_to_late","HOG:0005666",-0.157708794606999,1,3,"perennial",286
"leaf_early_to_late","leaf","early_to_late","HOG:0005683",0.385597837631163,3,1,"annual",14
"leaf_early_to_late","leaf","early_to_late","HOG:0005689",-0.160893506294179,1,3,"perennial",289
"leaf_early_to_late","leaf","early_to_late","HOG:0005690",-0.0418721863068539,2,2,"perennial",177
"leaf_early_to_late","leaf","early_to_late","HOG:0005788",-0.0436647453086019,1,3,"perennial",183
"leaf_early_to_late","leaf","early_to_late","HOG:0005833",-0.177339527228169,1,3,"perennial",305
"leaf_early_to_late","leaf","early_to_late","HOG:0005857",0.427414331019907,3,1,"annual",12
"leaf_early_to_late","leaf","early_to_late","HOG:0005877",-0.0494252928524503,2,2,"perennial",194
"leaf_early_to_late","leaf","early_to_late","HOG:0005960",-0.183528652758602,1,3,"perennial",309
"leaf_early_to_late","leaf","early_to_late","HOG:0006008",0.0241911937744571,3,1,"annual",64
"leaf_early_to_late","leaf","early_to_late","HOG:0006009",-0.0332327028373277,2,2,"perennial",145
"leaf_early_to_late","leaf","early_to_late","HOG:0006052",-0.016954590307131,1,3,"perennial",108
"leaf_early_to_late","leaf","early_to_late","HOG:0006057",-0.0178172442635409,1,3,"perennial",109
"leaf_early_to_late","leaf","early_to_late","HOG:0006123",-0.00775969779571039,2,2,"perennial",91
"leaf_early_to_late","leaf","early_to_late","HOG:0006131",0.291441606285308,3,1,"annual",17
"leaf_early_to_late","leaf","early_to_late","HOG:0006139",-0.147339000815631,1,3,"perennial",280
"leaf_early_to_late","leaf","early_to_late","HOG:0006149",-0.177466924794594,1,3,"perennial",306
"leaf_early_to_late","leaf","early_to_late","HOG:0006205",-0.0273300297627216,1,3,"perennial",134
"leaf_early_to_late","leaf","early_to_late","HOG:0006208",-0.0828766487758628,1,3,"perennial",226
"leaf_early_to_late","leaf","early_to_late","HOG:0006263",0.0166129567003357,3,1,"annual",71
"leaf_early_to_late","leaf","early_to_late","HOG:0006264",-0.0491054168005035,1,3,"perennial",192
"leaf_early_to_late","leaf","early_to_late","HOG:0006332",-0.104626413603374,2,2,"perennial",245
"leaf_early_to_late","leaf","early_to_late","HOG:0006334",0.0758132070387652,3,1,"annual",46
"leaf_early_to_late","leaf","early_to_late","HOG:0006346",-0.111960807080848,1,3,"perennial",252
"leaf_early_to_late","leaf","early_to_late","HOG:0006505",-0.0716052397045956,1,3,"perennial",217
"leaf_early_to_late","leaf","early_to_late","HOG:0006523",-0.17359948146894,1,3,"perennial",302
"leaf_early_to_late","leaf","early_to_late","HOG:0006661",0.0107000404649918,2,2,"annual",75
"leaf_early_to_late","leaf","early_to_late","HOG:0007636",-0.053967785660377,1,3,"perennial",203
"leaf_early_to_late","leaf","early_to_late","HOG:0007637",-0.0310184521099185,1,3,"perennial",140
"leaf_early_to_late","leaf","early_to_late","HOG:0007638",-0.0182569417723498,2,2,"perennial",112
"leaf_early_to_late","leaf","early_to_late","HOG:0007645",0.0247876816562905,3,1,"annual",63
"leaf_early_to_late","leaf","early_to_late","HOG:0007697",-0.172146844441612,1,3,"perennial",300
"leaf_early_to_late","leaf","early_to_late","HOG:0007713",-0.0267834089119903,1,3,"perennial",131
"leaf_early_to_late","leaf","early_to_late","HOG:0007725",-0.0235577350128721,1,3,"perennial",121
"leaf_early_to_late","leaf","early_to_late","HOG:0007813",-0.128777387275711,1,3,"perennial",265
"leaf_early_to_late","leaf","early_to_late","HOG:0007833",0.0194372104939026,2,2,"annual",69
"leaf_early_to_late","leaf","early_to_late","HOG:0007835",0.0068946373981867,2,2,"annual",78
"leaf_early_to_late","leaf","early_to_late","HOG:0007849",-0.108487671021317,1,3,"perennial",250
"leaf_early_to_late","leaf","early_to_late","HOG:0007857",0.0547255620195624,3,1,"annual",54
"leaf_early_to_late","leaf","early_to_late","HOG:0007920",-0.0387730059081297,1,3,"perennial",164
"leaf_early_to_late","leaf","early_to_late","HOG:0007936",-0.0373953661517738,1,3,"perennial",157
"leaf_early_to_late","leaf","early_to_late","HOG:0008585",0.00263322890877405,2,2,"annual",84
"leaf_early_to_late","leaf","early_to_late","HOG:0008605",-0.187942417273981,1,3,"perennial",311
"leaf_early_to_late","leaf","early_to_late","HOG:0008637",-0.166452515194966,1,3,"perennial",293
"leaf_early_to_late","leaf","early_to_late","HOG:0008696",-0.233952800280576,1,3,"perennial",333
"leaf_early_to_late","leaf","early_to_late","HOG:0008697",-0.172785904250103,1,3,"perennial",301
"leaf_early_to_late","leaf","early_to_late","HOG:0008717",-0.143857464205054,1,3,"perennial",278
"leaf_early_to_late","leaf","early_to_late","HOG:0008732",0.0220638726096008,2,2,"annual",65
"leaf_early_to_late","leaf","early_to_late","HOG:0008733",-0.106427799318095,1,3,"perennial",247
"leaf_early_to_late","leaf","early_to_late","HOG:0010481",0.435707738531117,3,1,"annual",10
"leaf_early_to_late","leaf","early_to_late","HOG:0010482",0.218204756139832,2,2,"annual",25
"leaf_early_to_late","leaf","early_to_late","HOG:0010549",0.02675652158903,2,2,"annual",61
"leaf_early_to_late","leaf","early_to_late","HOG:0010551",0.490166245328437,3,1,"annual",6
"leaf_early_to_late","leaf","early_to_late","HOG:0010571",-0.0214509303827108,1,3,"perennial",116
"leaf_early_to_late","leaf","early_to_late","HOG:0010703",-0.474349922981374,2,2,"perennial",335
"leaf_early_to_late","leaf","early_to_late","HOG:0010710",-0.016339054075559,2,2,"perennial",106
"leaf_early_to_late","leaf","early_to_late","HOG:0010736",-0.0261005940108264,2,2,"perennial",129
"leaf_early_to_late","leaf","early_to_late","HOG:0010929",-0.046527832576608,1,3,"perennial",185
"leaf_early_to_late","leaf","early_to_late","HOG:0011023",-0.0199324069539926,1,3,"perennial",115
"leaf_early_to_late","leaf","early_to_late","HOG:0011064",-0.105255809098316,1,3,"perennial",246
"leaf_early_to_late","leaf","early_to_late","HOG:0011086",-0.0477698815935085,1,3,"perennial",188
"leaf_early_to_late","leaf","early_to_late","HOG:0011478",0.11663922063005,2,2,"annual",43
"leaf_early_to_late","leaf","early_to_late","HOG:0011497",-0.0631127783079822,0,4,"perennial",212
"leaf_early_to_late","leaf","early_to_late","HOG:0011510",0.374206353222559,3,1,"annual",15
"leaf_early_to_late","leaf","early_to_late","HOG:0011532",-0.0035446254209341,2,2,"perennial",89
"leaf_early_to_late","leaf","early_to_late","HOG:0011540",0.663049271692047,3,1,"annual",1
"leaf_early_to_late","leaf","early_to_late","HOG:0011541",0.0725455416630405,2,2,"annual",50
"leaf_early_to_late","leaf","early_to_late","HOG:0011544",-0.123512738782525,1,3,"perennial",259
"leaf_early_to_late","leaf","early_to_late","HOG:0011628",-0.109657797255298,0,4,"perennial",251
"leaf_early_to_late","leaf","early_to_late","HOG:0011640",-0.0512874072558393,1,3,"perennial",197
"leaf_early_to_late","leaf","early_to_late","HOG:0011649",-0.0364276177969935,2,2,"perennial",154
"leaf_early_to_late","leaf","early_to_late","HOG:0011715",-0.165205655536762,1,3,"perennial",291
"leaf_early_to_late","leaf","early_to_late","HOG:0011717",-0.0385228550901005,2,2,"perennial",163
"leaf_early_to_late","leaf","early_to_late","HOG:0011775",0.161208355686718,3,1,"annual",37
"leaf_early_to_late","leaf","early_to_late","HOG:0011862",-0.0241258336268778,1,3,"perennial",124
"leaf_early_to_late","leaf","early_to_late","HOG:0011942",-0.12375453228639,1,3,"perennial",260
"leaf_early_to_late","leaf","early_to_late","HOG:0012011",-0.114180191146214,1,3,"perennial",255
"leaf_early_to_late","leaf","early_to_late","HOG:0012012",-0.199398550906386,1,3,"perennial",315
"leaf_early_to_late","leaf","early_to_late","HOG:0012035",-0.0898705419577926,1,3,"perennial",230
"leaf_early_to_late","leaf","early_to_late","HOG:0012056",-0.026180226246214,1,3,"perennial",130
"leaf_early_to_late","leaf","early_to_late","HOG:0012101",0.236191559055071,3,1,"annual",23
"leaf_early_to_late","leaf","early_to_late","HOG:0012102",-0.133277320561534,1,3,"perennial",267
"leaf_early_to_late","leaf","early_to_late","HOG:0012227",0.0122069862851812,2,2,"annual",72
"leaf_early_to_late","leaf","early_to_late","HOG:0012253",0.0209558278764238,2,2,"annual",67
"leaf_early_to_late","leaf","early_to_late","HOG:0012261",-0.0231510446781362,2,2,"perennial",119
"leaf_early_to_late","leaf","early_to_late","HOG:0012297",0.44896812665329,3,1,"annual",9
"leaf_early_to_late","leaf","early_to_late","HOG:0012334",0.208520197646828,2,2,"annual",29
"leaf_early_to_late","leaf","early_to_late","HOG:0012340",0.03816945149345,2,2,"annual",57
"leaf_early_to_late","leaf","early_to_late","HOG:0012390",0.246257517494544,2,2,"annual",22
"leaf_early_to_late","leaf","early_to_late","HOG:0012402",-0.0374569522477314,1,3,"perennial",158
"leaf_early_to_late","leaf","early_to_late","HOG:0012403",-0.0280187963817046,2,2,"perennial",135
"leaf_early_to_late","leaf","early_to_late","HOG:0012511",-0.195423186352096,1,3,"perennial",314
"leaf_early_to_late","leaf","early_to_late","HOG:0012540",-0.124640206768375,1,3,"perennial",262
"leaf_early_to_late","leaf","early_to_late","HOG:0013148",-0.172028269801522,1,3,"perennial",299
"leaf_early_to_late","leaf","early_to_late","HOG:0013389",-0.225749522897283,1,3,"perennial",331
"leaf_early_to_late","leaf","early_to_late","HOG:0014208",-0.0302477826088275,2,2,"perennial",138
"leaf_early_to_late","leaf","early_to_late","HOG:0014354",-0.169724722561618,1,3,"perennial",298
"leaf_early_to_late","leaf","early_to_late","HOG:0016116",0.210448197022222,2,2,"annual",28
"leaf_early_to_late","leaf","early_to_late","HOG:0016166",-0.0378607140828184,1,3,"perennial",159
"leaf_early_to_late","leaf","early_to_late","HOG:0016200",-0.129811154988686,1,3,"perennial",266
"leaf_early_to_late","leaf","early_to_late","HOG:0016371",-0.218543309568318,1,3,"perennial",325
"leaf_early_to_late","leaf","early_to_late","HOG:0016389",-0.0615285492857001,1,3,"perennial",209
"leaf_early_to_late","leaf","early_to_late","HOG:0016397",-0.140060924864641,1,3,"perennial",273
"leaf_early_to_late","leaf","early_to_late","HOG:0016566",-0.0371276624511297,2,2,"perennial",156
"leaf_early_to_late","leaf","early_to_late","HOG:0016625",-0.124946744794999,1,3,"perennial",263
"leaf_early_to_late","leaf","early_to_late","HOG:0016636",-0.13500887794702,1,3,"perennial",269
"leaf_early_to_late","leaf","early_to_late","HOG:0016795",-0.0327221027011561,2,2,"perennial",144
"leaf_early_to_late","leaf","early_to_late","HOG:0016909",-0.0402018522173307,1,3,"perennial",174
"leaf_early_to_late","leaf","early_to_late","HOG:0016913",-0.0344380086648485,1,3,"perennial",148
"leaf_early_to_late","leaf","early_to_late","HOG:0016944",-0.0972785671440597,1,3,"perennial",237
"leaf_early_to_late","leaf","early_to_late","HOG:0017159",-0.0722466681017512,2,2,"perennial",219
"leaf_early_to_late","leaf","early_to_late","HOG:0017160",0.026039185591028,2,2,"annual",62
"leaf_early_to_late","leaf","early_to_late","HOG:0017178",-0.0618470065434154,1,3,"perennial",210
"leaf_early_to_late","leaf","early_to_late","HOG:0017189",0.084904360381745,2,2,"annual",45
"leaf_early_to_late","leaf","early_to_late","HOG:0017319",-0.218445675425446,1,3,"perennial",324
"leaf_early_to_late","leaf","early_to_late","HOG:0018009",-0.0239887787305242,2,2,"perennial",123
"leaf_early_to_late","leaf","early_to_late","HOG:0018037",-0.0990016261064061,1,3,"perennial",238
"leaf_early_to_late","leaf","early_to_late","HOG:0018100",-0.0145029801851488,2,2,"perennial",101
"leaf_early_to_late","leaf","early_to_late","HOG:0018221",-0.0196341811187049,1,3,"perennial",114
"leaf_early_to_late","leaf","early_to_late","HOG:0018364",-0.060052040144248,1,3,"perennial",207
"leaf_early_to_late","leaf","early_to_late","HOG:0018454",-0.153220432661474,1,3,"perennial",283
"leaf_early_to_late","leaf","early_to_late","HOG:0018459",-0.099273167291496,2,2,"perennial",240
"leaf_early_to_late","leaf","early_to_late","HOG:0018504",-0.229105711458357,0,4,"perennial",332
"leaf_early_to_late","leaf","early_to_late","HOG:0018534",0.0728119191910233,3,1,"annual",48
"leaf_early_to_late","leaf","early_to_late","HOG:0019394",-0.0248673850333492,2,2,"perennial",125
"leaf_early_to_late","leaf","early_to_late","HOG:0019459",-0.039348582257755,1,3,"perennial",171
"leaf_early_to_late","leaf","early_to_late","HOG:0019536",0.184741554906296,3,1,"annual",32
"leaf_early_to_late","leaf","early_to_late","HOG:0019927",-0.0351391448119344,1,3,"perennial",152
"leaf_early_to_late","leaf","early_to_late","HOG:0020076",-0.0389719823198171,1,3,"perennial",166
"leaf_early_to_late","leaf","early_to_late","HOG:0020293",-0.101559962346404,1,3,"perennial",241
"leaf_early_to_late","leaf","early_to_late","HOG:0020310",-0.0161354362358339,1,3,"perennial",104
"leaf_early_to_late","leaf","early_to_late","HOG:0020311",-0.0480742302402549,1,3,"perennial",189
"leaf_early_to_late","leaf","early_to_late","HOG:0020349",-0.0441186110699744,1,3,"perennial",184
"leaf_early_to_late","leaf","early_to_late","HOG:0020382",-0.0338943477324264,2,2,"perennial",146
"leaf_early_to_late","leaf","early_to_late","HOG:0020408",-0.04219318681883,1,3,"perennial",179
"leaf_early_to_late","leaf","early_to_late","HOG:0020549",0.00351445207477475,2,2,"annual",83
"leaf_early_to_late","leaf","early_to_late","HOG:0020610",-0.0294733173978264,2,2,"perennial",137
"leaf_early_to_late","leaf","early_to_late","HOG:0020711",-0.0723558195304978,1,3,"perennial",220
"leaf_early_to_late","leaf","early_to_late","HOG:0021036",-0.0611777372060213,1,3,"perennial",208
"leaf_early_to_late","leaf","early_to_late","HOG:0021123",-0.0107892686652418,2,2,"perennial",95
"leaf_early_to_late","leaf","early_to_late","HOG:0021825",0.208195898856027,3,1,"annual",30
"leaf_early_to_late","leaf","early_to_late","HOG:0021895",-0.0482949156234843,1,3,"perennial",190
"leaf_early_to_late","leaf","early_to_late","HOG:0021930",-0.0419583277836855,1,3,"perennial",178
"leaf_early_to_late","leaf","early_to_late","HOG:0021943",-0.201911480461586,1,3,"perennial",318
"leaf_early_to_late","leaf","early_to_late","HOG:0022123",-0.167207871088486,1,3,"perennial",294
"leaf_early_to_late","leaf","early_to_late","HOG:0022504",-0.0340311535999751,1,3,"perennial",147
"leaf_early_to_late","leaf","early_to_late","HOG:0022739",-0.0351125236983425,1,3,"perennial",151
"leaf_early_to_late","leaf","early_to_late","HOG:0022810",-0.0356049820336429,1,3,"perennial",153
"leaf_early_to_late","leaf","early_to_late","HOG:0022830",-0.0257925630957511,2,2,"perennial",128
"leaf_early_to_late","leaf","early_to_late","HOG:0022918",0.0218125422605104,2,2,"annual",66
"leaf_early_to_late","leaf","early_to_late","HOG:0022963",0.0183788302012894,2,2,"annual",70
"leaf_early_to_late","leaf","early_to_late","HOG:0023036",0.07276191971035,2,2,"annual",49
"leaf_early_to_late","leaf","early_to_late","HOG:0023048",0.484647951771661,3,1,"annual",8
"leaf_early_to_late","leaf","early_to_late","HOG:0023085",-0.0238269562291218,1,3,"perennial",122
"leaf_early_to_late","leaf","early_to_late","HOG:0023138",-0.191988931068537,2,2,"perennial",313
"leaf_early_to_late","leaf","early_to_late","HOG:0023192",-0.0381152804099655,2,2,"perennial",161
"leaf_early_to_late","leaf","early_to_late","HOG:0023227",0.00177244122514495,2,2,"annual",85
"leaf_early_to_late","leaf","early_to_late","HOG:0023230",0.0049020896840686,2,2,"annual",79
"leaf_early_to_late","leaf","early_to_late","HOG:0023358",-0.0626393647123141,1,3,"perennial",211
"leaf_early_to_late","leaf","early_to_late","HOG:0023400",-0.0405027566812121,2,2,"perennial",175
"leaf_early_to_late","leaf","early_to_late","HOG:0023427",-0.213810938134522,1,3,"perennial",322
"leaf_early_to_late","leaf","early_to_late","HOG:0023439",0.0120063914628881,2,2,"annual",73
"leaf_early_to_late","leaf","early_to_late","HOG:0023564",-0.113377345825802,1,3,"perennial",253
"leaf_early_to_late","leaf","early_to_late","HOG:0023601",-0.018135164609161,2,2,"perennial",110
"leaf_early_to_late","leaf","early_to_late","HOG:0023669",0.0109485569769103,2,2,"annual",74
"leaf_early_to_late","leaf","early_to_late","HOG:0023825",-0.085098326833063,2,2,"perennial",227
"leaf_early_to_late","leaf","early_to_late","HOG:0023896",-0.0852677242849844,1,3,"perennial",228
"leaf_early_to_late","leaf","early_to_late","HOG:0023914",-0.0284350832384823,1,3,"perennial",136
"leaf_early_to_late","leaf","early_to_late","HOG:0024277",0.181488723378522,3,1,"annual",33
"leaf_early_to_late","leaf","early_to_late","HOG:0024337",-0.00807673474937315,2,2,"perennial",92
"leaf_early_to_late","leaf","early_to_late","HOG:0024401",-0.0309659068422908,1,3,"perennial",139
"leaf_early_to_late","leaf","early_to_late","HOG:0024444",0.019973762323396,3,1,"annual",68
"leaf_early_to_late","leaf","early_to_late","HOG:0024452",-0.0194281224203591,1,3,"perennial",113
"leaf_early_to_late","leaf","early_to_late","HOG:0024495",0.0374252135425085,2,2,"annual",58
"leaf_early_to_late","leaf","early_to_late","HOG:0024562",0.0737559864244164,3,1,"annual",47
"leaf_early_to_late","leaf","early_to_late","HOG:0024574",-0.142580624390977,1,3,"perennial",275
"leaf_early_to_late","leaf","early_to_late","HOG:0024629",-0.0127899559404387,2,2,"perennial",97
"leaf_early_to_late","leaf","early_to_late","HOG:0024791",-0.0807851780207353,1,3,"perennial",225
"leaf_early_to_late","leaf","early_to_late","HOG:0024905",0.00463335886276525,2,2,"annual",81
"leaf_early_to_late","leaf","early_to_late","HOG:0024976",0.0359873860950172,2,2,"annual",59
"leaf_early_to_late","leaf","early_to_late","HOG:0024990",-0.0918410628462936,1,3,"perennial",232
"leaf_early_to_late","leaf","early_to_late","HOG:0025124",-0.220218699484993,1,3,"perennial",328
"leaf_early_to_late","leaf","early_to_late","HOG:0025149",0.603307217042944,3,1,"annual",4
"leaf_early_to_late","leaf","early_to_late","HOG:0025186",-0.0391347447292598,1,3,"perennial",168
"leaf_early_to_late","leaf","early_to_late","HOG:0025219",-0.0167837325291813,2,2,"perennial",107
"leaf_early_to_late","leaf","early_to_late","HOG:0025231",-0.168332124118179,1,3,"perennial",296
"leaf_early_to_late","leaf","early_to_late","HOG:0025232",-0.0767675782038298,2,2,"perennial",223
"leaf_early_to_late","leaf","early_to_late","HOG:0025316",-0.153173666718356,1,3,"perennial",282
"leaf_early_to_late","leaf","early_to_late","HOG:0025342",0.559300505497204,3,1,"annual",5
"leaf_early_to_late","leaf","early_to_late","HOG:0025801",-0.159101287991396,1,3,"perennial",287
"leaf_early_to_late","leaf","early_to_late","HOG:0025848",0.352641919324958,3,1,"annual",16
"leaf_early_to_late","leaf","early_to_late","HOG:0025863",-0.0155856900956,1,3,"perennial",102
"leaf_early_to_late","leaf","early_to_late","HOG:0025923",-0.043392577147837,2,2,"perennial",181
"leaf_early_to_late","leaf","early_to_late","HOG:0025959",0.252005809797353,3,1,"annual",21
"leaf_early_to_late","leaf","early_to_late","HOG:0026019",0.212967547757979,3,1,"annual",26
"leaf_early_to_late","leaf","early_to_late","HOG:0026073",-0.141257855086432,1,3,"perennial",274
"leaf_early_to_late","leaf","early_to_late","HOG:0026142",-0.047324409538005,1,3,"perennial",187
"leaf_early_to_late","leaf","early_to_late","HOG:0026234",-0.0717167811924776,1,3,"perennial",218
"leaf_early_to_late","leaf","early_to_late","HOG:0026340",-0.374833107801781,1,3,"perennial",334
"leaf_early_to_late","leaf","early_to_late","HOG:0026360",-0.222328273948634,1,3,"perennial",329
"leaf_early_to_late","leaf","early_to_late","HOG:0026361",-0.135030284242794,0,4,"perennial",270
"leaf_early_to_late","leaf","early_to_late","HOG:0026397",-0.0381079970992455,1,3,"perennial",160
"leaf_early_to_late","leaf","early_to_late","HOG:0026451",-0.767900019602786,1,3,"perennial",336
"leaf_early_to_late","leaf","early_to_late","HOG:0026499",-0.209418106063637,1,3,"perennial",320
"leaf_early_to_late","leaf","early_to_late","HOG:0026507",-0.127594267563656,1,3,"perennial",264
"leaf_early_to_late","leaf","early_to_late","HOG:0026549",0.0085131246116764,2,2,"annual",77
"leaf_early_to_late","leaf","early_to_late","HOG:0026556",-0.201369945873436,1,3,"perennial",316
"leaf_early_to_late","leaf","early_to_late","HOG:0026637",0.227205876850619,2,2,"annual",24
"leaf_early_to_late","leaf","early_to_late","HOG:0026703",0.167533262970006,2,2,"annual",36
"leaf_early_to_late","leaf","early_to_late","HOG:0026707",-0.0344592675225508,2,2,"perennial",149
"leaf_early_to_late","leaf","early_to_late","HOG:0026742",0.402589320478204,3,1,"annual",13
"leaf_early_to_late","leaf","early_to_late","HOG:0026770",-0.0392216756958717,1,3,"perennial",169
"leaf_early_to_late","leaf","early_to_late","HOG:0026774",0.262661237493825,3,1,"annual",20
"leaf_early_to_late","leaf","early_to_late","HOG:0026834",-0.0163187223145232,2,2,"perennial",105
"leaf_early_to_late","leaf","early_to_late","HOG:0026838",-0.106719930283245,2,2,"perennial",248
"leaf_early_to_late","leaf","early_to_late","HOG:0026902",-0.0369804565314722,1,3,"perennial",155
"leaf_early_to_late","leaf","early_to_late","HOG:0026946",-0.041432254695906,2,2,"perennial",176
"leaf_early_to_late","leaf","early_to_late","HOG:0027005",-0.0948379800546199,2,2,"perennial",236
"leaf_early_to_late","leaf","early_to_late","HOG:0027032",-0.101606011216141,1,3,"perennial",242
"leaf_early_to_late","leaf","early_to_late","HOG:0027054",-0.215541625489321,1,3,"perennial",323
"leaf_early_to_late","leaf","early_to_late","HOG:0027090",0.197511975533523,2,2,"annual",31
"leaf_early_to_late","leaf","early_to_late","HOG:0027091",0.175222862730562,2,2,"annual",34
"leaf_early_to_late","leaf","early_to_late","HOG:0027098",-0.0390224115757404,2,2,"perennial",167
"leaf_early_to_late","leaf","early_to_late","HOG:0027147",-0.104480080526812,1,3,"perennial",244
"leaf_early_to_late","leaf","early_to_late","HOG:0027281",-0.0549570623167903,1,3,"perennial",204
"leaf_early_to_late","leaf","early_to_late","HOG:0027282",0.433220658412554,3,1,"annual",11
"leaf_early_to_late","leaf","early_to_late","HOG:0027285",0.0711732052967197,2,2,"annual",51
"leaf_early_to_late","leaf","early_to_late","HOG:0027303",-0.0253420056239674,2,2,"perennial",127
"leaf_early_to_late","leaf","early_to_late","HOG:0027351",-0.143687310233728,1,3,"perennial",277
"leaf_early_to_late","leaf","early_to_late","HOG:0027413",0.168505910627743,2,2,"annual",35
"leaf_early_to_late","leaf","early_to_late","HOG:0027421",0.158328802482471,2,2,"annual",38
"leaf_early_to_late","leaf","early_to_late","HOG:0027495",-0.186648729614185,1,3,"perennial",310
"leaf_early_to_late","leaf","early_to_late","HOG:0027529",-0.133576186760443,1,3,"perennial",268
"leaf_early_to_late","leaf","early_to_late","HOG:0027601",-0.000545218113837398,2,2,"perennial",87
"leaf_early_to_late","leaf","early_to_late","HOG:0027639",-0.0751247743380266,1,3,"perennial",222
"leaf_early_to_late","leaf","early_to_late","HOG:0027641",-0.051634940757771,2,2,"perennial",198
"leaf_early_to_late","leaf","early_to_late","HOG:0027704",-0.156138044711418,1,3,"perennial",284
"leaf_early_to_late","leaf","early_to_late","HOG:0027706",0.0045059195937469,2,2,"annual",82
"leaf_early_to_late","leaf","early_to_late","HOG:0027905",0.271637781512398,3,1,"annual",19
"leaf_early_to_late","leaf","early_to_late","HOG:0027918",0.158175208214183,3,1,"annual",39
"leaf_early_to_late","leaf","early_to_late","HOG:0027975",-0.0161169738391716,2,2,"perennial",103
"leaf_early_to_late","leaf","early_to_late","HOG:0028005",-0.157664672803841,1,3,"perennial",285
"leaf_early_to_late","leaf","early_to_late","HOG:0028008",-0.0497051952136264,1,3,"perennial",195
"leaf_early_to_late","leaf","early_to_late","HOG:0028012",-0.0715023840085872,1,3,"perennial",216
"leaf_early_to_late","leaf","early_to_late","HOG:0028018",-0.10769449906305,1,3,"perennial",249
"leaf_early_to_late","leaf","early_to_late","HOG:0028065",-0.114113825229837,2,2,"perennial",254
"leaf_early_to_late","leaf","early_to_late","HOG:0028089",-0.0219696681116618,1,3,"perennial",117
"leaf_early_to_late","leaf","early_to_late","HOG:0028145",0.281418723220673,3,1,"annual",18
"leaf_early_to_late","leaf","early_to_late","HOG:0028197",0.122056539375169,3,1,"annual",42
"leaf_early_to_late","leaf","early_to_late","HOG:0028198",-0.175902607851402,1,3,"perennial",303
"leaf_early_to_late","leaf","early_to_late","HOG:0028263",0.128631420513569,3,1,"annual",41
"leaf_early_to_late","leaf","early_to_late","HOG:0028333",0.211109838061558,3,1,"annual",27
"leaf_early_to_late","leaf","early_to_late","HOG:0028381",-0.0941725560160755,1,3,"perennial",235
"leaf_early_to_late","leaf","early_to_late","HOG:0028394",-0.0392228327197097,2,2,"perennial",170
"leaf_early_to_late","leaf","early_to_late","HOG:0028395",-0.0491277526983776,2,2,"perennial",193
"leaf_early_to_late","leaf","early_to_late","HOG:0028440",-0.219838959629027,1,3,"perennial",327
"leaf_early_to_late","leaf","early_to_late","HOG:0028636",-0.168952920973553,1,3,"perennial",297
"leaf_early_to_late","leaf","early_to_late","HOG:0028647",-0.137288620357113,1,3,"perennial",272
"leaf_early_to_late","leaf","early_to_late","HOG:0028661",-0.117572030459014,1,3,"perennial",257
"leaf_early_to_late","leaf","early_to_late","HOG:0028695",-0.179013162757173,1,3,"perennial",307
"leaf_early_to_late","leaf","early_to_late","HOG:0028717",-0.0389308182266872,2,2,"perennial",165
"leaf_early_to_late","leaf","early_to_late","HOG:0028718",-0.0472130398867168,1,3,"perennial",186
"leaf_early_to_late","leaf","early_to_late","HOG:0028720",-0.183125112421764,1,3,"perennial",308
"leaf_early_to_late","leaf","early_to_late","HOG:0028766",-0.0536246220163193,1,3,"perennial",201
"leaf_early_to_late","leaf","early_to_late","HOG:0028850",-0.146384681018459,1,3,"perennial",279
"leaf_early_to_late","leaf","early_to_late","HOG:0028978",-0.0272816869915796,2,2,"perennial",133
"leaf_early_to_late","leaf","early_to_late","HOG:0029110",-0.0349178525570512,2,2,"perennial",150
"leaf_early_to_late","leaf","early_to_late","HOG:0029148",-0.0539636638351936,1,3,"perennial",202
"leaf_early_to_late","leaf","early_to_late","HOG:0029401",-0.012547818775836,1,3,"perennial",96
"leaf_early_to_late","leaf","early_to_late","HOG:0029429",-0.120799911387526,1,3,"perennial",258
"leaf_early_to_late","leaf","early_to_late","HOG:0029472",-0.0138157441415597,2,2,"perennial",98
"leaf_early_to_late","leaf","early_to_late","HOG:0029484",-0.0323770160796309,1,3,"perennial",143
"leaf_early_to_late","leaf","early_to_late","HOG:0029540",0.0331827986653612,2,2,"annual",60
"leaf_early_to_late","leaf","early_to_late","HOG:0029544",-0.0671492672847828,1,3,"perennial",214
"leaf_early_to_late","leaf","early_to_late","HOG:0029921",-0.0906010880755449,1,3,"perennial",231
"leaf_early_to_late","leaf","early_to_late","HOG:0030062",-0.116933204427336,1,3,"perennial",256
"leaf_early_to_late","leaf","early_to_late","HOG:0030801",-0.168120312858635,1,3,"perennial",295
"leaf_early_to_late","leaf","early_to_late","HOG:0030881",-0.124057472265683,1,3,"perennial",261
"leaf_early_to_late","leaf","early_to_late","HOG:0030883",-0.136146448062713,1,3,"perennial",271
"leaf_early_to_late","leaf","early_to_late","HOG:0030884",-0.148002011465643,1,3,"perennial",281
"leaf_early_to_late","leaf","early_to_late","HOG:0030885",-0.164772779856374,1,3,"perennial",290
"leaf_early_to_late","leaf","early_to_late","HOG:0030886",-0.225146082287441,1,3,"perennial",330
"leaf_early_to_late","leaf","early_to_late","HOG:0030887",-0.176623951382642,1,3,"perennial",304
"leaf_early_to_late","leaf","early_to_late","HOG:0031056",0.104889958019505,2,2,"annual",44
"leaf_early_to_late","leaf","early_to_late","HOG:0031066",-0.0593845249670927,2,2,"perennial",206
"leaf_early_to_late","leaf","early_to_late","HOG:0031127",-0.0702195984315295,2,2,"perennial",215
"leaf_early_to_late","leaf","early_to_late","HOG:0031129",-0.104142163095183,1,3,"perennial",243
"leaf_early_to_late","leaf","early_to_late","HOG:0031227",-0.0572308161257105,1,3,"perennial",205
"leaf_early_to_late","leaf","early_to_late","HOG:0031321",0.0047058725925081,2,2,"annual",80
"leaf_early_to_late","leaf","early_to_late","HOG:0031418",0.0710155474983142,3,1,"annual",52
"leaf_early_to_late","leaf","early_to_late","HOG:0031473",-0.0101189498424494,1,3,"perennial",94
"leaf_early_to_late","leaf","early_to_late","HOG:0031530",-0.0321865898568479,2,2,"perennial",142
"leaf_early_to_late","leaf","early_to_late","HOG:0031653",-0.0383853740702073,1,3,"perennial",162
"leaf_early_to_late","leaf","early_to_late","HOG:0031982",0.0631508665036742,2,2,"annual",53
"leaf_early_to_late","leaf","early_to_late","HOG:0032060",-0.142914185328997,1,3,"perennial",276
"leaf_early_to_late","leaf","early_to_late","HOG:0032061",-0.188899255384942,1,3,"perennial",312
"leaf_early_to_late","leaf","early_to_late","HOG:0032161",-0.0138186877879584,2,2,"perennial",99
"leaf_early_to_late","leaf","early_to_late","HOG:0032320",-0.0529539239101463,1,3,"perennial",200
"leaf_early_to_late","leaf","early_to_late","HOG:0032348",-0.213759704334815,1,3,"perennial",321
"leaf_early_to_late","leaf","early_to_late","HOG:0032397",-0.0855324061919692,0,4,"perennial",229
"leaf_early_to_late","leaf","early_to_late","HOG:0032436",0.626170818257585,3,1,"annual",2
"leaf_early_to_late","leaf","early_to_late","HOG:0032593",-0.0224847591862331,2,2,"perennial",118
"leaf_early_to_late","leaf","early_to_late","HOG:0032629",-0.201514257921345,1,3,"perennial",317
"leaf_early_to_late","leaf","early_to_late","HOG:0032765",0.144281552877257,2,2,"annual",40
"leaf_early_to_late","leaf","early_to_late","HOG:0032849",0.0459680540890025,2,2,"annual",56
"leaf_early_to_late","leaf","early_to_late","HOG:0032893",-0.0394818561951363,1,3,"perennial",172
"leaf_early_to_late","leaf","early_to_late","HOG:0032903",0.487956446890053,3,1,"annual",7
"leaf_early_to_late","leaf","early_to_late","HOG:0032904",0.617862294457147,3,1,"annual",3
"leaf_early_to_late","leaf","early_to_late","HOG:0032920",-0.0521238537523799,1,3,"perennial",199
"leaf_early_to_late","leaf","early_to_late","HOG:0032961",-0.0991121573193474,2,2,"perennial",239
"leaf_early_to_late","leaf","early_to_late","HOG:0032963",-0.16081093636577,1,3,"perennial",288
"leaf_early_to_late","leaf","early_to_late","HOG:0033004",-0.0729284433553749,2,2,"perennial",221
"leaf_early_to_late","leaf","early_to_late","HOG:0033256",0.0006332068124156,2,2,"annual",86
"leaf_early_to_late","leaf","early_to_late","HOG:0033359",-0.0777232571962378,1,3,"perennial",224
"leaf_early_to_late","leaf","early_to_late","HOG:0033476",-0.0051908144818725,2,2,"perennial",90
"leaf_mean_activity","leaf","mean_activity","HOG:0000079",-0.0016339471042249,2,2,"perennial",141
"leaf_mean_activity","leaf","mean_activity","HOG:0000096",-0.0723440107085465,1,3,"perennial",219
"leaf_mean_activity","leaf","mean_activity","HOG:0000122",-0.119310538409813,1,3,"perennial",260
"leaf_mean_activity","leaf","mean_activity","HOG:0000178",0.0316466291728556,3,1,"annual",77
"leaf_mean_activity","leaf","mean_activity","HOG:0000191",0.0298261442276866,3,1,"annual",79
"leaf_mean_activity","leaf","mean_activity","HOG:0000226",0.016515499169249,3,1,"annual",101
"leaf_mean_activity","leaf","mean_activity","HOG:0000322",0.0331175425098471,2,2,"annual",72
"leaf_mean_activity","leaf","mean_activity","HOG:0000465",0.0617522645411785,3,1,"annual",38
"leaf_mean_activity","leaf","mean_activity","HOG:0000535",-0.08408276099751,1,3,"perennial",240
"leaf_mean_activity","leaf","mean_activity","HOG:0000537",0.0754892216400117,3,1,"annual",32
"leaf_mean_activity","leaf","mean_activity","HOG:0003541",0.138353212925215,3,1,"annual",13
"leaf_mean_activity","leaf","mean_activity","HOG:0003561",-0.295148114953468,1,3,"perennial",306
"leaf_mean_activity","leaf","mean_activity","HOG:0003621",-0.312751420888616,1,3,"perennial",310
"leaf_mean_activity","leaf","mean_activity","HOG:0003782",0.0423230089324827,2,2,"annual",54
"leaf_mean_activity","leaf","mean_activity","HOG:0003795",-0.0531621376714561,2,2,"perennial",192
"leaf_mean_activity","leaf","mean_activity","HOG:0004085",0.0453244277028606,3,1,"annual",50
"leaf_mean_activity","leaf","mean_activity","HOG:0004114",-0.125186328262521,0,4,"perennial",262
"leaf_mean_activity","leaf","mean_activity","HOG:0004116",0.0424753977224295,3,1,"annual",53
"leaf_mean_activity","leaf","mean_activity","HOG:0004192",0.00989835905132569,2,2,"annual",115
"leaf_mean_activity","leaf","mean_activity","HOG:0005589",0.058356935572139,3,1,"annual",40
"leaf_mean_activity","leaf","mean_activity","HOG:0005639",0.0951789621327403,2,2,"annual",21
"leaf_mean_activity","leaf","mean_activity","HOG:0005666",-0.0224442239042635,2,2,"perennial",162
"leaf_mean_activity","leaf","mean_activity","HOG:0005683",-0.27717583547592,1,3,"perennial",302
"leaf_mean_activity","leaf","mean_activity","HOG:0005689",0.000437889542286352,2,2,"annual",139
"leaf_mean_activity","leaf","mean_activity","HOG:0005690",-0.07156812184871,1,3,"perennial",216
"leaf_mean_activity","leaf","mean_activity","HOG:0005788",0.0281884463968742,3,1,"annual",84
"leaf_mean_activity","leaf","mean_activity","HOG:0005833",0.22688374146171,3,1,"annual",3
"leaf_mean_activity","leaf","mean_activity","HOG:0005857",-0.380558430697544,0,4,"perennial",320
"leaf_mean_activity","leaf","mean_activity","HOG:0005877",-0.0846747671085916,1,3,"perennial",241
"leaf_mean_activity","leaf","mean_activity","HOG:0005960",-0.142937685955433,1,3,"perennial",272
"leaf_mean_activity","leaf","mean_activity","HOG:0006008",0.0174784546177723,3,1,"annual",96
"leaf_mean_activity","leaf","mean_activity","HOG:0006009",0.0173055957898659,2,2,"annual",97
"leaf_mean_activity","leaf","mean_activity","HOG:0006052",0.0179717824081935,4,0,"annual",94
"leaf_mean_activity","leaf","mean_activity","HOG:0006057",-0.0617779151075485,1,3,"perennial",205
"leaf_mean_activity","leaf","mean_activity","HOG:0006123",0.00777335908663235,2,2,"annual",118
"leaf_mean_activity","leaf","mean_activity","HOG:0006131",-0.42556616728706,1,3,"perennial",324
"leaf_mean_activity","leaf","mean_activity","HOG:0006139",0.175063902205945,3,1,"annual",6
"leaf_mean_activity","leaf","mean_activity","HOG:0006149",-0.0733096022365573,0,4,"perennial",220
"leaf_mean_activity","leaf","mean_activity","HOG:0006205",0.0057768596831671,2,2,"annual",125
"leaf_mean_activity","leaf","mean_activity","HOG:0006208",-0.0867094141189577,1,3,"perennial",242
"leaf_mean_activity","leaf","mean_activity","HOG:0006263",0.0146320938720497,2,2,"annual",108
"leaf_mean_activity","leaf","mean_activity","HOG:0006264",0.0626326972809734,3,1,"annual",37
"leaf_mean_activity","leaf","mean_activity","HOG:0006332",-0.366648706602489,0,4,"perennial",317
"leaf_mean_activity","leaf","mean_activity","HOG:0006334",-0.16157031114503,0,4,"perennial",281
"leaf_mean_activity","leaf","mean_activity","HOG:0006346",0.0483837456377771,4,0,"annual",48
"leaf_mean_activity","leaf","mean_activity","HOG:0006505",0.123263381710378,3,1,"annual",16
"leaf_mean_activity","leaf","mean_activity","HOG:0006523",-0.0575470196600397,0,4,"perennial",197
"leaf_mean_activity","leaf","mean_activity","HOG:0006661",-0.150514929656332,1,3,"perennial",277
"leaf_mean_activity","leaf","mean_activity","HOG:0007636",0.0390489381321259,2,2,"annual",61
"leaf_mean_activity","leaf","mean_activity","HOG:0007637",0.0031802816211266,2,2,"annual",134
"leaf_mean_activity","leaf","mean_activity","HOG:0007638",0.0151128931799963,3,1,"annual",106
"leaf_mean_activity","leaf","mean_activity","HOG:0007645",-0.0563125936001836,1,3,"perennial",193
"leaf_mean_activity","leaf","mean_activity","HOG:0007697",-0.0646483642856195,1,3,"perennial",208
"leaf_mean_activity","leaf","mean_activity","HOG:0007713",0.0494579510878581,3,1,"annual",44
"leaf_mean_activity","leaf","mean_activity","HOG:0007725",0.0342735939748989,3,1,"annual",70
"leaf_mean_activity","leaf","mean_activity","HOG:0007813",0.161456737409709,3,1,"annual",8
"leaf_mean_activity","leaf","mean_activity","HOG:0007833",-0.0775456342734221,1,3,"perennial",227
"leaf_mean_activity","leaf","mean_activity","HOG:0007835",-0.0802223691424803,1,3,"perennial",232
"leaf_mean_activity","leaf","mean_activity","HOG:0007849",0.0189049480776667,3,1,"annual",92
"leaf_mean_activity","leaf","mean_activity","HOG:0007857",0.0507684514939768,3,1,"annual",42
"leaf_mean_activity","leaf","mean_activity","HOG:0007920",0.0015959130584072,2,2,"annual",137
"leaf_mean_activity","leaf","mean_activity","HOG:0007936",0.027582607756494,3,1,"annual",85
"leaf_mean_activity","leaf","mean_activity","HOG:0008585",-0.0751506257212635,1,3,"perennial",222
"leaf_mean_activity","leaf","mean_activity","HOG:0008605",-0.0591179908211333,0,4,"perennial",199
"leaf_mean_activity","leaf","mean_activity","HOG:0008637",-0.0630045111892653,2,2,"perennial",206
"leaf_mean_activity","leaf","mean_activity","HOG:0008696",0.0062284663007875,2,2,"annual",122
"leaf_mean_activity","leaf","mean_activity","HOG:0008697",-0.0048202661680998,2,2,"perennial",144
"leaf_mean_activity","leaf","mean_activity","HOG:0008717",-0.064951889553433,0,4,"perennial",209
"leaf_mean_activity","leaf","mean_activity","HOG:0008732",-0.366771821858366,1,3,"perennial",318
"leaf_mean_activity","leaf","mean_activity","HOG:0008733",0.108074229246817,3,1,"annual",18
"leaf_mean_activity","leaf","mean_activity","HOG:0010481",-0.606706203061679,0,4,"perennial",335
"leaf_mean_activity","leaf","mean_activity","HOG:0010482",-0.435624159794068,0,4,"perennial",327
"leaf_mean_activity","leaf","mean_activity","HOG:0010549",-0.250748542372514,1,3,"perennial",295
"leaf_mean_activity","leaf","mean_activity","HOG:0010551",-0.383963811419959,0,4,"perennial",321
"leaf_mean_activity","leaf","mean_activity","HOG:0010571",0.0170300749628879,3,1,"annual",98
"leaf_mean_activity","leaf","mean_activity","HOG:0010703",0.143193496449312,4,0,"annual",12
"leaf_mean_activity","leaf","mean_activity","HOG:0010710",0.027343108027159,3,1,"annual",86
"leaf_mean_activity","leaf","mean_activity","HOG:0010736",0.013705125251121,2,2,"annual",110
"leaf_mean_activity","leaf","mean_activity","HOG:0010929",0.00935156151995104,2,2,"annual",116
"leaf_mean_activity","leaf","mean_activity","HOG:0011023",0.0379441580180965,3,1,"annual",63
"leaf_mean_activity","leaf","mean_activity","HOG:0011064",-0.0515957115804908,2,2,"perennial",189
"leaf_mean_activity","leaf","mean_activity","HOG:0011086",0.051017396352969,3,1,"annual",41
"leaf_mean_activity","leaf","mean_activity","HOG:0011478",-0.327520068880693,1,3,"perennial",314
"leaf_mean_activity","leaf","mean_activity","HOG:0011497",0.186970028743568,3,1,"annual",5
"leaf_mean_activity","leaf","mean_activity","HOG:0011510",-0.327256323363087,0,4,"perennial",313
"leaf_mean_activity","leaf","mean_activity","HOG:0011532",0.00497234895652585,2,2,"annual",126
"leaf_mean_activity","leaf","mean_activity","HOG:0011540",-0.455810225768168,0,4,"perennial",331
"leaf_mean_activity","leaf","mean_activity","HOG:0011541",-0.263401209166104,1,3,"perennial",298
"leaf_mean_activity","leaf","mean_activity","HOG:0011544",-0.149653340876172,1,3,"perennial",275
"leaf_mean_activity","leaf","mean_activity","HOG:0011628",-0.0339486038584363,1,3,"perennial",176
"leaf_mean_activity","leaf","mean_activity","HOG:0011640",0.00318810056840985,2,2,"annual",133
"leaf_mean_activity","leaf","mean_activity","HOG:0011649",0.0401797889998722,3,1,"annual",58
"leaf_mean_activity","leaf","mean_activity","HOG:0011715",-0.181675118680975,0,4,"perennial",285
"leaf_mean_activity","leaf","mean_activity","HOG:0011717",-0.114839054878197,0,4,"perennial",258
"leaf_mean_activity","leaf","mean_activity","HOG:0011775",-0.228724519423119,1,3,"perennial",291
"leaf_mean_activity","leaf","mean_activity","HOG:0011862",0.039736568089928,3,1,"annual",60
"leaf_mean_activity","leaf","mean_activity","HOG:0011942",0.164381586559293,3,1,"annual",7
"leaf_mean_activity","leaf","mean_activity","HOG:0012011",-0.0799609522260439,0,4,"perennial",231
"leaf_mean_activity","leaf","mean_activity","HOG:0012012",-0.0839529903758463,1,3,"perennial",238
"leaf_mean_activity","leaf","mean_activity","HOG:0012035",-0.0259408180649119,2,2,"perennial",165
"leaf_mean_activity","leaf","mean_activity","HOG:0012056",0.0167040200942224,4,0,"annual",100
"leaf_mean_activity","leaf","mean_activity","HOG:0012101",-0.230418740118347,2,2,"perennial",292
"leaf_mean_activity","leaf","mean_activity","HOG:0012102",-0.034630925072347,2,2,"perennial",177
"leaf_mean_activity","leaf","mean_activity","HOG:0012227",0.0477409808505403,2,2,"annual",49
"leaf_mean_activity","leaf","mean_activity","HOG:0012253",-0.0279373830026633,1,3,"perennial",169
"leaf_mean_activity","leaf","mean_activity","HOG:0012261",-0.0217572809684306,1,3,"perennial",161
"leaf_mean_activity","leaf","mean_activity","HOG:0012297",-0.472404381772426,0,4,"perennial",332
"leaf_mean_activity","leaf","mean_activity","HOG:0012334",-0.204871855856837,1,3,"perennial",288
"leaf_mean_activity","leaf","mean_activity","HOG:0012340",0.0144109987440082,2,2,"annual",109
"leaf_mean_activity","leaf","mean_activity","HOG:0012390",-0.251469076493744,1,3,"perennial",296
"leaf_mean_activity","leaf","mean_activity","HOG:0012402",0.0030041357348458,2,2,"annual",136
"leaf_mean_activity","leaf","mean_activity","HOG:0012403",-0.0898656646208758,1,3,"perennial",244
"leaf_mean_activity","leaf","mean_activity","HOG:0012511",0.0059483073580935,2,2,"annual",124
"leaf_mean_activity","leaf","mean_activity","HOG:0012540",-0.0794751654524275,2,2,"perennial",230
"leaf_mean_activity","leaf","mean_activity","HOG:0013148",-0.0908146745858943,1,3,"perennial",245
"leaf_mean_activity","leaf","mean_activity","HOG:0013389",-0.0474549850405344,1,3,"perennial",184
"leaf_mean_activity","leaf","mean_activity","HOG:0014208",-0.0279303701633566,2,2,"perennial",168
"leaf_mean_activity","leaf","mean_activity","HOG:0014354",-0.109288817388559,0,4,"perennial",254
"leaf_mean_activity","leaf","mean_activity","HOG:0016116",-0.126085650231885,1,3,"perennial",265
"leaf_mean_activity","leaf","mean_activity","HOG:0016166",-0.00443674006076275,2,2,"perennial",143
"leaf_mean_activity","leaf","mean_activity","HOG:0016200",-0.0278143104728678,2,2,"perennial",167
"leaf_mean_activity","leaf","mean_activity","HOG:0016371",0.0161564044318007,3,1,"annual",102
"leaf_mean_activity","leaf","mean_activity","HOG:0016389",0.0201229135368569,2,2,"annual",91
"leaf_mean_activity","leaf","mean_activity","HOG:0016397",-0.0257267914320468,2,2,"perennial",164
"leaf_mean_activity","leaf","mean_activity","HOG:0016566",0.0917796771026888,3,1,"annual",22
"leaf_mean_activity","leaf","mean_activity","HOG:0016625",-0.0718730095144091,1,3,"perennial",217
"leaf_mean_activity","leaf","mean_activity","HOG:0016636",-0.0500385635517357,1,3,"perennial",186
"leaf_mean_activity","leaf","mean_activity","HOG:0016795",0.0379439274145187,3,1,"annual",64
"leaf_mean_activity","leaf","mean_activity","HOG:0016909",0.0295447023376449,3,1,"annual",81
"leaf_mean_activity","leaf","mean_activity","HOG:0016913",0.0351119919747555,3,1,"annual",67
"leaf_mean_activity","leaf","mean_activity","HOG:0016944",-0.074331093785635,2,2,"perennial",221
"leaf_mean_activity","leaf","mean_activity","HOG:0017159",0.0769263858417526,3,1,"annual",30
"leaf_mean_activity","leaf","mean_activity","HOG:0017160",-0.131401308420547,0,4,"perennial",269
"leaf_mean_activity","leaf","mean_activity","HOG:0017178",0.067909612702395,3,1,"annual",34
"leaf_mean_activity","leaf","mean_activity","HOG:0017189",-0.142322965690638,1,3,"perennial",271
"leaf_mean_activity","leaf","mean_activity","HOG:0017319",0.1587688554288,3,1,"annual",9
"leaf_mean_activity","leaf","mean_activity","HOG:0018009",-0.0523983660861647,1,3,"perennial",190
"leaf_mean_activity","leaf","mean_activity","HOG:0018037",0.132084162676212,2,2,"annual",14
"leaf_mean_activity","leaf","mean_activity","HOG:0018100",-0.0131817003754787,2,2,"perennial",156
"leaf_mean_activity","leaf","mean_activity","HOG:0018221",0.0042266991865918,2,2,"annual",130
"leaf_mean_activity","leaf","mean_activity","HOG:0018364",0.00467148706327063,2,2,"annual",127
"leaf_mean_activity","leaf","mean_activity","HOG:0018454",-0.0685553757399265,2,2,"perennial",213
"leaf_mean_activity","leaf","mean_activity","HOG:0018459",0.271314670763613,4,0,"annual",1
"leaf_mean_activity","leaf","mean_activity","HOG:0018504",-0.0353582757891484,1,3,"perennial",179
"leaf_mean_activity","leaf","mean_activity","HOG:0018534",-0.0811703042409316,1,3,"perennial",235
"leaf_mean_activity","leaf","mean_activity","HOG:0019394",0.0439203216804612,3,1,"annual",52
"leaf_mean_activity","leaf","mean_activity","HOG:0019459",0.0873753393618953,4,0,"annual",25
"leaf_mean_activity","leaf","mean_activity","HOG:0019536",-0.106828097851424,1,3,"perennial",253
"leaf_mean_activity","leaf","mean_activity","HOG:0019927",0.0314980606851177,3,1,"annual",78
"leaf_mean_activity","leaf","mean_activity","HOG:0020076",0.0297915880628083,3,1,"annual",80
"leaf_mean_activity","leaf","mean_activity","HOG:0020293",-0.0915356372948944,1,3,"perennial",246
"leaf_mean_activity","leaf","mean_activity","HOG:0020310",0.00607178324611605,2,2,"annual",123
"leaf_mean_activity","leaf","mean_activity","HOG:0020311",0.0451492598416509,3,1,"annual",51
"leaf_mean_activity","leaf","mean_activity","HOG:0020349",0.0104882784196039,2,2,"annual",114
"leaf_mean_activity","leaf","mean_activity","HOG:0020382",-0.0098541187390167,2,2,"perennial",152
"leaf_mean_activity","leaf","mean_activity","HOG:0020408",0.0505461902937954,3,1,"annual",43
"leaf_mean_activity","leaf","mean_activity","HOG:0020549",0.00760688342789665,2,2,"annual",119
"leaf_mean_activity","leaf","mean_activity","HOG:0020610",0.0373427764301698,3,1,"annual",65
"leaf_mean_activity","leaf","mean_activity","HOG:0020711",0.0881683617184753,4,0,"annual",24
"leaf_mean_activity","leaf","mean_activity","HOG:0021036",0.0256936864532428,2,2,"annual",88
"leaf_mean_activity","leaf","mean_activity","HOG:0021123",-0.126016285995602,1,3,"perennial",263
"leaf_mean_activity","leaf","mean_activity","HOG:0021825",-0.288069519211665,0,4,"perennial",304
"leaf_mean_activity","leaf","mean_activity","HOG:0021895",0.096711220627776,3,1,"annual",20
"leaf_mean_activity","leaf","mean_activity","HOG:0021930",0.0154039727898565,3,1,"annual",105
"leaf_mean_activity","leaf","mean_activity","HOG:0021943",0.0759691064540013,2,2,"annual",31
"leaf_mean_activity","leaf","mean_activity","HOG:0022123",-0.0839798814594638,1,3,"perennial",239
"leaf_mean_activity","leaf","mean_activity","HOG:0022504",0.0179705681362384,3,1,"annual",95
"leaf_mean_activity","leaf","mean_activity","HOG:0022739",0.00626975005672295,2,2,"annual",121
"leaf_mean_activity","leaf","mean_activity","HOG:0022810",-0.077100777040702,1,3,"perennial",225
"leaf_mean_activity","leaf","mean_activity","HOG:0022830",0.0324132740764981,3,1,"annual",74
"leaf_mean_activity","leaf","mean_activity","HOG:0022918",-0.0786089482885177,1,3,"perennial",228
"leaf_mean_activity","leaf","mean_activity","HOG:0022963",-0.0179399015899213,1,3,"perennial",157
"leaf_mean_activity","leaf","mean_activity","HOG:0023036",-0.226464708061263,1,3,"perennial",290
"leaf_mean_activity","leaf","mean_activity","HOG:0023048",-0.764213818553897,0,4,"perennial",336
"leaf_mean_activity","leaf","mean_activity","HOG:0023085",0.012391302261524,2,2,"annual",111
"leaf_mean_activity","leaf","mean_activity","HOG:0023138",-0.445457427074772,0,4,"perennial",330
"leaf_mean_activity","leaf","mean_activity","HOG:0023192",0.0401643604316058,2,2,"annual",59
"leaf_mean_activity","leaf","mean_activity","HOG:0023227",-0.077293494601549,1,3,"perennial",226
"leaf_mean_activity","leaf","mean_activity","HOG:0023230",-0.0090136849282835,2,2,"perennial",151
"leaf_mean_activity","leaf","mean_activity","HOG:0023358",0.0699882314035151,3,1,"annual",33
"leaf_mean_activity","leaf","mean_activity","HOG:0023400",0.0488396246031662,2,2,"annual",47
"leaf_mean_activity","leaf","mean_activity","HOG:0023427",-0.0836707091680328,0,4,"perennial",237
"leaf_mean_activity","leaf","mean_activity","HOG:0023439",-0.103780764455533,1,3,"perennial",252
"leaf_mean_activity","leaf","mean_activity","HOG:0023564",-0.0506826143107469,1,3,"perennial",187
"leaf_mean_activity","leaf","mean_activity","HOG:0023601",0.0284838147628745,3,1,"annual",83
"leaf_mean_activity","leaf","mean_activity","HOG:0023669",0.00438732135141615,2,2,"annual",129
"leaf_mean_activity","leaf","mean_activity","HOG:0023825",-0.0806780748736847,2,2,"perennial",234
"leaf_mean_activity","leaf","mean_activity","HOG:0023896",-0.111177206573062,1,3,"perennial",256
"leaf_mean_activity","leaf","mean_activity","HOG:0023914",0.0246473430083989,3,1,"annual",89
"leaf_mean_activity","leaf","mean_activity","HOG:0024277",-0.0934926780719541,1,3,"perennial",247
"leaf_mean_activity","leaf","mean_activity","HOG:0024337",-0.102699762641829,1,3,"perennial",251
"leaf_mean_activity","leaf","mean_activity","HOG:0024401",-0.0199931569288733,2,2,"perennial",159
"leaf_mean_activity","leaf","mean_activity","HOG:0024444",-0.00677569707077445,2,2,"perennial",148
"leaf_mean_activity","leaf","mean_activity","HOG:0024452",-0.00527517345258932,1,3,"perennial",146
"leaf_mean_activity","leaf","mean_activity","HOG:0024495",-0.0990201896625888,1,3,"perennial",249
"leaf_mean_activity","leaf","mean_activity","HOG:0024562",-0.0829772465350081,1,3,"perennial",236
"leaf_mean_activity","leaf","mean_activity","HOG:0024574",-0.0037826781691462,2,2,"perennial",142
"leaf_mean_activity","leaf","mean_activity","HOG:0024629",0.0158861596469497,2,2,"annual",104
"leaf_mean_activity","leaf","mean_activity","HOG:0024791",0.0906233602411488,3,1,"annual",23
"leaf_mean_activity","leaf","mean_activity","HOG:0024905",-0.0765657396451546,1,3,"perennial",224
"leaf_mean_activity","leaf","mean_activity","HOG:0024976",-0.115889482406214,1,3,"perennial",259
"leaf_mean_activity","leaf","mean_activity","HOG:0024990",-0.0591048800884584,0,4,"perennial",198
"leaf_mean_activity","leaf","mean_activity","HOG:0025124",-0.0603214773996028,0,4,"perennial",202
"leaf_mean_activity","leaf","mean_activity","HOG:0025149",-0.433690623878699,0,4,"perennial",326
"leaf_mean_activity","leaf","mean_activity","HOG:0025186",0.0348950650176978,3,1,"annual",68
"leaf_mean_activity","leaf","mean_activity","HOG:0025219",-0.000708736948915651,2,2,"perennial",140
"leaf_mean_activity","leaf","mean_activity","HOG:0025231",0.145576073926674,4,0,"annual",11
"leaf_mean_activity","leaf","mean_activity","HOG:0025232",0.0371009300653943,2,2,"annual",66
"leaf_mean_activity","leaf","mean_activity","HOG:0025316",-0.0118926365459146,2,2,"perennial",154
"leaf_mean_activity","leaf","mean_activity","HOG:0025342",-0.538753131219643,0,4,"perennial",334
"leaf_mean_activity","leaf","mean_activity","HOG:0025801",-0.150156946790454,0,4,"perennial",276
"leaf_mean_activity","leaf","mean_activity","HOG:0025848",-0.285568318032958,1,3,"perennial",303
"leaf_mean_activity","leaf","mean_activity","HOG:0025863",0.0386825539430736,4,0,"annual",62
"leaf_mean_activity","leaf","mean_activity","HOG:0025923",-0.248283533675925,1,3,"perennial",294
"leaf_mean_activity","leaf","mean_activity","HOG:0025959",-0.499379616994063,0,4,"perennial",333
"leaf_mean_activity","leaf","mean_activity","HOG:0026019",-0.320090701744963,0,4,"perennial",311
"leaf_mean_activity","leaf","mean_activity","HOG:0026073",-0.0475868096786273,0,4,"perennial",185
"leaf_mean_activity","leaf","mean_activity","HOG:0026142",0.0289317725271785,3,1,"annual",82
"leaf_mean_activity","leaf","mean_activity","HOG:0026234",0.0637268596408175,3,1,"annual",36
"leaf_mean_activity","leaf","mean_activity","HOG:0026340",0.003208492470431,2,2,"annual",132
"leaf_mean_activity","leaf","mean_activity","HOG:0026360",-0.080260486144128,0,4,"perennial",233
"leaf_mean_activity","leaf","mean_activity","HOG:0026361",0.0105060387373313,3,1,"annual",113
"leaf_mean_activity","leaf","mean_activity","HOG:0026397",-0.0616513618600229,1,3,"perennial",204
"leaf_mean_activity","leaf","mean_activity","HOG:0026451",0.265923433045248,4,0,"annual",2
"leaf_mean_activity","leaf","mean_activity","HOG:0026499",-0.0755006866711841,1,3,"perennial",223
"leaf_mean_activity","leaf","mean_activity","HOG:0026507",-0.138783926304167,0,4,"perennial",270
"leaf_mean_activity","leaf","mean_activity","HOG:0026549",-0.008258473897593,2,2,"perennial",150
"leaf_mean_activity","leaf","mean_activity","HOG:0026556",-0.00498009026653085,2,2,"perennial",145
"leaf_mean_activity","leaf","mean_activity","HOG:0026637",-0.203544599224514,1,3,"perennial",286
"leaf_mean_activity","leaf","mean_activity","HOG:0026703",-0.114676477958366,1,3,"perennial",257
"leaf_mean_activity","leaf","mean_activity","HOG:0026707",-0.0274839705036466,1,3,"perennial",166
"leaf_mean_activity","leaf","mean_activity","HOG:0026742",-0.44460333080936,0,4,"perennial",329
"leaf_mean_activity","leaf","mean_activity","HOG:0026770",0.0347570867294009,4,0,"annual",69
"leaf_mean_activity","leaf","mean_activity","HOG:0026774",-0.298802538634403,1,3,"perennial",307
"leaf_mean_activity","leaf","mean_activity","HOG:0026834",0.0240232398286459,3,1,"annual",90
"leaf_mean_activity","leaf","mean_activity","HOG:0026838",-0.258452193921983,1,3,"perennial",297
"leaf_mean_activity","leaf","mean_activity","HOG:0026902",-0.0189742180562248,2,2,"perennial",158
"leaf_mean_activity","leaf","mean_activity","HOG:0026946",-0.158997788671462,0,4,"perennial",280
"leaf_mean_activity","leaf","mean_activity","HOG:0027005",-0.0668947267436116,1,3,"perennial",211
"leaf_mean_activity","leaf","mean_activity","HOG:0027032",-0.152448992253366,1,3,"perennial",278
"leaf_mean_activity","leaf","mean_activity","HOG:0027054",-0.126057157205784,0,4,"perennial",264
"leaf_mean_activity","leaf","mean_activity","HOG:0027090",-0.23851485536655,1,3,"perennial",293
"leaf_mean_activity","leaf","mean_activity","HOG:0027091",-0.338276843892957,1,3,"perennial",315
"leaf_mean_activity","leaf","mean_activity","HOG:0027098",0.0415852808488062,3,1,"annual",56
"leaf_mean_activity","leaf","mean_activity","HOG:0027147",0.114220201130416,3,1,"annual",17
"leaf_mean_activity","leaf","mean_activity","HOG:0027281",0.0323794344227282,2,2,"annual",75
"leaf_mean_activity","leaf","mean_activity","HOG:0027282",-0.22015607222462,0,4,"perennial",289
"leaf_mean_activity","leaf","mean_activity","HOG:0027285",-0.204450825652047,1,3,"perennial",287
"leaf_mean_activity","leaf","mean_activity","HOG:0027303",-0.00571871383414492,1,3,"perennial",147
"leaf_mean_activity","leaf","mean_activity","HOG:0027351",-0.176182844402778,1,3,"perennial",283
"leaf_mean_activity","leaf","mean_activity","HOG:0027413",-0.10956897098259,1,3,"perennial",255
"leaf_mean_activity","leaf","mean_activity","HOG:0027421",-0.323373287688268,1,3,"perennial",312
"leaf_mean_activity","leaf","mean_activity","HOG:0027495",0.0833141849323474,2,2,"annual",28
"leaf_mean_activity","leaf","mean_activity","HOG:0027529",-0.028273637526393,2,2,"perennial",170
"leaf_mean_activity","leaf","mean_activity","HOG:0027601",0.000930259439990315,2,2,"annual",138
"leaf_mean_activity","leaf","mean_activity","HOG:0027639",-0.129228748945543,0,4,"perennial",268
"leaf_mean_activity","leaf","mean_activity","HOG:0027641",-0.301922836123722,0,4,"perennial",308
"leaf_mean_activity","leaf","mean_activity","HOG:0027704",-0.0309150583432796,2,2,"perennial",174
"leaf_mean_activity","leaf","mean_activity","HOG:0027706",-0.0360979095025745,0,4,"perennial",180
"leaf_mean_activity","leaf","mean_activity","HOG:0027905",-0.308961138426197,0,4,"perennial",309
"leaf_mean_activity","leaf","mean_activity","HOG:0027918",-0.272297762898019,1,3,"perennial",301
"leaf_mean_activity","leaf","mean_activity","HOG:0027975",-0.0526650595590652,1,3,"perennial",191
"leaf_mean_activity","leaf","mean_activity","HOG:0028005",-0.0672067049214139,1,3,"perennial",212
"leaf_mean_activity","leaf","mean_activity","HOG:0028008",0.0865468673193538,3,1,"annual",26
"leaf_mean_activity","leaf","mean_activity","HOG:0028012",0.0317990975425468,3,1,"annual",76
"leaf_mean_activity","leaf","mean_activity","HOG:0028018",0.0185312980264079,2,2,"annual",93
"leaf_mean_activity","leaf","mean_activity","HOG:0028065",0.106143300901608,2,2,"annual",19
"leaf_mean_activity","leaf","mean_activity","HOG:0028089",0.0170108274082278,3,1,"annual",99
"leaf_mean_activity","leaf","mean_activity","HOG:0028145",-0.290871748281731,1,3,"perennial",305
"leaf_mean_activity","leaf","mean_activity","HOG:0028197",-0.371085197453518,0,4,"perennial",319
"leaf_mean_activity","leaf","mean_activity","HOG:0028198",-0.0347102549481557,2,2,"perennial",178
"leaf_mean_activity","leaf","mean_activity","HOG:0028263",-0.127832865905901,1,3,"perennial",267
"leaf_mean_activity","leaf","mean_activity","HOG:0028333",-0.417406018145294,0,4,"perennial",322
"leaf_mean_activity","leaf","mean_activity","HOG:0028381",-0.0667085801082216,1,3,"perennial",210
"leaf_mean_activity","leaf","mean_activity","HOG:0028394",0.00845611564424105,2,2,"annual",117
"leaf_mean_activity","leaf","mean_activity","HOG:0028395",-0.099194388857485,1,3,"perennial",250
"leaf_mean_activity","leaf","mean_activity","HOG:0028440",-0.122373869925456,0,4,"perennial",261
"leaf_mean_activity","leaf","mean_activity","HOG:0028636",-0.0378435020704184,1,3,"perennial",182
"leaf_mean_activity","leaf","mean_activity","HOG:0028647",-0.0375594311397434,1,3,"perennial",181
"leaf_mean_activity","leaf","mean_activity","HOG:0028661",-0.0596812158136733,0,4,"perennial",200
"leaf_mean_activity","leaf","mean_activity","HOG:0028695",-0.0613538468287344,1,3,"perennial",203
"leaf_mean_activity","leaf","mean_activity","HOG:0028717",0.0115527845020091,3,1,"annual",112
"leaf_mean_activity","leaf","mean_activity","HOG:0028718",0.00311682462971975,2,2,"annual",135
"leaf_mean_activity","leaf","mean_activity","HOG:0028720",0.191577124736358,3,1,"annual",4
"leaf_mean_activity","leaf","mean_activity","HOG:0028766",0.049454873617026,3,1,"annual",45
"leaf_mean_activity","leaf","mean_activity","HOG:0028850",-0.0574763362701294,0,4,"perennial",196
"leaf_mean_activity","leaf","mean_activity","HOG:0028978",-0.0722237118595186,1,3,"perennial",218
"leaf_mean_activity","leaf","mean_activity","HOG:0029110",0.0151031242288712,2,2,"annual",107
"leaf_mean_activity","leaf","mean_activity","HOG:0029148",0.0341825656753097,2,2,"annual",71
"leaf_mean_activity","leaf","mean_activity","HOG:0029401",-0.0237923539822995,2,2,"perennial",163
"leaf_mean_activity","leaf","mean_activity","HOG:0029429",-0.127077319275935,1,3,"perennial",266
"leaf_mean_activity","leaf","mean_activity","HOG:0029472",0.0330408111425032,2,2,"annual",73
"leaf_mean_activity","leaf","mean_activity","HOG:0029484",0.0675515543422776,3,1,"annual",35
"leaf_mean_activity","leaf","mean_activity","HOG:0029540",-0.145458629360231,1,3,"perennial",274
"leaf_mean_activity","leaf","mean_activity","HOG:0029544",0.0861880323333726,3,1,"annual",27
"leaf_mean_activity","leaf","mean_activity","HOG:0029921",-0.0332901881027044,2,2,"perennial",175
"leaf_mean_activity","leaf","mean_activity","HOG:0030062",0.150961943291972,3,1,"annual",10
"leaf_mean_activity","leaf","mean_activity","HOG:0030801",-0.0706015119271116,1,3,"perennial",214
"leaf_mean_activity","leaf","mean_activity","HOG:0030881",-0.0567580736486598,1,3,"perennial",194
"leaf_mean_activity","leaf","mean_activity","HOG:0030883",-0.040355555887332,2,2,"perennial",183
"leaf_mean_activity","leaf","mean_activity","HOG:0030884",-0.0602814739679031,1,3,"perennial",201
"leaf_mean_activity","leaf","mean_activity","HOG:0030885",-0.0515240083538627,2,2,"perennial",188
"leaf_mean_activity","leaf","mean_activity","HOG:0030886",-0.0892012633679817,1,3,"perennial",243
"leaf_mean_activity","leaf","mean_activity","HOG:0030887",0.0159638619277489,2,2,"annual",103
"leaf_mean_activity","leaf","mean_activity","HOG:0031056",-0.35753228815074,1,3,"perennial",316
"leaf_mean_activity","leaf","mean_activity","HOG:0031066",-0.0788636942896669,1,3,"perennial",229
"leaf_mean_activity","leaf","mean_activity","HOG:0031127",-0.00815652351875665,2,2,"perennial",149
"leaf_mean_activity","leaf","mean_activity","HOG:0031129",0.0488583566642178,4,0,"annual",46
"leaf_mean_activity","leaf","mean_activity","HOG:0031227",-0.0294400801315862,1,3,"perennial",172
"leaf_mean_activity","leaf","mean_activity","HOG:0031321",-0.0122875087607091,2,2,"perennial",155
"leaf_mean_activity","leaf","mean_activity","HOG:0031418",-0.0957065466951527,0,4,"perennial",248
"leaf_mean_activity","leaf","mean_activity","HOG:0031473",-0.0114421483412978,2,2,"perennial",153
"leaf_mean_activity","leaf","mean_activity","HOG:0031530",0.0791929060495089,3,1,"annual",29
"leaf_mean_activity","leaf","mean_activity","HOG:0031653",0.0416554187164314,3,1,"annual",55
"leaf_mean_activity","leaf","mean_activity","HOG:0031982",-0.0301387912135092,0,4,"perennial",173
"leaf_mean_activity","leaf","mean_activity","HOG:0032060",-0.143372964462301,0,4,"perennial",273
"leaf_mean_activity","leaf","mean_activity","HOG:0032061",-0.0634360623806573,1,3,"perennial",207
"leaf_mean_activity","leaf","mean_activity","HOG:0032161",-0.020267748047162,1,3,"perennial",160
"leaf_mean_activity","leaf","mean_activity","HOG:0032320",0.06059480144463,4,0,"annual",39
"leaf_mean_activity","leaf","mean_activity","HOG:0032348",-0.0715608891943305,2,2,"perennial",215
"leaf_mean_activity","leaf","mean_activity","HOG:0032397",-0.0574283183571055,1,3,"perennial",195
"leaf_mean_activity","leaf","mean_activity","HOG:0032436",-0.433285872298872,0,4,"perennial",325
"leaf_mean_activity","leaf","mean_activity","HOG:0032593",0.00337646466254235,2,2,"annual",131
"leaf_mean_activity","leaf","mean_activity","HOG:0032629",-0.0286026174740283,2,2,"perennial",171
"leaf_mean_activity","leaf","mean_activity","HOG:0032765",-0.2675468952471,1,3,"perennial",300
"leaf_mean_activity","leaf","mean_activity","HOG:0032849",-0.266057355035809,1,3,"perennial",299
"leaf_mean_activity","leaf","mean_activity","HOG:0032893",0.0267102623238043,2,2,"annual",87
"leaf_mean_activity","leaf","mean_activity","HOG:0032903",-0.44413652507755,0,4,"perennial",328
"leaf_mean_activity","leaf","mean_activity","HOG:0032904",-0.420487035989,0,4,"perennial",323
"leaf_mean_activity","leaf","mean_activity","HOG:0032920",0.131127219263072,3,1,"annual",15
"leaf_mean_activity","leaf","mean_activity","HOG:0032961",0.0071664010833995,2,2,"annual",120
"leaf_mean_activity","leaf","mean_activity","HOG:0032963",-0.163945219802109,1,3,"perennial",282
"leaf_mean_activity","leaf","mean_activity","HOG:0033004",-0.178803822238926,1,3,"perennial",284
"leaf_mean_activity","leaf","mean_activity","HOG:0033256",0.0406666548737495,3,1,"annual",57
"leaf_mean_activity","leaf","mean_activity","HOG:0033359",0.00459302098505545,2,2,"annual",128
"leaf_mean_activity","leaf","mean_activity","HOG:0033476",-0.153158678557205,0,4,"perennial",279
"recurrent_coverage",,"recurrent_coverage","HOG:0000079",-0.0774647887323942,1,3,"perennial",248
"recurrent_coverage",,"recurrent_coverage","HOG:0000096",-0.0090909090909091,1,2,"perennial",158
"recurrent_coverage",,"recurrent_coverage","HOG:0000122",0.0222222222222225,2,2,"annual",126
"recurrent_coverage",,"recurrent_coverage","HOG:0000178",-0.0496453900709219,1,3,"perennial",204
"recurrent_coverage",,"recurrent_coverage","HOG:0000191",-0.03921568627451,2,2,"perennial",192
"recurrent_coverage",,"recurrent_coverage","HOG:0000226",-0.142857142857142,1,3,"perennial",304
"recurrent_coverage",,"recurrent_coverage","HOG:0000322",0.0813953488372093,2,2,"annual",73
"recurrent_coverage",,"recurrent_coverage","HOG:0000465",-0.0479452054794521,2,2,"perennial",200
"recurrent_coverage",,"recurrent_coverage","HOG:0000535",-0.0169491525423728,2,2,"perennial",169
"recurrent_coverage",,"recurrent_coverage","HOG:0000537",0,2,2,"neutral",147
"recurrent_coverage",,"recurrent_coverage","HOG:0003541",0.0277777777777778,2,1,"annual",116
"recurrent_coverage",,"recurrent_coverage","HOG:0003561",0.128205128205128,3,1,"annual",47
"recurrent_coverage",,"recurrent_coverage","HOG:0003621",0.195121951219512,4,0,"annual",19
"recurrent_coverage",,"recurrent_coverage","HOG:0003782",0.220238095238096,3,1,"annual",10
"recurrent_coverage",,"recurrent_coverage","HOG:0003795",0.16,3,0,"annual",32
"recurrent_coverage",,"recurrent_coverage","HOG:0004085",-0.062091503267974,1,3,"perennial",224
"recurrent_coverage",,"recurrent_coverage","HOG:0004114",0.0053191489361702,2,2,"annual",144
"recurrent_coverage",,"recurrent_coverage","HOG:0004116",0.169117647058823,3,1,"annual",26
"recurrent_coverage",,"recurrent_coverage","HOG:0004192",-0.0463576158940397,1,3,"perennial",196
"recurrent_coverage",,"recurrent_coverage","HOG:0005589",-0.0314685314685314,1,3,"perennial",182
"recurrent_coverage",,"recurrent_coverage","HOG:0005639",-0.140625,0,4,"perennial",302
"recurrent_coverage",,"recurrent_coverage","HOG:0005666",-0.0283018867924529,1,3,"perennial",179
"recurrent_coverage",,"recurrent_coverage","HOG:0005683",0,2,2,"neutral",148
"recurrent_coverage",,"recurrent_coverage","HOG:0005689",-0.00943396226415095,2,2,"perennial",159
"recurrent_coverage",,"recurrent_coverage","HOG:0005690",-0.01875,2,2,"perennial",172
"recurrent_coverage",,"recurrent_coverage","HOG:0005788",-0.104575163398693,1,3,"perennial",278
"recurrent_coverage",,"recurrent_coverage","HOG:0005833",0.0111111111111111,2,1,"annual",140
"recurrent_coverage",,"recurrent_coverage","HOG:0005857",0.0431034482758621,2,1,"annual",101
"recurrent_coverage",,"recurrent_coverage","HOG:0005877",0.03125,2,2,"annual",113
"recurrent_coverage",,"recurrent_coverage","HOG:0005960",0.106382978723404,2,2,"annual",59
"recurrent_coverage",,"recurrent_coverage","HOG:0006008",-0.262820512820513,1,3,"perennial",324
"recurrent_coverage",,"recurrent_coverage","HOG:0006009",-0.31858407079646,1,3,"perennial",334
"recurrent_coverage",,"recurrent_coverage","HOG:0006052",0.0340909090909091,2,2,"annual",109
"recurrent_coverage",,"recurrent_coverage","HOG:0006057",0.020408163265306,2,2,"annual",127
"recurrent_coverage",,"recurrent_coverage","HOG:0006123",-0.0604026845637583,1,3,"perennial",221
"recurrent_coverage",,"recurrent_coverage","HOG:0006131",0.0694444444444445,3,1,"annual",80
"recurrent_coverage",,"recurrent_coverage","HOG:0006139",-0.278947368421053,1,3,"perennial",327
"recurrent_coverage",,"recurrent_coverage","HOG:0006149",0.0324675324675325,3,1,"annual",111
"recurrent_coverage",,"recurrent_coverage","HOG:0006205",-0.0590277777777777,1,3,"perennial",218
"recurrent_coverage",,"recurrent_coverage","HOG:0006208",-0.0797101449275361,2,2,"perennial",254
"recurrent_coverage",,"recurrent_coverage","HOG:0006263",-0.0614754098360656,1,3,"perennial",223
"recurrent_coverage",,"recurrent_coverage","HOG:0006264",-0.0337837837837838,1,3,"perennial",185
"recurrent_coverage",,"recurrent_coverage","HOG:0006332",0.12037037037037,3,0,"annual",50
"recurrent_coverage",,"recurrent_coverage","HOG:0006334",-0.0714285714285715,1,3,"perennial",239
"recurrent_coverage",,"recurrent_coverage","HOG:0006346",-0.303571428571428,0,4,"perennial",331
"recurrent_coverage",,"recurrent_coverage","HOG:0006505",-0.170289855072463,1,3,"perennial",310
"recurrent_coverage",,"recurrent_coverage","HOG:0006523",0.0185185185185186,2,2,"annual",132
"recurrent_coverage",,"recurrent_coverage","HOG:0006661",0.168674698795181,3,1,"annual",27
"recurrent_coverage",,"recurrent_coverage","HOG:0007636",0.0961538461538461,3,1,"annual",65
"recurrent_coverage",,"recurrent_coverage","HOG:0007637",-0.0243055555555556,1,3,"perennial",176
"recurrent_coverage",,"recurrent_coverage","HOG:0007638",0.0928571428571427,3,1,"annual",67
"recurrent_coverage",,"recurrent_coverage","HOG:0007645",-0.224489795918367,0,4,"perennial",322
"recurrent_coverage",,"recurrent_coverage","HOG:0007697",-0.0576923076923077,1,3,"perennial",215
"recurrent_coverage",,"recurrent_coverage","HOG:0007713",-0.152482269503546,1,3,"perennial",307
"recurrent_coverage",,"recurrent_coverage","HOG:0007725",-0.0161290322580646,2,2,"perennial",168
"recurrent_coverage",,"recurrent_coverage","HOG:0007813",-0.108695652173913,1,3,"perennial",282
"recurrent_coverage",,"recurrent_coverage","HOG:0007833",-0.05,2,2,"perennial",205
"recurrent_coverage",,"recurrent_coverage","HOG:0007835",0.160377358490566,3,1,"annual",30
"recurrent_coverage",,"recurrent_coverage","HOG:0007849",-0.012987012987013,2,2,"perennial",164
"recurrent_coverage",,"recurrent_coverage","HOG:0007857",-0.0535714285714286,2,2,"perennial",211
"recurrent_coverage",,"recurrent_coverage","HOG:0007920",0.191919191919192,2,1,"annual",22
"recurrent_coverage",,"recurrent_coverage","HOG:0007936",-0.0801526717557252,0,4,"perennial",256
"recurrent_coverage",,"recurrent_coverage","HOG:0008585",-0.0511363636363635,1,2,"perennial",208
"recurrent_coverage",,"recurrent_coverage","HOG:0008605",0.0691056910569105,3,1,"annual",81
"recurrent_coverage",,"recurrent_coverage","HOG:0008637",-0.064935064935065,1,3,"perennial",230
"recurrent_coverage",,"recurrent_coverage","HOG:0008696",-0.127906976744186,1,3,"perennial",295
"recurrent_coverage",,"recurrent_coverage","HOG:0008697",0.0188679245283019,2,2,"annual",131
"recurrent_coverage",,"recurrent_coverage","HOG:0008717",-0.0333333333333334,2,2,"perennial",184
"recurrent_coverage",,"recurrent_coverage","HOG:0008732",-0.0769230769230769,1,3,"perennial",246
"recurrent_coverage",,"recurrent_coverage","HOG:0008733",0.339285714285715,3,1,"annual",1
"recurrent_coverage",,"recurrent_coverage","HOG:0010481",0.0462962962962963,3,1,"annual",99
"recurrent_coverage",,"recurrent_coverage","HOG:0010482",0.0241935483870968,2,2,"annual",124
"recurrent_coverage",,"recurrent_coverage","HOG:0010549",0.158333333333333,3,1,"annual",33
"recurrent_coverage",,"recurrent_coverage","HOG:0010551",0.0909090909090906,3,1,"annual",69
"recurrent_coverage",,"recurrent_coverage","HOG:0010571",-0.0264900662251656,2,2,"perennial",178
"recurrent_coverage",,"recurrent_coverage","HOG:0010703",0,2,2,"neutral",149
"recurrent_coverage",,"recurrent_coverage","HOG:0010710",-0.107142857142857,1,3,"perennial",281
"recurrent_coverage",,"recurrent_coverage","HOG:0010736",-0.0625,1,3,"perennial",225
"recurrent_coverage",,"recurrent_coverage","HOG:0010929",-0.3,1,3,"perennial",330
"recurrent_coverage",,"recurrent_coverage","HOG:0011023",-0.0503875968992247,2,2,"perennial",206
"recurrent_coverage",,"recurrent_coverage","HOG:0011064",-0.111111111111111,1,3,"perennial",284
"recurrent_coverage",,"recurrent_coverage","HOG:0011086",-0.116935483870967,1,3,"perennial",287
"recurrent_coverage",,"recurrent_coverage","HOG:0011478",0,2,2,"neutral",150
"recurrent_coverage",,"recurrent_coverage","HOG:0011497",-0.0633802816901408,1,3,"perennial",227
"recurrent_coverage",,"recurrent_coverage","HOG:0011510",0.0737704918032787,3,1,"annual",75
"recurrent_coverage",,"recurrent_coverage","HOG:0011532",-0.180272108843537,1,3,"perennial",311
"recurrent_coverage",,"recurrent_coverage","HOG:0011540",0.114035087719298,2,2,"annual",55
"recurrent_coverage",,"recurrent_coverage","HOG:0011541",0.0833333333333333,4,0,"annual",71
"recurrent_coverage",,"recurrent_coverage","HOG:0011544",0.0659340659340659,3,1,"annual",84
"recurrent_coverage",,"recurrent_coverage","HOG:0011628",0.128571428571429,3,1,"annual",46
"recurrent_coverage",,"recurrent_coverage","HOG:0011640",-0.0795454545454544,1,3,"perennial",253
"recurrent_coverage",,"recurrent_coverage","HOG:0011649",-0.0304054054054054,2,2,"perennial",180
"recurrent_coverage",,"recurrent_coverage","HOG:0011715",0.090909090909091,2,0,"annual",68
"recurrent_coverage",,"recurrent_coverage","HOG:0011717",-0.060344827586207,1,3,"perennial",220
"recurrent_coverage",,"recurrent_coverage","HOG:0011775",0.25,3,1,"annual",5
"recurrent_coverage",,"recurrent_coverage","HOG:0011862",-0.0662251655629138,1,3,"perennial",232
"recurrent_coverage",,"recurrent_coverage","HOG:0011942",-0.275,1,3,"perennial",325
"recurrent_coverage",,"recurrent_coverage","HOG:0012011",0.148936170212766,3,1,"annual",37
"recurrent_coverage",,"recurrent_coverage","HOG:0012012",-0.0056179775280899,0,2,"perennial",154
"recurrent_coverage",,"recurrent_coverage","HOG:0012035",-0.089430894308943,0,4,"perennial",264
"recurrent_coverage",,"recurrent_coverage","HOG:0012056",-0.0950704225352113,1,3,"perennial",271
"recurrent_coverage",,"recurrent_coverage","HOG:0012101",0.060344827586207,3,1,"annual",87
"recurrent_coverage",,"recurrent_coverage","HOG:0012102",0.1,4,0,"annual",62
"recurrent_coverage",,"recurrent_coverage","HOG:0012227",-0.346153846153846,1,3,"perennial",335
"recurrent_coverage",,"recurrent_coverage","HOG:0012253",-0.20703125,1,3,"perennial",319
"recurrent_coverage",,"recurrent_coverage","HOG:0012261",0.0578947368421053,2,2,"annual",91
"recurrent_coverage",,"recurrent_coverage","HOG:0012297",0.0648148148148147,3,1,"annual",86
"recurrent_coverage",,"recurrent_coverage","HOG:0012334",-0.106382978723404,1,3,"perennial",279
"recurrent_coverage",,"recurrent_coverage","HOG:0012340",0.0706521739130438,2,2,"annual",78
"recurrent_coverage",,"recurrent_coverage","HOG:0012390",-0.08,1,2,"perennial",255
"recurrent_coverage",,"recurrent_coverage","HOG:0012402",-0.0578231292517007,1,3,"perennial",216
"recurrent_coverage",,"recurrent_coverage","HOG:0012403",0.0185185185185184,2,2,"annual",133
"recurrent_coverage",,"recurrent_coverage","HOG:0012511",0.0201612903225808,2,2,"annual",128
"recurrent_coverage",,"recurrent_coverage","HOG:0012540",-0.139784946236559,1,3,"perennial",301
"recurrent_coverage",,"recurrent_coverage","HOG:0013148",0.0555555555555555,2,2,"annual",93
"recurrent_coverage",,"recurrent_coverage","HOG:0013389",-0.0625,1,2,"perennial",226
"recurrent_coverage",,"recurrent_coverage","HOG:0014208",0.134615384615384,3,1,"annual",41
"recurrent_coverage",,"recurrent_coverage","HOG:0014354",0.058823529411765,2,2,"annual",89
"recurrent_coverage",,"recurrent_coverage","HOG:0016116",-0.282051282051282,0,4,"perennial",328
"recurrent_coverage",,"recurrent_coverage","HOG:0016166",-0.0245901639344262,2,2,"perennial",177
"recurrent_coverage",,"recurrent_coverage","HOG:0016200",-0.0555555555555556,1,3,"perennial",212
"recurrent_coverage",,"recurrent_coverage","HOG:0016371",-0.123076923076923,1,3,"perennial",290
"recurrent_coverage",,"recurrent_coverage","HOG:0016389",-0.06993006993007,1,3,"perennial",237
"recurrent_coverage",,"recurrent_coverage","HOG:0016397",0.0245901639344262,2,2,"annual",122
"recurrent_coverage",,"recurrent_coverage","HOG:0016566",-0.0729166666666667,1,3,"perennial",242
"recurrent_coverage",,"recurrent_coverage","HOG:0016625",-0.0530303030303029,2,2,"perennial",210
"recurrent_coverage",,"recurrent_coverage","HOG:0016636",-0.0327868852459016,2,2,"perennial",183
"recurrent_coverage",,"recurrent_coverage","HOG:0016795",-0.0771812080536914,1,3,"perennial",247
"recurrent_coverage",,"recurrent_coverage","HOG:0016909",-0.0808823529411766,1,3,"perennial",257
"recurrent_coverage",,"recurrent_coverage","HOG:0016913",-0.08984375,1,3,"perennial",266
"recurrent_coverage",,"recurrent_coverage","HOG:0016944",0.271428571428572,3,1,"annual",4
"recurrent_coverage",,"recurrent_coverage","HOG:0017159",-0.111888111888112,1,3,"perennial",285
"recurrent_coverage",,"recurrent_coverage","HOG:0017160",0.0377358490566038,2,1,"annual",106
"recurrent_coverage",,"recurrent_coverage","HOG:0017178",0.056179775280899,2,1,"annual",92
"recurrent_coverage",,"recurrent_coverage","HOG:0017189",0.209302325581395,3,1,"annual",15
"recurrent_coverage",,"recurrent_coverage","HOG:0017319",-0.127358490566038,2,2,"perennial",293
"recurrent_coverage",,"recurrent_coverage","HOG:0018009",-0.134259259259259,1,3,"perennial",297
"recurrent_coverage",,"recurrent_coverage","HOG:0018037",-0.094059405940594,1,3,"perennial",269
"recurrent_coverage",,"recurrent_coverage","HOG:0018100",-0.181481481481482,2,2,"perennial",313
"recurrent_coverage",,"recurrent_coverage","HOG:0018221",-0.119565217391304,1,3,"perennial",288
"recurrent_coverage",,"recurrent_coverage","HOG:0018364",-0.0520833333333333,1,3,"perennial",209
"recurrent_coverage",,"recurrent_coverage","HOG:0018454",0.126582278481013,3,1,"annual",48
"recurrent_coverage",,"recurrent_coverage","HOG:0018459",0.166666666666666,3,1,"annual",28
"recurrent_coverage",,"recurrent_coverage","HOG:0018504",0,1,1,"neutral",151
"recurrent_coverage",,"recurrent_coverage","HOG:0018534",0.00735294117647055,2,2,"annual",143
"recurrent_coverage",,"recurrent_coverage","HOG:0019394",-0.0608974358974359,1,3,"perennial",222
"recurrent_coverage",,"recurrent_coverage","HOG:0019459",-0.0364583333333333,1,2,"perennial",188
"recurrent_coverage",,"recurrent_coverage","HOG:0019536",-0.0133333333333335,2,2,"perennial",165
"recurrent_coverage",,"recurrent_coverage","HOG:0019927",-0.0714285714285716,1,3,"perennial",241
"recurrent_coverage",,"recurrent_coverage","HOG:0020076",-0.0476190476190476,1,3,"perennial",199
"recurrent_coverage",,"recurrent_coverage","HOG:0020293",0.0344827586206896,3,1,"annual",108
"recurrent_coverage",,"recurrent_coverage","HOG:0020310",-0.277777777777778,1,3,"perennial",326
"recurrent_coverage",,"recurrent_coverage","HOG:0020311",-0.19927536231884,1,3,"perennial",318
"recurrent_coverage",,"recurrent_coverage","HOG:0020349",-0.0555555555555556,1,3,"perennial",213
"recurrent_coverage",,"recurrent_coverage","HOG:0020382",4.9960036108132e-16,2,2,"annual",145
"recurrent_coverage",,"recurrent_coverage","HOG:0020408",-0.0789473684210528,0,4,"perennial",252
"recurrent_coverage",,"recurrent_coverage","HOG:0020549",0.288461538461539,3,1,"annual",2
"recurrent_coverage",,"recurrent_coverage","HOG:0020610",-0.00636942675159235,2,2,"perennial",156
"recurrent_coverage",,"recurrent_coverage","HOG:0020711",0.0404040404040406,2,2,"annual",105
"recurrent_coverage",,"recurrent_coverage","HOG:0021036",-0.0597014925373135,1,3,"perennial",219
"recurrent_coverage",,"recurrent_coverage","HOG:0021123",-0.0833333333333332,2,2,"perennial",259
"recurrent_coverage",,"recurrent_coverage","HOG:0021825",0.153846153846153,4,0,"annual",35
"recurrent_coverage",,"recurrent_coverage","HOG:0021895",-0.0559701492537314,1,3,"perennial",214
"recurrent_coverage",,"recurrent_coverage","HOG:0021930",-0.0142857142857143,1,3,"perennial",166
"recurrent_coverage",,"recurrent_coverage","HOG:0021943",0.0696202531645568,3,1,"annual",79
"recurrent_coverage",,"recurrent_coverage","HOG:0022123",0.274193548387096,3,1,"annual",3
"recurrent_coverage",,"recurrent_coverage","HOG:0022504",-0.126865671641791,1,3,"perennial",292
"recurrent_coverage",,"recurrent_coverage","HOG:0022739",-0.0404411764705883,2,2,"perennial",194
"recurrent_coverage",,"recurrent_coverage","HOG:0022810",-0.116666666666667,1,3,"perennial",286
"recurrent_coverage",,"recurrent_coverage","HOG:0022830",-0.0664335664335665,2,2,"perennial",233
"recurrent_coverage",,"recurrent_coverage","HOG:0022918",-0.0909090909090907,1,3,"perennial",267
"recurrent_coverage",,"recurrent_coverage","HOG:0022963",-0.0365853658536584,2,2,"perennial",189
"recurrent_coverage",,"recurrent_coverage","HOG:0023036",0.0416666666666665,2,2,"annual",103
"recurrent_coverage",,"recurrent_coverage","HOG:0023048",0.1,3,1,"annual",63
"recurrent_coverage",,"recurrent_coverage","HOG:0023085",-0.0704225352112677,1,3,"perennial",238
"recurrent_coverage",,"recurrent_coverage","HOG:0023138",0.119565217391305,3,1,"annual",51
"recurrent_coverage",,"recurrent_coverage","HOG:0023192",-0.0738255033557047,1,3,"perennial",244
"recurrent_coverage",,"recurrent_coverage","HOG:0023227",-0.0375,1,3,"perennial",190
"recurrent_coverage",,"recurrent_coverage","HOG:0023230",0.024822695035461,2,2,"annual",121
"recurrent_coverage",,"recurrent_coverage","HOG:0023358",-0.123287671232877,1,3,"perennial",291
"recurrent_coverage",,"recurrent_coverage","HOG:0023400",-0.136363636363636,1,3,"perennial",299
"recurrent_coverage",,"recurrent_coverage","HOG:0023427",0.03125,2,2,"annual",114
"recurrent_coverage",,"recurrent_coverage","HOG:0023439",0.0307692307692308,2,2,"annual",115
"recurrent_coverage",,"recurrent_coverage","HOG:0023564",-0.104347826086956,1,3,"perennial",277
"recurrent_coverage",,"recurrent_coverage","HOG:0023601",0.0323741007194245,2,2,"annual",112
"recurrent_coverage",,"recurrent_coverage","HOG:0023669",0.109154929577465,3,1,"annual",58
"recurrent_coverage",,"recurrent_coverage","HOG:0023825",-0.127450980392157,2,2,"perennial",294
"recurrent_coverage",,"recurrent_coverage","HOG:0023896",-0.371428571428571,1,3,"perennial",336
"recurrent_coverage",,"recurrent_coverage","HOG:0023914",-0.04,1,3,"perennial",193
"recurrent_coverage",,"recurrent_coverage","HOG:0024277",0.0370370370370371,3,1,"annual",107
"recurrent_coverage",,"recurrent_coverage","HOG:0024337",-0.0661764705882355,1,2,"perennial",231
"recurrent_coverage",,"recurrent_coverage","HOG:0024401",-0.191176470588235,0,4,"perennial",315
"recurrent_coverage",,"recurrent_coverage","HOG:0024444",-0.0476190476190475,1,3,"perennial",198
"recurrent_coverage",,"recurrent_coverage","HOG:0024452",-0.083969465648855,1,3,"perennial",260
"recurrent_coverage",,"recurrent_coverage","HOG:0024495",0.018867924528302,3,1,"annual",130
"recurrent_coverage",,"recurrent_coverage","HOG:0024562",0.105882352941176,3,1,"annual",60
"recurrent_coverage",,"recurrent_coverage","HOG:0024574",0.0271739130434785,2,2,"annual",118
"recurrent_coverage",,"recurrent_coverage","HOG:0024629",0.243243243243243,3,1,"annual",6
"recurrent_coverage",,"recurrent_coverage","HOG:0024791",-0.183206106870229,1,3,"perennial",314
"recurrent_coverage",,"recurrent_coverage","HOG:0024905",0.145833333333334,2,2,"annual",39
"recurrent_coverage",,"recurrent_coverage","HOG:0024976",-0.06875,1,3,"perennial",235
"recurrent_coverage",,"recurrent_coverage","HOG:0024990",-0.0494505494505494,1,3,"perennial",203
"recurrent_coverage",,"recurrent_coverage","HOG:0025124",0.0480769230769228,2,2,"annual",97
"recurrent_coverage",,"recurrent_coverage","HOG:0025149",0.116666666666666,2,2,"annual",54
"recurrent_coverage",,"recurrent_coverage","HOG:0025186",-0.090909090909091,1,3,"perennial",268
"recurrent_coverage",,"recurrent_coverage","HOG:0025219",0.0120967741935483,2,2,"annual",139
"recurrent_coverage",,"recurrent_coverage","HOG:0025231",-0.0895522388059699,1,3,"perennial",265
"recurrent_coverage",,"recurrent_coverage","HOG:0025232",-0.0783582089552239,2,2,"perennial",249
"recurrent_coverage",,"recurrent_coverage","HOG:0025316",0.0729166666666668,2,2,"annual",76
"recurrent_coverage",,"recurrent_coverage","HOG:0025342",0.0326086956521739,3,1,"annual",110
"recurrent_coverage",,"recurrent_coverage","HOG:0025801",0.118421052631579,4,0,"annual",52
"recurrent_coverage",,"recurrent_coverage","HOG:0025848",0.0967741935483872,3,0,"annual",64
"recurrent_coverage",,"recurrent_coverage","HOG:0025863",-0.1015625,1,3,"perennial",274
"recurrent_coverage",,"recurrent_coverage","HOG:0025923",0.00862068965517245,2,1,"annual",142
"recurrent_coverage",,"recurrent_coverage","HOG:0025959",0.0446428571428572,3,1,"annual",100
"recurrent_coverage",,"recurrent_coverage","HOG:0026019",0.19811320754717,3,1,"annual",18
"recurrent_coverage",,"recurrent_coverage","HOG:0026073",0.0274725274725276,2,2,"annual",117
"recurrent_coverage",,"recurrent_coverage","HOG:0026142",-0.164473684210526,1,3,"perennial",309
"recurrent_coverage",,"recurrent_coverage","HOG:0026234",0.0528455284552845,3,1,"annual",94
"recurrent_coverage",,"recurrent_coverage","HOG:0026340",-0.0714285714285715,2,2,"perennial",240
"recurrent_coverage",,"recurrent_coverage","HOG:0026360",0.202898550724637,3,1,"annual",17
"recurrent_coverage",,"recurrent_coverage","HOG:0026361",0,2,2,"neutral",152
"recurrent_coverage",,"recurrent_coverage","HOG:0026397",0.0136986301369863,2,1,"annual",138
"recurrent_coverage",,"recurrent_coverage","HOG:0026451",0.227272727272727,3,0,"annual",8
"recurrent_coverage",,"recurrent_coverage","HOG:0026499",-0.0423076923076923,1,3,"perennial",195
"recurrent_coverage",,"recurrent_coverage","HOG:0026507",0.194444444444445,3,1,"annual",20
"recurrent_coverage",,"recurrent_coverage","HOG:0026549",-0.193181818181819,2,2,"perennial",316
"recurrent_coverage",,"recurrent_coverage","HOG:0026556",-0.0698924731182795,1,3,"perennial",236
"recurrent_coverage",,"recurrent_coverage","HOG:0026637",0.0517241379310347,2,2,"annual",95
"recurrent_coverage",,"recurrent_coverage","HOG:0026703",-0.0312500000000002,2,2,"perennial",181
"recurrent_coverage",,"recurrent_coverage","HOG:0026707",-0.0348837209302325,1,3,"perennial",186
"recurrent_coverage",,"recurrent_coverage","HOG:0026742",0.0851063829787235,2,1,"annual",70
"recurrent_coverage",,"recurrent_coverage","HOG:0026770",-0.102112676056338,1,3,"perennial",275
"recurrent_coverage",,"recurrent_coverage","HOG:0026774",0.105769230769231,2,2,"annual",61
"recurrent_coverage",,"recurrent_coverage","HOG:0026834",-0.0882352941176471,1,3,"perennial",263
"recurrent_coverage",,"recurrent_coverage","HOG:0026838",0.225490196078431,2,1,"annual",9
"recurrent_coverage",,"recurrent_coverage","HOG:0026902",-0.223214285714286,1,3,"perennial",321
"recurrent_coverage",,"recurrent_coverage","HOG:0026946",0.157894736842105,3,0,"annual",34
"recurrent_coverage",,"recurrent_coverage","HOG:0027005",0.148514851485149,3,1,"annual",38
"recurrent_coverage",,"recurrent_coverage","HOG:0027032",0.0957446808510636,2,2,"annual",66
"recurrent_coverage",,"recurrent_coverage","HOG:0027054",0.144736842105263,4,0,"annual",40
"recurrent_coverage",,"recurrent_coverage","HOG:0027090",0.0166666666666665,2,2,"annual",135
"recurrent_coverage",,"recurrent_coverage","HOG:0027091",-0.25,1,3,"perennial",323
"recurrent_coverage",,"recurrent_coverage","HOG:0027098",-0.0643939393939394,1,3,"perennial",229
"recurrent_coverage",,"recurrent_coverage","HOG:0027147",-0.0945945945945945,1,3,"perennial",270
"recurrent_coverage",,"recurrent_coverage","HOG:0027281",-0.209677419354838,1,3,"perennial",320
"recurrent_coverage",,"recurrent_coverage","HOG:0027282",0.18,2,2,"annual",24
"recurrent_coverage",,"recurrent_coverage","HOG:0027285",-0.135135135135135,2,2,"perennial",298
"recurrent_coverage",,"recurrent_coverage","HOG:0027303",-0.193877551020408,0,4,"perennial",317
"recurrent_coverage",,"recurrent_coverage","HOG:0027351",0.213333333333333,3,1,"annual",12
"recurrent_coverage",,"recurrent_coverage","HOG:0027413",-0.137254901960784,0,4,"perennial",300
"recurrent_coverage",,"recurrent_coverage","HOG:0027421",5.20417042793042e-17,2,2,"annual",146
"recurrent_coverage",,"recurrent_coverage","HOG:0027495",-0.005747126436782,2,2,"perennial",155
"recurrent_coverage",,"recurrent_coverage","HOG:0027529",-0.0180722891566264,2,2,"perennial",170
"recurrent_coverage",,"recurrent_coverage","HOG:0027601",0.122641509433962,4,0,"annual",49
"recurrent_coverage",,"recurrent_coverage","HOG:0027639",0.18918918918919,3,1,"annual",23
"recurrent_coverage",,"recurrent_coverage","HOG:0027641",0.0725806451612905,2,0,"annual",77
"recurrent_coverage",,"recurrent_coverage","HOG:0027704",0.0673076923076925,3,1,"annual",83
"recurrent_coverage",,"recurrent_coverage","HOG:0027706",0.213333333333333,3,1,"annual",13
"recurrent_coverage",,"recurrent_coverage","HOG:0027905",0.172413793103448,4,0,"annual",25
"recurrent_coverage",,"recurrent_coverage","HOG:0027918",-0.0490196078431372,1,3,"perennial",201
"recurrent_coverage",,"recurrent_coverage","HOG:0027975",0.0180722891566265,2,2,"annual",134
"recurrent_coverage",,"recurrent_coverage","HOG:0028005",0.118421052631579,2,2,"annual",53
"recurrent_coverage",,"recurrent_coverage","HOG:0028008",-0.0677966101694915,2,2,"perennial",234
"recurrent_coverage",,"recurrent_coverage","HOG:0028012",0.0425531914893615,2,2,"annual",102
"recurrent_coverage",,"recurrent_coverage","HOG:0028018",-0.0958904109589039,1,3,"perennial",272
"recurrent_coverage",,"recurrent_coverage","HOG:0028065",-0.318181818181818,1,3,"perennial",332
"recurrent_coverage",,"recurrent_coverage","HOG:0028089",-0.109489051094891,1,3,"perennial",283
"recurrent_coverage",,"recurrent_coverage","HOG:0028145",0.0677966101694917,2,2,"annual",82
"recurrent_coverage",,"recurrent_coverage","HOG:0028197",0.11,3,1,"annual",56
"recurrent_coverage",,"recurrent_coverage","HOG:0028198",0.0147058823529412,3,1,"annual",136
"recurrent_coverage",,"recurrent_coverage","HOG:0028263",0.01,2,2,"annual",141
"recurrent_coverage",,"recurrent_coverage","HOG:0028333",0.209090909090909,3,1,"annual",16
"recurrent_coverage",,"recurrent_coverage","HOG:0028381",-0.103092783505155,1,3,"perennial",276
"recurrent_coverage",,"recurrent_coverage","HOG:0028394",-0.107142857142857,1,3,"perennial",280
"recurrent_coverage",,"recurrent_coverage","HOG:0028395",-0.074074074074074,1,2,"perennial",245
"recurrent_coverage",,"recurrent_coverage","HOG:0028440",-0.13125,1,3,"perennial",296
"recurrent_coverage",,"recurrent_coverage","HOG:0028636",0.211340206185567,3,1,"annual",14
"recurrent_coverage",,"recurrent_coverage","HOG:0028647",-0.0789473684210528,2,2,"perennial",251
"recurrent_coverage",,"recurrent_coverage","HOG:0028661",0.065217391304348,3,1,"annual",85
"recurrent_coverage",,"recurrent_coverage","HOG:0028695",0.0406976744186047,4,0,"annual",104
"recurrent_coverage",,"recurrent_coverage","HOG:0028717",0.150537634408602,3,1,"annual",36
"recurrent_coverage",,"recurrent_coverage","HOG:0028718",0.0601503759398498,2,2,"annual",88
"recurrent_coverage",,"recurrent_coverage","HOG:0028720",-0.318181818181818,1,3,"perennial",333
"recurrent_coverage",,"recurrent_coverage","HOG:0028766",-0.0637583892617452,1,3,"perennial",228
"recurrent_coverage",,"recurrent_coverage","HOG:0028850",0.0774647887323945,2,2,"annual",74
"recurrent_coverage",,"recurrent_coverage","HOG:0028978",-0.0465116279069768,1,3,"perennial",197
"recurrent_coverage",,"recurrent_coverage","HOG:0029110",-0.0866666666666665,1,2,"perennial",262
"recurrent_coverage",,"recurrent_coverage","HOG:0029148",-0.0192307692307692,1,3,"perennial",174
"recurrent_coverage",,"recurrent_coverage","HOG:0029401",0.0500000000000001,3,1,"annual",96
"recurrent_coverage",,"recurrent_coverage","HOG:0029429",0.109756097560976,3,1,"annual",57
"recurrent_coverage",,"recurrent_coverage","HOG:0029472",-0.162280701754386,1,3,"perennial",308
"recurrent_coverage",,"recurrent_coverage","HOG:0029484",0.0464285714285716,2,2,"annual",98
"recurrent_coverage",,"recurrent_coverage","HOG:0029540",0.0232558139534884,2,1,"annual",125
"recurrent_coverage",,"recurrent_coverage","HOG:0029544",-0.145669291338583,1,3,"perennial",306
"recurrent_coverage",,"recurrent_coverage","HOG:0029921",0.132352941176471,3,1,"annual",42
"recurrent_coverage",,"recurrent_coverage","HOG:0030062",-0.145454545454545,1,3,"perennial",305
"recurrent_coverage",,"recurrent_coverage","HOG:0030801",-0.00746268656716451,2,2,"perennial",157
"recurrent_coverage",,"recurrent_coverage","HOG:0030881",-0.0388888888888888,2,2,"perennial",191
"recurrent_coverage",,"recurrent_coverage","HOG:0030883",-0.0491071428571431,2,2,"perennial",202
"recurrent_coverage",,"recurrent_coverage","HOG:0030884",-0.0116279069767442,2,2,"perennial",160
"recurrent_coverage",,"recurrent_coverage","HOG:0030885",0.0820895522388062,2,2,"annual",72
"recurrent_coverage",,"recurrent_coverage","HOG:0030886",-0.0789473684210527,1,3,"perennial",250
"recurrent_coverage",,"recurrent_coverage","HOG:0030887",-0.018348623853211,2,2,"perennial",171
"recurrent_coverage",,"recurrent_coverage","HOG:0031056",0.0588235294117645,2,2,"annual",90
"recurrent_coverage",,"recurrent_coverage","HOG:0031066",-0.0588235294117645,1,2,"perennial",217
"recurrent_coverage",,"recurrent_coverage","HOG:0031127",0.129411764705883,3,0,"annual",45
"recurrent_coverage",,"recurrent_coverage","HOG:0031129",0.242424242424242,3,1,"annual",7
"recurrent_coverage",,"recurrent_coverage","HOG:0031227",-0.14179104477612,1,3,"perennial",303
"recurrent_coverage",,"recurrent_coverage","HOG:0031321",-0.120689655172414,1,3,"perennial",289
"recurrent_coverage",,"recurrent_coverage","HOG:0031418",0.16,4,0,"annual",31
"recurrent_coverage",,"recurrent_coverage","HOG:0031473",-0.285714285714286,1,3,"perennial",329
"recurrent_coverage",,"recurrent_coverage","HOG:0031530",0.0268817204301074,2,2,"annual",119
"recurrent_coverage",,"recurrent_coverage","HOG:0031653",-0.0851851851851851,2,2,"perennial",261
"recurrent_coverage",,"recurrent_coverage","HOG:0031982",0.0256410256410257,2,1,"annual",120
"recurrent_coverage",,"recurrent_coverage","HOG:0032060",-0.0161290322580645,2,2,"perennial",167
"recurrent_coverage",,"recurrent_coverage","HOG:0032061",0.0142857142857143,2,1,"annual",137
"recurrent_coverage",,"recurrent_coverage","HOG:0032161",0.130769230769231,2,2,"annual",43
"recurrent_coverage",,"recurrent_coverage","HOG:0032320",-0.180555555555555,1,3,"perennial",312
"recurrent_coverage",,"recurrent_coverage","HOG:0032348",0.192982456140351,3,1,"annual",21
"recurrent_coverage",,"recurrent_coverage","HOG:0032397",-0.1,1,3,"perennial",273
"recurrent_coverage",,"recurrent_coverage","HOG:0032436",0,2,2,"neutral",153
"recurrent_coverage",,"recurrent_coverage","HOG:0032593",-0.0733333333333333,1,3,"perennial",243
"recurrent_coverage",,"recurrent_coverage","HOG:0032629",0.02,2,2,"annual",129
"recurrent_coverage",,"recurrent_coverage","HOG:0032765",0.12962962962963,3,1,"annual",44
"recurrent_coverage",,"recurrent_coverage","HOG:0032849",-0.0116279069767442,2,2,"perennial",161
"recurrent_coverage",,"recurrent_coverage","HOG:0032893",-0.0243055555555555,1,3,"perennial",175
"recurrent_coverage",,"recurrent_coverage","HOG:0032903",-0.0510204081632655,2,2,"perennial",207
"recurrent_coverage",,"recurrent_coverage","HOG:0032904",-0.0833333333333331,2,2,"perennial",258
"recurrent_coverage",,"recurrent_coverage","HOG:0032920",0.024271844660194,2,2,"annual",123
"recurrent_coverage",,"recurrent_coverage","HOG:0032961",0.16304347826087,3,1,"annual",29
"recurrent_coverage",,"recurrent_coverage","HOG:0032963",0.216981132075472,3,1,"annual",11
"recurrent_coverage",,"recurrent_coverage","HOG:0033004",-0.011764705882353,2,2,"perennial",163
"recurrent_coverage",,"recurrent_coverage","HOG:0033256",-0.0189873417721519,1,3,"perennial",173
"recurrent_coverage",,"recurrent_coverage","HOG:0033359",-0.01171875,2,2,"perennial",162
"recurrent_coverage",,"recurrent_coverage","HOG:0033476",-0.0357142857142858,2,2,"perennial",187
"root_early_to_late","root","early_to_late","HOG:0000079",-0.107015987204049,1,3,"perennial",316
"root_early_to_late","root","early_to_late","HOG:0000096",-0.0357980916805217,2,2,"perennial",270
"root_early_to_late","root","early_to_late","HOG:0000122",0.0341359197617956,2,2,"annual",176
"root_early_to_late","root","early_to_late","HOG:0000178",0.0623054312669899,3,1,"annual",123
"root_early_to_late","root","early_to_late","HOG:0000191",0.0462985772862594,3,1,"annual",146
"root_early_to_late","root","early_to_late","HOG:0000226",0.0623646411471631,3,1,"annual",122
"root_early_to_late","root","early_to_late","HOG:0000322",-0.0869746090198108,1,3,"perennial",307
"root_early_to_late","root","early_to_late","HOG:0000465",0.00996986821401268,2,2,"annual",212
"root_early_to_late","root","early_to_late","HOG:0000535",0.0024689387287355,2,2,"annual",224
"root_early_to_late","root","early_to_late","HOG:0000537",0.00559841452018232,2,2,"annual",219
"root_early_to_late","root","early_to_late","HOG:0003541",0.0655122379918465,2,2,"annual",113
"root_early_to_late","root","early_to_late","HOG:0003561",0.34008812287716,3,1,"annual",35
"root_early_to_late","root","early_to_late","HOG:0003621",0.145152320343733,2,2,"annual",47
"root_early_to_late","root","early_to_late","HOG:0003782",0.19061843619489,3,1,"annual",40
"root_early_to_late","root","early_to_late","HOG:0003795",0.0217667373678701,2,2,"annual",197
"root_early_to_late","root","early_to_late","HOG:0004085",0.062829102491632,3,1,"annual",120
"root_early_to_late","root","early_to_late","HOG:0004114",0.0409648209182819,3,1,"annual",162
"root_early_to_late","root","early_to_late","HOG:0004116",-0.0369787607841212,2,2,"perennial",273
"root_early_to_late","root","early_to_late","HOG:0004192",0.0607250458865781,3,1,"annual",126
"root_early_to_late","root","early_to_late","HOG:0005589",0.0331742321547183,2,2,"annual",179
"root_early_to_late","root","early_to_late","HOG:0005639",0.11416164526759,3,1,"annual",57
"root_early_to_late","root","early_to_late","HOG:0005666",-0.0216127639449202,2,2,"perennial",248
"root_early_to_late","root","early_to_late","HOG:0005683",0.707096096656194,3,1,"annual",10
"root_early_to_late","root","early_to_late","HOG:0005689",-0.0304594285894162,2,2,"perennial",264
"root_early_to_late","root","early_to_late","HOG:0005690",-0.0844731243875109,2,2,"perennial",306
"root_early_to_late","root","early_to_late","HOG:0005788",0.0720549066066091,3,1,"annual",103
"root_early_to_late","root","early_to_late","HOG:0005833",-0.0340084110300613,2,2,"perennial",267
"root_early_to_late","root","early_to_late","HOG:0005857",0.726531187608847,3,1,"annual",7
"root_early_to_late","root","early_to_late","HOG:0005877",0.130283291099932,3,1,"annual",52
"root_early_to_late","root","early_to_late","HOG:0005960",0.40740102727136,3,1,"annual",30
"root_early_to_late","root","early_to_late","HOG:0006008",0.164854597547237,3,1,"annual",42
"root_early_to_late","root","early_to_late","HOG:0006009",0.0883351859445989,3,1,"annual",76
"root_early_to_late","root","early_to_late","HOG:0006052",0.14574298689987,3,1,"annual",46
"root_early_to_late","root","early_to_late","HOG:0006057",-0.0324015274226022,2,2,"perennial",265
"root_early_to_late","root","early_to_late","HOG:0006123",0.0489580426996081,3,1,"annual",141
"root_early_to_late","root","early_to_late","HOG:0006131",0.445155442267955,2,2,"annual",27
"root_early_to_late","root","early_to_late","HOG:0006139",0.0210874877026015,2,2,"annual",200
"root_early_to_late","root","early_to_late","HOG:0006149",0.025553405947629,3,1,"annual",192
"root_early_to_late","root","early_to_late","HOG:0006205",0.0857001671584005,3,1,"annual",81
"root_early_to_late","root","early_to_late","HOG:0006208",0.0228109323209224,2,2,"annual",195
"root_early_to_late","root","early_to_late","HOG:0006263",0.0083623292761007,2,2,"annual",215
"root_early_to_late","root","early_to_late","HOG:0006264",0.0633088818527599,3,1,"annual",119
"root_early_to_late","root","early_to_late","HOG:0006332",0.36528485498987,2,2,"annual",32
"root_early_to_late","root","early_to_late","HOG:0006334",0.108520645703705,3,1,"annual",59
"root_early_to_late","root","early_to_late","HOG:0006346",0.0536025894207361,3,1,"annual",138
"root_early_to_late","root","early_to_late","HOG:0006505",0.0478643860148257,2,2,"annual",143
"root_early_to_late","root","early_to_late","HOG:0006523",0.0234405526988214,2,2,"annual",194
"root_early_to_late","root","early_to_late","HOG:0006661",-0.00986247041712515,2,2,"perennial",236
"root_early_to_late","root","early_to_late","HOG:0007636",0.0847744397622409,3,1,"annual",84
"root_early_to_late","root","early_to_late","HOG:0007637",0.0857876739223958,3,1,"annual",80
"root_early_to_late","root","early_to_late","HOG:0007638",0.0547555539606907,3,1,"annual",135
"root_early_to_late","root","early_to_late","HOG:0007645",0.0962233079106116,3,1,"annual",66
"root_early_to_late","root","early_to_late","HOG:0007697",-0.110894708680768,1,3,"perennial",318
"root_early_to_late","root","early_to_late","HOG:0007713",0.0588053436185068,2,2,"annual",128
"root_early_to_late","root","early_to_late","HOG:0007725",0.00660973526015098,2,2,"annual",217
"root_early_to_late","root","early_to_late","HOG:0007813",0.0247210481872778,2,2,"annual",193
"root_early_to_late","root","early_to_late","HOG:0007833",-0.025563881027145,2,2,"perennial",254
"root_early_to_late","root","early_to_late","HOG:0007835",-0.0889320384571254,2,2,"perennial",309
"root_early_to_late","root","early_to_late","HOG:0007849",-0.141321081677348,1,3,"perennial",330
"root_early_to_late","root","early_to_late","HOG:0007857",-0.0547782439255851,2,2,"perennial",291
"root_early_to_late","root","early_to_late","HOG:0007920",-0.062942605704732,1,3,"perennial",296
"root_early_to_late","root","early_to_late","HOG:0007936",0.0686328121755131,3,1,"annual",108
"root_early_to_late","root","early_to_late","HOG:0008585",-0.0836124987745774,1,3,"perennial",304
"root_early_to_late","root","early_to_late","HOG:0008605",0.0171849263591973,2,2,"annual",204
"root_early_to_late","root","early_to_late","HOG:0008637",-0.00691873457645355,2,2,"perennial",232
"root_early_to_late","root","early_to_late","HOG:0008696",-0.0287312606825264,2,2,"perennial",261
"root_early_to_late","root","early_to_late","HOG:0008697",0.0121557817414685,2,2,"annual",209
"root_early_to_late","root","early_to_late","HOG:0008717",0.0540828751510528,3,1,"annual",137
"root_early_to_late","root","early_to_late","HOG:0008732",-0.169809211496855,1,3,"perennial",335
"root_early_to_late","root","early_to_late","HOG:0008733",-0.0492341826711703,2,2,"perennial",286
"root_early_to_late","root","early_to_late","HOG:0010481",0.874081200412427,3,1,"annual",2
"root_early_to_late","root","early_to_late","HOG:0010482",0.766793600241386,2,2,"annual",5
"root_early_to_late","root","early_to_late","HOG:0010549",0.48686491381584,3,1,"annual",25
"root_early_to_late","root","early_to_late","HOG:0010551",0.632403714722238,2,2,"annual",17
"root_early_to_late","root","early_to_late","HOG:0010571",0.0883828087473176,3,1,"annual",75
"root_early_to_late","root","early_to_late","HOG:0010703",-0.152520834428748,1,3,"perennial",332
"root_early_to_late","root","early_to_late","HOG:0010710",0.0220481493535521,2,2,"annual",196
"root_early_to_late","root","early_to_late","HOG:0010736",0.00402814443612275,2,2,"annual",222
"root_early_to_late","root","early_to_late","HOG:0010929",0.123986283647015,3,1,"annual",54
"root_early_to_late","root","early_to_late","HOG:0011023",0.0735608909058329,2,2,"annual",100
"root_early_to_late","root","early_to_late","HOG:0011064",-0.0836732923710318,2,2,"perennial",305
"root_early_to_late","root","early_to_late","HOG:0011086",0.0413247668055218,3,1,"annual",160
"root_early_to_late","root","early_to_late","HOG:0011478",-0.158513535675294,1,3,"perennial",333
"root_early_to_late","root","early_to_late","HOG:0011497",-0.0129619525849591,1,3,"perennial",241
"root_early_to_late","root","early_to_late","HOG:0011510",0.622463295813735,3,1,"annual",19
"root_early_to_late","root","early_to_late","HOG:0011532",0.0958487585094153,3,1,"annual",67
"root_early_to_late","root","early_to_late","HOG:0011540",0.689359160354636,3,1,"annual",12
"root_early_to_late","root","early_to_late","HOG:0011541",0.487323662138682,3,1,"annual",24
"root_early_to_late","root","early_to_late","HOG:0011544",0.062093223305767,3,1,"annual",124
"root_early_to_late","root","early_to_late","HOG:0011628",-0.227189434019837,1,3,"perennial",336
"root_early_to_late","root","early_to_late","HOG:0011640",0.0479936673688267,3,1,"annual",142
"root_early_to_late","root","early_to_late","HOG:0011649",0.0291688222539988,3,1,"annual",186
"root_early_to_late","root","early_to_late","HOG:0011715",0.0933087942855756,3,1,"annual",70
"root_early_to_late","root","early_to_late","HOG:0011717",0.071272730663587,3,1,"annual",104
"root_early_to_late","root","early_to_late","HOG:0011775",0.640660798665684,3,1,"annual",16
"root_early_to_late","root","early_to_late","HOG:0011862",0.0403055640680072,3,1,"annual",163
"root_early_to_late","root","early_to_late","HOG:0011942",0.00182794496268505,2,2,"annual",225
"root_early_to_late","root","early_to_late","HOG:0012011",0.0353952092495967,2,2,"annual",174
"root_early_to_late","root","early_to_late","HOG:0012012",-0.00412390614334135,2,2,"perennial",229
"root_early_to_late","root","early_to_late","HOG:0012035",-0.0613508951591821,2,2,"perennial",294
"root_early_to_late","root","early_to_late","HOG:0012056",0.0420025834035033,3,1,"annual",159
"root_early_to_late","root","early_to_late","HOG:0012101",0.243890643371614,3,1,"annual",38
"root_early_to_late","root","early_to_late","HOG:0012102",-0.0632468436895653,1,3,"perennial",297
"root_early_to_late","root","early_to_late","HOG:0012227",0.011091176557342,2,2,"annual",211
"root_early_to_late","root","early_to_late","HOG:0012253",0.0905544800261376,3,1,"annual",73
"root_early_to_late","root","early_to_late","HOG:0012261",-0.0507264061170884,2,2,"perennial",288
"root_early_to_late","root","early_to_late","HOG:0012297",0.699926059011836,2,2,"annual",11
"root_early_to_late","root","early_to_late","HOG:0012334",-0.0623316443017226,1,3,"perennial",295
"root_early_to_late","root","early_to_late","HOG:0012340",0.0308594175217497,3,1,"annual",184
"root_early_to_late","root","early_to_late","HOG:0012390",-0.118460316086432,1,3,"perennial",321
"root_early_to_late","root","early_to_late","HOG:0012402",0.0738026794998701,3,1,"annual",99
"root_early_to_late","root","early_to_late","HOG:0012403",0.015828591979634,2,2,"annual",205
"root_early_to_late","root","early_to_late","HOG:0012511",-0.00586852700156285,2,2,"perennial",231
"root_early_to_late","root","early_to_late","HOG:0012540",-0.025364977280258,2,2,"perennial",253
"root_early_to_late","root","early_to_late","HOG:0013148",0.155634166160778,2,2,"annual",44
"root_early_to_late","root","early_to_late","HOG:0013389",0.000185409903544001,2,2,"annual",226
"root_early_to_late","root","early_to_late","HOG:0014208",0.158331624633883,2,2,"annual",43
"root_early_to_late","root","early_to_late","HOG:0014354",-0.0419281861240551,2,2,"perennial",280
"root_early_to_late","root","early_to_late","HOG:0016116",-0.100650763629085,1,3,"perennial",313
"root_early_to_late","root","early_to_late","HOG:0016166",0.0868711012157536,3,1,"annual",78
"root_early_to_late","root","early_to_late","HOG:0016200",-0.00135676573065779,2,2,"perennial",227
"root_early_to_late","root","early_to_late","HOG:0016371",-0.0404570816195452,2,2,"perennial",277
"root_early_to_late","root","early_to_late","HOG:0016389",0.0560621675732006,3,1,"annual",133
"root_early_to_late","root","early_to_late","HOG:0016397",0.0316158628576818,2,2,"annual",183
"root_early_to_late","root","early_to_late","HOG:0016566",0.0392110151899281,2,2,"annual",165
"root_early_to_late","root","early_to_late","HOG:0016625",-0.124409233891266,1,3,"perennial",325
"root_early_to_late","root","early_to_late","HOG:0016636",-0.0367334268856903,2,2,"perennial",271
"root_early_to_late","root","early_to_late","HOG:0016795",0.00688382844777376,3,1,"annual",216
"root_early_to_late","root","early_to_late","HOG:0016909",0.0381436683516981,2,2,"annual",168
"root_early_to_late","root","early_to_late","HOG:0016913",-0.00570880294129105,2,2,"perennial",230
"root_early_to_late","root","early_to_late","HOG:0016944",-0.0558373898617824,1,3,"perennial",292
"root_early_to_late","root","early_to_late","HOG:0017159",0.0505428440816136,3,1,"annual",140
"root_early_to_late","root","early_to_late","HOG:0017160",0.143473044993314,3,1,"annual",48
"root_early_to_late","root","early_to_late","HOG:0017178",0.042216664657255,3,1,"annual",157
"root_early_to_late","root","early_to_late","HOG:0017189",0.0288494260990962,2,2,"annual",187
"root_early_to_late","root","early_to_late","HOG:0017319",0.0138487964384908,2,2,"annual",207
"root_early_to_late","root","early_to_late","HOG:0018009",0.0681215813489842,3,1,"annual",109
"root_early_to_late","root","early_to_late","HOG:0018037",0.0390529074670387,2,2,"annual",166
"root_early_to_late","root","early_to_late","HOG:0018100",0.0966005897562082,3,1,"annual",65
"root_early_to_late","root","early_to_late","HOG:0018221",0.0702329211584592,3,1,"annual",106
"root_early_to_late","root","early_to_late","HOG:0018364",0.0813691391923761,3,1,"annual",87
"root_early_to_late","root","early_to_late","HOG:0018454",-0.145891069279959,2,2,"perennial",331
"root_early_to_late","root","early_to_late","HOG:0018459",-0.0512009412213862,1,3,"perennial",289
"root_early_to_late","root","early_to_late","HOG:0018504",-0.1399153470972,1,3,"perennial",329
"root_early_to_late","root","early_to_late","HOG:0018534",-0.0353871079116849,2,2,"perennial",269
"root_early_to_late","root","early_to_late","HOG:0019394",0.0448558632813183,3,1,"annual",151
"root_early_to_late","root","early_to_late","HOG:0019459",-0.0132967213037716,2,2,"perennial",242
"root_early_to_late","root","early_to_late","HOG:0019536",-0.0477593093721602,2,2,"perennial",284
"root_early_to_late","root","early_to_late","HOG:0019927",0.0573461886906088,3,1,"annual",131
"root_early_to_late","root","early_to_late","HOG:0020076",0.0748014218241891,3,1,"annual",97
"root_early_to_late","root","early_to_late","HOG:0020293",0.0192660879945883,2,2,"annual",202
"root_early_to_late","root","early_to_late","HOG:0020310",0.0933260157301689,3,1,"annual",69
"root_early_to_late","root","early_to_late","HOG:0020311",0.064204382476477,3,1,"annual",116
"root_early_to_late","root","early_to_late","HOG:0020349",0.0641545522011555,3,1,"annual",117
"root_early_to_late","root","early_to_late","HOG:0020382",-0.0923640267818568,1,3,"perennial",311
"root_early_to_late","root","early_to_late","HOG:0020408",0.0680704131553238,3,1,"annual",110
"root_early_to_late","root","early_to_late","HOG:0020549",-0.0386913957127178,1,3,"perennial",274
"root_early_to_late","root","early_to_late","HOG:0020610",0.0751220609432598,3,1,"annual",96
"root_early_to_late","root","early_to_late","HOG:0020711",-0.0464360012439692,1,3,"perennial",282
"root_early_to_late","root","early_to_late","HOG:0021036",0.021215036262589,3,1,"annual",199
"root_early_to_late","root","early_to_late","HOG:0021123",-0.039426903519567,2,2,"perennial",276
"root_early_to_late","root","early_to_late","HOG:0021825",0.593286044019843,2,2,"annual",21
"root_early_to_late","root","early_to_late","HOG:0021895",0.019291156837509,2,2,"annual",201
"root_early_to_late","root","early_to_late","HOG:0021930",0.0553937525855542,3,1,"annual",134
"root_early_to_late","root","early_to_late","HOG:0021943",-0.0661955930552919,1,3,"perennial",299
"root_early_to_late","root","early_to_late","HOG:0022123",-0.119272219194228,1,3,"perennial",322
"root_early_to_late","root","early_to_late","HOG:0022504",0.0182512568157057,3,1,"annual",203
"root_early_to_late","root","early_to_late","HOG:0022739",0.0428993523854212,3,1,"annual",156
"root_early_to_late","root","early_to_late","HOG:0022810",-0.0981340116074623,1,3,"perennial",312
"root_early_to_late","root","early_to_late","HOG:0022830",0.0660397306513845,3,1,"annual",112
"root_early_to_late","root","early_to_late","HOG:0022918",0.0775676314078778,3,1,"annual",91
"root_early_to_late","root","early_to_late","HOG:0022963",-0.0465329714942218,2,2,"perennial",283
"root_early_to_late","root","early_to_late","HOG:0023036",-0.104511180347736,1,3,"perennial",314
"root_early_to_late","root","early_to_late","HOG:0023048",0.662053975567456,2,2,"annual",14
"root_early_to_late","root","early_to_late","HOG:0023085",0.0709965958394217,3,1,"annual",105
"root_early_to_late","root","early_to_late","HOG:0023138",0.782861896073802,3,1,"annual",4
"root_early_to_late","root","early_to_late","HOG:0023192",0.0859110927476948,3,1,"annual",79
"root_early_to_late","root","early_to_late","HOG:0023227",-0.0352069257101427,2,2,"perennial",268
"root_early_to_late","root","early_to_late","HOG:0023230",0.0614524720851132,2,2,"annual",125
"root_early_to_late","root","early_to_late","HOG:0023358",-0.0114481088882798,1,3,"perennial",238
"root_early_to_late","root","early_to_late","HOG:0023400",0.0753346585414147,3,1,"annual",94
"root_early_to_late","root","early_to_late","HOG:0023427",0.131319014689596,3,1,"annual",51
"root_early_to_late","root","early_to_late","HOG:0023439",-0.0153256495893052,2,2,"perennial",244
"root_early_to_late","root","early_to_late","HOG:0023564",-0.0482620097068662,1,3,"perennial",285
"root_early_to_late","root","early_to_late","HOG:0023601",0.0819134764935307,3,1,"annual",86
"root_early_to_late","root","early_to_late","HOG:0023669",0.0825288832924258,3,1,"annual",85
"root_early_to_late","root","early_to_late","HOG:0023825",-0.0453230513615936,1,3,"perennial",281
"root_early_to_late","root","early_to_late","HOG:0023896",0.0120151654191236,2,2,"annual",210
"root_early_to_late","root","early_to_late","HOG:0023914",0.0541648269369182,3,1,"annual",136
"root_early_to_late","root","early_to_late","HOG:0024277",-0.0126294547265186,2,2,"perennial",240
"root_early_to_late","root","early_to_late","HOG:0024337",-0.017143978550585,2,2,"perennial",245
"root_early_to_late","root","early_to_late","HOG:0024401",0.0626690370289003,3,1,"annual",121
"root_early_to_late","root","early_to_late","HOG:0024444",0.11925785508215,3,1,"annual",56
"root_early_to_late","root","early_to_late","HOG:0024452",0.0648287264137603,3,1,"annual",114
"root_early_to_late","root","early_to_late","HOG:0024495",-0.00900738978529265,2,2,"perennial",234
"root_early_to_late","root","early_to_late","HOG:0024562",-0.029971814873323,2,2,"perennial",263
"root_early_to_late","root","early_to_late","HOG:0024574",-0.106743724898598,2,2,"perennial",315
"root_early_to_late","root","early_to_late","HOG:0024629",0.0122751501952614,2,2,"annual",208
"root_early_to_late","root","early_to_late","HOG:0024791",0.0723389410517981,3,1,"annual",102
"root_early_to_late","root","early_to_late","HOG:0024905",0.0453399028497004,3,1,"annual",150
"root_early_to_late","root","early_to_late","HOG:0024976",-0.0707111635300475,1,3,"perennial",301
"root_early_to_late","root","early_to_late","HOG:0024990",-0.0298148063492744,1,3,"perennial",262
"root_early_to_late","root","early_to_late","HOG:0025124",0.0284291122204956,2,2,"annual",189
"root_early_to_late","root","early_to_late","HOG:0025149",0.680814733238823,2,2,"annual",13
"root_early_to_late","root","early_to_late","HOG:0025186",0.052676496952448,3,1,"annual",139
"root_early_to_late","root","early_to_late","HOG:0025219",0.0796817454241487,3,1,"annual",88
"root_early_to_late","root","early_to_late","HOG:0025231",0.0272030323400669,2,2,"annual",190
"root_early_to_late","root","early_to_late","HOG:0025232",0.109139803618625,3,1,"annual",58
"root_early_to_late","root","early_to_late","HOG:0025316",-0.121696309885487,1,3,"perennial",323
"root_early_to_late","root","early_to_late","HOG:0025342",0.652401955488804,2,2,"annual",15
"root_early_to_late","root","early_to_late","HOG:0025801",0.13789712095327,3,1,"annual",49
"root_early_to_late","root","early_to_late","HOG:0025848",0.460762537512379,3,1,"annual",26
"root_early_to_late","root","early_to_late","HOG:0025863",0.0439215203176627,2,2,"annual",154
"root_early_to_late","root","early_to_late","HOG:0025923",0.444131827321193,3,1,"annual",28
"root_early_to_late","root","early_to_late","HOG:0025959",0.349792492498499,2,2,"annual",33
"root_early_to_late","root","early_to_late","HOG:0026019",0.31618001399731,2,2,"annual",36
"root_early_to_late","root","early_to_late","HOG:0026073",0.0397233117243956,3,1,"annual",164
"root_early_to_late","root","early_to_late","HOG:0026142",0.0285208887835603,2,2,"annual",188
"root_early_to_late","root","early_to_late","HOG:0026234",0.0371785267647183,4,0,"annual",171
"root_early_to_late","root","early_to_late","HOG:0026340",-0.125402703207328,2,2,"perennial",326
"root_early_to_late","root","early_to_late","HOG:0026360",0.035777492601736,3,1,"annual",173
"root_early_to_late","root","early_to_late","HOG:0026361",-0.0497337017238047,1,3,"perennial",287
"root_early_to_late","root","early_to_late","HOG:0026397",-0.0367620477125462,2,2,"perennial",272
"root_early_to_late","root","early_to_late","HOG:0026451",0.079440183364841,3,1,"annual",90
"root_early_to_late","root","early_to_late","HOG:0026499",0.0217620735682114,3,1,"annual",198
"root_early_to_late","root","early_to_late","HOG:0026507",0.0421803620449702,2,2,"annual",158
"root_early_to_late","root","early_to_late","HOG:0026549",0.0578729768263503,3,1,"annual",130
"root_early_to_late","root","early_to_late","HOG:0026556",-0.02664878468774,2,2,"perennial",257
"root_early_to_late","root","early_to_late","HOG:0026637",-0.0791507553340118,1,3,"perennial",302
"root_early_to_late","root","early_to_late","HOG:0026703",-0.0910313879919165,1,3,"perennial",310
"root_early_to_late","root","early_to_late","HOG:0026707",-0.133123128534707,1,3,"perennial",327
"root_early_to_late","root","early_to_late","HOG:0026742",0.343654359763816,3,1,"annual",34
"root_early_to_late","root","early_to_late","HOG:0026770",0.0296164755196497,3,1,"annual",185
"root_early_to_late","root","early_to_late","HOG:0026774",0.725699518277636,3,1,"annual",8
"root_early_to_late","root","early_to_late","HOG:0026834",0.0372577596402408,3,1,"annual",170
"root_early_to_late","root","early_to_late","HOG:0026838",0.39105904392959,3,1,"annual",31
"root_early_to_late","root","early_to_late","HOG:0026902",0.125058565731515,3,1,"annual",53
"root_early_to_late","root","early_to_late","HOG:0026946",-0.0093918674078825,2,2,"perennial",235
"root_early_to_late","root","early_to_late","HOG:0027005",-0.0417061436524363,1,3,"perennial",279
"root_early_to_late","root","early_to_late","HOG:0027032",0.0443121465573882,3,1,"annual",153
"root_early_to_late","root","early_to_late","HOG:0027054",0.0752442598537331,3,1,"annual",95
"root_early_to_late","root","early_to_late","HOG:0027090",-0.107490046701912,1,3,"perennial",317
"root_early_to_late","root","early_to_late","HOG:0027091",-0.116400236540586,1,3,"perennial",320
"root_early_to_late","root","early_to_late","HOG:0027098",0.0794583032822232,4,0,"annual",89
"root_early_to_late","root","early_to_late","HOG:0027147",0.0340301968023657,2,2,"annual",177
"root_early_to_late","root","early_to_late","HOG:0027281",0.0641082501974805,3,1,"annual",118
"root_early_to_late","root","early_to_late","HOG:0027282",0.421302407470419,3,1,"annual",29
"root_early_to_late","root","early_to_late","HOG:0027285",-0.0823856434874704,1,3,"perennial",303
"root_early_to_late","root","early_to_late","HOG:0027303",0.0271913466779191,3,1,"annual",191
"root_early_to_late","root","early_to_late","HOG:0027351",0.145937452801554,2,2,"annual",45
"root_early_to_late","root","early_to_late","HOG:0027413",-0.0884761955314331,1,3,"perennial",308
"root_early_to_late","root","early_to_late","HOG:0027421",0.620968875176321,3,1,"annual",20
"root_early_to_late","root","early_to_late","HOG:0027495",0.0581078219053412,3,1,"annual",129
"root_early_to_late","root","early_to_late","HOG:0027529",0.00622379807874365,2,2,"annual",218
"root_early_to_late","root","early_to_late","HOG:0027601",-0.112593636912058,1,3,"perennial",319
"root_early_to_late","root","early_to_late","HOG:0027639",0.00981298105955235,2,2,"annual",214
"root_early_to_late","root","early_to_late","HOG:0027641",0.629862692249454,3,1,"annual",18
"root_early_to_late","root","early_to_late","HOG:0027704",0.0321260075748278,2,2,"annual",181
"root_early_to_late","root","early_to_late","HOG:0027706",0.0346895086470164,3,1,"annual",175
"root_early_to_late","root","early_to_late","HOG:0027905",0.557693503545148,2,2,"annual",23
"root_early_to_late","root","early_to_late","HOG:0027918",0.707659632288015,3,1,"annual",9
"root_early_to_late","root","early_to_late","HOG:0027975",-0.0641460119556422,1,3,"perennial",298
"root_early_to_late","root","early_to_late","HOG:0028005",0.0144868518248914,3,1,"annual",206
"root_early_to_late","root","early_to_late","HOG:0028008",-0.026039064489699,2,2,"perennial",255
"root_early_to_late","root","early_to_late","HOG:0028012",0.0850772619232775,3,1,"annual",82
"root_early_to_late","root","early_to_late","HOG:0028018",-0.0387668212390678,2,2,"perennial",275
"root_early_to_late","root","early_to_late","HOG:0028065",0.0565360807277733,3,1,"annual",132
"root_early_to_late","root","early_to_late","HOG:0028089",0.0904131672999358,3,1,"annual",74
"root_early_to_late","root","early_to_late","HOG:0028145",0.752346239336452,3,1,"annual",6
"root_early_to_late","root","early_to_late","HOG:0028197",0.229946433285622,2,2,"annual",39
"root_early_to_late","root","early_to_late","HOG:0028198",0.0369198378695393,2,2,"annual",172
"root_early_to_late","root","early_to_late","HOG:0028263",0.132786221602544,3,1,"annual",50
"root_early_to_late","root","early_to_late","HOG:0028333",0.307265049098005,2,2,"annual",37
"root_early_to_late","root","early_to_late","HOG:0028381",-0.0263980266048355,2,2,"perennial",256
"root_early_to_late","root","early_to_late","HOG:0028394",0.076458874246983,3,1,"annual",93
"root_early_to_late","root","early_to_late","HOG:0028395",-0.0413947234559512,2,2,"perennial",278
"root_early_to_late","root","early_to_late","HOG:0028440",0.0689463631746254,3,1,"annual",107
"root_early_to_late","root","early_to_late","HOG:0028636",0.00988545362656324,3,1,"annual",213
"root_early_to_late","root","early_to_late","HOG:0028647",-0.136009374058739,1,3,"perennial",328
"root_early_to_late","root","early_to_late","HOG:0028661",-0.0134925766247936,2,2,"perennial",243
"root_early_to_late","root","early_to_late","HOG:0028695",-0.028667982837554,2,2,"perennial",259
"root_early_to_late","root","early_to_late","HOG:0028717",0.0982092983885791,4,0,"annual",64
"root_early_to_late","root","early_to_late","HOG:0028718",0.0935389650572045,3,1,"annual",68
"root_early_to_late","root","early_to_late","HOG:0028720",0.00460868133476275,2,2,"annual",220
"root_early_to_late","root","early_to_late","HOG:0028766",0.0594676422763275,3,1,"annual",127
"root_early_to_late","root","early_to_late","HOG:0028850",0.0382237734534513,3,1,"annual",167
"root_early_to_late","root","early_to_late","HOG:0028978",-0.0324123174435995,2,2,"perennial",266
"root_early_to_late","root","early_to_late","HOG:0029110",0.0920063142717273,3,1,"annual",71
"root_early_to_late","root","early_to_late","HOG:0029148",-0.0106479226475728,2,2,"perennial",237
"root_early_to_late","root","early_to_late","HOG:0029401",0.0911032714607938,3,1,"annual",72
"root_early_to_late","root","early_to_late","HOG:0029429",0.0466463896026713,3,1,"annual",145
"root_early_to_late","root","early_to_late","HOG:0029472",-0.0276295569669212,2,2,"perennial",258
"root_early_to_late","root","early_to_late","HOG:0029484",0.0460145577849546,2,2,"annual",148
"root_early_to_late","root","early_to_late","HOG:0029540",0.0035903388146825,2,2,"annual",223
"root_early_to_late","root","early_to_late","HOG:0029544",0.0727413834856451,2,2,"annual",101
"root_early_to_late","root","early_to_late","HOG:0029921",-0.0114976268860687,2,2,"perennial",239
"root_early_to_late","root","early_to_late","HOG:0030062",0.0432802618385834,2,2,"annual",155
"root_early_to_late","root","early_to_late","HOG:0030801",0.0880210625549178,3,1,"annual",77
"root_early_to_late","root","early_to_late","HOG:0030881",-0.0286951407621137,2,2,"perennial",260
"root_early_to_late","root","early_to_late","HOG:0030883",-0.0217072787394513,2,2,"perennial",249
"root_early_to_late","root","early_to_late","HOG:0030884",-0.018508239029546,2,2,"perennial",246
"root_early_to_late","root","early_to_late","HOG:0030885",0.0462138870252082,3,1,"annual",147
"root_early_to_late","root","early_to_late","HOG:0030886",0.0848792723193101,3,1,"annual",83
"root_early_to_late","root","early_to_late","HOG:0030887",-0.0521389715559764,2,2,"perennial",290
"root_early_to_late","root","early_to_late","HOG:0031056",-0.12248140183388,1,3,"perennial",324
"root_early_to_late","root","early_to_late","HOG:0031066",-0.0705188014888604,2,2,"perennial",300
"root_early_to_late","root","early_to_late","HOG:0031127",-0.0250020528941222,1,3,"perennial",252
"root_early_to_late","root","early_to_late","HOG:0031129",-0.0218957122048567,1,3,"perennial",250
"root_early_to_late","root","early_to_late","HOG:0031227",-0.0573997039623136,1,3,"perennial",293
"root_early_to_late","root","early_to_late","HOG:0031321",0.105457704237878,3,1,"annual",60
"root_early_to_late","root","early_to_late","HOG:0031418",0.037276846446372,2,2,"annual",169
"root_early_to_late","root","early_to_late","HOG:0031473",0.102397894280315,3,1,"annual",61
"root_early_to_late","root","early_to_late","HOG:0031530",0.00460524083756701,2,2,"annual",221
"root_early_to_late","root","early_to_late","HOG:0031653",0.0330071477774047,3,1,"annual",180
"root_early_to_late","root","early_to_late","HOG:0031982",-0.0190467524820778,2,2,"perennial",247
"root_early_to_late","root","early_to_late","HOG:0032060",0.0448007609109335,3,1,"annual",152
"root_early_to_late","root","early_to_late","HOG:0032061",0.0473084047276544,3,1,"annual",144
"root_early_to_late","root","early_to_late","HOG:0032161",0.0775586632929837,3,1,"annual",92
"root_early_to_late","root","early_to_late","HOG:0032320",0.0336863587118524,3,1,"annual",178
"root_early_to_late","root","early_to_late","HOG:0032348",0.0644261875964776,2,2,"annual",115
"root_early_to_late","root","early_to_late","HOG:0032397",-0.164833599602268,1,3,"perennial",334
"root_early_to_late","root","early_to_late","HOG:0032436",0.970655111075178,3,1,"annual",1
"root_early_to_late","root","early_to_late","HOG:0032593",0.0744862401852303,3,1,"annual",98
"root_early_to_late","root","early_to_late","HOG:0032629",-0.00198829653353701,2,2,"perennial",228
"root_early_to_late","root","early_to_late","HOG:0032765",0.10120775977205,3,1,"annual",62
"root_early_to_late","root","early_to_late","HOG:0032849",0.591184728813214,3,1,"annual",22
"root_early_to_late","root","early_to_late","HOG:0032893",0.0319895947342739,3,1,"annual",182
"root_early_to_late","root","early_to_late","HOG:0032903",0.166785418742493,2,2,"annual",41
"root_early_to_late","root","early_to_late","HOG:0032904",0.860275692989651,2,2,"annual",3
"root_early_to_late","root","early_to_late","HOG:0032920",0.0456470652005541,2,2,"annual",149
"root_early_to_late","root","early_to_late","HOG:0032961",-0.00751115557484865,2,2,"perennial",233
"root_early_to_late","root","early_to_late","HOG:0032963",0.12173171916312,3,1,"annual",55
"root_early_to_late","root","early_to_late","HOG:0033004",0.0671907447487264,3,1,"annual",111
"root_early_to_late","root","early_to_late","HOG:0033256",0.100624118535609,3,1,"annual",63
"root_early_to_late","root","early_to_late","HOG:0033359",0.0410016785861802,2,2,"annual",161
"root_early_to_late","root","early_to_late","HOG:0033476",-0.0232077964196683,2,2,"perennial",251
"root_mean_activity","root","mean_activity","HOG:0000079",0.0473094334356688,3,1,"annual",72
"root_mean_activity","root","mean_activity","HOG:0000096",-0.0848483510755315,1,3,"perennial",312
"root_mean_activity","root","mean_activity","HOG:0000122",-0.129732084209774,1,3,"perennial",330
"root_mean_activity","root","mean_activity","HOG:0000178",0.00085274847376365,2,2,"annual",211
"root_mean_activity","root","mean_activity","HOG:0000191",0.00780920067915687,3,1,"annual",197
"root_mean_activity","root","mean_activity","HOG:0000226",0.009446430380625,2,2,"annual",190
"root_mean_activity","root","mean_activity","HOG:0000322",0.0234020865428746,2,2,"annual",126
"root_mean_activity","root","mean_activity","HOG:0000465",0.0160835322237954,3,1,"annual",160
"root_mean_activity","root","mean_activity","HOG:0000535",-0.013263107150855,2,2,"perennial",231
"root_mean_activity","root","mean_activity","HOG:0000537",0.0189578185896533,4,0,"annual",145
"root_mean_activity","root","mean_activity","HOG:0003541",0.0328352868666304,3,1,"annual",98
"root_mean_activity","root","mean_activity","HOG:0003561",0.0654847615397678,2,2,"annual",49
"root_mean_activity","root","mean_activity","HOG:0003621",0.217397435284863,3,1,"annual",17
"root_mean_activity","root","mean_activity","HOG:0003782",0.0562093046131687,3,1,"annual",57
"root_mean_activity","root","mean_activity","HOG:0003795",-0.0963901551327083,2,2,"perennial",319
"root_mean_activity","root","mean_activity","HOG:0004085",0.0277413293918654,3,1,"annual",116
"root_mean_activity","root","mean_activity","HOG:0004114",-0.0314917625980321,2,2,"perennial",251
"root_mean_activity","root","mean_activity","HOG:0004116",0.0484132324736277,3,1,"annual",67
"root_mean_activity","root","mean_activity","HOG:0004192",0.00244728409208735,2,2,"annual",210
"root_mean_activity","root","mean_activity","HOG:0005589",0.0444376046346346,4,0,"annual",79
"root_mean_activity","root","mean_activity","HOG:0005639",0.0478779819758176,3,1,"annual",69
"root_mean_activity","root","mean_activity","HOG:0005666",-0.0026596460112396,2,2,"perennial",216
"root_mean_activity","root","mean_activity","HOG:0005683",0.0642933406004247,2,2,"annual",52
"root_mean_activity","root","mean_activity","HOG:0005689",-0.00569458455786155,2,2,"perennial",221
"root_mean_activity","root","mean_activity","HOG:0005690",-0.073094400613607,1,3,"perennial",302
"root_mean_activity","root","mean_activity","HOG:0005788",0.0286682952524018,3,1,"annual",112
"root_mean_activity","root","mean_activity","HOG:0005833",0.0493527538595068,4,0,"annual",65
"root_mean_activity","root","mean_activity","HOG:0005857",0.198095640423116,3,1,"annual",19
"root_mean_activity","root","mean_activity","HOG:0005877",-0.0258692532461292,2,2,"perennial",244
"root_mean_activity","root","mean_activity","HOG:0005960",-0.0069719107035113,2,2,"perennial",223
"root_mean_activity","root","mean_activity","HOG:0006008",0.0163101591510485,2,2,"annual",157
"root_mean_activity","root","mean_activity","HOG:0006009",0.00424838398745045,2,2,"annual",205
"root_mean_activity","root","mean_activity","HOG:0006052",0.0315432126039306,4,0,"annual",102
"root_mean_activity","root","mean_activity","HOG:0006057",-0.0532710199471157,1,3,"perennial",281
"root_mean_activity","root","mean_activity","HOG:0006123",0.00751185134992208,2,2,"annual",198
"root_mean_activity","root","mean_activity","HOG:0006131",0.255357423596913,3,1,"annual",15
"root_mean_activity","root","mean_activity","HOG:0006139",0.0650092502101301,4,0,"annual",50
"root_mean_activity","root","mean_activity","HOG:0006149",-0.0713600946323139,0,4,"perennial",300
"root_mean_activity","root","mean_activity","HOG:0006205",0.0268989132545446,2,2,"annual",118
"root_mean_activity","root","mean_activity","HOG:0006208",-0.079191425774318,0,4,"perennial",308
"root_mean_activity","root","mean_activity","HOG:0006263",0.0154083484258067,2,2,"annual",164
"root_mean_activity","root","mean_activity","HOG:0006264",0.0117774267920158,4,0,"annual",181
"root_mean_activity","root","mean_activity","HOG:0006332",0.145468997894811,3,1,"annual",26
"root_mean_activity","root","mean_activity","HOG:0006334",-0.0738996641632802,1,3,"perennial",304
"root_mean_activity","root","mean_activity","HOG:0006346",0.0235565866714819,4,0,"annual",125
"root_mean_activity","root","mean_activity","HOG:0006505",0.0311157531183298,4,0,"annual",105
"root_mean_activity","root","mean_activity","HOG:0006523",-0.0712483059446244,0,4,"perennial",299
"root_mean_activity","root","mean_activity","HOG:0006661",-0.165575255172235,1,3,"perennial",334
"root_mean_activity","root","mean_activity","HOG:0007636",0.028885826472376,3,1,"annual",111
"root_mean_activity","root","mean_activity","HOG:0007637",0.0141941905659104,2,2,"annual",171
"root_mean_activity","root","mean_activity","HOG:0007638",0.0099730972962081,2,2,"annual",189
"root_mean_activity","root","mean_activity","HOG:0007645",-0.0144389729999411,2,2,"perennial",235
"root_mean_activity","root","mean_activity","HOG:0007697",0.0208877764506492,2,2,"annual",136
"root_mean_activity","root","mean_activity","HOG:0007713",0.0382845476277024,3,1,"annual",88
"root_mean_activity","root","mean_activity","HOG:0007725",0.0143251213200859,3,1,"annual",170
"root_mean_activity","root","mean_activity","HOG:0007813",0.0370044668606914,4,0,"annual",93
"root_mean_activity","root","mean_activity","HOG:0007833",-0.0940394755874993,1,3,"perennial",317
"root_mean_activity","root","mean_activity","HOG:0007835",-0.0447631287197577,1,3,"perennial",271
"root_mean_activity","root","mean_activity","HOG:0007849",0.0505204539989498,2,2,"annual",61
"root_mean_activity","root","mean_activity","HOG:0007857",0.107096141944815,4,0,"annual",36
"root_mean_activity","root","mean_activity","HOG:0007920",0.0174046341715393,2,2,"annual",154
"root_mean_activity","root","mean_activity","HOG:0007936",0.027849361535829,3,1,"annual",115
"root_mean_activity","root","mean_activity","HOG:0008585",0.0632350853891469,2,2,"annual",54
"root_mean_activity","root","mean_activity","HOG:0008605",-0.0520799187914837,0,4,"perennial",279
"root_mean_activity","root","mean_activity","HOG:0008637",-0.0742369391318227,1,3,"perennial",305
"root_mean_activity","root","mean_activity","HOG:0008696",-0.0306302129719586,2,2,"perennial",250
"root_mean_activity","root","mean_activity","HOG:0008697",-0.0268907648929284,2,2,"perennial",246
"root_mean_activity","root","mean_activity","HOG:0008717",-0.063071290386778,0,4,"perennial",293
"root_mean_activity","root","mean_activity","HOG:0008732",0.0310152103737673,2,2,"annual",106
"root_mean_activity","root","mean_activity","HOG:0008733",0.049677371002122,4,0,"annual",63
"root_mean_activity","root","mean_activity","HOG:0010481",0.52279152557038,3,1,"annual",2
"root_mean_activity","root","mean_activity","HOG:0010482",0.333931715720897,3,1,"annual",9
"root_mean_activity","root","mean_activity","HOG:0010549",0.0227901079747842,2,2,"annual",128
"root_mean_activity","root","mean_activity","HOG:0010551",0.19453408133713,3,1,"annual",20
"root_mean_activity","root","mean_activity","HOG:0010571",0.0191537383544445,2,2,"annual",144
"root_mean_activity","root","mean_activity","HOG:0010703",-0.0125764848881916,2,2,"perennial",229
"root_mean_activity","root","mean_activity","HOG:0010710",0.00619121421189191,2,2,"annual",203
"root_mean_activity","root","mean_activity","HOG:0010736",0.0231784641543289,3,1,"annual",127
"root_mean_activity","root","mean_activity","HOG:0010929",0.00745184815463533,3,1,"annual",199
"root_mean_activity","root","mean_activity","HOG:0011023",0.0384568873512477,3,1,"annual",87
"root_mean_activity","root","mean_activity","HOG:0011064",-0.0292627646829788,2,2,"perennial",249
"root_mean_activity","root","mean_activity","HOG:0011086",0.0239184356860841,4,0,"annual",124
"root_mean_activity","root","mean_activity","HOG:0011478",0.0579860964250715,2,2,"annual",56
"root_mean_activity","root","mean_activity","HOG:0011497",0.0798311295108583,3,1,"annual",45
"root_mean_activity","root","mean_activity","HOG:0011510",0.178250454254962,3,1,"annual",23
"root_mean_activity","root","mean_activity","HOG:0011532",0.0204966930259254,2,2,"annual",137
"root_mean_activity","root","mean_activity","HOG:0011540",0.333759956629367,3,1,"annual",10
"root_mean_activity","root","mean_activity","HOG:0011541",0.0865346725685598,3,1,"annual",41
"root_mean_activity","root","mean_activity","HOG:0011544",-0.0598841729671966,1,3,"perennial",289
"root_mean_activity","root","mean_activity","HOG:0011628",-0.0485195252078185,1,3,"perennial",275
"root_mean_activity","root","mean_activity","HOG:0011640",0.0064067944277651,2,2,"annual",202
"root_mean_activity","root","mean_activity","HOG:0011649",0.0150545944455764,3,1,"annual",166
"root_mean_activity","root","mean_activity","HOG:0011715",-0.119178032885018,0,4,"perennial",324
"root_mean_activity","root","mean_activity","HOG:0011717",-0.0981679886125865,0,4,"perennial",320
"root_mean_activity","root","mean_activity","HOG:0011775",0.125479934818582,3,1,"annual",32
"root_mean_activity","root","mean_activity","HOG:0011862",0.0125617443945171,3,1,"annual",177
"root_mean_activity","root","mean_activity","HOG:0011942",0.026172934468601,4,0,"annual",121
"root_mean_activity","root","mean_activity","HOG:0012011",-0.054968958050821,1,3,"perennial",284
"root_mean_activity","root","mean_activity","HOG:0012012",-0.0593883219194219,1,3,"perennial",287
"root_mean_activity","root","mean_activity","HOG:0012035",-0.0219384834006818,2,2,"perennial",241
"root_mean_activity","root","mean_activity","HOG:0012056",0.0152436848499449,2,2,"annual",165
"root_mean_activity","root","mean_activity","HOG:0012101",0.0878338216479001,4,0,"annual",40
"root_mean_activity","root","mean_activity","HOG:0012102",-0.00801123319093125,2,2,"perennial",225
"root_mean_activity","root","mean_activity","HOG:0012227",0.0542422516041205,3,1,"annual",59
"root_mean_activity","root","mean_activity","HOG:0012253",-0.0108468573908831,2,2,"perennial",228
"root_mean_activity","root","mean_activity","HOG:0012261",-0.0140842913390473,2,2,"perennial",234
"root_mean_activity","root","mean_activity","HOG:0012297",0.336624712749313,3,1,"annual",8
"root_mean_activity","root","mean_activity","HOG:0012334",0.0636037925432694,2,2,"annual",53
"root_mean_activity","root","mean_activity","HOG:0012340",0.0146577026310198,3,1,"annual",167
"root_mean_activity","root","mean_activity","HOG:0012390",0.106510968218428,2,2,"annual",37
"root_mean_activity","root","mean_activity","HOG:0012402",0.00737900992081946,2,2,"annual",201
"root_mean_activity","root","mean_activity","HOG:0012403",-0.0074811090490658,2,2,"perennial",224
"root_mean_activity","root","mean_activity","HOG:0012511",-0.006433266321376,2,2,"perennial",222
"root_mean_activity","root","mean_activity","HOG:0012540",-0.0523579900729579,2,2,"perennial",280
"root_mean_activity","root","mean_activity","HOG:0013148",-0.188989523744154,1,3,"perennial",336
"root_mean_activity","root","mean_activity","HOG:0013389",-0.121878414336972,1,3,"perennial",327
"root_mean_activity","root","mean_activity","HOG:0014208",-0.123584820605496,1,3,"perennial",328
"root_mean_activity","root","mean_activity","HOG:0014354",-0.144419833584424,1,3,"perennial",333
"root_mean_activity","root","mean_activity","HOG:0016116",0.0280110177326548,2,2,"annual",114
"root_mean_activity","root","mean_activity","HOG:0016166",0.00745042931831797,3,1,"annual",200
"root_mean_activity","root","mean_activity","HOG:0016200",0.0452919983289177,3,1,"annual",78
"root_mean_activity","root","mean_activity","HOG:0016371",0.020427711733978,3,1,"annual",139
"root_mean_activity","root","mean_activity","HOG:0016389",0.0031460665590293,2,2,"annual",208
"root_mean_activity","root","mean_activity","HOG:0016397",0.0113923446657563,2,2,"annual",183
"root_mean_activity","root","mean_activity","HOG:0016566",0.0406791220533883,4,0,"annual",85
"root_mean_activity","root","mean_activity","HOG:0016625",0.0663176372814646,2,2,"annual",48
"root_mean_activity","root","mean_activity","HOG:0016636",-0.0645467058673947,1,3,"perennial",294
"root_mean_activity","root","mean_activity","HOG:0016795",0.00247388054824915,2,2,"annual",209
"root_mean_activity","root","mean_activity","HOG:0016909",0.0122070439299155,3,1,"annual",178
"root_mean_activity","root","mean_activity","HOG:0016913",0.0139615659414902,2,2,"annual",173
"root_mean_activity","root","mean_activity","HOG:0016944",-0.0464468549571132,2,2,"perennial",273
"root_mean_activity","root","mean_activity","HOG:0017159",0.0144107422579566,3,1,"annual",169
"root_mean_activity","root","mean_activity","HOG:0017160",-0.121144244313743,1,3,"perennial",326
"root_mean_activity","root","mean_activity","HOG:0017178",0.0103406096151636,3,1,"annual",186
"root_mean_activity","root","mean_activity","HOG:0017189",-0.131924211724146,1,3,"perennial",331
"root_mean_activity","root","mean_activity","HOG:0017319",0.0835955201346913,3,1,"annual",43
"root_mean_activity","root","mean_activity","HOG:0018009",-0.0362134991332752,1,3,"perennial",259
"root_mean_activity","root","mean_activity","HOG:0018037",0.0646272678250262,3,1,"annual",51
"root_mean_activity","root","mean_activity","HOG:0018100",0.0169904179817497,2,2,"annual",156
"root_mean_activity","root","mean_activity","HOG:0018221",-0.00107840859715919,2,2,"perennial",213
"root_mean_activity","root","mean_activity","HOG:0018364",0.0210333442948407,3,1,"annual",134
"root_mean_activity","root","mean_activity","HOG:0018454",-0.0413730719216855,2,2,"perennial",266
"root_mean_activity","root","mean_activity","HOG:0018459",0.145209803938518,4,0,"annual",27
"root_mean_activity","root","mean_activity","HOG:0018504",0.024991628108636,3,1,"annual",123
"root_mean_activity","root","mean_activity","HOG:0018534",-0.0222511621684188,2,2,"perennial",242
"root_mean_activity","root","mean_activity","HOG:0019394",0.0322715591962938,3,1,"annual",101
"root_mean_activity","root","mean_activity","HOG:0019459",0.044219902184456,3,1,"annual",80
"root_mean_activity","root","mean_activity","HOG:0019536",-0.0173035919399948,2,2,"perennial",236
"root_mean_activity","root","mean_activity","HOG:0019927",0.009433193975343,2,2,"annual",191
"root_mean_activity","root","mean_activity","HOG:0020076",0.0120096160217343,2,2,"annual",179
"root_mean_activity","root","mean_activity","HOG:0020293",-0.0934327823496651,0,4,"perennial",316
"root_mean_activity","root","mean_activity","HOG:0020310",0.0202239332337804,2,2,"annual",140
"root_mean_activity","root","mean_activity","HOG:0020311",0.0281825820122058,4,0,"annual",113
"root_mean_activity","root","mean_activity","HOG:0020349",-0.0051728875874863,2,2,"perennial",218
"root_mean_activity","root","mean_activity","HOG:0020382",-0.0354744849106806,1,3,"perennial",258
"root_mean_activity","root","mean_activity","HOG:0020408",0.0353692537993325,3,1,"annual",94
"root_mean_activity","root","mean_activity","HOG:0020549",0.0180892347560968,2,2,"annual",150
"root_mean_activity","root","mean_activity","HOG:0020610",0.010251018648867,2,2,"annual",187
"root_mean_activity","root","mean_activity","HOG:0020711",0.0323556576859933,4,0,"annual",100
"root_mean_activity","root","mean_activity","HOG:0021036",0.00055243648011849,2,2,"annual",212
"root_mean_activity","root","mean_activity","HOG:0021123",-0.120233953256487,1,3,"perennial",325
"root_mean_activity","root","mean_activity","HOG:0021825",0.0442106067054526,2,2,"annual",81
"root_mean_activity","root","mean_activity","HOG:0021895",0.0350603385439993,3,1,"annual",97
"root_mean_activity","root","mean_activity","HOG:0021930",0.0185688613863451,2,2,"annual",147
"root_mean_activity","root","mean_activity","HOG:0021943",0.0201184989424535,2,2,"annual",141
"root_mean_activity","root","mean_activity","HOG:0022123",-0.101547140097366,1,3,"perennial",322
"root_mean_activity","root","mean_activity","HOG:0022504",0.0177037190599459,3,1,"annual",153
"root_mean_activity","root","mean_activity","HOG:0022739",-0.00108635589893935,2,2,"perennial",214
"root_mean_activity","root","mean_activity","HOG:0022810",-0.0373861141426773,1,3,"perennial",262
"root_mean_activity","root","mean_activity","HOG:0022830",0.0312596061481874,3,1,"annual",103
"root_mean_activity","root","mean_activity","HOG:0022918",-0.0479985819813767,0,4,"perennial",274
"root_mean_activity","root","mean_activity","HOG:0022963",-0.0134652986301672,1,3,"perennial",233
"root_mean_activity","root","mean_activity","HOG:0023036",0.083332249087529,2,2,"annual",44
"root_mean_activity","root","mean_activity","HOG:0023048",0.68118185883452,3,1,"annual",1
"root_mean_activity","root","mean_activity","HOG:0023085",0.0119492802159148,2,2,"annual",180
"root_mean_activity","root","mean_activity","HOG:0023138",0.392211621137602,3,1,"annual",5
"root_mean_activity","root","mean_activity","HOG:0023192",0.0226861439360138,3,1,"annual",129
"root_mean_activity","root","mean_activity","HOG:0023227",-0.0941101084603911,1,3,"perennial",318
"root_mean_activity","root","mean_activity","HOG:0023230",-0.0052298746426515,2,2,"perennial",219
"root_mean_activity","root","mean_activity","HOG:0023358",0.0145109049948828,3,1,"annual",168
"root_mean_activity","root","mean_activity","HOG:0023400",0.0216280167926863,3,1,"annual",131
"root_mean_activity","root","mean_activity","HOG:0023427",-0.0371865955644917,1,3,"perennial",261
"root_mean_activity","root","mean_activity","HOG:0023439",-0.0517542556634176,1,3,"perennial",278
"root_mean_activity","root","mean_activity","HOG:0023564",-0.0560147963455059,0,4,"perennial",285
"root_mean_activity","root","mean_activity","HOG:0023601",0.00901082202412587,3,1,"annual",192
"root_mean_activity","root","mean_activity","HOG:0023669",0.00853632175715942,2,2,"annual",193
"root_mean_activity","root","mean_activity","HOG:0023825",0.014157296649688,3,1,"annual",172
"root_mean_activity","root","mean_activity","HOG:0023896",0.0100041358695039,2,2,"annual",188
"root_mean_activity","root","mean_activity","HOG:0023914",0.00345573276328032,2,2,"annual",207
"root_mean_activity","root","mean_activity","HOG:0024277",-0.0127653487172164,2,2,"perennial",230
"root_mean_activity","root","mean_activity","HOG:0024337",-0.10131384423304,1,3,"perennial",321
"root_mean_activity","root","mean_activity","HOG:0024401",-0.0275265095586436,1,3,"perennial",247
"root_mean_activity","root","mean_activity","HOG:0024444",0.0161856028428958,2,2,"annual",158
"root_mean_activity","root","mean_activity","HOG:0024452",0.0204393769259222,2,2,"annual",138
"root_mean_activity","root","mean_activity","HOG:0024495",-0.0546546299881255,1,3,"perennial",283
"root_mean_activity","root","mean_activity","HOG:0024562",0.0161483975744391,2,2,"annual",159
"root_mean_activity","root","mean_activity","HOG:0024574",0.0311252710785578,2,2,"annual",104
"root_mean_activity","root","mean_activity","HOG:0024629",0.0209864359422256,2,2,"annual",135
"root_mean_activity","root","mean_activity","HOG:0024791",0.0495643793342005,4,0,"annual",64
"root_mean_activity","root","mean_activity","HOG:0024905",0.0212577268886342,2,2,"annual",133
"root_mean_activity","root","mean_activity","HOG:0024976",0.0861830804449841,2,2,"annual",42
"root_mean_activity","root","mean_activity","HOG:0024990",-0.0343810662486211,0,4,"perennial",256
"root_mean_activity","root","mean_activity","HOG:0025124",-0.0761633284125773,0,4,"perennial",306
"root_mean_activity","root","mean_activity","HOG:0025149",0.259399773017528,3,1,"annual",14
"root_mean_activity","root","mean_activity","HOG:0025186",0.0385900648490819,3,1,"annual",86
"root_mean_activity","root","mean_activity","HOG:0025219",-0.0103437094094417,1,3,"perennial",226
"root_mean_activity","root","mean_activity","HOG:0025231",0.0555427764022945,4,0,"annual",58
"root_mean_activity","root","mean_activity","HOG:0025232",0.0055417704892217,2,2,"annual",204
"root_mean_activity","root","mean_activity","HOG:0025316",-0.0134649415792254,2,2,"perennial",232
"root_mean_activity","root","mean_activity","HOG:0025342",0.402897073988212,3,1,"annual",4
"root_mean_activity","root","mean_activity","HOG:0025801",-0.0828179107982764,1,3,"perennial",311
"root_mean_activity","root","mean_activity","HOG:0025848",0.167718717422977,3,1,"annual",24
"root_mean_activity","root","mean_activity","HOG:0025863",0.0484077841922272,3,1,"annual",68
"root_mean_activity","root","mean_activity","HOG:0025923",0.00791772062509451,2,2,"annual",195
"root_mean_activity","root","mean_activity","HOG:0025959",0.333639679745453,3,1,"annual",11
"root_mean_activity","root","mean_activity","HOG:0026019",0.0426208865816716,2,2,"annual",83
"root_mean_activity","root","mean_activity","HOG:0026073",-0.0683168962217417,0,4,"perennial",298
"root_mean_activity","root","mean_activity","HOG:0026142",0.0263256357334268,3,1,"annual",119
"root_mean_activity","root","mean_activity","HOG:0026234",0.048804184354734,4,0,"annual",66
"root_mean_activity","root","mean_activity","HOG:0026340",-0.16970725924406,0,4,"perennial",335
"root_mean_activity","root","mean_activity","HOG:0026360",-0.0488159996960116,1,3,"perennial",276
"root_mean_activity","root","mean_activity","HOG:0026361",0.00380344981600832,2,2,"annual",206
"root_mean_activity","root","mean_activity","HOG:0026397",-0.0723570719131133,1,3,"perennial",301
"root_mean_activity","root","mean_activity","HOG:0026451",0.0497812853673964,3,1,"annual",62
"root_mean_activity","root","mean_activity","HOG:0026499",-0.0421788177017785,1,3,"perennial",268
"root_mean_activity","root","mean_activity","HOG:0026507",-0.0815990498187975,0,4,"perennial",309
"root_mean_activity","root","mean_activity","HOG:0026549",0.0173303363505336,3,1,"annual",155
"root_mean_activity","root","mean_activity","HOG:0026556",-0.0230614222193606,2,2,"perennial",243
"root_mean_activity","root","mean_activity","HOG:0026637",0.0352873879200658,2,2,"annual",95
"root_mean_activity","root","mean_activity","HOG:0026703",0.113810777322745,2,2,"annual",34
"root_mean_activity","root","mean_activity","HOG:0026707",0.0187775619296873,3,1,"annual",146
"root_mean_activity","root","mean_activity","HOG:0026742",0.287691941998047,3,1,"annual",13
"root_mean_activity","root","mean_activity","HOG:0026770",0.0301864617476674,3,1,"annual",108
"root_mean_activity","root","mean_activity","HOG:0026774",0.139706489366206,3,1,"annual",28
"root_mean_activity","root","mean_activity","HOG:0026834",0.0138965719646943,2,2,"annual",174
"root_mean_activity","root","mean_activity","HOG:0026838",0.137059460408982,3,1,"annual",29
"root_mean_activity","root","mean_activity","HOG:0026902",0.0159992456371954,2,2,"annual",161
"root_mean_activity","root","mean_activity","HOG:0026946",0.125954636103002,3,1,"annual",31
"root_mean_activity","root","mean_activity","HOG:0027005",-0.0282438112887417,1,3,"perennial",248
"root_mean_activity","root","mean_activity","HOG:0027032",-0.0367902656475733,2,2,"perennial",260
"root_mean_activity","root","mean_activity","HOG:0027054",-0.138259085778619,0,4,"perennial",332
"root_mean_activity","root","mean_activity","HOG:0027090",0.0879548370843479,2,2,"annual",39
"root_mean_activity","root","mean_activity","HOG:0027091",0.0430299289341268,2,2,"annual",82
"root_mean_activity","root","mean_activity","HOG:0027098",0.0218961233449583,4,0,"annual",130
"root_mean_activity","root","mean_activity","HOG:0027147",0.0325889714213146,4,0,"annual",99
"root_mean_activity","root","mean_activity","HOG:0027281",0.0181254184067252,3,1,"annual",149
"root_mean_activity","root","mean_activity","HOG:0027282",0.199240156658823,4,0,"annual",18
"root_mean_activity","root","mean_activity","HOG:0027285",0.11429102276525,2,2,"annual",33
"root_mean_activity","root","mean_activity","HOG:0027303",0.0193145661158493,2,2,"annual",143
"root_mean_activity","root","mean_activity","HOG:0027351",-0.0407885196519225,2,2,"perennial",265
"root_mean_activity","root","mean_activity","HOG:0027413",0.0586011188211661,2,2,"annual",55
"root_mean_activity","root","mean_activity","HOG:0027421",0.1822651033207,3,1,"annual",21
"root_mean_activity","root","mean_activity","HOG:0027495",0.0256111019235613,3,1,"annual",122
"root_mean_activity","root","mean_activity","HOG:0027529",-0.00533976701624446,2,2,"perennial",220
"root_mean_activity","root","mean_activity","HOG:0027601",0.042263759483725,3,1,"annual",84
"root_mean_activity","root","mean_activity","HOG:0027639",-0.0646178166848022,0,4,"perennial",295
"root_mean_activity","root","mean_activity","HOG:0027641",0.236147178251233,3,1,"annual",16
"root_mean_activity","root","mean_activity","HOG:0027704",-0.0334386755437885,0,4,"perennial",253
"root_mean_activity","root","mean_activity","HOG:0027706",-0.033470729640587,1,3,"perennial",254
"root_mean_activity","root","mean_activity","HOG:0027905",0.180075699337216,3,1,"annual",22
"root_mean_activity","root","mean_activity","HOG:0027918",0.0948071875131911,2,2,"annual",38
"root_mean_activity","root","mean_activity","HOG:0027975",-0.0214506399126772,1,3,"perennial",240
"root_mean_activity","root","mean_activity","HOG:0028005",-0.0779340554208452,1,3,"perennial",307
"root_mean_activity","root","mean_activity","HOG:0028008",0.0477273839148944,3,1,"annual",70
"root_mean_activity","root","mean_activity","HOG:0028012",-0.00511750368103165,2,2,"perennial",217
"root_mean_activity","root","mean_activity","HOG:0028018",0.0511998530391078,3,1,"annual",60
"root_mean_activity","root","mean_activity","HOG:0028065",0.0129364142164254,2,2,"annual",176
"root_mean_activity","root","mean_activity","HOG:0028089",-0.0105141184630905,1,3,"perennial",227
"root_mean_activity","root","mean_activity","HOG:0028145",0.047333241369594,2,2,"annual",71
"root_mean_activity","root","mean_activity","HOG:0028197",0.130228370989385,3,1,"annual",30
"root_mean_activity","root","mean_activity","HOG:0028198",-0.0449150335419783,2,2,"perennial",272
"root_mean_activity","root","mean_activity","HOG:0028263",-0.0489235260570684,2,2,"perennial",277
"root_mean_activity","root","mean_activity","HOG:0028333",0.35753971360068,3,1,"annual",6
"root_mean_activity","root","mean_activity","HOG:0028381",-0.0664448094642724,1,3,"perennial",297
"root_mean_activity","root","mean_activity","HOG:0028394",0.0180454955657689,3,1,"annual",151
"root_mean_activity","root","mean_activity","HOG:0028395",-0.0429149451382586,1,3,"perennial",269
"root_mean_activity","root","mean_activity","HOG:0028440",-0.0826099881852703,0,4,"perennial",310
"root_mean_activity","root","mean_activity","HOG:0028636",-0.0398687719950862,1,3,"perennial",263
"root_mean_activity","root","mean_activity","HOG:0028647",0.045529004487768,2,2,"annual",76
"root_mean_activity","root","mean_activity","HOG:0028661",-0.054279182521771,0,4,"perennial",282
"root_mean_activity","root","mean_activity","HOG:0028695",-0.0415360578201934,1,3,"perennial",267
"root_mean_activity","root","mean_activity","HOG:0028717",0.0199475481311755,2,2,"annual",142
"root_mean_activity","root","mean_activity","HOG:0028718",0.0295440205861424,2,2,"annual",110
"root_mean_activity","root","mean_activity","HOG:0028720",0.046209399652837,4,0,"annual",75
"root_mean_activity","root","mean_activity","HOG:0028766",0.0155438535132843,4,0,"annual",163
"root_mean_activity","root","mean_activity","HOG:0028850",-0.0593204219363608,0,4,"perennial",286
"root_mean_activity","root","mean_activity","HOG:0028978",-0.0899260465538797,1,3,"perennial",314
"root_mean_activity","root","mean_activity","HOG:0029110",0.0155759274367745,3,1,"annual",162
"root_mean_activity","root","mean_activity","HOG:0029148",0.0381795162570735,3,1,"annual",90
"root_mean_activity","root","mean_activity","HOG:0029401",0.00786661273312645,2,2,"annual",196
"root_mean_activity","root","mean_activity","HOG:0029429",-0.088258017224025,1,3,"perennial",313
"root_mean_activity","root","mean_activity","HOG:0029472",0.0182714185876731,2,2,"annual",148
"root_mean_activity","root","mean_activity","HOG:0029484",0.0296092079534888,3,1,"annual",109
"root_mean_activity","root","mean_activity","HOG:0029540",-0.12444081151244,1,3,"perennial",329
"root_mean_activity","root","mean_activity","HOG:0029544",0.0377977960895554,4,0,"annual",91
"root_mean_activity","root","mean_activity","HOG:0029921",-0.0399459936522232,1,3,"perennial",264
"root_mean_activity","root","mean_activity","HOG:0030062",0.0352206890181385,4,0,"annual",96
"root_mean_activity","root","mean_activity","HOG:0030801",-0.062290016432945,0,4,"perennial",291
"root_mean_activity","root","mean_activity","HOG:0030881",-0.0354663866191217,1,3,"perennial",257
"root_mean_activity","root","mean_activity","HOG:0030883",0.0107940740260497,3,1,"annual",185
"root_mean_activity","root","mean_activity","HOG:0030884",0.0213000330420631,2,2,"annual",132
"root_mean_activity","root","mean_activity","HOG:0030885",-0.062530149714676,0,4,"perennial",292
"root_mean_activity","root","mean_activity","HOG:0030886",-0.0736176523261575,1,3,"perennial",303
"root_mean_activity","root","mean_activity","HOG:0030887",0.0080590908453933,2,2,"annual",194
"root_mean_activity","root","mean_activity","HOG:0031056",-0.0190619707232442,1,3,"perennial",237
"root_mean_activity","root","mean_activity","HOG:0031066",-0.0654204112145554,1,3,"perennial",296
"root_mean_activity","root","mean_activity","HOG:0031127",0.0303011675602063,2,2,"annual",107
"root_mean_activity","root","mean_activity","HOG:0031129",0.0381832839866686,3,1,"annual",89
"root_mean_activity","root","mean_activity","HOG:0031227",0.109653313334561,3,1,"annual",35
"root_mean_activity","root","mean_activity","HOG:0031321",0.0179216766473161,2,2,"annual",152
"root_mean_activity","root","mean_activity","HOG:0031418",-0.091414000357309,1,3,"perennial",315
"root_mean_activity","root","mean_activity","HOG:0031473",0.0115449879755233,2,2,"annual",182
"root_mean_activity","root","mean_activity","HOG:0031530",0.0463199821854141,3,1,"annual",74
"root_mean_activity","root","mean_activity","HOG:0031653",0.0271452414708612,4,0,"annual",117
"root_mean_activity","root","mean_activity","HOG:0031982",-0.020775904434544,0,4,"perennial",238
"root_mean_activity","root","mean_activity","HOG:0032060",-0.0602250781313936,0,4,"perennial",290
"root_mean_activity","root","mean_activity","HOG:0032061",-0.0446071526888192,1,3,"perennial",270
"root_mean_activity","root","mean_activity","HOG:0032161",0.0108740663654705,2,2,"annual",184
"root_mean_activity","root","mean_activity","HOG:0032320",0.0453920373935514,4,0,"annual",77
"root_mean_activity","root","mean_activity","HOG:0032348",-0.0340522286031471,1,3,"perennial",255
"root_mean_activity","root","mean_activity","HOG:0032397",-0.0212404788153957,1,3,"perennial",239
"root_mean_activity","root","mean_activity","HOG:0032436",0.445312579261496,3,1,"annual",3
"root_mean_activity","root","mean_activity","HOG:0032593",0.026189704985291,2,2,"annual",120
"root_mean_activity","root","mean_activity","HOG:0032629",-0.0316682184724011,2,2,"perennial",252
"root_mean_activity","root","mean_activity","HOG:0032765",0.147161374190906,3,1,"annual",25
"root_mean_activity","root","mean_activity","HOG:0032849",0.0699518507190819,2,2,"annual",46
"root_mean_activity","root","mean_activity","HOG:0032893",0.0137441222584232,3,1,"annual",175
"root_mean_activity","root","mean_activity","HOG:0032903",0.35017609750603,3,1,"annual",7
"root_mean_activity","root","mean_activity","HOG:0032904",0.331258911161685,4,0,"annual",12
"root_mean_activity","root","mean_activity","HOG:0032920",0.0665908520987541,4,0,"annual",47
"root_mean_activity","root","mean_activity","HOG:0032961",0.0470725543946478,3,1,"annual",73
"root_mean_activity","root","mean_activity","HOG:0032963",-0.0597595872178736,2,2,"perennial",288
"root_mean_activity","root","mean_activity","HOG:0033004",-0.0263203860822814,2,2,"perennial",245
"root_mean_activity","root","mean_activity","HOG:0033256",0.0370670476652098,3,1,"annual",92
"root_mean_activity","root","mean_activity","HOG:0033359",-0.00133762438810353,1,3,"perennial",215
"root_mean_activity","root","mean_activity","HOG:0033476",-0.118766164237559,0,4,"perennial",323
