"anchor_id","metric","anchor_hog","metric_type","statistic_orientation","concordant_mean","discordant_mean","signed_statistic","p_value","p_min","p_attainable","rank_from_top","n_tied_observed","n_tied_max","n_distinct_statistics","n_labellings","global_flip_multiplicity","blocked_label_space","blocked_p_min","blocked_p_attainable_at_best","blocked_p_below_0.05_attainable","q_bh","within_phylogenetic_pair_median","discovery_rank"
"anchor_267","module_edge_jaccard","HOG:0026549","similarity","concordant_minus_discordant",0.673484100601199,0.520560448161364,0.152923652439835,0.0285714285714286,0.0142857142857143,0.0285714285714286,2,2,2,35,70,2,16,0.0625,0.125,FALSE,0.962990654205607,0.586687306501548,1
"anchor_287","matched_edge_correlation","HOG:0028018","similarity","concordant_minus_discordant",0.195254143739688,0.0778555339877983,0.11739860975189,0.0285714285714286,0.0142857142857143,0.0285714285714286,2,2,2,35,70,2,16,0.0625,0.125,FALSE,0.962990654205607,0.0962786288277767,2
"anchor_323","module_edge_jaccard","HOG:0026451","similarity","concordant_minus_discordant",0.634691697191697,0.52901307026307,0.105678626928627,0.0285714285714286,0.0142857142857143,0.0285714285714286,2,2,2,35,70,2,16,0.0625,0.125,FALSE,0.962990654205607,0.571428571428571,3
"anchor_234","matched_edge_correlation","HOG:0024574","similarity","concordant_minus_discordant",0.16434407705144,0.0756087924044913,0.0887352846469488,0.0285714285714286,0.0142857142857143,0.0285714285714286,2,2,2,35,70,2,16,0.0625,0.125,FALSE,0.962990654205607,0.0848464749977722,4
"anchor_237","matched_edge_correlation","HOG:0026838","similarity","concordant_minus_discordant",0.205073970022871,0.116599196666748,0.0884747733561225,0.0285714285714286,0.0142857142857143,0.0285714285714286,2,2,2,35,70,2,16,0.0625,0.125,FALSE,0.962990654205607,0.234141060508975,5
"anchor_263","module_edge_jaccard","HOG:0024905","similarity","concordant_minus_discordant",0.6820449961322,0.627942226168708,0.0541027699634915,0.0285714285714286,0.0142857142857143,0.0285714285714286,2,2,2,35,70,2,16,0.0625,0.125,FALSE,0.962990654205607,0.656797405648333,6
"anchor_121","matched_edge_correlation","HOG:0030887","similarity","concordant_minus_discordant",0.156941129714564,0.109775885675953,0.0471652440386103,0.0285714285714286,0.0142857142857143,0.0285714285714286,2,2,2,35,70,2,16,0.0625,0.125,FALSE,0.962990654205607,0.157267838435824,7
"anchor_52","neighborhood_jaccard","HOG:0012253","similarity","concordant_minus_discordant",0.501603563072764,0.455881867680893,0.0457216953918705,0.0285714285714286,0.0142857142857143,0.0285714285714286,2,2,2,35,70,2,16,0.0625,0.125,FALSE,0.962990654205607,0.456017764618801,8
"anchor_170","module_edge_jaccard","HOG:0025923","similarity","concordant_minus_discordant",0.520226793753581,0.478834127870592,0.0413926658829897,0.0285714285714286,0.0142857142857143,0.0285714285714286,2,2,2,35,70,2,16,0.0625,0.125,FALSE,0.962990654205607,0.480085784313726,9
"anchor_98","matched_edge_correlation","HOG:0018100","similarity","concordant_minus_discordant",0.318171165200168,0.277164469089251,0.0410066961109177,0.0285714285714286,0.0142857142857143,0.0285714285714286,2,2,2,35,70,2,16,0.0625,0.125,FALSE,0.962990654205607,0.257380466030669,10
"anchor_196","neighborhood_jaccard","HOG:0006523","similarity","concordant_minus_discordant",0.258655418585921,0.217872724865807,0.0407826937201134,0.0285714285714286,0.0142857142857143,0.0285714285714286,2,2,2,35,70,2,16,0.0625,0.125,FALSE,0.962990654205607,0.226409612792265,11
"anchor_179","module_edge_jaccard","HOG:0031227","similarity","concordant_minus_discordant",0.444062410334628,0.403469334494203,0.0405930758404248,0.0285714285714286,0.0142857142857143,0.0285714285714286,2,2,2,35,70,2,16,0.0625,0.125,FALSE,0.962990654205607,0.394783251792013,12
"anchor_120","module_edge_jaccard","HOG:0027421","similarity","concordant_minus_discordant",0.632275135040432,0.592014999499683,0.0402601355407494,0.0285714285714286,0.0142857142857143,0.0285714285714286,2,2,2,35,70,2,16,0.0625,0.125,FALSE,0.962990654205607,0.598371061352598,13
"anchor_87","module_edge_jaccard","HOG:0005589","similarity","concordant_minus_discordant",0.758180517863149,0.72798614516394,0.0301943726992084,0.0285714285714286,0.0142857142857143,0.0285714285714286,2,2,2,35,70,2,16,0.0625,0.125,FALSE,0.962990654205607,0.74982289694116,14
"anchor_297","neighborhood_jaccard","HOG:0028197","similarity","concordant_minus_discordant",0.240056124417492,0.210686120491841,0.0293700039256511,0.0285714285714286,0.0142857142857143,0.0285714285714286,2,2,2,35,70,2,16,0.0625,0.125,FALSE,0.962990654205607,0.248431196772748,15
"anchor_206","module_edge_jaccard","HOG:0007920","similarity","concordant_minus_discordant",0.768708978113188,0.740606895537854,0.0281020825753333,0.0285714285714286,0.0142857142857143,0.0285714285714286,2,2,2,35,70,2,16,0.0625,0.125,FALSE,0.962990654205607,0.761590571681085,16
"anchor_156","neighborhood_jaccard","HOG:0026499","similarity","concordant_minus_discordant",0.298732035182468,0.274936429084536,0.0237956060979319,0.0285714285714286,0.0142857142857143,0.0285714285714286,2,2,2,35,70,2,16,0.0625,0.125,FALSE,0.962990654205607,0.299568653037553,17
"anchor_118","module_edge_jaccard","HOG:0028661","similarity","concordant_minus_discordant",0.526989476035454,0.507923324972053,0.0190661510634015,0.0285714285714286,0.0142857142857143,0.0285714285714286,2,2,2,35,70,2,16,0.0625,0.125,FALSE,0.962990654205607,0.496194076874606,18
"anchor_152","neighborhood_jaccard","HOG:0028198","similarity","concordant_minus_discordant",0.219652852160637,0.201652211647404,0.0180006405132336,0.0285714285714286,0.0142857142857143,0.0285714285714286,2,2,2,35,70,2,16,0.0625,0.125,FALSE,0.962990654205607,0.189900938777861,19
"anchor_56","neighborhood_jaccard","HOG:0004085","similarity","concordant_minus_discordant",0.576384973565266,0.559935785015254,0.0164491885500115,0.0285714285714286,0.0142857142857143,0.0285714285714286,2,2,2,35,70,2,16,0.0625,0.125,FALSE,0.962990654205607,0.619682741116751,20
"anchor_46","module_edge_jaccard","HOG:0021895","similarity","concordant_minus_discordant",0.7311046023825,0.715002509736343,0.0161020926461571,0.0285714285714286,0.0142857142857143,0.0285714285714286,2,2,2,35,70,2,16,0.0625,0.125,FALSE,0.962990654205607,0.712210819212048,21
"anchor_38","module_edge_jaccard","HOG:0011023","similarity","concordant_minus_discordant",0.802444173386205,0.788948384540572,0.0134957888456336,0.0285714285714286,0.0142857142857143,0.0285714285714286,2,2,2,35,70,2,16,0.0625,0.125,FALSE,0.962990654205607,0.807360116155567,22
"anchor_234","matched_edge_mean_abs_log_threshold_distance","HOG:0024574","distance","discordant_minus_concordant",0.0174805118300999,0.0190077524763185,0.00152724064621853,0.0285714285714286,0.0142857142857143,0.0285714285714286,2,2,2,35,70,2,16,0.0625,0.125,FALSE,0.962990654205607,0.0187745097198871,23
"anchor_197","matched_edge_mean_abs_log_threshold_distance","HOG:0006052","distance","discordant_minus_concordant",0.0140641393849313,0.0150763575101398,0.00101221812520852,0.0285714285714286,0.0142857142857143,0.0285714285714286,2,2,2,35,70,2,16,0.0625,0.125,FALSE,0.962990654205607,0.0145808077708532,24
"anchor_175","matched_edge_mean_abs_log_threshold_distance","HOG:0003782","distance","discordant_minus_concordant",0.0137494776662357,0.0146156571719358,0.000866179505700069,0.0285714285714286,0.0142857142857143,0.0285714285714286,2,2,2,35,70,2,16,0.0625,0.125,FALSE,0.962990654205607,0.0139481207375471,25
"anchor_205","matched_edge_mean_abs_log_threshold_distance","HOG:0025863","distance","discordant_minus_concordant",0.0138720791303655,0.0147057079856707,0.000833628855305156,0.0285714285714286,0.0142857142857143,0.0285714285714286,2,2,2,35,70,2,16,0.0625,0.125,FALSE,0.962990654205607,0.0144717051307441,26
"anchor_127","matched_edge_mean_abs_log_threshold_distance","HOG:0007713","distance","discordant_minus_concordant",0.0139640461426015,0.0145405977461417,0.000576551603540226,0.0285714285714286,0.0142857142857143,0.0285714285714286,2,2,2,35,70,2,16,0.0625,0.125,FALSE,0.962990654205607,0.0147186177857541,27
"anchor_320","matched_edge_correlation","HOG:0005833","similarity","concordant_minus_discordant",0.325406492099243,0.195071516380185,0.130334975719058,0.0571428571428571,0.0142857142857143,0.0285714285714286,4,2,2,35,70,2,16,0.0625,0.125,FALSE,0.962990654205607,0.275349781367158,28
"anchor_207","matched_edge_correlation","HOG:0032903","similarity","concordant_minus_discordant",0.203918454602921,0.074090173761339,0.129828280841582,0.0571428571428571,0.0142857142857143,0.0285714285714286,4,2,2,35,70,2,16,0.0625,0.125,FALSE,0.962990654205607,0.215667095502005,29
"anchor_122","matched_edge_correlation","HOG:0012297","similarity","concordant_minus_discordant",0.171253791602785,0.0732561338870267,0.0979976577157578,0.0571428571428571,0.0142857142857143,0.0285714285714286,4,2,2,35,70,2,16,0.0625,0.125,FALSE,0.962990654205607,0.0929890244103839,30
"anchor_97","matched_edge_correlation","HOG:0011541","similarity","concordant_minus_discordant",0.189011222728759,0.117764794109463,0.0712464286192959,0.0571428571428571,0.0142857142857143,0.0285714285714286,4,2,2,35,70,2,16,0.0625,0.125,FALSE,0.962990654205607,0.109293766906505,31
"anchor_175","matched_edge_correlation","HOG:0003782","similarity","concordant_minus_discordant",0.365562327452229,0.294370723302721,0.0711916041495073,0.0571428571428571,0.0142857142857143,0.0285714285714286,4,2,2,35,70,2,16,0.0625,0.125,FALSE,0.962990654205607,0.297826112111766,32
"anchor_178","matched_edge_correlation","HOG:0010551","similarity","concordant_minus_discordant",0.197026494476438,0.130371489394755,0.0666550050816833,0.0571428571428571,0.0142857142857143,0.0285714285714286,4,2,2,35,70,2,16,0.0625,0.125,FALSE,0.962990654205607,0.149813023258676,33
"anchor_143","neighborhood_jaccard","HOG:0006346","similarity","concordant_minus_discordant",0.360161176129498,0.297894475055781,0.0622667010737177,0.0571428571428571,0.0142857142857143,0.0285714285714286,4,2,2,35,70,2,16,0.0625,0.125,FALSE,0.962990654205607,0.305284926470588,34
"anchor_78","neighborhood_jaccard","HOG:0028720","similarity","concordant_minus_discordant",0.399114998963697,0.360174756943182,0.038940242020515,0.0571428571428571,0.0142857142857143,0.0285714285714286,4,2,2,35,70,2,16,0.0625,0.125,FALSE,0.962990654205607,0.353819330936036,35
"anchor_291","neighborhood_jaccard","HOG:0027706","similarity","concordant_minus_discordant",0.188977998632202,0.151163856181052,0.0378141424511501,0.0571428571428571,0.0142857142857143,0.0285714285714286,4,2,2,35,70,2,16,0.0625,0.125,FALSE,0.962990654205607,0.158653846153846,36
"anchor_224","module_edge_jaccard","HOG:0020382","similarity","concordant_minus_discordant",0.60835402673488,0.572543084361776,0.0358109423731042,0.0571428571428571,0.0142857142857143,0.0285714285714286,4,2,2,35,70,2,16,0.0625,0.125,FALSE,0.962990654205607,0.538207611050921,37
"anchor_235","neighborhood_jaccard","HOG:0017160","similarity","concordant_minus_discordant",0.197701067613266,0.167413095580686,0.0302879720325802,0.0571428571428571,0.0142857142857143,0.0285714285714286,4,2,2,35,70,2,16,0.0625,0.125,FALSE,0.962990654205607,0.193495514147688,38
"anchor_266","neighborhood_jaccard","HOG:0028440","similarity","concordant_minus_discordant",0.245028841142613,0.215957834468085,0.0290710066745275,0.0571428571428571,0.0142857142857143,0.0285714285714286,4,2,2,35,70,2,16,0.0625,0.125,FALSE,0.962990654205607,0.187988906272223,39
"anchor_36","neighborhood_jaccard","HOG:0018221","similarity","concordant_minus_discordant",0.571136613328673,0.550709384069923,0.0204272292587504,0.0571428571428571,0.0142857142857143,0.0285714285714286,4,2,2,35,70,2,16,0.0625,0.125,FALSE,0.962990654205607,0.548331788693235,40
"anchor_97","neighborhood_jaccard","HOG:0011541","similarity","concordant_minus_discordant",0.306658035745897,0.287926510447237,0.0187315252986605,0.0571428571428571,0.0142857142857143,0.0285714285714286,4,2,2,35,70,2,16,0.0625,0.125,FALSE,0.962990654205607,0.311578947368421,41
"anchor_76","neighborhood_jaccard","HOG:0016566","similarity","concordant_minus_discordant",0.504077382415481,0.48611287841889,0.0179645039965916,0.0571428571428571,0.0142857142857143,0.0285714285714286,4,2,2,35,70,2,16,0.0625,0.125,FALSE,0.962990654205607,0.506992912405995,42
"anchor_124","module_edge_jaccard","HOG:0008697","similarity","concordant_minus_discordant",0.520901770998946,0.503939000977272,0.0169627700216737,0.0571428571428571,0.0142857142857143,0.0285714285714286,4,2,2,35,70,2,16,0.0625,0.125,FALSE,0.962990654205607,0.521464854395955,43
"anchor_85","neighborhood_jaccard","HOG:0032061","similarity","concordant_minus_discordant",0.302373058004712,0.287383932990747,0.0149891250139643,0.0571428571428571,0.0142857142857143,0.0285714285714286,4,2,2,35,70,2,16,0.0625,0.125,FALSE,0.962990654205607,0.306311413454271,44
"anchor_43","module_edge_jaccard","HOG:0006505","similarity","concordant_minus_discordant",0.723328980177667,0.710203809403732,0.0131251707739357,0.0571428571428571,0.0142857142857143,0.0285714285714286,4,2,2,35,70,2,16,0.0625,0.125,FALSE,0.962990654205607,0.729992417241214,45
"anchor_42","module_edge_jaccard","HOG:0032893","similarity","concordant_minus_discordant",0.76649621712927,0.755183871425738,0.0113123457035316,0.0571428571428571,0.0142857142857143,0.0285714285714286,4,2,2,35,70,2,16,0.0625,0.125,FALSE,0.962990654205607,0.745663525313375,46
"anchor_35","module_edge_jaccard","HOG:0012402","similarity","concordant_minus_discordant",0.758691847461135,0.751234553229874,0.00745729423126074,0.0571428571428571,0.0142857142857143,0.0285714285714286,4,2,2,35,70,2,16,0.0625,0.125,FALSE,0.962990654205607,0.755704333299997,47
"anchor_03","module_edge_jaccard","HOG:0011532","similarity","concordant_minus_discordant",0.73776085593351,0.730446148084148,0.00731470784936206,0.0571428571428571,0.0142857142857143,0.0285714285714286,4,2,2,35,70,2,16,0.0625,0.125,FALSE,0.962990654205607,0.745500007268465,48
"anchor_260","matched_edge_mean_abs_log_threshold_distance","HOG:0012011","distance","discordant_minus_concordant",0.0174334998792467,0.0191511920581876,0.00171769217894088,0.0571428571428571,0.0142857142857143,0.0285714285714286,4,2,2,35,70,2,16,0.0625,0.125,FALSE,0.962990654205607,0.0182908632739147,49
"anchor_278","matched_edge_mean_abs_log_threshold_distance","HOG:0024629","distance","discordant_minus_concordant",0.0140244563210265,0.0156006641595909,0.00157620783856446,0.0571428571428571,0.0142857142857143,0.0285714285714286,4,2,2,35,70,2,16,0.0625,0.125,FALSE,0.962990654205607,0.0158335476772257,50
"anchor_114","matched_edge_mean_abs_log_threshold_distance","HOG:0027098","distance","discordant_minus_concordant",0.0139489665798529,0.0147056166290746,0.000756650049221657,0.0571428571428571,0.0142857142857143,0.0285714285714286,4,2,2,35,70,2,16,0.0625,0.125,FALSE,0.962990654205607,0.0145210649325685,51
"anchor_87","matched_edge_mean_abs_log_threshold_distance","HOG:0005589","distance","discordant_minus_concordant",0.0141350192070234,0.0148222457009973,0.000687226493973942,0.0571428571428571,0.0142857142857143,0.0285714285714286,4,2,2,35,70,2,16,0.0625,0.125,FALSE,0.962990654205607,0.0147197886198335,52
"anchor_141","matched_edge_mean_abs_log_threshold_distance","HOG:0026234","distance","discordant_minus_concordant",0.0140887028661762,0.0146631592539283,0.000574456387752102,0.0571428571428571,0.0142857142857143,0.0285714285714286,4,2,2,35,70,2,16,0.0625,0.125,FALSE,0.962990654205607,0.0142841087411398,53
"anchor_331","matched_edge_correlation","HOG:0027285","similarity","concordant_minus_discordant",0.215299861259216,0.0887847388804818,0.126515122378735,0.0857142857142857,0.0142857142857143,0.0285714285714286,6,2,2,35,70,2,16,0.0625,0.125,FALSE,0.962990654205607,0.0542538082001521,54
"anchor_298","module_edge_jaccard","HOG:0003541","similarity","concordant_minus_discordant",0.514849266564953,0.404525063986381,0.110324202578572,0.0857142857142857,0.0142857142857143,0.0285714285714286,6,2,2,35,70,2,16,0.0625,0.125,FALSE,0.962990654205607,0.455882352941176,55
"anchor_186","matched_edge_correlation","HOG:0027918","similarity","concordant_minus_discordant",0.171714487841974,0.102149733308125,0.0695647545338484,0.0857142857142857,0.0142857142857143,0.0285714285714286,6,2,2,35,70,2,16,0.0625,0.125,FALSE,0.962990654205607,0.122089276630988,56
"anchor_162","matched_edge_correlation","HOG:0005857","similarity","concordant_minus_discordant",0.129444966529613,0.0655083578763037,0.0639366086533088,0.0857142857142857,0.0142857142857143,0.0285714285714286,6,2,2,35,70,2,16,0.0625,0.125,FALSE,0.962990654205607,0.0930348912769335,57
"anchor_161","matched_edge_correlation","HOG:0025959","similarity","concordant_minus_discordant",0.164843542772934,0.107960136196679,0.0568834065762545,0.0857142857142857,0.0142857142857143,0.0285714285714286,6,2,2,35,70,2,16,0.0625,0.125,FALSE,0.962990654205607,0.202174614631315,58
"anchor_192","matched_edge_correlation","HOG:0010481","similarity","concordant_minus_discordant",0.14011494489331,0.0870194741518263,0.053095470741484,0.0857142857142857,0.0142857142857143,0.0285714285714286,6,2,2,35,70,2,16,0.0625,0.125,FALSE,0.962990654205607,0.139729952953218,59
"anchor_305","module_edge_jaccard","HOG:0006008","similarity","concordant_minus_discordant",0.851203905288163,0.80972335443231,0.0414805508558523,0.0857142857142857,0.0142857142857143,0.0285714285714286,6,2,2,35,70,2,16,0.0625,0.125,FALSE,0.962990654205607,0.830263385894992,60
"anchor_120","matched_edge_correlation","HOG:0027421","similarity","concordant_minus_discordant",0.188581582730785,0.15018415462657,0.0383974281042148,0.0857142857142857,0.0142857142857143,0.0285714285714286,6,2,2,35,70,2,16,0.0625,0.125,FALSE,0.962990654205607,0.17717900089941,61
"anchor_324","module_edge_jaccard","HOG:0023427","similarity","concordant_minus_discordant",0.595364335303603,0.559038747194652,0.0363255881089517,0.0857142857142857,0.0142857142857143,0.0285714285714286,6,2,2,35,70,2,16,0.0625,0.125,FALSE,0.962990654205607,0.630318088809758,62
"anchor_268","module_edge_jaccard","HOG:0004116","similarity","concordant_minus_discordant",0.47231033377713,0.44094063137629,0.0313697024008397,0.0857142857142857,0.0142857142857143,0.0285714285714286,6,2,2,35,70,2,16,0.0625,0.125,FALSE,0.962990654205607,0.417705013039699,63
"anchor_314","module_edge_jaccard","HOG:0031066","similarity","concordant_minus_discordant",0.50128934772784,0.470957666207534,0.0303316815203063,0.0857142857142857,0.0142857142857143,0.0285714285714286,6,2,2,35,70,2,16,0.0625,0.125,FALSE,0.962990654205607,0.483363581367211,64
"anchor_154","neighborhood_jaccard","HOG:0023439","similarity","concordant_minus_discordant",0.268252526998905,0.240650390587245,0.0276021364116595,0.0857142857142857,0.0142857142857143,0.0285714285714286,6,2,2,35,70,2,16,0.0625,0.125,FALSE,0.962990654205607,0.2659706331045,65
"anchor_114","neighborhood_jaccard","HOG:0027098","similarity","concordant_minus_discordant",0.469533715567415,0.444351427386602,0.025182288180813,0.0857142857142857,0.0142857142857143,0.0285714285714286,6,2,2,35,70,2,16,0.0625,0.125,FALSE,0.962990654205607,0.502890841813136,66
"anchor_144","neighborhood_jaccard","HOG:0028381","similarity","concordant_minus_discordant",0.262303371539648,0.237258357107628,0.0250450144320208,0.0857142857142857,0.0142857142857143,0.0285714285714286,6,2,2,35,70,2,16,0.0625,0.125,FALSE,0.962990654205607,0.247130102040816,67
"anchor_139","matched_edge_correlation","HOG:0005689","similarity","concordant_minus_discordant",0.140333449389378,0.115547323570999,0.0247861258183795,0.0857142857142857,0.0142857142857143,0.0285714285714286,6,2,2,35,70,2,16,0.0625,0.125,FALSE,0.962990654205607,0.121454427063621,68
"anchor_94","neighborhood_jaccard","HOG:0008605","similarity","concordant_minus_discordant",0.308896116175284,0.284181255960225,0.0247148602150589,0.0857142857142857,0.0142857142857143,0.0285714285714286,6,2,2,35,70,2,16,0.0625,0.125,FALSE,0.962990654205607,0.307828894269572,69
"anchor_263","neighborhood_jaccard","HOG:0024905","similarity","concordant_minus_discordant",0.224130515260555,0.199824883332757,0.0243056319277971,0.0857142857142857,0.0142857142857143,0.0285714285714286,6,2,2,35,70,2,16,0.0625,0.125,FALSE,0.962990654205607,0.208669514317355,70
"anchor_302","neighborhood_jaccard","HOG:0011628","similarity","concordant_minus_discordant",0.151575983792786,0.127392734567824,0.0241832492249618,0.0857142857142857,0.0142857142857143,0.0285714285714286,6,2,2,35,70,2,16,0.0625,0.125,FALSE,0.962990654205607,0.115646258503401,71
"anchor_116","module_edge_jaccard","HOG:0023564","similarity","concordant_minus_discordant",0.457229881728755,0.43343882529766,0.0237910564310951,0.0857142857142857,0.0142857142857143,0.0285714285714286,6,2,2,35,70,2,16,0.0625,0.125,FALSE,0.962990654205607,0.434577708492266,72
"anchor_299","neighborhood_jaccard","HOG:0025316","similarity","concordant_minus_discordant",0.169861859970616,0.14671154196921,0.023150318001406,0.0857142857142857,0.0142857142857143,0.0285714285714286,6,2,2,35,70,2,16,0.0625,0.125,FALSE,0.962990654205607,0.144404832640127,73
"anchor_226","neighborhood_jaccard","HOG:0025149","similarity","concordant_minus_discordant",0.298453733027927,0.276982921753791,0.0214708112741365,0.0857142857142857,0.0142857142857143,0.0285714285714286,6,2,2,35,70,2,16,0.0625,0.125,FALSE,0.962990654205607,0.284476117103236,74
"anchor_239","module_edge_jaccard","HOG:0028636","similarity","concordant_minus_discordant",0.499911399515841,0.478512612541291,0.0213987869745493,0.0857142857142857,0.0142857142857143,0.0285714285714286,6,2,2,35,70,2,16,0.0625,0.125,FALSE,0.962990654205607,0.464413007822357,75
"anchor_255","neighborhood_jaccard","HOG:0032961","similarity","concordant_minus_discordant",0.232141892680929,0.211030673963093,0.0211112187178355,0.0857142857142857,0.0142857142857143,0.0285714285714286,6,2,2,35,70,2,16,0.0625,0.125,FALSE,0.962990654205607,0.205434782608696,76
"anchor_127","module_edge_jaccard","HOG:0007713","similarity","concordant_minus_discordant",0.786820119677431,0.766789740125844,0.0200303795515867,0.0857142857142857,0.0142857142857143,0.0285714285714286,6,2,2,35,70,2,16,0.0625,0.125,FALSE,0.962990654205607,0.798183635257809,77
"anchor_128","module_edge_jaccard","HOG:0024976","similarity","concordant_minus_discordant",0.504563779192822,0.485485766923844,0.0190780122689775,0.0857142857142857,0.0142857142857143,0.0285714285714286,6,2,2,35,70,2,16,0.0625,0.125,FALSE,0.962990654205607,0.499480694037146,78
"anchor_24","neighborhood_jaccard","HOG:0031321","similarity","concordant_minus_discordant",0.53183387049658,0.513092861826499,0.0187410086700813,0.0857142857142857,0.0142857142857143,0.0285714285714286,6,2,2,35,70,2,16,0.0625,0.125,FALSE,0.962990654205607,0.521406481541138,79
"anchor_127","neighborhood_jaccard","HOG:0007713","similarity","concordant_minus_discordant",0.478076230482942,0.459584123116654,0.0184921073662879,0.0857142857142857,0.0142857142857143,0.0285714285714286,6,2,2,35,70,2,16,0.0625,0.125,FALSE,0.962990654205607,0.481198556770775,80
"anchor_195","neighborhood_jaccard","HOG:0029148","similarity","concordant_minus_discordant",0.193030546732388,0.175260426603445,0.0177701201289427,0.0857142857142857,0.0142857142857143,0.0285714285714286,6,2,2,35,70,2,16,0.0625,0.125,FALSE,0.962990654205607,0.186028982688193,81
"anchor_175","module_edge_jaccard","HOG:0003782","similarity","concordant_minus_discordant",0.805537765197069,0.788791945991879,0.01674581920519,0.0857142857142857,0.0142857142857143,0.0285714285714286,6,2,2,35,70,2,16,0.0625,0.125,FALSE,0.962990654205607,0.789789876944509,82
"anchor_157","module_edge_jaccard","HOG:0029921","similarity","concordant_minus_discordant",0.499508936085553,0.482882267334783,0.0166266687507698,0.0857142857142857,0.0142857142857143,0.0285714285714286,6,2,2,35,70,2,16,0.0625,0.125,FALSE,0.962990654205607,0.508536967418546,83
"anchor_05","neighborhood_jaccard","HOG:0006205","similarity","concordant_minus_discordant",0.589441917526073,0.5728376408253,0.016604276700773,0.0857142857142857,0.0142857142857143,0.0285714285714286,6,2,2,35,70,2,16,0.0625,0.125,FALSE,0.962990654205607,0.575558123802007,84
"anchor_41","neighborhood_jaccard","HOG:0028089","similarity","concordant_minus_discordant",0.557231552729217,0.541019066315235,0.0162124864139811,0.0857142857142857,0.0142857142857143,0.0285714285714286,6,2,2,35,70,2,16,0.0625,0.125,FALSE,0.962990654205607,0.576703346641997,85
"anchor_106","matched_edge_correlation","HOG:0012511","similarity","concordant_minus_discordant",0.14134066206848,0.125781028637957,0.0155596334305228,0.0857142857142857,0.0142857142857143,0.0285714285714286,6,2,2,35,70,2,16,0.0625,0.125,FALSE,0.962990654205607,0.136524687793471,86
"anchor_216","neighborhood_jaccard","HOG:0016625","similarity","concordant_minus_discordant",0.207488185493163,0.192887437649412,0.0146007478437503,0.0857142857142857,0.0142857142857143,0.0285714285714286,6,2,2,35,70,2,16,0.0625,0.125,FALSE,0.962990654205607,0.215592616580311,87
"anchor_179","neighborhood_jaccard","HOG:0031227","similarity","concordant_minus_discordant",0.190541782094866,0.175947096090245,0.0145946860046213,0.0857142857142857,0.0142857142857143,0.0285714285714286,6,2,2,35,70,2,16,0.0625,0.125,FALSE,0.962990654205607,0.147113618472842,88
"anchor_114","module_edge_jaccard","HOG:0027098","similarity","concordant_minus_discordant",0.791871209234327,0.780327511180372,0.0115436980539556,0.0857142857142857,0.0142857142857143,0.0285714285714286,6,2,2,35,70,2,16,0.0625,0.125,FALSE,0.962990654205607,0.797766574655991,89
"anchor_21","module_edge_jaccard","HOG:0022504","similarity","concordant_minus_discordant",0.813644866770059,0.804345597750763,0.00929926901929623,0.0857142857142857,0.0142857142857143,0.0285714285714286,6,2,2,35,70,2,16,0.0625,0.125,FALSE,0.962990654205607,0.809858944905107,90
"anchor_04","module_edge_jaccard","HOG:0019394","similarity","concordant_minus_discordant",0.721795894883297,0.71516498970701,0.00663090517628717,0.0857142857142857,0.0142857142857143,0.0285714285714286,6,2,2,35,70,2,16,0.0625,0.125,FALSE,0.962990654205607,0.703792812784516,91
"anchor_17","module_edge_jaccard","HOG:0026834","similarity","concordant_minus_discordant",0.752394983809609,0.745804582725852,0.00659040108375741,0.0857142857142857,0.0142857142857143,0.0285714285714286,6,2,2,35,70,2,16,0.0625,0.125,FALSE,0.962990654205607,0.744721521935114,92
"anchor_02","module_edge_jaccard","HOG:0020076","similarity","concordant_minus_discordant",0.71968427168817,0.713406703976587,0.00627756771158272,0.0857142857142857,0.0142857142857143,0.0285714285714286,6,2,2,35,70,2,16,0.0625,0.125,FALSE,0.962990654205607,0.72809836449559,93
"anchor_304","matched_edge_mean_abs_log_threshold_distance","HOG:0027032","distance","discordant_minus_concordant",0.0178736631846781,0.0195461519445277,0.0016724887598496,0.0857142857142857,0.0142857142857143,0.0285714285714286,6,2,2,35,70,2,16,0.0625,0.125,FALSE,0.962990654205607,0.0200600551375059,94
"anchor_320","matched_edge_mean_abs_log_threshold_distance","HOG:0005833","distance","discordant_minus_concordant",0.0158581432998619,0.017158449847752,0.00130030654789009,0.0857142857142857,0.0142857142857143,0.0285714285714286,6,2,2,35,70,2,16,0.0625,0.125,FALSE,0.962990654205607,0.015679909006754,95
"anchor_207","matched_edge_mean_abs_log_threshold_distance","HOG:0032903","distance","discordant_minus_concordant",0.0159689940865594,0.017227704230995,0.00125871014443559,0.0857142857142857,0.0142857142857143,0.0285714285714286,6,2,2,35,70,2,16,0.0625,0.125,FALSE,0.962990654205607,0.0164712366801351,96
"anchor_311","matched_edge_mean_abs_log_threshold_distance","HOG:0022963","distance","discordant_minus_concordant",0.0184207450296138,0.0196071476166937,0.00118640258707988,0.0857142857142857,0.0142857142857143,0.0285714285714286,6,2,2,35,70,2,16,0.0625,0.125,FALSE,0.962990654205607,0.0215750486761172,97
"anchor_121","matched_edge_mean_abs_log_threshold_distance","HOG:0030887","distance","discordant_minus_concordant",0.0173724834182345,0.0178621348232757,0.00048965140504121,0.0857142857142857,0.0142857142857143,0.0285714285714286,6,2,2,35,70,2,16,0.0625,0.125,FALSE,0.962990654205607,0.0177657532649185,98
"anchor_82","matched_edge_mean_abs_log_threshold_distance","HOG:0029401","distance","discordant_minus_concordant",0.0140363180649607,0.0145072499670449,0.000470931902084209,0.0857142857142857,0.0142857142857143,0.0285714285714286,6,2,2,35,70,2,16,0.0625,0.125,FALSE,0.962990654205607,0.0148957914634996,99
"anchor_90","matched_edge_mean_abs_log_threshold_distance","HOG:0032320","distance","discordant_minus_concordant",0.0140757176790617,0.014405730194064,0.000330012515002304,0.0857142857142857,0.0142857142857143,0.0285714285714286,6,2,2,35,70,2,16,0.0625,0.125,FALSE,0.962990654205607,0.0145635317682621,100
"anchor_56","matched_edge_mean_abs_log_threshold_distance","HOG:0004085","distance","discordant_minus_concordant",0.014556006367014,0.0148714589350501,0.000315452568036103,0.0857142857142857,0.0142857142857143,0.0285714285714286,6,2,2,35,70,2,16,0.0625,0.125,FALSE,0.962990654205607,0.0151780596306654,101
"anchor_311","matched_edge_correlation","HOG:0022963","similarity","concordant_minus_discordant",0.136066932451731,-0.00895793871555447,0.145024871167286,0.114285714285714,0.0142857142857143,0.0285714285714286,8,2,2,35,70,2,16,0.0625,0.125,FALSE,0.962990654205607,-0.18993712833779,102
"anchor_304","matched_edge_correlation","HOG:0027032","similarity","concordant_minus_discordant",0.163704203523934,0.032126336913989,0.131577866609945,0.114285714285714,0.0142857142857143,0.0285714285714286,8,2,2,35,70,2,16,0.0625,0.125,FALSE,0.962990654205607,0.0788293060386583,103
"anchor_143","matched_edge_correlation","HOG:0006346","similarity","concordant_minus_discordant",0.291943916638091,0.227133094781642,0.0648108218564493,0.114285714285714,0.0142857142857143,0.0285714285714286,8,2,2,35,70,2,16,0.0625,0.125,FALSE,0.962990654205607,0.265643982652856,104
"anchor_200","module_edge_jaccard","HOG:0005639","similarity","concordant_minus_discordant",0.626995754877146,0.568010594361462,0.0589851605156835,0.114285714285714,0.0142857142857143,0.0285714285714286,8,2,2,35,70,2,16,0.0625,0.125,FALSE,0.962990654205607,0.62,105
"anchor_292","module_edge_jaccard","HOG:0018454","similarity","concordant_minus_discordant",0.499957342830881,0.466953155369757,0.033004187461124,0.114285714285714,0.0142857142857143,0.0285714285714286,8,2,2,35,70,2,16,0.0625,0.125,FALSE,0.962990654205607,0.519541778975741,106
"anchor_187","module_edge_jaccard","HOG:0010929","similarity","concordant_minus_discordant",0.875623270363372,0.84384449293875,0.0317787774246213,0.114285714285714,0.0142857142857143,0.0285714285714286,8,2,2,35,70,2,16,0.0625,0.125,FALSE,0.962990654205607,0.873707588837583,107
"anchor_155","module_edge_jaccard","HOG:0008637","similarity","concordant_minus_discordant",0.51534042310787,0.483638338880705,0.0317020842271649,0.114285714285714,0.0142857142857143,0.0285714285714286,8,2,2,35,70,2,16,0.0625,0.125,FALSE,0.962990654205607,0.465268799827623,108
"anchor_284","module_edge_jaccard","HOG:0022810","similarity","concordant_minus_discordant",0.545751376986082,0.515319936663936,0.030431440322146,0.114285714285714,0.0142857142857143,0.0285714285714286,8,2,2,35,70,2,16,0.0625,0.125,FALSE,0.962990654205607,0.534782088122605,109
"anchor_277","module_edge_jaccard","HOG:0007857","similarity","concordant_minus_discordant",0.477301490313898,0.446983549600275,0.0303179407136228,0.114285714285714,0.0142857142857143,0.0285714285714286,8,2,2,35,70,2,16,0.0625,0.125,FALSE,0.962990654205607,0.443703234490677,110
"anchor_228","neighborhood_jaccard","HOG:0006131","similarity","concordant_minus_discordant",0.216634938012234,0.186461345044006,0.0301735929682282,0.114285714285714,0.0142857142857143,0.0285714285714286,8,2,2,35,70,2,16,0.0625,0.125,FALSE,0.962990654205607,0.139995421245421,111
"anchor_148","neighborhood_jaccard","HOG:0020549","similarity","concordant_minus_discordant",0.35268988765581,0.323533950681374,0.0291559369744355,0.114285714285714,0.0142857142857143,0.0285714285714286,8,2,2,35,70,2,16,0.0625,0.125,FALSE,0.962990654205607,0.300512954268823,112
"anchor_67","neighborhood_jaccard","HOG:0031129","similarity","concordant_minus_discordant",0.49486964911593,0.465726389459811,0.0291432596561185,0.114285714285714,0.0142857142857143,0.0285714285714286,8,2,2,35,70,2,16,0.0625,0.125,FALSE,0.962990654205607,0.459119496855346,113
"anchor_278","neighborhood_jaccard","HOG:0024629","similarity","concordant_minus_discordant",0.370740622297524,0.342657520069316,0.0280831022282076,0.114285714285714,0.0142857142857143,0.0285714285714286,8,2,2,35,70,2,16,0.0625,0.125,FALSE,0.962990654205607,0.373767921146953,114
"anchor_142","matched_edge_correlation","HOG:0029540","similarity","concordant_minus_discordant",0.250055166500889,0.222887490042043,0.0271676764588458,0.114285714285714,0.0142857142857143,0.0285714285714286,8,2,2,35,70,2,16,0.0625,0.125,FALSE,0.962990654205607,0.252259754601273,115
"anchor_227","module_edge_jaccard","HOG:0032920","similarity","concordant_minus_discordant",0.847741634949859,0.822736496164292,0.0250051387855663,0.114285714285714,0.0142857142857143,0.0285714285714286,8,2,2,35,70,2,16,0.0625,0.125,FALSE,0.962990654205607,0.830528650066164,116
"anchor_253","module_edge_jaccard","HOG:0006149","similarity","concordant_minus_discordant",0.552679288309058,0.529135985347118,0.0235433029619405,0.114285714285714,0.0142857142857143,0.0285714285714286,8,2,2,35,70,2,16,0.0625,0.125,FALSE,0.962990654205607,0.557479904276861,117
"anchor_140","module_edge_jaccard","HOG:0032765","similarity","concordant_minus_discordant",0.562205260541825,0.539052699778502,0.0231525607633231,0.114285714285714,0.0142857142857143,0.0285714285714286,8,2,2,35,70,2,16,0.0625,0.125,FALSE,0.962990654205607,0.590843651022171,118
"anchor_211","module_edge_jaccard","HOG:0027975","similarity","concordant_minus_discordant",0.461881004209246,0.440549023947423,0.0213319802618234,0.114285714285714,0.0142857142857143,0.0285714285714286,8,2,2,35,70,2,16,0.0625,0.125,FALSE,0.962990654205607,0.434448805343249,119
"anchor_270","module_edge_jaccard","HOG:0007636","similarity","concordant_minus_discordant",0.839001066097166,0.81915885703907,0.0198422090580961,0.114285714285714,0.0142857142857143,0.0285714285714286,8,2,2,35,70,2,16,0.0625,0.125,FALSE,0.962990654205607,0.790370780298838,120
"anchor_73","neighborhood_jaccard","HOG:0029110","similarity","concordant_minus_discordant",0.528347100831441,0.509963142687517,0.018383958143924,0.114285714285714,0.0142857142857143,0.0285714285714286,8,2,2,35,70,2,16,0.0625,0.125,FALSE,0.962990654205607,0.545310079589765,121
"anchor_190","neighborhood_jaccard","HOG:0032397","similarity","concordant_minus_discordant",0.190053191463976,0.172652612104393,0.0174005793595834,0.114285714285714,0.0142857142857143,0.0285714285714286,8,2,2,35,70,2,16,0.0625,0.125,FALSE,0.962990654205607,0.190909090909091,122
"anchor_26","neighborhood_jaccard","HOG:0020311","similarity","concordant_minus_discordant",0.556125684213355,0.538779037611614,0.0173466466017409,0.114285714285714,0.0142857142857143,0.0285714285714286,8,2,2,35,70,2,16,0.0625,0.125,FALSE,0.962990654205607,0.547851813738101,123
"anchor_42","neighborhood_jaccard","HOG:0032893","similarity","concordant_minus_discordant",0.575931314999157,0.558595545230967,0.0173357697681902,0.114285714285714,0.0142857142857143,0.0285714285714286,8,2,2,35,70,2,16,0.0625,0.125,FALSE,0.962990654205607,0.613157894736842,124
"anchor_116","neighborhood_jaccard","HOG:0023564","similarity","concordant_minus_discordant",0.247411767254498,0.230220324329615,0.017191442924883,0.114285714285714,0.0142857142857143,0.0285714285714286,8,2,2,35,70,2,16,0.0625,0.125,FALSE,0.962990654205607,0.218559837728195,125
"anchor_74","module_edge_jaccard","HOG:0010710","similarity","concordant_minus_discordant",0.801866879852281,0.78615416667945,0.0157127131728312,0.114285714285714,0.0142857142857143,0.0285714285714286,8,2,2,35,70,2,16,0.0625,0.125,FALSE,0.962990654205607,0.794839596206246,126
"anchor_49","neighborhood_jaccard","HOG:0020408","similarity","concordant_minus_discordant",0.550773310201212,0.536269673066399,0.0145036371348138,0.114285714285714,0.0142857142857143,0.0285714285714286,8,2,2,35,70,2,16,0.0625,0.125,FALSE,0.962990654205607,0.558109267311504,127
"anchor_121","module_edge_jaccard","HOG:0030887","similarity","concordant_minus_discordant",0.513945282042695,0.500709317219309,0.0132359648233858,0.114285714285714,0.0142857142857143,0.0285714285714286,8,2,2,35,70,2,16,0.0625,0.125,FALSE,0.962990654205607,0.510505110173995,128
"anchor_199","module_edge_jaccard","HOG:0017178","similarity","concordant_minus_discordant",0.804016398206393,0.79079235281678,0.0132240453896126,0.114285714285714,0.0142857142857143,0.0285714285714286,8,2,2,35,70,2,16,0.0625,0.125,FALSE,0.962990654205607,0.792774975749656,129
"anchor_111","module_edge_jaccard","HOG:0016913","similarity","concordant_minus_discordant",0.788546589844047,0.77627016632085,0.0122764235231972,0.114285714285714,0.0142857142857143,0.0285714285714286,8,2,2,35,70,2,16,0.0625,0.125,FALSE,0.962990654205607,0.759475090882142,130
"anchor_20","module_edge_jaccard","HOG:0023601","similarity","concordant_minus_discordant",0.776715124263814,0.768595255715492,0.0081198685483217,0.114285714285714,0.0142857142857143,0.0285714285714286,8,2,2,35,70,2,16,0.0625,0.125,FALSE,0.962990654205607,0.779198654675733,131
"anchor_25","module_edge_jaccard","HOG:0016389","similarity","concordant_minus_discordant",0.746333810161628,0.740307586601866,0.00602622355976201,0.114285714285714,0.0142857142857143,0.0285714285714286,8,2,2,35,70,2,16,0.0625,0.125,FALSE,0.962990654205607,0.741028214273383,132
"anchor_30","module_edge_jaccard","HOG:0024452","similarity","concordant_minus_discordant",0.771356052132544,0.765791820349705,0.0055642317828396,0.114285714285714,0.0142857142857143,0.0285714285714286,8,2,2,35,70,2,16,0.0625,0.125,FALSE,0.962990654205607,0.763691593140152,133
"anchor_18","module_edge_jaccard","HOG:0000191","similarity","concordant_minus_discordant",0.747228230608239,0.741684419164059,0.00554381144418004,0.114285714285714,0.0142857142857143,0.0285714285714286,8,2,2,35,70,2,16,0.0625,0.125,FALSE,0.962990654205607,0.733976022748531,134
"anchor_08","module_edge_jaccard","HOG:0006123","similarity","concordant_minus_discordant",0.743419876987962,0.738942362066306,0.00447751492165582,0.114285714285714,0.0142857142857143,0.0285714285714286,8,2,2,35,70,2,16,0.0625,0.125,FALSE,0.962990654205607,0.743808853048786,135
"anchor_331","matched_edge_mean_abs_log_threshold_distance","HOG:0027285","distance","discordant_minus_concordant",0.0161001531080672,0.0178787162843505,0.00177856317628329,0.114285714285714,0.0142857142857143,0.0285714285714286,8,2,2,35,70,2,16,0.0625,0.125,FALSE,0.962990654205607,0.0199336111961533,136
"anchor_300","matched_edge_mean_abs_log_threshold_distance","HOG:0023036","distance","discordant_minus_concordant",0.0160946707182072,0.0173542484682824,0.0012595777500752,0.114285714285714,0.0142857142857143,0.0285714285714286,8,2,2,35,70,2,16,0.0625,0.125,FALSE,0.962990654205607,0.0178963649650526,137
"anchor_222","matched_edge_mean_abs_log_threshold_distance","HOG:0032963","distance","discordant_minus_concordant",0.0183403733418357,0.019441232152037,0.00110085881020131,0.114285714285714,0.0142857142857143,0.0285714285714286,8,2,2,35,70,2,16,0.0625,0.125,FALSE,0.962990654205607,0.0194945129554514,138
"anchor_178","matched_edge_mean_abs_log_threshold_distance","HOG:0010551","distance","discordant_minus_concordant",0.015432998850382,0.0163052608645921,0.000872262014210029,0.114285714285714,0.0142857142857143,0.0285714285714286,8,2,2,35,70,2,16,0.0625,0.125,FALSE,0.962990654205607,0.01689696826715,139
"anchor_227","matched_edge_mean_abs_log_threshold_distance","HOG:0032920","distance","discordant_minus_concordant",0.0133856088734876,0.0141662014580648,0.000780592584577234,0.114285714285714,0.0142857142857143,0.0285714285714286,8,2,2,35,70,2,16,0.0625,0.125,FALSE,0.962990654205607,0.0133862915319426,140
"anchor_71","matched_edge_mean_abs_log_threshold_distance","HOG:0025186","distance","discordant_minus_concordant",0.0145693543822333,0.0148513386770973,0.000281984294863922,0.114285714285714,0.0142857142857143,0.0285714285714286,8,2,2,35,70,2,16,0.0625,0.125,FALSE,0.962990654205607,0.0150711754433921,141
"anchor_76","matched_edge_mean_abs_log_threshold_distance","HOG:0016566","distance","discordant_minus_concordant",0.0142992010370351,0.0145779738858822,0.000278772848847081,0.114285714285714,0.0142857142857143,0.0285714285714286,8,2,2,35,70,2,16,0.0625,0.125,FALSE,0.962990654205607,0.0147949088404652,142
"anchor_278","matched_edge_correlation","HOG:0024629","similarity","concordant_minus_discordant",0.365686012342111,0.281358739940814,0.0843272724012976,0.142857142857143,0.0142857142857143,0.0285714285714286,10,2,2,35,70,2,16,0.0625,0.125,FALSE,0.962990654205607,0.262145985186923,143
"anchor_185","matched_edge_correlation","HOG:0005683","similarity","concordant_minus_discordant",0.18470755271432,0.115010985985139,0.0696965667291812,0.142857142857143,0.0142857142857143,0.0285714285714286,10,2,2,35,70,2,16,0.0625,0.125,FALSE,0.962990654205607,0.205285703293745,144
"anchor_335","module_edge_jaccard","HOG:0027282","similarity","concordant_minus_discordant",0.61940271765101,0.561766814631977,0.0576359030190331,0.142857142857143,0.0142857142857143,0.0285714285714286,10,2,2,35,70,2,16,0.0625,0.125,FALSE,0.962990654205607,0.659041394335512,145
"anchor_329","module_edge_jaccard","HOG:0014208","similarity","concordant_minus_discordant",0.690347709511103,0.633457041478949,0.0568906680321548,0.142857142857143,0.0142857142857143,0.0285714285714286,10,2,2,35,70,2,16,0.0625,0.125,FALSE,0.962990654205607,0.641025641025641,146
"anchor_256","matched_edge_correlation","HOG:0006332","similarity","concordant_minus_discordant",0.198691043387522,0.15189323788626,0.0467978055012624,0.142857142857143,0.0142857142857143,0.0285714285714286,10,2,2,35,70,2,16,0.0625,0.125,FALSE,0.962990654205607,0.24915649411161,147
"anchor_330","module_edge_jaccard","HOG:0025801","similarity","concordant_minus_discordant",0.473197804329831,0.428643881148473,0.044553923181358,0.142857142857143,0.0142857142857143,0.0285714285714286,10,2,2,35,70,2,16,0.0625,0.125,FALSE,0.962990654205607,0.459026369168357,148
"anchor_95","neighborhood_jaccard","HOG:0026142","similarity","concordant_minus_discordant",0.337275829231504,0.306762509993041,0.0305133192384629,0.142857142857143,0.0142857142857143,0.0285714285714286,10,2,2,35,70,2,16,0.0625,0.125,FALSE,0.962990654205607,0.318036853295535,149
"anchor_257","module_edge_jaccard","HOG:0011942","similarity","concordant_minus_discordant",0.726639024263718,0.696667397749833,0.029971626513885,0.142857142857143,0.0142857142857143,0.0285714285714286,10,2,2,35,70,2,16,0.0625,0.125,FALSE,0.962990654205607,0.728014906753833,150
"anchor_237","module_edge_jaccard","HOG:0026838","similarity","concordant_minus_discordant",0.578227686526295,0.550438545209857,0.0277891413164383,0.142857142857143,0.0142857142857143,0.0285714285714286,10,2,2,35,70,2,16,0.0625,0.125,FALSE,0.962990654205607,0.542300036192544,151
"anchor_238","module_edge_jaccard","HOG:0031127","similarity","concordant_minus_discordant",0.450242229887578,0.425046990369597,0.025195239517981,0.142857142857143,0.0142857142857143,0.0285714285714286,10,2,2,35,70,2,16,0.0625,0.125,FALSE,0.962990654205607,0.40175559165313,152
"anchor_138","neighborhood_jaccard","HOG:0025231","similarity","concordant_minus_discordant",0.280936137215892,0.2614292928493,0.019506844366592,0.142857142857143,0.0142857142857143,0.0285714285714286,10,2,2,35,70,2,16,0.0625,0.125,FALSE,0.962990654205607,0.273400673400673,153
"anchor_90","neighborhood_jaccard","HOG:0032320","similarity","concordant_minus_discordant",0.464693628594389,0.446713122599046,0.0179805059953426,0.142857142857143,0.0142857142857143,0.0285714285714286,10,2,2,35,70,2,16,0.0625,0.125,FALSE,0.962990654205607,0.48031878031878,154
"anchor_149","matched_edge_correlation","HOG:0032060","similarity","concordant_minus_discordant",0.121246191938671,0.103625766205722,0.0176204257329496,0.142857142857143,0.0142857142857143,0.0285714285714286,10,2,2,35,70,2,16,0.0625,0.125,FALSE,0.962990654205607,0.0883395838140406,155
"anchor_114","matched_edge_correlation","HOG:0027098","similarity","concordant_minus_discordant",0.321022174662378,0.305482053180244,0.0155401214821332,0.142857142857143,0.0142857142857143,0.0285714285714286,10,2,2,35,70,2,16,0.0625,0.125,FALSE,0.962990654205607,0.301936118360127,156
"anchor_265","module_edge_jaccard","HOG:0016371","similarity","concordant_minus_discordant",0.529364683409043,0.513932944853213,0.01543173855583,0.142857142857143,0.0142857142857143,0.0285714285714286,10,2,2,35,70,2,16,0.0625,0.125,FALSE,0.962990654205607,0.49218137254902,157
"anchor_216","module_edge_jaccard","HOG:0016625","similarity","concordant_minus_discordant",0.450073994743885,0.434795837515177,0.0152781572287076,0.142857142857143,0.0142857142857143,0.0285714285714286,10,2,2,35,70,2,16,0.0625,0.125,FALSE,0.962990654205607,0.461241940005607,158
"anchor_43","neighborhood_jaccard","HOG:0006505","similarity","concordant_minus_discordant",0.504144479278261,0.489160423443325,0.0149840558349361,0.142857142857143,0.0142857142857143,0.0285714285714286,10,2,2,35,70,2,16,0.0625,0.125,FALSE,0.962990654205607,0.517662457653218,159
"anchor_58","matched_edge_correlation","HOG:0032593","similarity","concordant_minus_discordant",0.312253557870196,0.297411981255591,0.0148415766146051,0.142857142857143,0.0142857142857143,0.0285714285714286,10,2,2,35,70,2,16,0.0625,0.125,FALSE,0.962990654205607,0.312915966311443,160
"anchor_31","neighborhood_jaccard","HOG:0011086","similarity","concordant_minus_discordant",0.505270668865748,0.491387679203424,0.0138829896623238,0.142857142857143,0.0142857142857143,0.0285714285714286,10,2,2,35,70,2,16,0.0625,0.125,FALSE,0.962990654205607,0.500401913106386,161
"anchor_248","neighborhood_jaccard","HOG:0028647","similarity","concordant_minus_discordant",0.174196625861373,0.160545448271502,0.0136511775898714,0.142857142857143,0.0142857142857143,0.0285714285714286,10,2,2,35,70,2,16,0.0625,0.125,FALSE,0.962990654205607,0.17274388016076,162
"anchor_61","module_edge_jaccard","HOG:0016166","similarity","concordant_minus_discordant",0.773078614381063,0.761265690834229,0.0118129235468344,0.142857142857143,0.0142857142857143,0.0285714285714286,10,2,2,35,70,2,16,0.0625,0.125,FALSE,0.962990654205607,0.732727413698624,163
"anchor_69","module_edge_jaccard","HOG:0033359","similarity","concordant_minus_discordant",0.800564086976095,0.789031160950201,0.0115329260258935,0.142857142857143,0.0142857142857143,0.0285714285714286,10,2,2,35,70,2,16,0.0625,0.125,FALSE,0.962990654205607,0.774859633509599,164
"anchor_75","neighborhood_jaccard","HOG:0016636","similarity","concordant_minus_discordant",0.33861473845164,0.330331698125784,0.00828304032585653,0.142857142857143,0.0142857142857143,0.0285714285714286,10,2,2,35,70,2,16,0.0625,0.125,FALSE,0.962990654205607,0.342263951335625,165
"anchor_32","module_edge_jaccard","HOG:0005788","similarity","concordant_minus_discordant",0.735990204737259,0.728075258543467,0.00791494619379141,0.142857142857143,0.0142857142857143,0.0285714285714286,10,2,2,35,70,2,16,0.0625,0.125,FALSE,0.962990654205607,0.728753770264176,166
"anchor_56","module_edge_jaccard","HOG:0004085","similarity","concordant_minus_discordant",0.698675020045273,0.692018610290856,0.00665640975441661,0.142857142857143,0.0142857142857143,0.0285714285714286,10,2,2,35,70,2,16,0.0625,0.125,FALSE,0.962990654205607,0.691328735934074,167
"anchor_01","module_edge_jaccard","HOG:0020610","similarity","concordant_minus_discordant",0.710098339528125,0.705460526653788,0.0046378128743374,0.142857142857143,0.0142857142857143,0.0285714285714286,10,2,2,35,70,2,16,0.0625,0.125,FALSE,0.962990654205607,0.711004913262108,168
"anchor_15","module_edge_jaccard","HOG:0022830","similarity","concordant_minus_discordant",0.768575381042347,0.764249008751338,0.00432637229100896,0.142857142857143,0.0142857142857143,0.0285714285714286,10,2,2,35,70,2,16,0.0625,0.125,FALSE,0.962990654205607,0.795252523235093,169
"anchor_267","matched_edge_mean_abs_log_threshold_distance","HOG:0026549","distance","discordant_minus_concordant",0.0143722003333909,0.0157950205779333,0.00142282024454238,0.142857142857143,0.0142857142857143,0.0285714285714286,10,2,2,35,70,2,16,0.0625,0.125,FALSE,0.962990654205607,0.0154783874115635,170
"anchor_293","matched_edge_mean_abs_log_threshold_distance","HOG:0027601","distance","discordant_minus_concordant",0.0185799449695736,0.0197348507581894,0.0011549057886158,0.142857142857143,0.0142857142857143,0.0285714285714286,10,2,2,35,70,2,16,0.0625,0.125,FALSE,0.962990654205607,0.0209351926003766,171
"anchor_272","matched_edge_mean_abs_log_threshold_distance","HOG:0027413","distance","discordant_minus_concordant",0.016954391092732,0.0180317225316941,0.00107733143896209,0.142857142857143,0.0142857142857143,0.0285714285714286,10,2,2,35,70,2,16,0.0625,0.125,FALSE,0.962990654205607,0.0197393256129322,172
"anchor_269","matched_edge_mean_abs_log_threshold_distance","HOG:0016116","distance","discordant_minus_concordant",0.0162769604180906,0.0172470730754169,0.000970112657326213,0.142857142857143,0.0142857142857143,0.0285714285714286,10,2,2,35,70,2,16,0.0625,0.125,FALSE,0.962990654205607,0.0170770561877861,173
"anchor_232","matched_edge_mean_abs_log_threshold_distance","HOG:0019459","distance","discordant_minus_concordant",0.0137170686848941,0.0142670684872097,0.000549999802315649,0.142857142857143,0.0142857142857143,0.0285714285714286,10,2,2,35,70,2,16,0.0625,0.125,FALSE,0.962990654205607,0.0153814700933502,174
"anchor_261","matched_edge_mean_abs_log_threshold_distance","HOG:0028718","distance","discordant_minus_concordant",0.014332558029595,0.0146816678315264,0.000349109801931395,0.142857142857143,0.0142857142857143,0.0285714285714286,10,2,2,35,70,2,16,0.0625,0.125,FALSE,0.962990654205607,0.0143540755430641,175
"anchor_106","matched_edge_mean_abs_log_threshold_distance","HOG:0012511","distance","discordant_minus_concordant",0.0178471727382684,0.018083747976699,0.000236575238430525,0.142857142857143,0.0142857142857143,0.0285714285714286,10,2,2,35,70,2,16,0.0625,0.125,FALSE,0.962990654205607,0.0181283044872508,176
"anchor_327","module_edge_jaccard","HOG:0026946","similarity","concordant_minus_discordant",0.469188243886672,0.380725854742182,0.0884623891444896,0.171428571428571,0.0142857142857143,0.0285714285714286,12,2,2,35,70,2,16,0.0625,0.125,FALSE,0.962990654205607,0.160714285714286,177
"anchor_293","matched_edge_correlation","HOG:0027601","similarity","concordant_minus_discordant",0.117463503981694,0.0494307613827364,0.0680327425989576,0.171428571428571,0.0142857142857143,0.0285714285714286,12,2,2,35,70,2,16,0.0625,0.125,FALSE,0.962990654205607,0.0451298633487204,178
"anchor_295","module_edge_jaccard","HOG:0031418","similarity","concordant_minus_discordant",0.604350273264747,0.552131809691963,0.0522184635727843,0.171428571428571,0.0142857142857143,0.0285714285714286,12,2,2,35,70,2,16,0.0625,0.125,FALSE,0.962990654205607,0.506756756756757,179
"anchor_145","matched_edge_correlation","HOG:0026774","similarity","concordant_minus_discordant",0.157224609768246,0.124484516679955,0.0327400930882913,0.171428571428571,0.0142857142857143,0.0285714285714286,12,2,2,35,70,2,16,0.0625,0.125,FALSE,0.962990654205607,0.183484482835882,180
"anchor_215","module_edge_jaccard","HOG:0012403","similarity","concordant_minus_discordant",0.639175143832394,0.609455412594986,0.0297197312374071,0.171428571428571,0.0142857142857143,0.0285714285714286,12,2,2,35,70,2,16,0.0625,0.125,FALSE,0.962990654205607,0.644800765825057,181
"anchor_334","neighborhood_jaccard","HOG:0023048","similarity","concordant_minus_discordant",0.220369343887456,0.195681542423314,0.0246878014641424,0.171428571428571,0.0142857142857143,0.0285714285714286,12,2,2,35,70,2,16,0.0625,0.125,FALSE,0.962990654205607,0.191863587540279,182
"anchor_278","module_edge_jaccard","HOG:0024629","similarity","concordant_minus_discordant",0.778187748955439,0.754603545427293,0.0235842035281463,0.171428571428571,0.0142857142857143,0.0285714285714286,12,2,2,35,70,2,16,0.0625,0.125,FALSE,0.962990654205607,0.793698355108047,183
"anchor_205","matched_edge_correlation","HOG:0025863","similarity","concordant_minus_discordant",0.324822552236238,0.301268673276787,0.0235538789594507,0.171428571428571,0.0142857142857143,0.0285714285714286,12,2,2,35,70,2,16,0.0625,0.125,FALSE,0.962990654205607,0.301185107250832,184
"anchor_221","module_edge_jaccard","HOG:0028333","similarity","concordant_minus_discordant",0.594091156420816,0.571732061928643,0.0223590944921728,0.171428571428571,0.0142857142857143,0.0285714285714286,12,2,2,35,70,2,16,0.0625,0.125,FALSE,0.962990654205607,0.536516160868493,185
"anchor_311","module_edge_jaccard","HOG:0022963","similarity","concordant_minus_discordant",0.489100546554802,0.467424211686056,0.0216763348687465,0.171428571428571,0.0142857142857143,0.0285714285714286,12,2,2,35,70,2,16,0.0625,0.125,FALSE,0.962990654205607,0.437162891046386,186
"anchor_62","matched_edge_correlation","HOG:0024791","similarity","concordant_minus_discordant",0.308062806212137,0.289418530195689,0.018644276016448,0.171428571428571,0.0142857142857143,0.0285714285714286,12,2,2,35,70,2,16,0.0625,0.125,FALSE,0.962990654205607,0.317427346627421,187
"anchor_249","neighborhood_jaccard","HOG:0016944","similarity","concordant_minus_discordant",0.198678529436859,0.180591197708388,0.0180873317284705,0.171428571428571,0.0142857142857143,0.0285714285714286,12,2,2,35,70,2,16,0.0625,0.125,FALSE,0.962990654205607,0.199988607883345,188
"anchor_234","module_edge_jaccard","HOG:0024574","similarity","concordant_minus_discordant",0.461563704226249,0.445125988053954,0.0164377161722946,0.171428571428571,0.0142857142857143,0.0285714285714286,12,2,2,35,70,2,16,0.0625,0.125,FALSE,0.962990654205607,0.426894359213673,189
"anchor_62","neighborhood_jaccard","HOG:0024791","similarity","concordant_minus_discordant",0.439532462895566,0.423780413026377,0.0157520498691884,0.171428571428571,0.0142857142857143,0.0285714285714286,12,2,2,35,70,2,16,0.0625,0.125,FALSE,0.962990654205607,0.438008376310962,190
"anchor_152","module_edge_jaccard","HOG:0028198","similarity","concordant_minus_discordant",0.587874219101218,0.572140588904797,0.0157336301964208,0.171428571428571,0.0142857142857143,0.0285714285714286,12,2,2,35,70,2,16,0.0625,0.125,FALSE,0.962990654205607,0.583889992812751,191
"anchor_89","module_edge_jaccard","HOG:0028008","similarity","concordant_minus_discordant",0.771961278869069,0.756624529666366,0.0153367492027024,0.171428571428571,0.0142857142857143,0.0285714285714286,12,2,2,35,70,2,16,0.0625,0.125,FALSE,0.962990654205607,0.721227904541653,192
"anchor_133","module_edge_jaccard","HOG:0020711","similarity","concordant_minus_discordant",0.886082298714601,0.870852176380525,0.0152301223340757,0.171428571428571,0.0142857142857143,0.0285714285714286,12,2,2,35,70,2,16,0.0625,0.125,FALSE,0.962990654205607,0.882782792799435,193
"anchor_158","neighborhood_jaccard","HOG:0006208","similarity","concordant_minus_discordant",0.246415968535323,0.231469357362776,0.0149466111725476,0.171428571428571,0.0142857142857143,0.0285714285714286,12,2,2,35,70,2,16,0.0625,0.125,FALSE,0.962990654205607,0.203682132919174,194
"anchor_102","module_edge_jaccard","HOG:0006009","similarity","concordant_minus_discordant",0.803169663933003,0.788995902109447,0.0141737618235553,0.171428571428571,0.0142857142857143,0.0285714285714286,12,2,2,35,70,2,16,0.0625,0.125,FALSE,0.962990654205607,0.77144671848654,195
"anchor_92","module_edge_jaccard","HOG:0028695","similarity","concordant_minus_discordant",0.546672574206436,0.53330998591149,0.0133625882949456,0.171428571428571,0.0142857142857143,0.0285714285714286,12,2,2,35,70,2,16,0.0625,0.125,FALSE,0.962990654205607,0.542310612222765,196
"anchor_104","neighborhood_jaccard","HOG:0021825","similarity","concordant_minus_discordant",0.320986110525156,0.307640891013605,0.0133452195115508,0.171428571428571,0.0142857142857143,0.0285714285714286,12,2,2,35,70,2,16,0.0625,0.125,FALSE,0.962990654205607,0.302704463994787,197
"anchor_134","module_edge_jaccard","HOG:0030881","similarity","concordant_minus_discordant",0.522640373918762,0.509806837597955,0.0128335363208063,0.171428571428571,0.0142857142857143,0.0285714285714286,12,2,2,35,70,2,16,0.0625,0.125,FALSE,0.962990654205607,0.515199827383664,198
"anchor_76","module_edge_jaccard","HOG:0016566","similarity","concordant_minus_discordant",0.736054983062748,0.72390967660311,0.0121453064596384,0.171428571428571,0.0142857142857143,0.0285714285714286,12,2,2,35,70,2,16,0.0625,0.125,FALSE,0.962990654205607,0.741699378559098,199
"anchor_264","neighborhood_jaccard","HOG:0003561","similarity","concordant_minus_discordant",0.175855147001078,0.164128101187183,0.0117270458138944,0.171428571428571,0.0142857142857143,0.0285714285714286,12,2,2,35,70,2,16,0.0625,0.125,FALSE,0.962990654205607,0.195144724556489,200
"anchor_181","neighborhood_jaccard","HOG:0011544","similarity","concordant_minus_discordant",0.242711922723488,0.231694382888278,0.0110175398352096,0.171428571428571,0.0142857142857143,0.0285714285714286,12,2,2,35,70,2,16,0.0625,0.125,FALSE,0.962990654205607,0.253830519074422,201
"anchor_57","module_edge_jaccard","HOG:0031653","similarity","concordant_minus_discordant",0.790720543743008,0.780151897117695,0.0105686466253124,0.171428571428571,0.0142857142857143,0.0285714285714286,12,2,2,35,70,2,16,0.0625,0.125,FALSE,0.962990654205607,0.788387166413421,202
"anchor_50","module_edge_jaccard","HOG:0010736","similarity","concordant_minus_discordant",0.830781993957808,0.822032197826054,0.00874979613175386,0.171428571428571,0.0142857142857143,0.0285714285714286,12,2,2,35,70,2,16,0.0625,0.125,FALSE,0.962990654205607,0.823434109706,203
"anchor_09","module_edge_jaccard","HOG:0029484","similarity","concordant_minus_discordant",0.739339784432194,0.731414946381519,0.0079248380506749,0.171428571428571,0.0142857142857143,0.0285714285714286,12,2,2,35,70,2,16,0.0625,0.125,FALSE,0.962990654205607,0.739458403059447,204
"anchor_220","matched_edge_mean_abs_log_threshold_distance","HOG:0011715","distance","discordant_minus_concordant",0.0180881147088111,0.0188385204694223,0.000750405760611184,0.171428571428571,0.0142857142857143,0.0285714285714286,12,2,2,35,70,2,16,0.0625,0.125,FALSE,0.962990654205607,0.0191445486118325,205
"anchor_97","matched_edge_mean_abs_log_threshold_distance","HOG:0011541","distance","discordant_minus_concordant",0.0161561844234726,0.016899407038483,0.000743222615010388,0.171428571428571,0.0142857142857143,0.0285714285714286,12,2,2,35,70,2,16,0.0625,0.125,FALSE,0.962990654205607,0.018303446904631,206
"anchor_209","matched_edge_mean_abs_log_threshold_distance","HOG:0024277","distance","discordant_minus_concordant",0.0153542998119739,0.0159322760943113,0.000577976282337416,0.171428571428571,0.0142857142857143,0.0285714285714286,12,2,2,35,70,2,16,0.0625,0.125,FALSE,0.962990654205607,0.0163034452561486,207
"anchor_226","matched_edge_mean_abs_log_threshold_distance","HOG:0025149","distance","discordant_minus_concordant",0.0164771546049375,0.0170128497179508,0.00053569511301332,0.171428571428571,0.0142857142857143,0.0285714285714286,12,2,2,35,70,2,16,0.0625,0.125,FALSE,0.962990654205607,0.0173390033434013,208
"anchor_122","matched_edge_mean_abs_log_threshold_distance","HOG:0012297","distance","discordant_minus_concordant",0.016656882976148,0.0171627110892415,0.000505828113093489,0.171428571428571,0.0142857142857143,0.0285714285714286,12,2,2,35,70,2,16,0.0625,0.125,FALSE,0.962990654205607,0.0180893701443884,209
"anchor_208","matched_edge_mean_abs_log_threshold_distance","HOG:0027147","distance","discordant_minus_concordant",0.0146766255446781,0.0151013458285022,0.000424720283824041,0.171428571428571,0.0142857142857143,0.0285714285714286,12,2,2,35,70,2,16,0.0625,0.125,FALSE,0.962990654205607,0.0147047102185142,210
"anchor_96","matched_edge_mean_abs_log_threshold_distance","HOG:0012012","distance","discordant_minus_concordant",0.0174798288184387,0.0177556425504848,0.000275813732046163,0.171428571428571,0.0142857142857143,0.0285714285714286,12,2,2,35,70,2,16,0.0625,0.125,FALSE,0.962990654205607,0.0177487405855121,211
"anchor_51","matched_edge_mean_abs_log_threshold_distance","HOG:0023192","distance","discordant_minus_concordant",0.0145537216090582,0.0147555215822348,0.000201799973176596,0.171428571428571,0.0142857142857143,0.0285714285714286,12,2,2,35,70,2,16,0.0625,0.125,FALSE,0.962990654205607,0.0152243161684981,212
"anchor_73","matched_edge_mean_abs_log_threshold_distance","HOG:0029110","distance","discordant_minus_concordant",0.0143432534320165,0.0145361647804639,0.000192911348447409,0.171428571428571,0.0142857142857143,0.0285714285714286,12,2,2,35,70,2,16,0.0625,0.125,FALSE,0.962990654205607,0.0148744604168704,213
"anchor_222","matched_edge_correlation","HOG:0032963","similarity","concordant_minus_discordant",0.103449160759401,0.0471720046089684,0.0562771561504324,0.2,0.0142857142857143,0.0285714285714286,14,2,2,35,70,2,16,0.0625,0.125,FALSE,0.962990654205607,0.114966559792505,214
"anchor_197","matched_edge_correlation","HOG:0006052","similarity","concordant_minus_discordant",0.287120143637305,0.236666398893549,0.0504537447437564,0.2,0.0142857142857143,0.0285714285714286,14,2,2,35,70,2,16,0.0625,0.125,FALSE,0.962990654205607,0.313181123469678,215
"anchor_177","matched_edge_correlation","HOG:0000535","similarity","concordant_minus_discordant",0.227139152256774,0.184632835778226,0.0425063164785479,0.2,0.0142857142857143,0.0285714285714286,14,2,2,35,70,2,16,0.0625,0.125,FALSE,0.962990654205607,0.171814625121751,216
"anchor_246","module_edge_jaccard","HOG:0027495","similarity","concordant_minus_discordant",0.671613139591306,0.647270704233943,0.0243424353573634,0.2,0.0142857142857143,0.0285714285714286,14,2,2,35,70,2,16,0.0625,0.125,FALSE,0.962990654205607,0.660653156237163,217
"anchor_165","neighborhood_jaccard","HOG:0027303","similarity","concordant_minus_discordant",0.334151414930755,0.312354789609155,0.0217966253215998,0.2,0.0142857142857143,0.0285714285714286,14,2,2,35,70,2,16,0.0625,0.125,FALSE,0.962990654205607,0.376899895178197,218
"anchor_312","module_edge_jaccard","HOG:0023825","similarity","concordant_minus_discordant",0.533904194528601,0.513372376533199,0.0205318179954024,0.2,0.0142857142857143,0.0285714285714286,14,2,2,35,70,2,16,0.0625,0.125,FALSE,0.962990654205607,0.456575682382134,219
"anchor_161","module_edge_jaccard","HOG:0025959","similarity","concordant_minus_discordant",0.546540455347409,0.526222685538669,0.0203177698087403,0.2,0.0142857142857143,0.0285714285714286,14,2,2,35,70,2,16,0.0625,0.125,FALSE,0.962990654205607,0.544309856809857,220
"anchor_88","neighborhood_jaccard","HOG:0025219","similarity","concordant_minus_discordant",0.40731416559565,0.387102482472078,0.020211683123572,0.2,0.0142857142857143,0.0285714285714286,14,2,2,35,70,2,16,0.0625,0.125,FALSE,0.962990654205607,0.433907449678356,221
"anchor_246","neighborhood_jaccard","HOG:0027495","similarity","concordant_minus_discordant",0.28697601322163,0.269092657865845,0.0178833553557852,0.2,0.0142857142857143,0.0285714285714286,14,2,2,35,70,2,16,0.0625,0.125,FALSE,0.962990654205607,0.295770085153647,222
"anchor_63","neighborhood_jaccard","HOG:0020349","similarity","concordant_minus_discordant",0.434250265809303,0.417672956577658,0.0165773092316442,0.2,0.0142857142857143,0.0285714285714286,14,2,2,35,70,2,16,0.0625,0.125,FALSE,0.962990654205607,0.432280701754386,223
"anchor_145","neighborhood_jaccard","HOG:0026774","similarity","concordant_minus_discordant",0.290317781471678,0.274669950630967,0.0156478308407104,0.2,0.0142857142857143,0.0285714285714286,14,2,2,35,70,2,16,0.0625,0.125,FALSE,0.962990654205607,0.290306462358428,224
"anchor_309","neighborhood_jaccard","HOG:0011540","similarity","concordant_minus_discordant",0.250867169487153,0.235960321849907,0.0149068476372458,0.2,0.0142857142857143,0.0285714285714286,14,2,2,35,70,2,16,0.0625,0.125,FALSE,0.962990654205607,0.264242256637168,225
"anchor_153","module_edge_jaccard","HOG:0028065","similarity","concordant_minus_discordant",0.746918276179103,0.73236029638015,0.0145579797989527,0.2,0.0142857142857143,0.0285714285714286,14,2,2,35,70,2,16,0.0625,0.125,FALSE,0.962990654205607,0.743870523415978,226
"anchor_137","neighborhood_jaccard","HOG:0012334","similarity","concordant_minus_discordant",0.212473251571485,0.198127913385081,0.0143453381864043,0.2,0.0142857142857143,0.0285714285714286,14,2,2,35,70,2,16,0.0625,0.125,FALSE,0.962990654205607,0.222199609247802,227
"anchor_159","neighborhood_jaccard","HOG:0028145","similarity","concordant_minus_discordant",0.276130500090211,0.261883197201854,0.0142473028883573,0.2,0.0142857142857143,0.0285714285714286,14,2,2,35,70,2,16,0.0625,0.125,FALSE,0.962990654205607,0.274378009630819,228
"anchor_289","neighborhood_jaccard","HOG:0012227","similarity","concordant_minus_discordant",0.16848050127103,0.154995564075637,0.0134849371953926,0.2,0.0142857142857143,0.0285714285714286,14,2,2,35,70,2,16,0.0625,0.125,FALSE,0.962990654205607,0.143717728055077,229
"anchor_253","neighborhood_jaccard","HOG:0006149","similarity","concordant_minus_discordant",0.192394052766081,0.180548998921679,0.0118450538444012,0.2,0.0142857142857143,0.0285714285714286,14,2,2,35,70,2,16,0.0625,0.125,FALSE,0.962990654205607,0.196207110376189,230
"anchor_77","neighborhood_jaccard","HOG:0024401","similarity","concordant_minus_discordant",0.433773304428472,0.422044773948663,0.0117285304798089,0.2,0.0142857142857143,0.0285714285714286,14,2,2,35,70,2,16,0.0625,0.125,FALSE,0.962990654205607,0.443672839506173,231
"anchor_183","neighborhood_jaccard","HOG:0031530","similarity","concordant_minus_discordant",0.2595837831028,0.247894180062073,0.0116896030407271,0.2,0.0142857142857143,0.0285714285714286,14,2,2,35,70,2,16,0.0625,0.125,FALSE,0.962990654205607,0.2472300544061,232
"anchor_241","module_edge_jaccard","HOG:0026507","similarity","concordant_minus_discordant",0.570814255478441,0.55922458437928,0.0115896710991609,0.2,0.0142857142857143,0.0285714285714286,14,2,2,35,70,2,16,0.0625,0.125,FALSE,0.962990654205607,0.547156854416221,233
"anchor_166","neighborhood_jaccard","HOG:0016397","similarity","concordant_minus_discordant",0.290125903386204,0.278658649114919,0.0114672542712849,0.2,0.0142857142857143,0.0285714285714286,14,2,2,35,70,2,16,0.0625,0.125,FALSE,0.962990654205607,0.263464177202783,234
"anchor_105","neighborhood_jaccard","HOG:0027704","similarity","concordant_minus_discordant",0.26934526286647,0.258120309445587,0.0112249534208827,0.2,0.0142857142857143,0.0285714285714286,14,2,2,35,70,2,16,0.0625,0.125,FALSE,0.962990654205607,0.254365671641791,235
"anchor_262","neighborhood_jaccard","HOG:0023896","similarity","concordant_minus_discordant",0.191865524350074,0.181075771191778,0.0107897531582959,0.2,0.0142857142857143,0.0285714285714286,14,2,2,35,70,2,16,0.0625,0.125,FALSE,0.962990654205607,0.174646892655367,236
"anchor_55","neighborhood_jaccard","HOG:0021036","similarity","concordant_minus_discordant",0.507758330435822,0.497750118076196,0.0100082123596255,0.2,0.0142857142857143,0.0285714285714286,14,2,2,35,70,2,16,0.0625,0.125,FALSE,0.962990654205607,0.514130434782609,237
"anchor_117","neighborhood_jaccard","HOG:0021123","similarity","concordant_minus_discordant",0.273268776121689,0.263312952980247,0.00995582314144261,0.2,0.0142857142857143,0.0285714285714286,14,2,2,35,70,2,16,0.0625,0.125,FALSE,0.962990654205607,0.29812661498708,238
"anchor_285","neighborhood_jaccard","HOG:0025342","similarity","concordant_minus_discordant",0.227168562663641,0.219023840098069,0.00814472256557136,0.2,0.0142857142857143,0.0285714285714286,14,2,2,35,70,2,16,0.0625,0.125,FALSE,0.962990654205607,0.254679144385027,239
"anchor_68","module_edge_jaccard","HOG:0000537","similarity","concordant_minus_discordant",0.789600709193101,0.783035955247905,0.00656475394519551,0.2,0.0142857142857143,0.0285714285714286,14,2,2,35,70,2,16,0.0625,0.125,FALSE,0.962990654205607,0.78101470089123,240
"anchor_120","matched_edge_mean_abs_log_threshold_distance","HOG:0027421","distance","discordant_minus_concordant",0.0158686515404275,0.0164048188258813,0.000536167285453786,0.2,0.0142857142857143,0.0285714285714286,14,2,2,35,70,2,16,0.0625,0.125,FALSE,0.962990654205607,0.0169018666228693,241
"anchor_195","matched_edge_mean_abs_log_threshold_distance","HOG:0029148","distance","discordant_minus_concordant",0.0175490180109921,0.0179646211920763,0.00041560318108411,0.2,0.0142857142857143,0.0285714285714286,14,2,2,35,70,2,16,0.0625,0.125,FALSE,0.962990654205607,0.0191018570177957,242
"anchor_192","matched_edge_mean_abs_log_threshold_distance","HOG:0010481","distance","discordant_minus_concordant",0.017090361047504,0.0174110302461665,0.000320669198662513,0.2,0.0142857142857143,0.0285714285714286,14,2,2,35,70,2,16,0.0625,0.125,FALSE,0.962990654205607,0.0174045402575205,243
"anchor_98","matched_edge_mean_abs_log_threshold_distance","HOG:0018100","distance","discordant_minus_concordant",0.0147557919485519,0.015035934440582,0.000280142492030096,0.2,0.0142857142857143,0.0285714285714286,14,2,2,35,70,2,16,0.0625,0.125,FALSE,0.962990654205607,0.0154667586531219,244
"anchor_80","matched_edge_mean_abs_log_threshold_distance","HOG:0025232","distance","discordant_minus_concordant",0.014341674437556,0.0146188928726825,0.000277218435126432,0.2,0.0142857142857143,0.0285714285714286,14,2,2,35,70,2,16,0.0625,0.125,FALSE,0.962990654205607,0.0150574013136661,245
"anchor_157","matched_edge_mean_abs_log_threshold_distance","HOG:0029921","distance","discordant_minus_concordant",0.0177456411077535,0.0179966999333657,0.000251058825612192,0.2,0.0142857142857143,0.0285714285714286,14,2,2,35,70,2,16,0.0625,0.125,FALSE,0.962990654205607,0.0180605644712027,246
"anchor_46","matched_edge_mean_abs_log_threshold_distance","HOG:0021895","distance","discordant_minus_concordant",0.0143529682361672,0.0145382459346972,0.000185277698530039,0.2,0.0142857142857143,0.0285714285714286,14,2,2,35,70,2,16,0.0625,0.125,FALSE,0.962990654205607,0.0144578762921647,247
"anchor_307","module_edge_jaccard","HOG:0010703","similarity","concordant_minus_discordant",0.609613534613535,0.554049938548294,0.0555635960652409,0.228571428571429,0.0142857142857143,0.0285714285714286,16,2,2,35,70,2,16,0.0625,0.125,FALSE,0.962990654205607,0.510683760683761,248
"anchor_317","matched_edge_correlation","HOG:0030885","similarity","concordant_minus_discordant",0.169734828287047,0.132373471225037,0.0373613570620097,0.228571428571429,0.0142857142857143,0.0285714285714286,16,2,2,35,70,2,16,0.0625,0.125,FALSE,0.962990654205607,0.22462824127828,249
"anchor_195","matched_edge_correlation","HOG:0029148","similarity","concordant_minus_discordant",0.146378830325144,0.117286095788775,0.0290927345363689,0.228571428571429,0.0142857142857143,0.0285714285714286,16,2,2,35,70,2,16,0.0625,0.125,FALSE,0.962990654205607,0.0451120904142994,250
"anchor_266","matched_edge_correlation","HOG:0028440","similarity","concordant_minus_discordant",0.170192652894883,0.141616656218574,0.0285759966763091,0.228571428571429,0.0142857142857143,0.0285714285714286,16,2,2,35,70,2,16,0.0625,0.125,FALSE,0.962990654205607,0.124261280350794,251
"anchor_310","module_edge_jaccard","HOG:0007835","similarity","concordant_minus_discordant",0.706046109057617,0.680233950186899,0.0258121588707184,0.228571428571429,0.0142857142857143,0.0285714285714286,16,2,2,35,70,2,16,0.0625,0.125,FALSE,0.962990654205607,0.633115337149076,252
"anchor_331","module_edge_jaccard","HOG:0027285","similarity","concordant_minus_discordant",0.631320167540673,0.606150892395956,0.0251692751447177,0.228571428571429,0.0142857142857143,0.0285714285714286,16,2,2,35,70,2,16,0.0625,0.125,FALSE,0.962990654205607,0.577402402402402,253
"anchor_299","module_edge_jaccard","HOG:0025316","similarity","concordant_minus_discordant",0.52244676405172,0.498407118680657,0.0240396453710633,0.228571428571429,0.0142857142857143,0.0285714285714286,16,2,2,35,70,2,16,0.0625,0.125,FALSE,0.962990654205607,0.498390206284943,254
"anchor_219","module_edge_jaccard","HOG:0025848","similarity","concordant_minus_discordant",0.545855206795238,0.524054168823206,0.021801037972032,0.228571428571429,0.0142857142857143,0.0285714285714286,16,2,2,35,70,2,16,0.0625,0.125,FALSE,0.962990654205607,0.533317337355179,255
"anchor_315","neighborhood_jaccard","HOG:0008733","similarity","concordant_minus_discordant",0.201651156938283,0.182412169754758,0.0192389871835242,0.228571428571429,0.0142857142857143,0.0285714285714286,16,2,2,35,70,2,16,0.0625,0.125,FALSE,0.962990654205607,0.183871683871684,256
"anchor_287","module_edge_jaccard","HOG:0028018","similarity","concordant_minus_discordant",0.501374409968003,0.482521334033969,0.0188530759340347,0.228571428571429,0.0142857142857143,0.0285714285714286,16,2,2,35,70,2,16,0.0625,0.125,FALSE,0.962990654205607,0.43726626776365,257
"anchor_244","module_edge_jaccard","HOG:0027351","similarity","concordant_minus_discordant",0.46399064882313,0.44557016837372,0.01842048044941,0.228571428571429,0.0142857142857143,0.0285714285714286,16,2,2,35,70,2,16,0.0625,0.125,FALSE,0.962990654205607,0.436507936507937,258
"anchor_313","module_edge_jaccard","HOG:0007849","similarity","concordant_minus_discordant",0.445522785538179,0.430059928107631,0.015462857430548,0.228571428571429,0.0142857142857143,0.0285714285714286,16,2,2,35,70,2,16,0.0625,0.125,FALSE,0.962990654205607,0.461426066627703,259
"anchor_188","module_edge_jaccard","HOG:0005666","similarity","concordant_minus_discordant",0.509047898582127,0.494601200238798,0.014446698343329,0.228571428571429,0.0142857142857143,0.0285714285714286,16,2,2,35,70,2,16,0.0625,0.125,FALSE,0.962990654205607,0.477054244198261,260
"anchor_221","neighborhood_jaccard","HOG:0028333","similarity","concordant_minus_discordant",0.250402949674291,0.236290698952373,0.0141122507219171,0.228571428571429,0.0142857142857143,0.0285714285714286,16,2,2,35,70,2,16,0.0625,0.125,FALSE,0.962990654205607,0.231240981240981,261
"anchor_94","matched_edge_correlation","HOG:0008605","similarity","concordant_minus_discordant",0.126088139406497,0.112027674684563,0.0140604647219339,0.228571428571429,0.0142857142857143,0.0285714285714286,16,2,2,35,70,2,16,0.0625,0.125,FALSE,0.962990654205607,0.101646905944337,262
"anchor_218","module_edge_jaccard","HOG:0029429","similarity","concordant_minus_discordant",0.526457295224446,0.512551730892063,0.0139055643323832,0.228571428571429,0.0142857142857143,0.0285714285714286,16,2,2,35,70,2,16,0.0625,0.125,FALSE,0.962990654205607,0.510675530152419,263
"anchor_257","neighborhood_jaccard","HOG:0011942","similarity","concordant_minus_discordant",0.279494093047076,0.265822739887367,0.013671353159709,0.228571428571429,0.0142857142857143,0.0285714285714286,16,2,2,35,70,2,16,0.0625,0.125,FALSE,0.962990654205607,0.320878506281191,264
"anchor_167","neighborhood_jaccard","HOG:0027529","similarity","concordant_minus_discordant",0.195895546511233,0.182499701704449,0.0133958448067844,0.228571428571429,0.0142857142857143,0.0285714285714286,16,2,2,35,70,2,16,0.0625,0.125,FALSE,0.962990654205607,0.210526315789474,265
"anchor_191","neighborhood_jaccard","HOG:0022918","similarity","concordant_minus_discordant",0.230208860030985,0.217426058428846,0.012782801602139,0.228571428571429,0.0142857142857143,0.0285714285714286,16,2,2,35,70,2,16,0.0625,0.125,FALSE,0.962990654205607,0.166791023359927,266
"anchor_136","module_edge_jaccard","HOG:0012101","similarity","concordant_minus_discordant",0.557639719428064,0.545164242460662,0.0124754769674018,0.228571428571429,0.0142857142857143,0.0285714285714286,16,2,2,35,70,2,16,0.0625,0.125,FALSE,0.962990654205607,0.574677860210855,267
"anchor_283","neighborhood_jaccard","HOG:0026360","similarity","concordant_minus_discordant",0.183620616828702,0.171194184129539,0.0124264326991629,0.228571428571429,0.0142857142857143,0.0285714285714286,16,2,2,35,70,2,16,0.0625,0.125,FALSE,0.962990654205607,0.192688332282532,268
"anchor_84","neighborhood_jaccard","HOG:0030062","similarity","concordant_minus_discordant",0.356278979309006,0.344819666750492,0.0114593125585139,0.228571428571429,0.0142857142857143,0.0285714285714286,16,2,2,35,70,2,16,0.0625,0.125,FALSE,0.962990654205607,0.317025089605735,269
"anchor_144","module_edge_jaccard","HOG:0028381","similarity","concordant_minus_discordant",0.536320265441139,0.525523695537737,0.0107965699034017,0.228571428571429,0.0142857142857143,0.0285714285714286,16,2,2,35,70,2,16,0.0625,0.125,FALSE,0.962990654205607,0.507190603671938,270
"anchor_172","neighborhood_jaccard","HOG:0007645","similarity","concordant_minus_discordant",0.313896277411384,0.303714241276231,0.0101820361351537,0.228571428571429,0.0142857142857143,0.0285714285714286,16,2,2,35,70,2,16,0.0625,0.125,FALSE,0.962990654205607,0.341046149939694,271
"anchor_13","neighborhood_jaccard","HOG:0006264","similarity","concordant_minus_discordant",0.568334603864894,0.558698306856611,0.00963629700828283,0.228571428571429,0.0142857142857143,0.0285714285714286,16,2,2,35,70,2,16,0.0625,0.125,FALSE,0.962990654205607,0.573009446693657,272
"anchor_83","matched_edge_correlation","HOG:0023230","similarity","concordant_minus_discordant",0.326398637466856,0.317359481091019,0.00903915637583724,0.228571428571429,0.0142857142857143,0.0285714285714286,16,2,2,35,70,2,16,0.0625,0.125,FALSE,0.962990654205607,0.283942611114808,273
"anchor_81","neighborhood_jaccard","HOG:0023669","similarity","concordant_minus_discordant",0.515290783213454,0.506297759238105,0.00899302397534818,0.228571428571429,0.0142857142857143,0.0285714285714286,16,2,2,35,70,2,16,0.0625,0.125,FALSE,0.962990654205607,0.591542205067964,274
"anchor_163","neighborhood_jaccard","HOG:0008717","similarity","concordant_minus_discordant",0.220903144380475,0.212563278498399,0.00833986588207619,0.228571428571429,0.0142857142857143,0.0285714285714286,16,2,2,35,70,2,16,0.0625,0.125,FALSE,0.962990654205607,0.202071230108613,275
"anchor_194","neighborhood_jaccard","HOG:0030883","similarity","concordant_minus_discordant",0.26963586341829,0.261903902724714,0.00773196069357573,0.228571428571429,0.0142857142857143,0.0285714285714286,16,2,2,35,70,2,16,0.0625,0.125,FALSE,0.962990654205607,0.270141092002004,276
"anchor_80","module_edge_jaccard","HOG:0025232","similarity","concordant_minus_discordant",0.737313781116139,0.731755615345552,0.00555816577058699,0.228571428571429,0.0142857142857143,0.0285714285714286,16,2,2,35,70,2,16,0.0625,0.125,FALSE,0.962990654205607,0.739860373987849,277
"anchor_202","matched_edge_mean_abs_log_threshold_distance","HOG:0010482","distance","discordant_minus_concordant",0.0154202576453578,0.0166193933499191,0.00119913570456123,0.228571428571429,0.0142857142857143,0.0285714285714286,16,2,2,35,70,2,16,0.0625,0.125,FALSE,0.962990654205607,0.0175817606288179,278
"anchor_283","matched_edge_mean_abs_log_threshold_distance","HOG:0026360","distance","discordant_minus_concordant",0.0170618292143049,0.0176157865423174,0.000553957328012424,0.228571428571429,0.0142857142857143,0.0285714285714286,16,2,2,35,70,2,16,0.0625,0.125,FALSE,0.962990654205607,0.0171962385328493,279
"anchor_288","matched_edge_mean_abs_log_threshold_distance","HOG:0026637","distance","discordant_minus_concordant",0.0156475071054957,0.0161621805433695,0.000514673437873838,0.228571428571429,0.0142857142857143,0.0285714285714286,16,2,2,35,70,2,16,0.0625,0.125,FALSE,0.962990654205607,0.016407380983797,280
"anchor_143","matched_edge_mean_abs_log_threshold_distance","HOG:0006346","distance","discordant_minus_concordant",0.0150506754039565,0.0155214159749281,0.000470740570971663,0.228571428571429,0.0142857142857143,0.0285714285714286,16,2,2,35,70,2,16,0.0625,0.125,FALSE,0.962990654205607,0.015324558363531,281
"anchor_238","matched_edge_mean_abs_log_threshold_distance","HOG:0031127","distance","discordant_minus_concordant",0.0185613060952562,0.0189768272291276,0.000415521133871336,0.228571428571429,0.0142857142857143,0.0285714285714286,16,2,2,35,70,2,16,0.0625,0.125,FALSE,0.962990654205607,0.0188403629770488,282
"anchor_240","matched_edge_mean_abs_log_threshold_distance","HOG:0007813","distance","discordant_minus_concordant",0.0142259349700125,0.0146176708868911,0.000391735916878671,0.228571428571429,0.0142857142857143,0.0285714285714286,16,2,2,35,70,2,16,0.0625,0.125,FALSE,0.962990654205607,0.0149859235474505,283
"anchor_139","matched_edge_mean_abs_log_threshold_distance","HOG:0005689","distance","discordant_minus_concordant",0.017901160520362,0.0181625556280156,0.000261395107653665,0.228571428571429,0.0142857142857143,0.0285714285714286,16,2,2,35,70,2,16,0.0625,0.125,FALSE,0.962990654205607,0.0184012622994294,284
"anchor_81","matched_edge_mean_abs_log_threshold_distance","HOG:0023669","distance","discordant_minus_concordant",0.0151920448162752,0.0153781197598611,0.000186074943585862,0.228571428571429,0.0142857142857143,0.0285714285714286,16,2,2,35,70,2,16,0.0625,0.125,FALSE,0.962990654205607,0.0155790338728473,285
"anchor_57","matched_edge_mean_abs_log_threshold_distance","HOG:0031653","distance","discordant_minus_concordant",0.0143012908852002,0.0143799822497616,7.86913645614753e-05,0.228571428571429,0.0142857142857143,0.0285714285714286,16,2,2,35,70,2,16,0.0625,0.125,FALSE,0.962990654205607,0.0149397611888457,286
"anchor_170","matched_edge_correlation","HOG:0025923","similarity","concordant_minus_discordant",0.196905606321086,0.137221393967248,0.0596842123538379,0.257142857142857,0.0142857142857143,0.0285714285714286,18,2,2,35,70,2,16,0.0625,0.125,FALSE,0.962990654205607,0.154975928614844,287
"anchor_198","matched_edge_correlation","HOG:0005877","similarity","concordant_minus_discordant",0.120360246102304,0.0806919849653685,0.0396682611369358,0.257142857142857,0.0142857142857143,0.0285714285714286,18,2,2,35,70,2,16,0.0625,0.125,FALSE,0.962990654205607,0.0826776102377155,288
"anchor_209","matched_edge_correlation","HOG:0024277","similarity","concordant_minus_discordant",0.244184517862569,0.214225230624612,0.0299592872379573,0.257142857142857,0.0142857142857143,0.0285714285714286,18,2,2,35,70,2,16,0.0625,0.125,FALSE,0.962990654205607,0.288460180159285,289
"anchor_159","matched_edge_correlation","HOG:0028145","similarity","concordant_minus_discordant",0.169792037832021,0.144957121195492,0.0248349166365286,0.257142857142857,0.0142857142857143,0.0285714285714286,18,2,2,35,70,2,16,0.0625,0.125,FALSE,0.962990654205607,0.202390759661094,290
"anchor_336","module_edge_jaccard","HOG:0032436","similarity","concordant_minus_discordant",0.563576443332682,0.541483394179864,0.0220930491528177,0.257142857142857,0.0142857142857143,0.0285714285714286,18,2,2,35,70,2,16,0.0625,0.125,FALSE,0.962990654205607,0.559026281775097,291
"anchor_128","matched_edge_correlation","HOG:0024976","similarity","concordant_minus_discordant",0.116220838365191,0.0955793679856245,0.0206414703795665,0.257142857142857,0.0142857142857143,0.0285714285714286,18,2,2,35,70,2,16,0.0625,0.125,FALSE,0.962990654205607,0.117499623165745,292
"anchor_316","module_edge_jaccard","HOG:0000079","similarity","concordant_minus_discordant",0.428811338927936,0.411384694695179,0.0174266442327572,0.257142857142857,0.0142857142857143,0.0285714285714286,18,2,2,35,70,2,16,0.0625,0.125,FALSE,0.962990654205607,0.438676592224979,293
"anchor_96","matched_edge_correlation","HOG:0012012","similarity","concordant_minus_discordant",0.141502389301212,0.124196911413319,0.0173054778878937,0.257142857142857,0.0142857142857143,0.0285714285714286,18,2,2,35,70,2,16,0.0625,0.125,FALSE,0.962990654205607,0.125443868712578,294
"anchor_160","module_edge_jaccard","HOG:0024444","similarity","concordant_minus_discordant",0.825944082464353,0.80885534191429,0.0170887405500637,0.257142857142857,0.0142857142857143,0.0285714285714286,18,2,2,35,70,2,16,0.0625,0.125,FALSE,0.962990654205607,0.832224191404519,295
"anchor_218","matched_edge_correlation","HOG:0029429","similarity","concordant_minus_discordant",0.127592665344018,0.111036100885484,0.0165565644585336,0.257142857142857,0.0142857142857143,0.0285714285714286,18,2,2,35,70,2,16,0.0625,0.125,FALSE,0.962990654205607,0.096518920176028,296
"anchor_107","module_edge_jaccard","HOG:0020293","similarity","concordant_minus_discordant",0.539576682646523,0.527099163442299,0.0124775192042249,0.257142857142857,0.0142857142857143,0.0285714285714286,18,2,2,35,70,2,16,0.0625,0.125,FALSE,0.962990654205607,0.517913291371475,297
"anchor_208","module_edge_jaccard","HOG:0027147","similarity","concordant_minus_discordant",0.773513123691362,0.762248567101702,0.0112645565896603,0.257142857142857,0.0142857142857143,0.0285714285714286,18,2,2,35,70,2,16,0.0625,0.125,FALSE,0.962990654205607,0.77438342169082,298
"anchor_126","neighborhood_jaccard","HOG:0000096","similarity","concordant_minus_discordant",0.24579146490911,0.234806376389759,0.0109850885193509,0.257142857142857,0.0142857142857143,0.0285714285714286,18,2,2,35,70,2,16,0.0625,0.125,FALSE,0.962990654205607,0.272880934625901,299
"anchor_180","matched_edge_correlation","HOG:0030884","similarity","concordant_minus_discordant",0.151257478433087,0.140369829032849,0.0108876494002379,0.257142857142857,0.0142857142857143,0.0285714285714286,18,2,2,35,70,2,16,0.0625,0.125,FALSE,0.962990654205607,0.177269756570211,300
"anchor_314","neighborhood_jaccard","HOG:0031066","similarity","concordant_minus_discordant",0.224446314897445,0.213561163131914,0.0108851517655307,0.257142857142857,0.0142857142857143,0.0285714285714286,18,2,2,35,70,2,16,0.0625,0.125,FALSE,0.962990654205607,0.241572257529704,301
"anchor_288","neighborhood_jaccard","HOG:0026637","similarity","concordant_minus_discordant",0.180429912641986,0.169590939160198,0.0108389734817882,0.257142857142857,0.0142857142857143,0.0285714285714286,18,2,2,35,70,2,16,0.0625,0.125,FALSE,0.962990654205607,0.184457478005865,302
"anchor_22","neighborhood_jaccard","HOG:0011649","similarity","concordant_minus_discordant",0.573595212783149,0.562830050768429,0.0107651620147198,0.257142857142857,0.0142857142857143,0.0285714285714286,18,2,2,35,70,2,16,0.0625,0.125,FALSE,0.962990654205607,0.591246143127302,303
"anchor_254","module_edge_jaccard","HOG:0024990","similarity","concordant_minus_discordant",0.475813965324141,0.465171821704626,0.0106421436195149,0.257142857142857,0.0142857142857143,0.0285714285714286,18,2,2,35,70,2,16,0.0625,0.125,FALSE,0.962990654205607,0.475288202109394,304
"anchor_252","neighborhood_jaccard","HOG:0022123","similarity","concordant_minus_discordant",0.187930373801909,0.178980184138913,0.00895018966299624,0.257142857142857,0.0142857142857143,0.0285714285714286,18,2,2,35,70,2,16,0.0625,0.125,FALSE,0.962990654205607,0.199521002210759,305
"anchor_119","module_edge_jaccard","HOG:0006139","similarity","concordant_minus_discordant",0.706440209176248,0.697828742955105,0.00861146622114284,0.257142857142857,0.0142857142857143,0.0285714285714286,18,2,2,35,70,2,16,0.0625,0.125,FALSE,0.962990654205607,0.705186104218362,306
"anchor_51","neighborhood_jaccard","HOG:0023192","similarity","concordant_minus_discordant",0.524000919488713,0.515590013026856,0.00841090646185738,0.257142857142857,0.0142857142857143,0.0285714285714286,18,2,2,35,70,2,16,0.0625,0.125,FALSE,0.962990654205607,0.527593384338434,307
"anchor_177","module_edge_jaccard","HOG:0000535","similarity","concordant_minus_discordant",0.65683725320727,0.648430278091305,0.00840697511596455,0.257142857142857,0.0142857142857143,0.0285714285714286,18,2,2,35,70,2,16,0.0625,0.125,FALSE,0.962990654205607,0.67630772445497,308
"anchor_87","matched_edge_correlation","HOG:0005589","similarity","concordant_minus_discordant",0.305056844988808,0.29683332999463,0.00822351499417806,0.257142857142857,0.0142857142857143,0.0285714285714286,18,2,2,35,70,2,16,0.0625,0.125,FALSE,0.962990654205607,0.298652433508655,309
"anchor_03","neighborhood_jaccard","HOG:0011532","similarity","concordant_minus_discordant",0.593929122844555,0.586052281240841,0.0078768416037146,0.257142857142857,0.0142857142857143,0.0285714285714286,18,2,2,35,70,2,16,0.0625,0.125,FALSE,0.962990654205607,0.575952458482579,310
"anchor_281","neighborhood_jaccard","HOG:0011064","similarity","concordant_minus_discordant",0.183302619688805,0.176542883279346,0.00675973640945926,0.257142857142857,0.0142857142857143,0.0285714285714286,18,2,2,35,70,2,16,0.0625,0.125,FALSE,0.962990654205607,0.165175774451793,311
"anchor_48","module_edge_jaccard","HOG:0023400","similarity","concordant_minus_discordant",0.785891658413962,0.779311464342255,0.00658019407170707,0.257142857142857,0.0142857142857143,0.0285714285714286,18,2,2,35,70,2,16,0.0625,0.125,FALSE,0.962990654205607,0.775313099235829,312
"anchor_96","neighborhood_jaccard","HOG:0012012","similarity","concordant_minus_discordant",0.240843684712871,0.235274033334637,0.00556965137823404,0.257142857142857,0.0142857142857143,0.0285714285714286,18,2,2,35,70,2,16,0.0625,0.125,FALSE,0.962990654205607,0.228009999418638,313
"anchor_01","neighborhood_jaccard","HOG:0020610","similarity","concordant_minus_discordant",0.614538091802529,0.609409309117046,0.00512878268548345,0.257142857142857,0.0142857142857143,0.0285714285714286,18,2,2,35,70,2,16,0.0625,0.125,FALSE,0.962990654205607,0.620362158167036,314
"anchor_92","neighborhood_jaccard","HOG:0028695","similarity","concordant_minus_discordant",0.251449864852202,0.246887407550401,0.00456245730180027,0.257142857142857,0.0142857142857143,0.0285714285714286,18,2,2,35,70,2,16,0.0625,0.125,FALSE,0.962990654205607,0.246145833333333,315
"anchor_10","module_edge_jaccard","HOG:0023085","similarity","concordant_minus_discordant",0.762638590671385,0.759213433325251,0.00342515734613369,0.257142857142857,0.0142857142857143,0.0285714285714286,18,2,2,35,70,2,16,0.0625,0.125,FALSE,0.962990654205607,0.761820115913772,316
"anchor_56","matched_edge_correlation","HOG:0004085","similarity","concordant_minus_discordant",0.291835062485506,0.28894357949275,0.00289148299275616,0.257142857142857,0.0142857142857143,0.0285714285714286,18,2,2,35,70,2,16,0.0625,0.125,FALSE,0.962990654205607,0.295086492982396,317
"anchor_247","matched_edge_mean_abs_log_threshold_distance","HOG:0013148","distance","discordant_minus_concordant",0.0166104724091611,0.017643802208672,0.00103332979951084,0.257142857142857,0.0142857142857143,0.0285714285714286,18,2,2,35,70,2,16,0.0625,0.125,FALSE,0.962990654205607,0.0173635890793283,318
"anchor_299","matched_edge_mean_abs_log_threshold_distance","HOG:0025316","distance","discordant_minus_concordant",0.0176441040882697,0.0182044530406075,0.000560348952337773,0.257142857142857,0.0142857142857143,0.0285714285714286,18,2,2,35,70,2,16,0.0625,0.125,FALSE,0.962990654205607,0.0188135086543117,319
"anchor_151","matched_edge_mean_abs_log_threshold_distance","HOG:0028263","distance","discordant_minus_concordant",0.0175426331542822,0.0179924919319325,0.00044985877765032,0.257142857142857,0.0142857142857143,0.0285714285714286,18,2,2,35,70,2,16,0.0625,0.125,FALSE,0.962990654205607,0.0178159640307841,320
"anchor_286","matched_edge_mean_abs_log_threshold_distance","HOG:0028717","distance","discordant_minus_concordant",0.0146132581888615,0.0150613593720355,0.000448101183174041,0.257142857142857,0.0142857142857143,0.0285714285714286,18,2,2,35,70,2,16,0.0625,0.125,FALSE,0.962990654205607,0.0156581376144969,321
"anchor_185","matched_edge_mean_abs_log_threshold_distance","HOG:0005683","distance","discordant_minus_concordant",0.0155980600077019,0.0160371816087817,0.000439121601079824,0.257142857142857,0.0142857142857143,0.0285714285714286,18,2,2,35,70,2,16,0.0625,0.125,FALSE,0.962990654205607,0.016152998199673,322
"anchor_305","matched_edge_mean_abs_log_threshold_distance","HOG:0006008","distance","discordant_minus_concordant",0.0137341533213577,0.0141686629787274,0.00043450965736965,0.257142857142857,0.0142857142857143,0.0285714285714286,18,2,2,35,70,2,16,0.0625,0.125,FALSE,0.962990654205607,0.0145658960722923,323
"anchor_119","matched_edge_mean_abs_log_threshold_distance","HOG:0006139","distance","discordant_minus_concordant",0.0144916456973037,0.0148424702838565,0.000350824586552848,0.257142857142857,0.0142857142857143,0.0285714285714286,18,2,2,35,70,2,16,0.0625,0.125,FALSE,0.962990654205607,0.0149586611918603,324
"anchor_287","matched_edge_mean_abs_log_threshold_distance","HOG:0028018","distance","discordant_minus_concordant",0.0173945043943471,0.0177059053062762,0.000311400911929084,0.257142857142857,0.0142857142857143,0.0285714285714286,18,2,2,35,70,2,16,0.0625,0.125,FALSE,0.962990654205607,0.0164688897868465,325
"anchor_62","matched_edge_mean_abs_log_threshold_distance","HOG:0024791","distance","discordant_minus_concordant",0.0147812101276124,0.0149475506081246,0.000166340480512206,0.257142857142857,0.0142857142857143,0.0285714285714286,18,2,2,35,70,2,16,0.0625,0.125,FALSE,0.962990654205607,0.0155782407289298,326
"anchor_187","matched_edge_correlation","HOG:0010929","similarity","concordant_minus_discordant",0.34380733668709,0.299325345932589,0.0444819907545009,0.285714285714286,0.0142857142857143,0.0285714285714286,20,2,2,35,70,2,16,0.0625,0.125,FALSE,0.962990654205607,0.384634912785184,327
"anchor_305","matched_edge_correlation","HOG:0006008","similarity","concordant_minus_discordant",0.345573853094624,0.30536026757892,0.0402135855157034,0.285714285714286,0.0142857142857143,0.0285714285714286,20,2,2,35,70,2,16,0.0625,0.125,FALSE,0.962990654205607,0.292326153678405,328
"anchor_225","matched_edge_correlation","HOG:0032904","similarity","concordant_minus_discordant",0.156902114061209,0.118907152708954,0.037994961352255,0.285714285714286,0.0142857142857143,0.0285714285714286,20,2,2,35,70,2,16,0.0625,0.125,FALSE,0.962990654205607,0.109774070330286,329
"anchor_264","matched_edge_correlation","HOG:0003561","similarity","concordant_minus_discordant",0.12502587606587,0.0902686069306428,0.0347572691352274,0.285714285714286,0.0142857142857143,0.0285714285714286,20,2,2,35,70,2,16,0.0625,0.125,FALSE,0.962990654205607,0.138200099993961,330
"anchor_244","matched_edge_correlation","HOG:0027351","similarity","concordant_minus_discordant",0.183031379135852,0.154158066548489,0.0288733125873626,0.285714285714286,0.0142857142857143,0.0285714285714286,20,2,2,35,70,2,16,0.0625,0.125,FALSE,0.962990654205607,0.0869035236452743,331
"anchor_300","module_edge_jaccard","HOG:0023036","similarity","concordant_minus_discordant",0.627883407372301,0.610693753988361,0.0171896533839405,0.285714285714286,0.0142857142857143,0.0285714285714286,20,2,2,35,70,2,16,0.0625,0.125,FALSE,0.962990654205607,0.586330213903743,332
"anchor_156","matched_edge_correlation","HOG:0026499","similarity","concordant_minus_discordant",0.123304080815001,0.111566053308542,0.0117380275064594,0.285714285714286,0.0142857142857143,0.0285714285714286,20,2,2,35,70,2,16,0.0625,0.125,FALSE,0.962990654205607,0.0702580715278642,333
"anchor_191","module_edge_jaccard","HOG:0022918","similarity","concordant_minus_discordant",0.574998972277633,0.563529704624578,0.0114692676530542,0.285714285714286,0.0142857142857143,0.0285714285714286,20,2,2,35,70,2,16,0.0625,0.125,FALSE,0.962990654205607,0.520347464828628,334
"anchor_127","matched_edge_correlation","HOG:0007713","similarity","concordant_minus_discordant",0.308124397580204,0.297265339073987,0.0108590585062167,0.285714285714286,0.0142857142857143,0.0285714285714286,20,2,2,35,70,2,16,0.0625,0.125,FALSE,0.962990654205607,0.27349346690452,335
"anchor_180","module_edge_jaccard","HOG:0030884","similarity","concordant_minus_discordant",0.50911232077011,0.500746735413126,0.00836558535698384,0.285714285714286,0.0142857142857143,0.0285714285714286,20,2,2,35,70,2,16,0.0625,0.125,FALSE,0.962990654205607,0.491218198453696,336
"anchor_204","module_edge_jaccard","HOG:0012261","similarity","concordant_minus_discordant",0.510625541807195,0.502321928717497,0.00830361308969829,0.285714285714286,0.0142857142857143,0.0285714285714286,20,2,2,35,70,2,16,0.0625,0.125,FALSE,0.962990654205607,0.482007643191151,337
"anchor_224","neighborhood_jaccard","HOG:0020382","similarity","concordant_minus_discordant",0.208184825744265,0.199916656723009,0.00826816902125566,0.285714285714286,0.0142857142857143,0.0285714285714286,20,2,2,35,70,2,16,0.0625,0.125,FALSE,0.962990654205607,0.210182639434407,338
"anchor_139","module_edge_jaccard","HOG:0005689","similarity","concordant_minus_discordant",0.500850941958979,0.492641285501685,0.00820965645729416,0.285714285714286,0.0142857142857143,0.0285714285714286,20,2,2,35,70,2,16,0.0625,0.125,FALSE,0.962990654205607,0.499583536778011,339
"anchor_203","neighborhood_jaccard","HOG:0018504","similarity","concordant_minus_discordant",0.186078805739173,0.178102695051834,0.00797611068733939,0.285714285714286,0.0142857142857143,0.0285714285714286,20,2,2,35,70,2,16,0.0625,0.125,FALSE,0.962990654205607,0.168495732180468,340
"anchor_164","neighborhood_jaccard","HOG:0027054","similarity","concordant_minus_discordant",0.218767772462643,0.21082012355709,0.00794764890555313,0.285714285714286,0.0142857142857143,0.0285714285714286,20,2,2,35,70,2,16,0.0625,0.125,FALSE,0.962990654205607,0.25028636884307,341
"anchor_274","neighborhood_jaccard","HOG:0019536","similarity","concordant_minus_discordant",0.265717689800859,0.258072424655656,0.00764526514520336,0.285714285714286,0.0142857142857143,0.0285714285714286,20,2,2,35,70,2,16,0.0625,0.125,FALSE,0.962990654205607,0.299834541443429,342
"anchor_197","module_edge_jaccard","HOG:0006052","similarity","concordant_minus_discordant",0.774117860214228,0.766707812635447,0.0074100475787805,0.285714285714286,0.0142857142857143,0.0285714285714286,20,2,2,35,70,2,16,0.0625,0.125,FALSE,0.962990654205607,0.880656770587193,343
"anchor_06","neighborhood_jaccard","HOG:0028766","similarity","concordant_minus_discordant",0.610719946769839,0.60347653780166,0.00724340896817921,0.285714285714286,0.0142857142857143,0.0285714285714286,20,2,2,35,70,2,16,0.0625,0.125,FALSE,0.962990654205607,0.602610094012865,344
"anchor_132","module_edge_jaccard","HOG:0030886","similarity","concordant_minus_discordant",0.500863315234768,0.493908901246721,0.00695441398804647,0.285714285714286,0.0142857142857143,0.0285714285714286,20,2,2,35,70,2,16,0.0625,0.125,FALSE,0.962990654205607,0.516192144426159,345
"anchor_71","matched_edge_correlation","HOG:0025186","similarity","concordant_minus_discordant",0.300381288625891,0.293613602798278,0.00676768582761234,0.285714285714286,0.0142857142857143,0.0285714285714286,20,2,2,35,70,2,16,0.0625,0.125,FALSE,0.962990654205607,0.312001848660419,346
"anchor_142","neighborhood_jaccard","HOG:0029540","similarity","concordant_minus_discordant",0.276340260715235,0.270052010112046,0.00628825060318922,0.285714285714286,0.0142857142857143,0.0285714285714286,20,2,2,35,70,2,16,0.0625,0.125,FALSE,0.962990654205607,0.251111111111111,347
"anchor_172","module_edge_jaccard","HOG:0007645","similarity","concordant_minus_discordant",0.822776041618971,0.817140463954772,0.0056355776641982,0.285714285714286,0.0142857142857143,0.0285714285714286,20,2,2,35,70,2,16,0.0625,0.125,FALSE,0.962990654205607,0.786974149118569,348
"anchor_251","neighborhood_jaccard","HOG:0011497","similarity","concordant_minus_discordant",0.220996581360999,0.215683583524746,0.00531299783625344,0.285714285714286,0.0142857142857143,0.0285714285714286,20,2,2,35,70,2,16,0.0625,0.125,FALSE,0.962990654205607,0.193936877076412,349
"anchor_115","neighborhood_jaccard","HOG:0024562","similarity","concordant_minus_discordant",0.271597734853179,0.266436434059278,0.0051613007939017,0.285714285714286,0.0142857142857143,0.0285714285714286,20,2,2,35,70,2,16,0.0625,0.125,FALSE,0.962990654205607,0.305364314400459,350
"anchor_220","neighborhood_jaccard","HOG:0011715","similarity","concordant_minus_discordant",0.216047703832822,0.210967579460268,0.00508012437255467,0.285714285714286,0.0142857142857143,0.0285714285714286,20,2,2,35,70,2,16,0.0625,0.125,FALSE,0.962990654205607,0.203718081435473,351
"anchor_269","neighborhood_jaccard","HOG:0016116","similarity","concordant_minus_discordant",0.150185577494525,0.145630989451916,0.00455458804260903,0.285714285714286,0.0142857142857143,0.0285714285714286,20,2,2,35,70,2,16,0.0625,0.125,FALSE,0.962990654205607,0.184053884711779,352
"anchor_207","neighborhood_jaccard","HOG:0032903","similarity","concordant_minus_discordant",0.234845302923185,0.230580570297437,0.00426473262574761,0.285714285714286,0.0142857142857143,0.0285714285714286,20,2,2,35,70,2,16,0.0625,0.125,FALSE,0.962990654205607,0.217216117216117,353
"anchor_39","module_edge_jaccard","HOG:0007936","similarity","concordant_minus_discordant",0.79907539198635,0.79508483550924,0.00399055647711066,0.285714285714286,0.0142857142857143,0.0285714285714286,20,2,2,35,70,2,16,0.0625,0.125,FALSE,0.962990654205607,0.804087734433595,354
"anchor_150","neighborhood_jaccard","HOG:0011478","similarity","concordant_minus_discordant",0.226051813285915,0.222335658644278,0.00371615464163769,0.285714285714286,0.0142857142857143,0.0285714285714286,20,2,2,35,70,2,16,0.0625,0.125,FALSE,0.962990654205607,0.192592592592593,355
"anchor_07","module_edge_jaccard","HOG:0011862","similarity","concordant_minus_discordant",0.746259304252975,0.742766902988955,0.00349240126401995,0.285714285714286,0.0142857142857143,0.0285714285714286,20,2,2,35,70,2,16,0.0625,0.125,FALSE,0.962990654205607,0.746376710051212,356
"anchor_05","module_edge_jaccard","HOG:0006205","similarity","concordant_minus_discordant",0.717708343832282,0.714703420044264,0.00300492378801809,0.285714285714286,0.0142857142857143,0.0285714285714286,20,2,2,35,70,2,16,0.0625,0.125,FALSE,0.962990654205607,0.711055593386479,357
"anchor_37","module_edge_jaccard","HOG:0007638","similarity","concordant_minus_discordant",0.770008325352462,0.76764677272014,0.00236155263232263,0.285714285714286,0.0142857142857143,0.0285714285714286,20,2,2,35,70,2,16,0.0625,0.125,FALSE,0.962990654205607,0.741602314142264,358
"anchor_28","module_edge_jaccard","HOG:0023914","similarity","concordant_minus_discordant",0.751514208148651,0.74940225783871,0.00211195030994082,0.285714285714286,0.0142857142857143,0.0285714285714286,20,2,2,35,70,2,16,0.0625,0.125,FALSE,0.962990654205607,0.74284786242387,359
"anchor_187","matched_edge_mean_abs_log_threshold_distance","HOG:0010929","distance","discordant_minus_concordant",0.0143239359710872,0.014900091082942,0.000576155111854831,0.285714285714286,0.0142857142857143,0.0285714285714286,20,2,2,35,70,2,16,0.0625,0.125,FALSE,0.962990654205607,0.0141385335542765,360
"anchor_285","matched_edge_mean_abs_log_threshold_distance","HOG:0025342","distance","discordant_minus_concordant",0.0157571225458062,0.0161001850128521,0.000343062467045865,0.285714285714286,0.0142857142857143,0.0285714285714286,20,2,2,35,70,2,16,0.0625,0.125,FALSE,0.962990654205607,0.0163506132828418,361
"anchor_162","matched_edge_mean_abs_log_threshold_distance","HOG:0005857","distance","discordant_minus_concordant",0.0163018794020224,0.0166235574183896,0.000321678016367184,0.285714285714286,0.0142857142857143,0.0285714285714286,20,2,2,35,70,2,16,0.0625,0.125,FALSE,0.962990654205607,0.0165514771172772,362
"anchor_160","matched_edge_mean_abs_log_threshold_distance","HOG:0024444","distance","discordant_minus_concordant",0.013675347985486,0.0138698406805022,0.000194492695016226,0.285714285714286,0.0142857142857143,0.0285714285714286,20,2,2,35,70,2,16,0.0625,0.125,FALSE,0.962990654205607,0.0136447750848569,363
"anchor_221","matched_edge_mean_abs_log_threshold_distance","HOG:0028333","distance","discordant_minus_concordant",0.0164700033063145,0.0166536425191693,0.00018363921285474,0.285714285714286,0.0142857142857143,0.0285714285714286,20,2,2,35,70,2,16,0.0625,0.125,FALSE,0.962990654205607,0.0174016118980348,364
"anchor_156","matched_edge_mean_abs_log_threshold_distance","HOG:0026499","distance","discordant_minus_concordant",0.0178937294656448,0.0180603715017663,0.000166642036121434,0.285714285714286,0.0142857142857143,0.0285714285714286,20,2,2,35,70,2,16,0.0625,0.125,FALSE,0.962990654205607,0.0180504223199224,365
"anchor_153","matched_edge_correlation","HOG:0028065","similarity","concordant_minus_discordant",0.311986105122098,0.28041710080885,0.031569004313248,0.314285714285714,0.0142857142857143,0.0285714285714286,22,2,2,35,70,2,16,0.0625,0.125,FALSE,0.962990654205607,0.35788220590993,366
"anchor_196","matched_edge_correlation","HOG:0006523","similarity","concordant_minus_discordant",0.128197172006519,0.112135099404052,0.0160620726024668,0.314285714285714,0.0142857142857143,0.0285714285714286,22,2,2,35,70,2,16,0.0625,0.125,FALSE,0.962990654205607,0.0938349127237623,367
"anchor_130","matched_edge_correlation","HOG:0024495","similarity","concordant_minus_discordant",0.257990252075954,0.244149342180303,0.0138409098956513,0.314285714285714,0.0142857142857143,0.0285714285714286,22,2,2,35,70,2,16,0.0625,0.125,FALSE,0.962990654205607,0.230356660139443,368
"anchor_320","module_edge_jaccard","HOG:0005833","similarity","concordant_minus_discordant",0.624740075257179,0.61105010139384,0.0136899738633389,0.314285714285714,0.0142857142857143,0.0285714285714286,22,2,2,35,70,2,16,0.0625,0.125,FALSE,0.962990654205607,0.639835164835165,369
"anchor_254","matched_edge_correlation","HOG:0024990","similarity","concordant_minus_discordant",0.138673662583117,0.12641164535451,0.0122620172286073,0.314285714285714,0.0142857142857143,0.0285714285714286,22,2,2,35,70,2,16,0.0625,0.125,FALSE,0.962990654205607,0.150445806520014,370
"anchor_174","neighborhood_jaccard","HOG:0026397","similarity","concordant_minus_discordant",0.265473642075949,0.256151883086015,0.00932175898993443,0.314285714285714,0.0142857142857143,0.0285714285714286,22,2,2,35,70,2,16,0.0625,0.125,FALSE,0.962990654205607,0.250650082343764,371
"anchor_181","module_edge_jaccard","HOG:0011544","similarity","concordant_minus_discordant",0.478053145508791,0.468813375984916,0.00923976952387534,0.314285714285714,0.0142857142857143,0.0285714285714286,22,2,2,35,70,2,16,0.0625,0.125,FALSE,0.962990654205607,0.518605408355715,372
"anchor_69","matched_edge_correlation","HOG:0033359","similarity","concordant_minus_discordant",0.346360547263248,0.337956278469325,0.00840426879392303,0.314285714285714,0.0142857142857143,0.0285714285714286,22,2,2,35,70,2,16,0.0625,0.125,FALSE,0.962990654205607,0.280525403394306,373
"anchor_210","neighborhood_jaccard","HOG:0012540","similarity","concordant_minus_discordant",0.24428708286254,0.235921648949709,0.00836543391283084,0.314285714285714,0.0142857142857143,0.0285714285714286,22,2,2,35,70,2,16,0.0625,0.125,FALSE,0.962990654205607,0.245825043708929,374
"anchor_102","neighborhood_jaccard","HOG:0006009","similarity","concordant_minus_discordant",0.350574081013865,0.343362108868053,0.0072119721458111,0.314285714285714,0.0142857142857143,0.0285714285714286,22,2,2,35,70,2,16,0.0625,0.125,FALSE,0.962990654205607,0.338464199239018,375
"anchor_135","module_edge_jaccard","HOG:0004114","similarity","concordant_minus_discordant",0.488579451488713,0.4820020742368,0.00657737725191221,0.314285714285714,0.0142857142857143,0.0285714285714286,22,2,2,35,70,2,16,0.0625,0.125,FALSE,0.962990654205607,0.481732177364148,376
"anchor_267","neighborhood_jaccard","HOG:0026549","similarity","concordant_minus_discordant",0.178803408847971,0.17260521634497,0.00619819250300152,0.314285714285714,0.0142857142857143,0.0285714285714286,22,2,2,35,70,2,16,0.0625,0.125,FALSE,0.962990654205607,0.167402876882999,377
"anchor_103","module_edge_jaccard","HOG:0011510","similarity","concordant_minus_discordant",0.547004962566001,0.540892117055694,0.00611284551030655,0.314285714285714,0.0142857142857143,0.0285714285714286,22,2,2,35,70,2,16,0.0625,0.125,FALSE,0.962990654205607,0.519735706181244,378
"anchor_244","neighborhood_jaccard","HOG:0027351","similarity","concordant_minus_discordant",0.207715571835887,0.201713668013876,0.00600190382201171,0.314285714285714,0.0142857142857143,0.0285714285714286,22,2,2,35,70,2,16,0.0625,0.125,FALSE,0.962990654205607,0.188590653652765,379
"anchor_77","module_edge_jaccard","HOG:0024401","similarity","concordant_minus_discordant",0.841190786549241,0.835330442032793,0.00586034451644735,0.314285714285714,0.0142857142857143,0.0285714285714286,22,2,2,35,70,2,16,0.0625,0.125,FALSE,0.962990654205607,0.833701547376727,380
"anchor_155","neighborhood_jaccard","HOG:0008637","similarity","concordant_minus_discordant",0.194398692115087,0.188598994669813,0.0057996974452742,0.314285714285714,0.0142857142857143,0.0285714285714286,22,2,2,35,70,2,16,0.0625,0.125,FALSE,0.962990654205607,0.174230235783634,381
"anchor_134","neighborhood_jaccard","HOG:0030881","similarity","concordant_minus_discordant",0.248180134676569,0.243420140054149,0.00475999462242049,0.314285714285714,0.0142857142857143,0.0285714285714286,22,2,2,35,70,2,16,0.0625,0.125,FALSE,0.962990654205607,0.274164979757085,382
"anchor_45","neighborhood_jaccard","HOG:0007725","similarity","concordant_minus_discordant",0.575365058377648,0.570636854319723,0.00472820405792473,0.314285714285714,0.0142857142857143,0.0285714285714286,22,2,2,35,70,2,16,0.0625,0.125,FALSE,0.962990654205607,0.619023986765922,383
"anchor_73","module_edge_jaccard","HOG:0029110","similarity","concordant_minus_discordant",0.732163867605913,0.727440727570482,0.00472314003543051,0.314285714285714,0.0142857142857143,0.0285714285714286,22,2,2,35,70,2,16,0.0625,0.125,FALSE,0.962990654205607,0.716856790309173,384
"anchor_75","module_edge_jaccard","HOG:0016636","similarity","concordant_minus_discordant",0.488840585860891,0.484268768384238,0.00457181747665264,0.314285714285714,0.0142857142857143,0.0285714285714286,22,2,2,35,70,2,16,0.0625,0.125,FALSE,0.962990654205607,0.530414281742346,385
"anchor_70","neighborhood_jaccard","HOG:0032161","similarity","concordant_minus_discordant",0.474689036950375,0.470315584070079,0.00437345288029511,0.314285714285714,0.0142857142857143,0.0285714285714286,22,2,2,35,70,2,16,0.0625,0.125,FALSE,0.962990654205607,0.530256288561936,386
"anchor_106","neighborhood_jaccard","HOG:0012511","similarity","concordant_minus_discordant",0.301430893906595,0.297269241381137,0.00416165252545858,0.314285714285714,0.0142857142857143,0.0285714285714286,22,2,2,35,70,2,16,0.0625,0.125,FALSE,0.962990654205607,0.30914820473644,387
"anchor_54","module_edge_jaccard","HOG:0022739","similarity","concordant_minus_discordant",0.788641457112617,0.784483721158596,0.00415773595402047,0.314285714285714,0.0142857142857143,0.0285714285714286,22,2,2,35,70,2,16,0.0625,0.125,FALSE,0.962990654205607,0.774183901653314,388
"anchor_29","module_edge_jaccard","HOG:0010571","similarity","concordant_minus_discordant",0.739180296485496,0.73515015105107,0.00403014543442626,0.314285714285714,0.0142857142857143,0.0285714285714286,22,2,2,35,70,2,16,0.0625,0.125,FALSE,0.962990654205607,0.737475276924748,389
"anchor_59","module_edge_jaccard","HOG:0023358","similarity","concordant_minus_discordant",0.76689374497764,0.763610772199644,0.00328297277799627,0.314285714285714,0.0142857142857143,0.0285714285714286,22,2,2,35,70,2,16,0.0625,0.125,FALSE,0.962990654205607,0.754737768344803,390
"anchor_93","neighborhood_jaccard","HOG:0028978","similarity","concordant_minus_discordant",0.315283803110699,0.312412339927298,0.0028714631834002,0.314285714285714,0.0142857142857143,0.0285714285714286,22,2,2,35,70,2,16,0.0625,0.125,FALSE,0.962990654205607,0.328085428085428,391
"anchor_13","module_edge_jaccard","HOG:0006264","similarity","concordant_minus_discordant",0.723234109777653,0.720876575554915,0.00235753422273866,0.314285714285714,0.0142857142857143,0.0285714285714286,22,2,2,35,70,2,16,0.0625,0.125,FALSE,0.962990654205607,0.741058715412404,392
"anchor_318","matched_edge_mean_abs_log_threshold_distance","HOG:0005960","distance","discordant_minus_concordant",0.0182501558885193,0.018795046715276,0.000544890826756659,0.314285714285714,0.0142857142857143,0.0285714285714286,22,2,2,35,70,2,16,0.0625,0.125,FALSE,0.962990654205607,0.0188935059264549,393
"anchor_256","matched_edge_mean_abs_log_threshold_distance","HOG:0006332","distance","discordant_minus_concordant",0.015877556267572,0.0163943684177623,0.0005168121501903,0.314285714285714,0.0142857142857143,0.0285714285714286,22,2,2,35,70,2,16,0.0625,0.125,FALSE,0.962990654205607,0.016872910007269,394
"anchor_268","matched_edge_mean_abs_log_threshold_distance","HOG:0004116","distance","discordant_minus_concordant",0.017649760192953,0.0181287221087719,0.000478961915818879,0.314285714285714,0.0142857142857143,0.0285714285714286,22,2,2,35,70,2,16,0.0625,0.125,FALSE,0.962990654205607,0.0187583209147966,395
"anchor_147","matched_edge_mean_abs_log_threshold_distance","HOG:0032849","distance","discordant_minus_concordant",0.0159355495358907,0.0163565064418104,0.000420956905919694,0.314285714285714,0.0142857142857143,0.0285714285714286,22,2,2,35,70,2,16,0.0625,0.125,FALSE,0.962990654205607,0.0167371824892355,396
"anchor_167","matched_edge_mean_abs_log_threshold_distance","HOG:0027529","distance","discordant_minus_concordant",0.0178010255911991,0.0180901101820234,0.000289084590824266,0.314285714285714,0.0142857142857143,0.0285714285714286,22,2,2,35,70,2,16,0.0625,0.125,FALSE,0.962990654205607,0.0178300756710557,397
"anchor_159","matched_edge_mean_abs_log_threshold_distance","HOG:0028145","distance","discordant_minus_concordant",0.016033921594696,0.0163200533988531,0.000286131804157146,0.314285714285714,0.0142857142857143,0.0285714285714286,22,2,2,35,70,2,16,0.0625,0.125,FALSE,0.962990654205607,0.016403231554685,398
"anchor_265","matched_edge_mean_abs_log_threshold_distance","HOG:0016371","distance","discordant_minus_concordant",0.0176525507869851,0.0179237811272991,0.000271230340314052,0.314285714285714,0.0142857142857143,0.0285714285714286,22,2,2,35,70,2,16,0.0625,0.125,FALSE,0.962990654205607,0.0186300530112701,399
"anchor_263","matched_edge_mean_abs_log_threshold_distance","HOG:0024905","distance","discordant_minus_concordant",0.0156409082740445,0.0158991194461461,0.000258211172101591,0.314285714285714,0.0142857142857143,0.0285714285714286,22,2,2,35,70,2,16,0.0625,0.125,FALSE,0.962990654205607,0.0172523315662839,400
"anchor_218","matched_edge_mean_abs_log_threshold_distance","HOG:0029429","distance","discordant_minus_concordant",0.0178602596224759,0.0181016064952615,0.000241346872785621,0.314285714285714,0.0142857142857143,0.0285714285714286,22,2,2,35,70,2,16,0.0625,0.125,FALSE,0.962990654205607,0.018038828149273,401
"anchor_177","matched_edge_mean_abs_log_threshold_distance","HOG:0000535","distance","discordant_minus_concordant",0.0157864212294715,0.0160269154678815,0.000240494238410018,0.314285714285714,0.0142857142857143,0.0285714285714286,22,2,2,35,70,2,16,0.0625,0.125,FALSE,0.962990654205607,0.0160069756506836,402
"anchor_70","matched_edge_mean_abs_log_threshold_distance","HOG:0032161","distance","discordant_minus_concordant",0.0144670569194494,0.014704511997076,0.000237455077626642,0.314285714285714,0.0142857142857143,0.0285714285714286,22,2,2,35,70,2,16,0.0625,0.125,FALSE,0.962990654205607,0.0152336840056165,403
"anchor_206","matched_edge_mean_abs_log_threshold_distance","HOG:0007920","distance","discordant_minus_concordant",0.0148468035997704,0.0150570428621039,0.000210239262333465,0.314285714285714,0.0142857142857143,0.0285714285714286,22,2,2,35,70,2,16,0.0625,0.125,FALSE,0.962990654205607,0.0152389880412323,404
"anchor_72","matched_edge_mean_abs_log_threshold_distance","HOG:0029544","distance","discordant_minus_concordant",0.0144359656500722,0.0146315172624621,0.000195551612389941,0.314285714285714,0.0142857142857143,0.0285714285714286,22,2,2,35,70,2,16,0.0625,0.125,FALSE,0.962990654205607,0.0148314960095246,405
"anchor_61","matched_edge_mean_abs_log_threshold_distance","HOG:0016166","distance","discordant_minus_concordant",0.0144189108364021,0.01455465886788,0.000135748031477914,0.314285714285714,0.0142857142857143,0.0285714285714286,22,2,2,35,70,2,16,0.0625,0.125,FALSE,0.962990654205607,0.0152640483743002,406
"anchor_43","matched_edge_mean_abs_log_threshold_distance","HOG:0006505","distance","discordant_minus_concordant",0.0143426967967237,0.0144765497554566,0.000133852958732906,0.314285714285714,0.0142857142857143,0.0285714285714286,22,2,2,35,70,2,16,0.0625,0.125,FALSE,0.962990654205607,0.0148415245458308,407
"anchor_94","matched_edge_mean_abs_log_threshold_distance","HOG:0008605","distance","discordant_minus_concordant",0.0180219930201902,0.0180546186527421,3.2625632551974e-05,0.314285714285714,0.0142857142857143,0.0285714285714286,22,2,2,35,70,2,16,0.0625,0.125,FALSE,0.962990654205607,0.0183413911069765,408
"anchor_221","matched_edge_correlation","HOG:0028333","similarity","concordant_minus_discordant",0.151924820050787,0.125878300419933,0.0260465196308537,0.342857142857143,0.0142857142857143,0.0285714285714286,24,2,2,35,70,2,16,0.0625,0.125,FALSE,0.962990654205607,0.130666237739646,409
"anchor_147","matched_edge_correlation","HOG:0032849","similarity","concordant_minus_discordant",0.136249200776436,0.112531472248317,0.0237177285281192,0.342857142857143,0.0142857142857143,0.0285714285714286,24,2,2,35,70,2,16,0.0625,0.125,FALSE,0.962990654205607,0.161788041327216,410
"anchor_332","module_edge_jaccard","HOG:0028850","similarity","concordant_minus_discordant",0.52348555827448,0.502668373488474,0.020817184786005,0.342857142857143,0.0142857142857143,0.0285714285714286,24,2,2,35,70,2,16,0.0625,0.125,FALSE,0.962990654205607,0.565198743506101,411
"anchor_288","matched_edge_correlation","HOG:0026637","similarity","concordant_minus_discordant",0.185209729736696,0.166173645393535,0.0190360843431606,0.342857142857143,0.0142857142857143,0.0285714285714286,24,2,2,35,70,2,16,0.0625,0.125,FALSE,0.962990654205607,0.192967996464015,412
"anchor_189","matched_edge_correlation","HOG:0027641","similarity","concordant_minus_discordant",0.120194916804711,0.109922804904455,0.0102721119002561,0.342857142857143,0.0142857142857143,0.0285714285714286,24,2,2,35,70,2,16,0.0625,0.125,FALSE,0.962990654205607,0.113406904998589,413
"anchor_100","matched_edge_correlation","HOG:0012035","similarity","concordant_minus_discordant",0.124629327949994,0.116503620201474,0.00812570774852001,0.342857142857143,0.0142857142857143,0.0285714285714286,24,2,2,35,70,2,16,0.0625,0.125,FALSE,0.962990654205607,0.16167583465009,414
"anchor_176","module_edge_jaccard","HOG:0018009","similarity","concordant_minus_discordant",0.82447957155019,0.816549782340588,0.00792978920960286,0.342857142857143,0.0142857142857143,0.0285714285714286,24,2,2,35,70,2,16,0.0625,0.125,FALSE,0.962990654205607,0.809694655897408,415
"anchor_189","neighborhood_jaccard","HOG:0027641","similarity","concordant_minus_discordant",0.250642354894833,0.242921933820506,0.00772042107432713,0.342857142857143,0.0142857142857143,0.0285714285714286,24,2,2,35,70,2,16,0.0625,0.125,FALSE,0.962990654205607,0.326086956521739,416
"anchor_47","neighborhood_jaccard","HOG:0020310","similarity","concordant_minus_discordant",0.502733257084617,0.495246414023435,0.00748684306118191,0.342857142857143,0.0142857142857143,0.0285714285714286,24,2,2,35,70,2,16,0.0625,0.125,FALSE,0.962990654205607,0.499320557491289,417
"anchor_261","neighborhood_jaccard","HOG:0028718","similarity","concordant_minus_discordant",0.433471570649112,0.426175726383659,0.00729584426545277,0.342857142857143,0.0142857142857143,0.0285714285714286,24,2,2,35,70,2,16,0.0625,0.125,FALSE,0.962990654205607,0.4965280200991,418
"anchor_149","neighborhood_jaccard","HOG:0032060","similarity","concordant_minus_discordant",0.272174096385486,0.265347377101158,0.00682671928432738,0.342857142857143,0.0142857142857143,0.0285714285714286,24,2,2,35,70,2,16,0.0625,0.125,FALSE,0.962990654205607,0.294495412844037,419
"anchor_167","module_edge_jaccard","HOG:0027529","similarity","concordant_minus_discordant",0.559978635305544,0.553549728427066,0.00642890687847797,0.342857142857143,0.0142857142857143,0.0285714285714286,24,2,2,35,70,2,16,0.0625,0.125,FALSE,0.962990654205607,0.573677761895038,420
"anchor_286","module_edge_jaccard","HOG:0028717","similarity","concordant_minus_discordant",0.837256787749103,0.831098917518326,0.00615787023077707,0.342857142857143,0.0142857142857143,0.0285714285714286,24,2,2,35,70,2,16,0.0625,0.125,FALSE,0.962990654205607,0.848077999043956,421
"anchor_129","neighborhood_jaccard","HOG:0029472","similarity","concordant_minus_discordant",0.420466358215101,0.414423533185312,0.00604282502978903,0.342857142857143,0.0142857142857143,0.0285714285714286,24,2,2,35,70,2,16,0.0625,0.125,FALSE,0.962990654205607,0.445955056179775,422
"anchor_240","matched_edge_correlation","HOG:0007813","similarity","concordant_minus_discordant",0.324933709774974,0.318957196720924,0.00597651305405017,0.342857142857143,0.0142857142857143,0.0285714285714286,24,2,2,35,70,2,16,0.0625,0.125,FALSE,0.962990654205607,0.266474130718416,423
"anchor_214","neighborhood_jaccard","HOG:0017319","similarity","concordant_minus_discordant",0.312133014299352,0.306294013890004,0.0058390004093482,0.342857142857143,0.0142857142857143,0.0285714285714286,24,2,2,35,70,2,16,0.0625,0.125,FALSE,0.962990654205607,0.299887663398693,424
"anchor_193","module_edge_jaccard","HOG:0027905","similarity","concordant_minus_discordant",0.573580783323294,0.567786397075086,0.00579438624820772,0.342857142857143,0.0142857142857143,0.0285714285714286,24,2,2,35,70,2,16,0.0625,0.125,FALSE,0.962990654205607,0.585428780973335,425
"anchor_230","module_edge_jaccard","HOG:0012102","similarity","concordant_minus_discordant",0.495659006464923,0.490049069157624,0.00560993730729953,0.342857142857143,0.0142857142857143,0.0285714285714286,24,2,2,35,70,2,16,0.0625,0.125,FALSE,0.962990654205607,0.539093390474733,426
"anchor_272","neighborhood_jaccard","HOG:0027413","similarity","concordant_minus_discordant",0.160797151099793,0.156131611697633,0.00466553940216041,0.342857142857143,0.0142857142857143,0.0285714285714286,24,2,2,35,70,2,16,0.0625,0.125,FALSE,0.962990654205607,0.195180581613508,427
"anchor_51","module_edge_jaccard","HOG:0023192","similarity","concordant_minus_discordant",0.730359868313891,0.726000474671551,0.00435939364233973,0.342857142857143,0.0142857142857143,0.0285714285714286,24,2,2,35,70,2,16,0.0625,0.125,FALSE,0.962990654205607,0.737077537785051,428
"anchor_59","matched_edge_correlation","HOG:0023358","similarity","concordant_minus_discordant",0.356349032566726,0.352726001996084,0.00362303057064178,0.342857142857143,0.0142857142857143,0.0285714285714286,24,2,2,35,70,2,16,0.0625,0.125,FALSE,0.962990654205607,0.331569865595696,429
"anchor_242","module_edge_jaccard","HOG:0017189","similarity","concordant_minus_discordant",0.70231009773011,0.698982831025044,0.00332726670506567,0.342857142857143,0.0142857142857143,0.0285714285714286,24,2,2,35,70,2,16,0.0625,0.125,FALSE,0.962990654205607,0.764583333333333,430
"anchor_23","module_edge_jaccard","HOG:0028394","similarity","concordant_minus_discordant",0.728502260550993,0.725281342302339,0.00322091824865411,0.342857142857143,0.0142857142857143,0.0285714285714286,24,2,2,35,70,2,16,0.0625,0.125,FALSE,0.962990654205607,0.741188894624132,431
"anchor_270","neighborhood_jaccard","HOG:0007636","similarity","concordant_minus_discordant",0.302027354906832,0.298846282778519,0.00318107212831281,0.342857142857143,0.0142857142857143,0.0285714285714286,24,2,2,35,70,2,16,0.0625,0.125,FALSE,0.962990654205607,0.394928099494753,432
"anchor_14","module_edge_jaccard","HOG:0012056","similarity","concordant_minus_discordant",0.779754355497231,0.776907556994816,0.0028467985024152,0.342857142857143,0.0142857142857143,0.0285714285714286,24,2,2,35,70,2,16,0.0625,0.125,FALSE,0.962990654205607,0.782516599577432,433
"anchor_06","module_edge_jaccard","HOG:0028766","similarity","concordant_minus_discordant",0.72295119556615,0.720250078634979,0.0027011169311717,0.342857142857143,0.0142857142857143,0.0285714285714286,24,2,2,35,70,2,16,0.0625,0.125,FALSE,0.962990654205607,0.729172506156227,434
"anchor_168","neighborhood_jaccard","HOG:0000122","similarity","concordant_minus_discordant",0.243837452121264,0.241589603123367,0.00224784899789746,0.342857142857143,0.0142857142857143,0.0285714285714286,24,2,2,35,70,2,16,0.0625,0.125,FALSE,0.962990654205607,0.293775303643725,435
"anchor_258","matched_edge_mean_abs_log_threshold_distance","HOG:0027091","distance","discordant_minus_concordant",0.0148696259895302,0.0154382671899457,0.000568641200415521,0.342857142857143,0.0142857142857143,0.0285714285714286,24,2,2,35,70,2,16,0.0625,0.125,FALSE,0.962990654205607,0.0151305703473497,436
"anchor_211","matched_edge_mean_abs_log_threshold_distance","HOG:0027975","distance","discordant_minus_concordant",0.0183133489379573,0.0185514191869696,0.000238070249012273,0.342857142857143,0.0142857142857143,0.0285714285714286,24,2,2,35,70,2,16,0.0625,0.125,FALSE,0.962990654205607,0.0199171216822513,437
"anchor_128","matched_edge_mean_abs_log_threshold_distance","HOG:0024976","distance","discordant_minus_concordant",0.0182984745762239,0.0184728746064449,0.000174400030220997,0.342857142857143,0.0142857142857143,0.0285714285714286,24,2,2,35,70,2,16,0.0625,0.125,FALSE,0.962990654205607,0.018707277348212,438
"anchor_333","matched_edge_mean_abs_log_threshold_distance","HOG:0008696","distance","discordant_minus_concordant",0.0184082164674783,0.0185200309102786,0.000111814442800343,0.342857142857143,0.0142857142857143,0.0285714285714286,24,2,2,35,70,2,16,0.0625,0.125,FALSE,0.962990654205607,0.0195990754790809,439
"anchor_58","matched_edge_mean_abs_log_threshold_distance","HOG:0032593","distance","discordant_minus_concordant",0.0148490799980937,0.0149561642041206,0.000107084206026899,0.342857142857143,0.0142857142857143,0.0285714285714286,24,2,2,35,70,2,16,0.0625,0.125,FALSE,0.962990654205607,0.0155192869100016,440
"anchor_138","matched_edge_mean_abs_log_threshold_distance","HOG:0025231","distance","discordant_minus_concordant",0.0161269166163941,0.0162318901089627,0.000104973492568609,0.342857142857143,0.0142857142857143,0.0285714285714286,24,2,2,35,70,2,16,0.0625,0.125,FALSE,0.962990654205607,0.015593650499642,441
"anchor_242","matched_edge_mean_abs_log_threshold_distance","HOG:0017189","distance","discordant_minus_concordant",0.0161013767266004,0.0162043061900069,0.000102929463406492,0.342857142857143,0.0142857142857143,0.0285714285714286,24,2,2,35,70,2,16,0.0625,0.125,FALSE,0.962990654205607,0.0167860024666283,442
"anchor_13","matched_edge_mean_abs_log_threshold_distance","HOG:0006264","distance","discordant_minus_concordant",0.0147497801996731,0.0147592565098174,9.47631014431259e-06,0.342857142857143,0.0142857142857143,0.0285714285714286,24,2,2,35,70,2,16,0.0625,0.125,FALSE,0.962990654205607,0.0152376462794638,443
"anchor_262","matched_edge_correlation","HOG:0023896","similarity","concordant_minus_discordant",0.184100103245575,0.155072486314951,0.0290276169306246,0.371428571428571,0.0142857142857143,0.0285714285714286,26,2,2,35,70,2,16,0.0625,0.125,FALSE,0.962990654205607,0.211680412891109,444
"anchor_226","matched_edge_correlation","HOG:0025149","similarity","concordant_minus_discordant",0.103979521833576,0.0822827672349952,0.0216967545985807,0.371428571428571,0.0142857142857143,0.0285714285714286,26,2,2,35,70,2,16,0.0625,0.125,FALSE,0.962990654205607,0.185130628548565,445
"anchor_151","matched_edge_correlation","HOG:0028263","similarity","concordant_minus_discordant",0.113637980246924,0.092196194908207,0.0214417853387174,0.371428571428571,0.0142857142857143,0.0285714285714286,26,2,2,35,70,2,16,0.0625,0.125,FALSE,0.962990654205607,0.0546594805155948,446
"anchor_283","matched_edge_correlation","HOG:0026360","similarity","concordant_minus_discordant",0.164190569450677,0.145448386087123,0.0187421833635538,0.371428571428571,0.0142857142857143,0.0285714285714286,26,2,2,35,70,2,16,0.0625,0.125,FALSE,0.962990654205607,0.131437691782994,447
"anchor_222","module_edge_jaccard","HOG:0032963","similarity","concordant_minus_discordant",0.505763535901505,0.490777013040459,0.0149865228610458,0.371428571428571,0.0142857142857143,0.0285714285714286,26,2,2,35,70,2,16,0.0625,0.125,FALSE,0.962990654205607,0.496191598649029,448
"anchor_258","module_edge_jaccard","HOG:0027091","similarity","concordant_minus_discordant",0.686279694401433,0.671560552530132,0.0147191418713011,0.371428571428571,0.0142857142857143,0.0285714285714286,26,2,2,35,70,2,16,0.0625,0.125,FALSE,0.962990654205607,0.6234335839599,449
"anchor_257","matched_edge_correlation","HOG:0011942","similarity","concordant_minus_discordant",0.413295732843986,0.398841975884365,0.0144537569596208,0.371428571428571,0.0142857142857143,0.0285714285714286,26,2,2,35,70,2,16,0.0625,0.125,FALSE,0.962990654205607,0.414517560680401,450
"anchor_265","matched_edge_correlation","HOG:0016371","similarity","concordant_minus_discordant",0.128803802343457,0.115321326989586,0.0134824753538705,0.371428571428571,0.0142857142857143,0.0285714285714286,26,2,2,35,70,2,16,0.0625,0.125,FALSE,0.962990654205607,0.0893121125780615,451
"anchor_206","neighborhood_jaccard","HOG:0007920","similarity","concordant_minus_discordant",0.379751400759021,0.366336974440124,0.0134144263188976,0.371428571428571,0.0142857142857143,0.0285714285714286,26,2,2,35,70,2,16,0.0625,0.125,FALSE,0.962990654205607,0.441091954022989,452
"anchor_283","module_edge_jaccard","HOG:0026360","similarity","concordant_minus_discordant",0.563909804772463,0.552828163880781,0.0110816408916818,0.371428571428571,0.0142857142857143,0.0285714285714286,26,2,2,35,70,2,16,0.0625,0.125,FALSE,0.962990654205607,0.564385937380541,453
"anchor_103","matched_edge_correlation","HOG:0011510","similarity","concordant_minus_discordant",0.127338108497702,0.119035012823257,0.00830309567444515,0.371428571428571,0.0142857142857143,0.0285714285714286,26,2,2,35,70,2,16,0.0625,0.125,FALSE,0.962990654205607,0.14804711838224,454
"anchor_217","matched_edge_correlation","HOG:0025124","similarity","concordant_minus_discordant",0.114505474293073,0.10704357408276,0.00746190021031339,0.371428571428571,0.0142857142857143,0.0285714285714286,26,2,2,35,70,2,16,0.0625,0.125,FALSE,0.962990654205607,0.149490822687165,455
"anchor_306","neighborhood_jaccard","HOG:0010549","similarity","concordant_minus_discordant",0.188344058768364,0.181556918397889,0.00678714037047509,0.371428571428571,0.0142857142857143,0.0285714285714286,26,2,2,35,70,2,16,0.0625,0.125,FALSE,0.962990654205607,0.235823000528883,456
"anchor_241","neighborhood_jaccard","HOG:0026507","similarity","concordant_minus_discordant",0.205900057768406,0.199428904914783,0.00647115285362287,0.371428571428571,0.0142857142857143,0.0285714285714286,26,2,2,35,70,2,16,0.0625,0.125,FALSE,0.962990654205607,0.243138686131387,457
"anchor_108","module_edge_jaccard","HOG:0033256","similarity","concordant_minus_discordant",0.825887199639604,0.819736760640792,0.00615043899881218,0.371428571428571,0.0142857142857143,0.0285714285714286,26,2,2,35,70,2,16,0.0625,0.125,FALSE,0.962990654205607,0.803521974714028,458
"anchor_91","neighborhood_jaccard","HOG:0023227","similarity","concordant_minus_discordant",0.280494007379505,0.274867583577959,0.00562642380154627,0.371428571428571,0.0142857142857143,0.0285714285714286,26,2,2,35,70,2,16,0.0625,0.125,FALSE,0.962990654205607,0.305213950420918,459
"anchor_325","neighborhood_jaccard","HOG:0011775","similarity","concordant_minus_discordant",0.120752476003248,0.115278008683892,0.0054744673193562,0.371428571428571,0.0142857142857143,0.0285714285714286,26,2,2,35,70,2,16,0.0625,0.125,FALSE,0.962990654205607,0.149714133758809,460
"anchor_145","module_edge_jaccard","HOG:0026774","similarity","concordant_minus_discordant",0.564392251399151,0.560017523531455,0.00437472786769566,0.371428571428571,0.0142857142857143,0.0285714285714286,26,2,2,35,70,2,16,0.0625,0.125,FALSE,0.962990654205607,0.576086956521739,461
"anchor_47","module_edge_jaccard","HOG:0020310","similarity","concordant_minus_discordant",0.788073568320524,0.784185308502821,0.00388825981770302,0.371428571428571,0.0142857142857143,0.0285714285714286,26,2,2,35,70,2,16,0.0625,0.125,FALSE,0.962990654205607,0.798798239337186,462
"anchor_238","neighborhood_jaccard","HOG:0031127","similarity","concordant_minus_discordant",0.190497495266073,0.186637174370677,0.00386032089539573,0.371428571428571,0.0142857142857143,0.0285714285714286,26,2,2,35,70,2,16,0.0625,0.125,FALSE,0.962990654205607,0.194573869151621,463
"anchor_126","module_edge_jaccard","HOG:0000096","similarity","concordant_minus_discordant",0.649543358433164,0.645723362094025,0.00381999633913865,0.371428571428571,0.0142857142857143,0.0285714285714286,26,2,2,35,70,2,16,0.0625,0.125,FALSE,0.962990654205607,0.615540315026755,464
"anchor_44","neighborhood_jaccard","HOG:0000178","similarity","concordant_minus_discordant",0.541285138909732,0.538124580409831,0.00316055849990171,0.371428571428571,0.0142857142857143,0.0285714285714286,26,2,2,35,70,2,16,0.0625,0.125,FALSE,0.962990654205607,0.548888083152043,465
"anchor_52","module_edge_jaccard","HOG:0012253","similarity","concordant_minus_discordant",0.801697500618417,0.798919373014954,0.00277812760346341,0.371428571428571,0.0142857142857143,0.0285714285714286,26,2,2,35,70,2,16,0.0625,0.125,FALSE,0.962990654205607,0.80311434235864,466
"anchor_101","neighborhood_jaccard","HOG:0007833","similarity","concordant_minus_discordant",0.296678425715015,0.29409487021528,0.00258355549973549,0.371428571428571,0.0142857142857143,0.0285714285714286,26,2,2,35,70,2,16,0.0625,0.125,FALSE,0.962990654205607,0.318908969210174,467
"anchor_212","module_edge_jaccard","HOG:0018037","similarity","concordant_minus_discordant",0.747008015511472,0.744769148500237,0.00223886701123432,0.371428571428571,0.0142857142857143,0.0285714285714286,26,2,2,35,70,2,16,0.0625,0.125,FALSE,0.962990654205607,0.712876011604825,468
"anchor_275","neighborhood_jaccard","HOG:0033004","similarity","concordant_minus_discordant",0.226128273382089,0.225127038157324,0.00100123522476508,0.371428571428571,0.0142857142857143,0.0285714285714286,26,2,2,35,70,2,16,0.0625,0.125,FALSE,0.962990654205607,0.246661739344666,469
"anchor_291","matched_edge_mean_abs_log_threshold_distance","HOG:0027706","distance","discordant_minus_concordant",0.0185784597431693,0.0190228661837787,0.000444406440609404,0.371428571428571,0.0142857142857143,0.0285714285714286,26,2,2,35,70,2,16,0.0625,0.125,FALSE,0.962990654205607,0.0189405497975883,470
"anchor_25","neighborhood_jaccard","HOG:0016389","similarity","concordant_minus_discordant",0.569997127192334,0.569570433592521,0.000426693599813066,0.371428571428571,0.0142857142857143,0.0285714285714286,26,2,2,35,70,2,16,0.0625,0.125,FALSE,0.962990654205607,0.586228375661825,471
"anchor_186","matched_edge_mean_abs_log_threshold_distance","HOG:0027918","distance","discordant_minus_concordant",0.0166926242108901,0.0169268632197286,0.000234239008838514,0.371428571428571,0.0142857142857143,0.0285714285714286,26,2,2,35,70,2,16,0.0625,0.125,FALSE,0.962990654205607,0.0175216652290093,472
"anchor_189","matched_edge_mean_abs_log_threshold_distance","HOG:0027641","distance","discordant_minus_concordant",0.0166062785891044,0.0167863977173007,0.000180119128196293,0.371428571428571,0.0142857142857143,0.0285714285714286,26,2,2,35,70,2,16,0.0625,0.125,FALSE,0.962990654205607,0.0174674794239761,473
"anchor_180","matched_edge_mean_abs_log_threshold_distance","HOG:0030884","distance","discordant_minus_concordant",0.017792989973002,0.0179225311379407,0.000129541164938716,0.371428571428571,0.0142857142857143,0.0285714285714286,26,2,2,35,70,2,16,0.0625,0.125,FALSE,0.962990654205607,0.018147326131406,474
"anchor_129","matched_edge_mean_abs_log_threshold_distance","HOG:0029472","distance","discordant_minus_concordant",0.0139144325764477,0.0140138552208557,9.94226444079854e-05,0.371428571428571,0.0142857142857143,0.0285714285714286,26,2,2,35,70,2,16,0.0625,0.125,FALSE,0.962990654205607,0.0146497199499072,475
"anchor_99","matched_edge_mean_abs_log_threshold_distance","HOG:0031473","distance","discordant_minus_concordant",0.0141763735059683,0.0142750599109667,9.86864049983532e-05,0.371428571428571,0.0142857142857143,0.0285714285714286,26,2,2,35,70,2,16,0.0625,0.125,FALSE,0.962990654205607,0.0152359171308928,476
"anchor_104","matched_edge_mean_abs_log_threshold_distance","HOG:0021825","distance","discordant_minus_concordant",0.0162400245634489,0.0163254082415065,8.53836780575316e-05,0.371428571428571,0.0142857142857143,0.0285714285714286,26,2,2,35,70,2,16,0.0625,0.125,FALSE,0.962990654205607,0.0162504019886019,477
"anchor_35","matched_edge_mean_abs_log_threshold_distance","HOG:0012402","distance","discordant_minus_concordant",0.0147220465717547,0.0147591042009861,3.70576292314153e-05,0.371428571428571,0.0142857142857143,0.0285714285714286,26,2,2,35,70,2,16,0.0625,0.125,FALSE,0.962990654205607,0.0154631858736492,478
"anchor_231","module_edge_jaccard","HOG:0023138","similarity","concordant_minus_discordant",0.575170467980043,0.576934417260288,-0.00176394928024504,0.371428571428571,0.0142857142857143,0.0285714285714286,26,2,2,35,70,2,16,0.0625,0.125,FALSE,0.962990654205607,0.601674641148325,479
"anchor_308","module_edge_jaccard","HOG:0014354","similarity","concordant_minus_discordant",0.76541335978836,0.72792461991452,0.0374887398738394,0.4,0.0142857142857143,0.0285714285714286,28,2,2,35,70,2,16,0.0625,0.125,FALSE,0.962990654205607,0.707692307692308,480
"anchor_249","matched_edge_correlation","HOG:0016944","similarity","concordant_minus_discordant",0.0602567490402294,0.0390588776999422,0.0211978713402872,0.4,0.0142857142857143,0.0285714285714286,28,2,2,35,70,2,16,0.0625,0.125,FALSE,0.962990654205607,0.114352592975115,481
"anchor_203","matched_edge_correlation","HOG:0018504","similarity","concordant_minus_discordant",0.102412240059225,0.0833275500469748,0.0190846900122503,0.4,0.0142857142857143,0.0285714285714286,28,2,2,35,70,2,16,0.0625,0.125,FALSE,0.962990654205607,-0.0109024173739118,482
"anchor_235","module_edge_jaccard","HOG:0017160","similarity","concordant_minus_discordant",0.530240120883933,0.513803406920135,0.0164367139637983,0.4,0.0142857142857143,0.0285714285714286,28,2,2,35,70,2,16,0.0625,0.125,FALSE,0.962990654205607,0.501658841940532,483
"anchor_184","matched_edge_correlation","HOG:0026019","similarity","concordant_minus_discordant",0.0947050398800657,0.0876388019718435,0.0070662379082222,0.4,0.0142857142857143,0.0285714285714286,28,2,2,35,70,2,16,0.0625,0.125,FALSE,0.962990654205607,0.109596922332928,484
"anchor_291","module_edge_jaccard","HOG:0027706","similarity","concordant_minus_discordant",0.495430898986189,0.48839707338626,0.00703382559992866,0.4,0.0142857142857143,0.0285714285714286,28,2,2,35,70,2,16,0.0625,0.125,FALSE,0.962990654205607,0.479829841416831,485
"anchor_188","matched_edge_correlation","HOG:0005666","similarity","concordant_minus_discordant",0.156454896531448,0.150013598055045,0.00644129847640332,0.4,0.0142857142857143,0.0285714285714286,28,2,2,35,70,2,16,0.0625,0.125,FALSE,0.962990654205607,0.126555092355397,486
"anchor_322","neighborhood_jaccard","HOG:0003621","similarity","concordant_minus_discordant",0.174264759147009,0.168667455512572,0.00559730363443653,0.4,0.0142857142857143,0.0285714285714286,28,2,2,35,70,2,16,0.0625,0.125,FALSE,0.962990654205607,0.169172932330827,487
"anchor_146","module_edge_jaccard","HOG:0032629","similarity","concordant_minus_discordant",0.537577123225762,0.532126575523007,0.00545054770275522,0.4,0.0142857142857143,0.0285714285714286,28,2,2,35,70,2,16,0.0625,0.125,FALSE,0.962990654205607,0.568266589305167,488
"anchor_225","module_edge_jaccard","HOG:0032904","similarity","concordant_minus_discordant",0.53883019681435,0.533525575468719,0.00530462134563059,0.4,0.0142857142857143,0.0285714285714286,28,2,2,35,70,2,16,0.0625,0.125,FALSE,0.962990654205607,0.49822695035461,489
"anchor_279","neighborhood_jaccard","HOG:0033476","similarity","concordant_minus_discordant",0.198789411191207,0.193878818306184,0.00491059288502291,0.4,0.0142857142857143,0.0285714285714286,28,2,2,35,70,2,16,0.0625,0.125,FALSE,0.962990654205607,0.227600987746354,490
"anchor_113","neighborhood_jaccard","HOG:0024337","similarity","concordant_minus_discordant",0.281194520171175,0.276761512464923,0.00443300770625155,0.4,0.0142857142857143,0.0285714285714286,28,2,2,35,70,2,16,0.0625,0.125,FALSE,0.962990654205607,0.342297015961138,491
"anchor_104","matched_edge_correlation","HOG:0021825","similarity","concordant_minus_discordant",0.133399547210621,0.128972712387117,0.00442683482350348,0.4,0.0142857142857143,0.0285714285714286,28,2,2,35,70,2,16,0.0625,0.125,FALSE,0.962990654205607,0.127426997260951,492
"anchor_80","matched_edge_correlation","HOG:0025232","similarity","concordant_minus_discordant",0.329707924917143,0.325764014466519,0.00394391045062392,0.4,0.0142857142857143,0.0285714285714286,28,2,2,35,70,2,16,0.0625,0.125,FALSE,0.962990654205607,0.293386839771657,493
"anchor_276","neighborhood_jaccard","HOG:0007697","similarity","concordant_minus_discordant",0.199346189923149,0.195635086590232,0.00371110333291705,0.4,0.0142857142857143,0.0285714285714286,28,2,2,35,70,2,16,0.0625,0.125,FALSE,0.962990654205607,0.209373482272948,494
"anchor_85","matched_edge_correlation","HOG:0032061","similarity","concordant_minus_discordant",0.113274098170046,0.109665743505104,0.00360835466494244,0.4,0.0142857142857143,0.0285714285714286,28,2,2,35,70,2,16,0.0625,0.125,FALSE,0.962990654205607,0.130132763416213,495
"anchor_23","neighborhood_jaccard","HOG:0028394","similarity","concordant_minus_discordant",0.567685295637885,0.564398063625138,0.00328723201274672,0.4,0.0142857142857143,0.0285714285714286,28,2,2,35,70,2,16,0.0625,0.125,FALSE,0.962990654205607,0.605507955936353,496
"anchor_173","neighborhood_jaccard","HOG:0011717","similarity","concordant_minus_discordant",0.201072296660169,0.197816437539181,0.00325585912098825,0.4,0.0142857142857143,0.0285714285714286,28,2,2,35,70,2,16,0.0625,0.125,FALSE,0.962990654205607,0.182584485407066,497
"anchor_277","neighborhood_jaccard","HOG:0007857","similarity","concordant_minus_discordant",0.197257580538874,0.194012767678772,0.0032448128601022,0.4,0.0142857142857143,0.0285714285714286,28,2,2,35,70,2,16,0.0625,0.125,FALSE,0.962990654205607,0.215678299658882,498
"anchor_316","neighborhood_jaccard","HOG:0000079","similarity","concordant_minus_discordant",0.182962021789521,0.180034361561414,0.0029276602281065,0.4,0.0142857142857143,0.0285714285714286,28,2,2,35,70,2,16,0.0625,0.125,FALSE,0.962990654205607,0.178620315975589,499
"anchor_175","neighborhood_jaccard","HOG:0003782","similarity","concordant_minus_discordant",0.251092825729006,0.248760962928533,0.00233186280047379,0.4,0.0142857142857143,0.0285714285714286,28,2,2,35,70,2,16,0.0625,0.125,FALSE,0.962990654205607,0.256522175396348,500
"anchor_305","neighborhood_jaccard","HOG:0006008","similarity","concordant_minus_discordant",0.263623130070224,0.261389275856693,0.00223385421353128,0.4,0.0142857142857143,0.0285714285714286,28,2,2,35,70,2,16,0.0625,0.125,FALSE,0.962990654205607,0.290868176538908,501
"anchor_38","neighborhood_jaccard","HOG:0011023","similarity","concordant_minus_discordant",0.531431856619809,0.529387338521835,0.00204451809797335,0.4,0.0142857142857143,0.0285714285714286,28,2,2,35,70,2,16,0.0625,0.125,FALSE,0.962990654205607,0.540015243902439,502
"anchor_08","neighborhood_jaccard","HOG:0006123","similarity","concordant_minus_discordant",0.602319663095544,0.600538594525874,0.00178106856966975,0.4,0.0142857142857143,0.0285714285714286,28,2,2,35,70,2,16,0.0625,0.125,FALSE,0.962990654205607,0.620873759339801,503
"anchor_143","module_edge_jaccard","HOG:0006346","similarity","concordant_minus_discordant",0.747298595875738,0.74567414005958,0.00162445581615878,0.4,0.0142857142857143,0.0285714285714286,28,2,2,35,70,2,16,0.0625,0.125,FALSE,0.962990654205607,0.734069147358961,504
"anchor_40","module_edge_jaccard","HOG:0028012","similarity","concordant_minus_discordant",0.763016757776765,0.761937915796862,0.00107884197990338,0.4,0.0142857142857143,0.0285714285714286,28,2,2,35,70,2,16,0.0625,0.125,FALSE,0.962990654205607,0.734891162931266,505
"anchor_177","neighborhood_jaccard","HOG:0000535","similarity","concordant_minus_discordant",0.2228369462839,0.221910673576214,0.00092627270768586,0.4,0.0142857142857143,0.0285714285714286,28,2,2,35,70,2,16,0.0625,0.125,FALSE,0.962990654205607,0.204469936708861,506
"anchor_242","neighborhood_jaccard","HOG:0017189","similarity","concordant_minus_discordant",0.198386760578331,0.198012933055532,0.000373827522798797,0.4,0.0142857142857143,0.0285714285714286,28,2,2,35,70,2,16,0.0625,0.125,FALSE,0.962990654205607,0.190909090909091,507
"anchor_225","matched_edge_mean_abs_log_threshold_distance","HOG:0032904","distance","discordant_minus_concordant",0.0165592088593144,0.0168447198533897,0.000285510994075384,0.4,0.0142857142857143,0.0285714285714286,28,2,2,35,70,2,16,0.0625,0.125,FALSE,0.962990654205607,0.0175946053422662,508
"anchor_145","matched_edge_mean_abs_log_threshold_distance","HOG:0026774","distance","discordant_minus_concordant",0.0163586649793344,0.0165685822188418,0.000209917239507449,0.4,0.0142857142857143,0.0285714285714286,28,2,2,35,70,2,16,0.0625,0.125,FALSE,0.962990654205607,0.0168420206954283,509
"anchor_253","matched_edge_mean_abs_log_threshold_distance","HOG:0006149","distance","discordant_minus_concordant",0.0185233719653678,0.0186668745298694,0.000143502564501571,0.4,0.0142857142857143,0.0285714285714286,28,2,2,35,70,2,16,0.0625,0.125,FALSE,0.962990654205607,0.0187199702567304,510
"anchor_152","matched_edge_mean_abs_log_threshold_distance","HOG:0028198","distance","discordant_minus_concordant",0.017577244518241,0.0177096757260031,0.000132431207762063,0.4,0.0142857142857143,0.0285714285714286,28,2,2,35,70,2,16,0.0625,0.125,FALSE,0.962990654205607,0.0176095354232675,511
"anchor_229","matched_edge_mean_abs_log_threshold_distance","HOG:0000322","distance","discordant_minus_concordant",0.014227632394648,0.0143514004517478,0.000123768057099861,0.4,0.0142857142857143,0.0285714285714286,28,2,2,35,70,2,16,0.0625,0.125,FALSE,0.962990654205607,0.0145440253118221,512
"anchor_277","matched_edge_mean_abs_log_threshold_distance","HOG:0007857","distance","discordant_minus_concordant",0.0181129603787068,0.0182358659146094,0.000122905535902655,0.4,0.0142857142857143,0.0285714285714286,28,2,2,35,70,2,16,0.0625,0.125,FALSE,0.962990654205607,0.0181044765496406,513
"anchor_174","matched_edge_mean_abs_log_threshold_distance","HOG:0026397","distance","discordant_minus_concordant",0.0162060155923871,0.0163149788640038,0.00010896327161676,0.4,0.0142857142857143,0.0285714285714286,28,2,2,35,70,2,16,0.0625,0.125,FALSE,0.962990654205607,0.0173990436126696,514
"anchor_136","matched_edge_mean_abs_log_threshold_distance","HOG:0012101","distance","discordant_minus_concordant",0.0162936752871276,0.0163843547895945,9.06795024669498e-05,0.4,0.0142857142857143,0.0285714285714286,28,2,2,35,70,2,16,0.0625,0.125,FALSE,0.962990654205607,0.0166042537178414,515
"anchor_149","matched_edge_mean_abs_log_threshold_distance","HOG:0032060","distance","discordant_minus_concordant",0.0180393681487463,0.0181164811590966,7.71130103502729e-05,0.4,0.0142857142857143,0.0285714285714286,28,2,2,35,70,2,16,0.0625,0.125,FALSE,0.962990654205607,0.0182045906099384,516
"anchor_255","matched_edge_mean_abs_log_threshold_distance","HOG:0032961","distance","discordant_minus_concordant",0.0182320046495537,0.0182953026956555,6.32980461018062e-05,0.4,0.0142857142857143,0.0285714285714286,28,2,2,35,70,2,16,0.0625,0.125,FALSE,0.962990654205607,0.0187171368568146,517
"anchor_210","matched_edge_mean_abs_log_threshold_distance","HOG:0012540","distance","discordant_minus_concordant",0.0178819391427796,0.0179438510700631,6.19119272835325e-05,0.4,0.0142857142857143,0.0285714285714286,28,2,2,35,70,2,16,0.0625,0.125,FALSE,0.962990654205607,0.0176569342111508,518
"anchor_100","matched_edge_mean_abs_log_threshold_distance","HOG:0012035","distance","discordant_minus_concordant",0.0181055359631636,0.0181663954898503,6.08595266866248e-05,0.4,0.0142857142857143,0.0285714285714286,28,2,2,35,70,2,16,0.0625,0.125,FALSE,0.962990654205607,0.0180408948982862,519
"anchor_194","matched_edge_mean_abs_log_threshold_distance","HOG:0030883","distance","discordant_minus_concordant",0.0179881725063915,0.0180059567851723,1.77842787808732e-05,0.4,0.0142857142857143,0.0285714285714286,28,2,2,35,70,2,16,0.0625,0.125,FALSE,0.962990654205607,0.0180885764720775,520
"anchor_298","neighborhood_jaccard","HOG:0003541","similarity","concordant_minus_discordant",0.160915995128546,0.162384515221817,-0.0014685200932702,0.4,0.0142857142857143,0.0285714285714286,28,2,2,35,70,2,16,0.0625,0.125,FALSE,0.962990654205607,0.169448010269576,521
"anchor_153","neighborhood_jaccard","HOG:0028065","similarity","concordant_minus_discordant",0.302383896759421,0.3047386522835,-0.00235475552407982,0.4,0.0142857142857143,0.0285714285714286,28,2,2,35,70,2,16,0.0625,0.125,FALSE,0.962990654205607,0.228132387706856,522
"anchor_138","matched_edge_correlation","HOG:0025231","similarity","concordant_minus_discordant",0.284407033418029,0.269981759805452,0.0144252736125775,0.428571428571429,0.0142857142857143,0.0285714285714286,30,2,2,35,70,2,16,0.0625,0.125,FALSE,0.962990654205607,0.289826844264365,523
"anchor_268","matched_edge_correlation","HOG:0004116","similarity","concordant_minus_discordant",0.187854497762316,0.176026395378951,0.0118281023833648,0.428571428571429,0.0142857142857143,0.0285714285714286,30,2,2,35,70,2,16,0.0625,0.125,FALSE,0.962990654205607,0.114832264606061,524
"anchor_238","matched_edge_correlation","HOG:0031127","similarity","concordant_minus_discordant",0.0707670230940344,0.0602042174556047,0.0105628056384297,0.428571428571429,0.0142857142857143,0.0285714285714286,30,2,2,35,70,2,16,0.0625,0.125,FALSE,0.962990654205607,0.0934784950792695,525
"anchor_183","matched_edge_correlation","HOG:0031530","similarity","concordant_minus_discordant",0.359390246900937,0.35133915332916,0.00805109357177658,0.428571428571429,0.0142857142857143,0.0285714285714286,30,2,2,35,70,2,16,0.0625,0.125,FALSE,0.962990654205607,0.333799162728717,526
"anchor_192","module_edge_jaccard","HOG:0010481","similarity","concordant_minus_discordant",0.513302759254745,0.506923253573953,0.00637950568079237,0.428571428571429,0.0142857142857143,0.0285714285714286,30,2,2,35,70,2,16,0.0625,0.125,FALSE,0.962990654205607,0.566304991313968,527
"anchor_227","matched_edge_correlation","HOG:0032920","similarity","concordant_minus_discordant",0.355315968707393,0.34950620775702,0.00580976095037261,0.428571428571429,0.0142857142857143,0.0285714285714286,30,2,2,35,70,2,16,0.0625,0.125,FALSE,0.962990654205607,0.425120391518003,528
"anchor_78","matched_edge_correlation","HOG:0028720","similarity","concordant_minus_discordant",0.333784710589023,0.328084121473845,0.00570058911517834,0.428571428571429,0.0142857142857143,0.0285714285714286,30,2,2,35,70,2,16,0.0625,0.125,FALSE,0.962990654205607,0.285420109649954,529
"anchor_223","matched_edge_correlation","HOG:0013389","similarity","concordant_minus_discordant",0.0254971681046682,0.0201359911027293,0.00536117700193893,0.428571428571429,0.0142857142857143,0.0285714285714286,30,2,2,35,70,2,16,0.0625,0.125,FALSE,0.962990654205607,0.194784099154455,530
"anchor_192","neighborhood_jaccard","HOG:0010481","similarity","concordant_minus_discordant",0.291219370346158,0.286136099498777,0.00508327084738142,0.428571428571429,0.0142857142857143,0.0285714285714286,30,2,2,35,70,2,16,0.0625,0.125,FALSE,0.962990654205607,0.310789263885198,531
"anchor_200","neighborhood_jaccard","HOG:0005639","similarity","concordant_minus_discordant",0.164419723476138,0.16027826357718,0.00414145989895853,0.428571428571429,0.0142857142857143,0.0285714285714286,30,2,2,35,70,2,16,0.0625,0.125,FALSE,0.962990654205607,0.168570009930487,532
"anchor_280","neighborhood_jaccard","HOG:0026707","similarity","concordant_minus_discordant",0.177788887580268,0.173737025494863,0.00405186208540509,0.428571428571429,0.0142857142857143,0.0285714285714286,30,2,2,35,70,2,16,0.0625,0.125,FALSE,0.962990654205607,0.190884187212217,533
"anchor_252","module_edge_jaccard","HOG:0022123","similarity","concordant_minus_discordant",0.603489267712076,0.599878323423397,0.00361094428867947,0.428571428571429,0.0142857142857143,0.0285714285714286,30,2,2,35,70,2,16,0.0625,0.125,FALSE,0.962990654205607,0.585777126099707,534
"anchor_186","neighborhood_jaccard","HOG:0027918","similarity","concordant_minus_discordant",0.264046167034617,0.260521332737928,0.00352483429668882,0.428571428571429,0.0142857142857143,0.0285714285714286,30,2,2,35,70,2,16,0.0625,0.125,FALSE,0.962990654205607,0.309521270924406,535
"anchor_157","neighborhood_jaccard","HOG:0029921","similarity","concordant_minus_discordant",0.240413405509462,0.237232037109547,0.0031813683999144,0.428571428571429,0.0142857142857143,0.0285714285714286,30,2,2,35,70,2,16,0.0625,0.125,FALSE,0.962990654205607,0.208566682486948,536
"anchor_178","module_edge_jaccard","HOG:0010551","similarity","concordant_minus_discordant",0.51095741143789,0.507916443110119,0.00304096832777134,0.428571428571429,0.0142857142857143,0.0285714285714286,30,2,2,35,70,2,16,0.0625,0.125,FALSE,0.962990654205607,0.512773340880844,537
"anchor_167","matched_edge_correlation","HOG:0027529","similarity","concordant_minus_discordant",0.118438201833232,0.115849240807782,0.00258896102545057,0.428571428571429,0.0142857142857143,0.0285714285714286,30,2,2,35,70,2,16,0.0625,0.125,FALSE,0.962990654205607,0.0902234125359203,538
"anchor_245","neighborhood_jaccard","HOG:0026703","similarity","concordant_minus_discordant",0.195417603927174,0.193008353221967,0.00240925070520634,0.428571428571429,0.0142857142857143,0.0285714285714286,30,2,2,35,70,2,16,0.0625,0.125,FALSE,0.962990654205607,0.207657657657658,539
"anchor_151","neighborhood_jaccard","HOG:0028263","similarity","concordant_minus_discordant",0.20788686515685,0.205505895054043,0.00238097010280661,0.428571428571429,0.0142857142857143,0.0285714285714286,30,2,2,35,70,2,16,0.0625,0.125,FALSE,0.962990654205607,0.179897755317899,540
"anchor_171","neighborhood_jaccard","HOG:0008585","similarity","concordant_minus_discordant",0.223808740135626,0.221608856814032,0.00219988332159363,0.428571428571429,0.0142857142857143,0.0285714285714286,30,2,2,35,70,2,16,0.0625,0.125,FALSE,0.962990654205607,0.198225526867987,541
"anchor_58","module_edge_jaccard","HOG:0032593","similarity","concordant_minus_discordant",0.710186064527602,0.708178486583029,0.00200757794457296,0.428571428571429,0.0142857142857143,0.0285714285714286,30,2,2,35,70,2,16,0.0625,0.125,FALSE,0.962990654205607,0.711015614716736,542
"anchor_78","module_edge_jaccard","HOG:0028720","similarity","concordant_minus_discordant",0.720807268239515,0.719042119825629,0.0017651484138862,0.428571428571429,0.0142857142857143,0.0285714285714286,30,2,2,35,70,2,16,0.0625,0.125,FALSE,0.962990654205607,0.708768607705779,543
"anchor_35","matched_edge_correlation","HOG:0012402","similarity","concordant_minus_discordant",0.307523762652189,0.306195395708342,0.0013283669438468,0.428571428571429,0.0142857142857143,0.0285714285714286,30,2,2,35,70,2,16,0.0625,0.125,FALSE,0.962990654205607,0.29421937489375,544
"anchor_04","neighborhood_jaccard","HOG:0019394","similarity","concordant_minus_discordant",0.611515589013362,0.610197159298459,0.00131842971490337,0.428571428571429,0.0142857142857143,0.0285714285714286,30,2,2,35,70,2,16,0.0625,0.125,FALSE,0.962990654205607,0.603691654879774,545
"anchor_323","matched_edge_mean_abs_log_threshold_distance","HOG:0026451","distance","discordant_minus_concordant",0.0193625187995827,0.0204293736516077,0.00106685485202498,0.428571428571429,0.0142857142857143,0.0285714285714286,30,2,2,35,70,2,16,0.0625,0.125,FALSE,0.962990654205607,0.0215798124984236,546
"anchor_19","module_edge_jaccard","HOG:0019927","similarity","concordant_minus_discordant",0.784806946605074,0.784367638110533,0.000439308494540991,0.428571428571429,0.0142857142857143,0.0285714285714286,30,2,2,35,70,2,16,0.0625,0.125,FALSE,0.962990654205607,0.781321160600269,547
"anchor_232","neighborhood_jaccard","HOG:0019459","similarity","concordant_minus_discordant",0.304997862771386,0.304568632525483,0.0004292302459038,0.428571428571429,0.0142857142857143,0.0285714285714286,30,2,2,35,70,2,16,0.0625,0.125,FALSE,0.962990654205607,0.358733722496632,548
"anchor_60","neighborhood_jaccard","HOG:0000465","similarity","concordant_minus_discordant",0.51113808270981,0.510809941419179,0.000328141290630746,0.428571428571429,0.0142857142857143,0.0285714285714286,30,2,2,35,70,2,16,0.0625,0.125,FALSE,0.962990654205607,0.530134428678118,549
"anchor_264","matched_edge_mean_abs_log_threshold_distance","HOG:0003561","distance","discordant_minus_concordant",0.0161770324348815,0.0164575953730248,0.000280562938143228,0.428571428571429,0.0142857142857143,0.0285714285714286,30,2,2,35,70,2,16,0.0625,0.125,FALSE,0.962990654205607,0.0174840911468663,550
"anchor_334","matched_edge_mean_abs_log_threshold_distance","HOG:0023048","distance","discordant_minus_concordant",0.0153101612451797,0.0155499276919355,0.000239766446755748,0.428571428571429,0.0142857142857143,0.0285714285714286,30,2,2,35,70,2,16,0.0625,0.125,FALSE,0.962990654205607,0.0179145881125027,551
"anchor_140","matched_edge_mean_abs_log_threshold_distance","HOG:0032765","distance","discordant_minus_concordant",0.016197772177505,0.0163746705101969,0.000176898332691806,0.428571428571429,0.0142857142857143,0.0285714285714286,30,2,2,35,70,2,16,0.0625,0.125,FALSE,0.962990654205607,0.0167880711693029,552
"anchor_215","matched_edge_mean_abs_log_threshold_distance","HOG:0012403","distance","discordant_minus_concordant",0.0159989483733246,0.0160996920180477,0.000100743644723077,0.428571428571429,0.0142857142857143,0.0285714285714286,30,2,2,35,70,2,16,0.0625,0.125,FALSE,0.962990654205607,0.0166455692960651,553
"anchor_89","matched_edge_mean_abs_log_threshold_distance","HOG:0028008","distance","discordant_minus_concordant",0.0143411084700107,0.0144170936476291,7.59851776183998e-05,0.428571428571429,0.0142857142857143,0.0285714285714286,30,2,2,35,70,2,16,0.0625,0.125,FALSE,0.962990654205607,0.0147211572162916,554
"anchor_153","matched_edge_mean_abs_log_threshold_distance","HOG:0028065","distance","discordant_minus_concordant",0.0153061052779437,0.0153759202056869,6.98149277432048e-05,0.428571428571429,0.0142857142857143,0.0285714285714286,30,2,2,35,70,2,16,0.0625,0.125,FALSE,0.962990654205607,0.0158457102525104,555
"anchor_217","matched_edge_mean_abs_log_threshold_distance","HOG:0025124","distance","discordant_minus_concordant",0.0177637566150652,0.0178196352152725,5.58786002072577e-05,0.428571428571429,0.0142857142857143,0.0285714285714286,30,2,2,35,70,2,16,0.0625,0.125,FALSE,0.962990654205607,0.0168357749141305,556
"anchor_196","matched_edge_mean_abs_log_threshold_distance","HOG:0006523","distance","discordant_minus_concordant",0.0180165626090061,0.0180586931244434,4.21305154372498e-05,0.428571428571429,0.0142857142857143,0.0285714285714286,30,2,2,35,70,2,16,0.0625,0.125,FALSE,0.962990654205607,0.0182113311658989,557
"anchor_23","matched_edge_mean_abs_log_threshold_distance","HOG:0028394","distance","discordant_minus_concordant",0.014714181632105,0.0147528470887188,3.86654566137956e-05,0.428571428571429,0.0142857142857143,0.0285714285714286,30,2,2,35,70,2,16,0.0625,0.125,FALSE,0.962990654205607,0.0154564905538712,558
"anchor_248","matched_edge_mean_abs_log_threshold_distance","HOG:0028647","distance","discordant_minus_concordant",0.0188003714956284,0.0187890064644438,-1.13650311846444e-05,0.428571428571429,0.0142857142857143,0.0285714285714286,30,2,2,35,70,2,16,0.0625,0.125,FALSE,0.962990654205607,0.0181353679437405,559
"anchor_16","matched_edge_mean_abs_log_threshold_distance","HOG:0007637","distance","discordant_minus_concordant",0.0148108256482697,0.0147987283884795,-1.20972597902301e-05,0.428571428571429,0.0142857142857143,0.0285714285714286,30,2,2,35,70,2,16,0.0625,0.125,FALSE,0.962990654205607,0.0155959396282908,560
"anchor_37","matched_edge_mean_abs_log_threshold_distance","HOG:0007638","distance","discordant_minus_concordant",0.0148822992827024,0.0148402372824132,-4.20620002891843e-05,0.428571428571429,0.0142857142857143,0.0285714285714286,30,2,2,35,70,2,16,0.0625,0.125,FALSE,0.962990654205607,0.0151323669761506,561
"anchor_310","matched_edge_mean_abs_log_threshold_distance","HOG:0007835","distance","discordant_minus_concordant",0.0160023687276882,0.0159012360617043,-0.000101132665983886,0.428571428571429,0.0142857142857143,0.0285714285714286,30,2,2,35,70,2,16,0.0625,0.125,FALSE,0.962990654205607,0.0167449053177598,562
"anchor_256","module_edge_jaccard","HOG:0006332","similarity","concordant_minus_discordant",0.560769373629549,0.560885635181004,-0.000116261551455721,0.428571428571429,0.0142857142857143,0.0285714285714286,30,2,2,35,70,2,16,0.0625,0.125,FALSE,0.962990654205607,0.578513231032353,563
"anchor_264","module_edge_jaccard","HOG:0003561","similarity","concordant_minus_discordant",0.586007177760328,0.576738421646299,0.00926875611402911,0.457142857142857,0.0142857142857143,0.0285714285714286,32,2,2,35,70,2,16,0.0625,0.125,FALSE,0.962990654205607,0.508852802514405,564
"anchor_263","matched_edge_correlation","HOG:0024905","similarity","concordant_minus_discordant",0.266537598193996,0.260152942410849,0.0063846557831469,0.457142857142857,0.0142857142857143,0.0285714285714286,32,2,2,35,70,2,16,0.0625,0.125,FALSE,0.962990654205607,0.226678325003609,565
"anchor_157","matched_edge_correlation","HOG:0029921","similarity","concordant_minus_discordant",0.148359888307492,0.142179781000566,0.0061801073069262,0.457142857142857,0.0142857142857143,0.0285714285714286,32,2,2,35,70,2,16,0.0625,0.125,FALSE,0.962990654205607,0.143419479080503,566
"anchor_141","matched_edge_correlation","HOG:0026234","similarity","concordant_minus_discordant",0.342680884949641,0.337389632322567,0.00529125262707364,0.457142857142857,0.0142857142857143,0.0285714285714286,32,2,2,35,70,2,16,0.0625,0.125,FALSE,0.962990654205607,0.370218988559514,567
"anchor_228","matched_edge_correlation","HOG:0006131","similarity","concordant_minus_discordant",0.164736674684686,0.160245970822439,0.00449070386224737,0.457142857142857,0.0142857142857143,0.0285714285714286,32,2,2,35,70,2,16,0.0625,0.125,FALSE,0.962990654205607,0.0889815322590927,568
"anchor_125","matched_edge_correlation","HOG:0018534","similarity","concordant_minus_discordant",0.22334386854123,0.220228366808307,0.0031155017329231,0.457142857142857,0.0142857142857143,0.0285714285714286,32,2,2,35,70,2,16,0.0625,0.125,FALSE,0.962990654205607,0.231646973742269,569
"anchor_33","module_edge_jaccard","HOG:0016909","similarity","concordant_minus_discordant",0.794878657865373,0.792218712468108,0.00265994539726555,0.457142857142857,0.0142857142857143,0.0285714285714286,32,2,2,35,70,2,16,0.0625,0.125,FALSE,0.962990654205607,0.774985023819645,570
"anchor_90","module_edge_jaccard","HOG:0032320","similarity","concordant_minus_discordant",0.764799905121357,0.76269641667685,0.00210348844450636,0.457142857142857,0.0142857142857143,0.0285714285714286,32,2,2,35,70,2,16,0.0625,0.125,FALSE,0.962990654205607,0.76075513619206,571
"anchor_313","neighborhood_jaccard","HOG:0007849","similarity","concordant_minus_discordant",0.181693530158819,0.18065712681492,0.00103640334389937,0.457142857142857,0.0142857142857143,0.0285714285714286,32,2,2,35,70,2,16,0.0625,0.125,FALSE,0.962990654205607,0.17024840239126,572
"anchor_87","neighborhood_jaccard","HOG:0005589","similarity","concordant_minus_discordant",0.496373585956969,0.495369535787017,0.00100405016995164,0.457142857142857,0.0142857142857143,0.0285714285714286,32,2,2,35,70,2,16,0.0625,0.125,FALSE,0.962990654205607,0.545520833333333,573
"anchor_83","neighborhood_jaccard","HOG:0023230","similarity","concordant_minus_discordant",0.43783341764274,0.436874840671966,0.000958576970774117,0.457142857142857,0.0142857142857143,0.0285714285714286,32,2,2,35,70,2,16,0.0625,0.125,FALSE,0.962990654205607,0.415802116696839,574
"anchor_293","neighborhood_jaccard","HOG:0027601","similarity","concordant_minus_discordant",0.156260987633183,0.155314852437262,0.000946135195920877,0.457142857142857,0.0142857142857143,0.0285714285714286,32,2,2,35,70,2,16,0.0625,0.125,FALSE,0.962990654205607,0.194727891156463,575
"anchor_217","module_edge_jaccard","HOG:0025124","similarity","concordant_minus_discordant",0.506681161711249,0.505765072237321,0.000916089473927184,0.457142857142857,0.0142857142857143,0.0285714285714286,32,2,2,35,70,2,16,0.0625,0.125,FALSE,0.962990654205607,0.517262963285373,576
"anchor_33","neighborhood_jaccard","HOG:0016909","similarity","concordant_minus_discordant",0.555182837261397,0.554695275637923,0.000487561623474186,0.457142857142857,0.0142857142857143,0.0285714285714286,32,2,2,35,70,2,16,0.0625,0.125,FALSE,0.962990654205607,0.580170807453416,577
"anchor_336","matched_edge_mean_abs_log_threshold_distance","HOG:0032436","distance","discordant_minus_concordant",0.0165114349841909,0.0167020998646148,0.000190664880423946,0.457142857142857,0.0142857142857143,0.0285714285714286,32,2,2,35,70,2,16,0.0625,0.125,FALSE,0.962990654205607,0.019006496228344,578
"anchor_237","matched_edge_mean_abs_log_threshold_distance","HOG:0026838","distance","discordant_minus_concordant",0.0157510091285517,0.0159288828635566,0.000177873735004962,0.457142857142857,0.0142857142857143,0.0285714285714286,32,2,2,35,70,2,16,0.0625,0.125,FALSE,0.962990654205607,0.0173289483225523,579
"anchor_216","matched_edge_mean_abs_log_threshold_distance","HOG:0016625","distance","discordant_minus_concordant",0.0180597138779493,0.0182052249970511,0.000145511119101847,0.457142857142857,0.0142857142857143,0.0285714285714286,32,2,2,35,70,2,16,0.0625,0.125,FALSE,0.962990654205607,0.0180042095261949,580
"anchor_161","matched_edge_mean_abs_log_threshold_distance","HOG:0025959","distance","discordant_minus_concordant",0.0164762061481165,0.0165511587402049,7.49525920883884e-05,0.457142857142857,0.0142857142857143,0.0285714285714286,32,2,2,35,70,2,16,0.0625,0.125,FALSE,0.962990654205607,0.0161662542720974,581
"anchor_134","matched_edge_mean_abs_log_threshold_distance","HOG:0030881","distance","discordant_minus_concordant",0.0180323361903061,0.0180653994904451,3.30633001389517e-05,0.457142857142857,0.0142857142857143,0.0285714285714286,32,2,2,35,70,2,16,0.0625,0.125,FALSE,0.962990654205607,0.0182655102905717,582
"anchor_170","matched_edge_mean_abs_log_threshold_distance","HOG:0025923","distance","discordant_minus_concordant",0.0166437520761957,0.0166711645522061,2.74124760103675e-05,0.457142857142857,0.0142857142857143,0.0285714285714286,32,2,2,35,70,2,16,0.0625,0.125,FALSE,0.962990654205607,0.0176150049366492,583
"anchor_67","module_edge_jaccard","HOG:0031129","similarity","concordant_minus_discordant",0.78400110377897,0.78401226366546,-1.11598864891427e-05,0.457142857142857,0.0142857142857143,0.0285714285714286,32,2,2,35,70,2,16,0.0625,0.125,FALSE,0.962990654205607,0.760728845520535,584
"anchor_03","matched_edge_mean_abs_log_threshold_distance","HOG:0011532","distance","discordant_minus_concordant",0.014786601628174,0.0147629315783011,-2.3670049872887e-05,0.457142857142857,0.0142857142857143,0.0285714285714286,32,2,2,35,70,2,16,0.0625,0.125,FALSE,0.962990654205607,0.0154283577882216,585
"anchor_04","matched_edge_mean_abs_log_threshold_distance","HOG:0019394","distance","discordant_minus_concordant",0.0148582929299506,0.0148280275917827,-3.02653381679379e-05,0.457142857142857,0.0142857142857143,0.0285714285714286,32,2,2,35,70,2,16,0.0625,0.125,FALSE,0.962990654205607,0.0150738213783831,586
"anchor_29","matched_edge_mean_abs_log_threshold_distance","HOG:0010571","distance","discordant_minus_concordant",0.0147065541781265,0.014659820104619,-4.67340735075383e-05,0.457142857142857,0.0142857142857143,0.0285714285714286,32,2,2,35,70,2,16,0.0625,0.125,FALSE,0.962990654205607,0.0151681887593217,587
"anchor_06","matched_edge_mean_abs_log_threshold_distance","HOG:0028766","distance","discordant_minus_concordant",0.0148357266170981,0.0147871395531315,-4.85870639665882e-05,0.457142857142857,0.0142857142857143,0.0285714285714286,32,2,2,35,70,2,16,0.0625,0.125,FALSE,0.962990654205607,0.0152771091156758,588
"anchor_01","matched_edge_mean_abs_log_threshold_distance","HOG:0020610","distance","discordant_minus_concordant",0.014911336356026,0.0148620237699781,-4.93125860478328e-05,0.457142857142857,0.0142857142857143,0.0285714285714286,32,2,2,35,70,2,16,0.0625,0.125,FALSE,0.962990654205607,0.0154421691534035,589
"anchor_187","neighborhood_jaccard","HOG:0010929","similarity","concordant_minus_discordant",0.224263205031129,0.224444335531141,-0.000181130500011756,0.457142857142857,0.0142857142857143,0.0285714285714286,32,2,2,35,70,2,16,0.0625,0.125,FALSE,0.962990654205607,0.210084033613445,590
"anchor_236","neighborhood_jaccard","HOG:0003795","similarity","concordant_minus_discordant",0.17974300423546,0.180928960730095,-0.00118595649463488,0.457142857142857,0.0142857142857143,0.0285714285714286,32,2,2,35,70,2,16,0.0625,0.125,FALSE,0.962990654205607,0.201997780244173,591
"anchor_250","neighborhood_jaccard","HOG:0006334","similarity","concordant_minus_discordant",0.189919851840889,0.192827472567948,-0.00290762072705861,0.457142857142857,0.0142857142857143,0.0285714285714286,32,2,2,35,70,2,16,0.0625,0.125,FALSE,0.962990654205607,0.172282608695652,592
"anchor_326","module_edge_jaccard","HOG:0031982","similarity","concordant_minus_discordant",0.485215697520728,0.46917921950451,0.0160364780162188,0.485714285714286,0.0142857142857143,0.0285714285714286,34,2,2,35,70,2,16,0.0625,0.125,FALSE,0.962990654205607,0.493978102189781,593
"anchor_285","matched_edge_correlation","HOG:0025342","similarity","concordant_minus_discordant",0.109600626057466,0.0946305728833535,0.0149700531741126,0.485714285714286,0.0142857142857143,0.0285714285714286,34,2,2,35,70,2,16,0.0625,0.125,FALSE,0.962990654205607,0.18636203694824,594
"anchor_232","matched_edge_correlation","HOG:0019459","similarity","concordant_minus_discordant",0.333218445040837,0.321776957299517,0.0114414877413199,0.485714285714286,0.0142857142857143,0.0285714285714286,34,2,2,35,70,2,16,0.0625,0.125,FALSE,0.962990654205607,0.257613947726783,595
"anchor_152","matched_edge_correlation","HOG:0028198","similarity","concordant_minus_discordant",0.119536232512913,0.112145321394377,0.00739091111853615,0.485714285714286,0.0142857142857143,0.0285714285714286,34,2,2,35,70,2,16,0.0625,0.125,FALSE,0.962990654205607,0.106337084609935,596
"anchor_290","module_edge_jaccard","HOG:0031056","similarity","concordant_minus_discordant",0.7042770549976,0.697270388151764,0.00700666684583628,0.485714285714286,0.0142857142857143,0.0285714285714286,34,2,2,35,70,2,16,0.0625,0.125,FALSE,0.962990654205607,0.727131782945736,597
"anchor_119","matched_edge_correlation","HOG:0006139","similarity","concordant_minus_discordant",0.338885429616559,0.332703196684513,0.0061822329320459,0.485714285714286,0.0142857142857143,0.0285714285714286,34,2,2,35,70,2,16,0.0625,0.125,FALSE,0.962990654205607,0.331951833236314,598
"anchor_217","neighborhood_jaccard","HOG:0025124","similarity","concordant_minus_discordant",0.250743295042526,0.247153993153408,0.00358930188911741,0.485714285714286,0.0142857142857143,0.0285714285714286,34,2,2,35,70,2,16,0.0625,0.125,FALSE,0.962990654205607,0.270737767584098,599
"anchor_194","matched_edge_correlation","HOG:0030883","similarity","concordant_minus_discordant",0.131427991752844,0.128684235432372,0.00274375632047133,0.485714285714286,0.0142857142857143,0.0285714285714286,34,2,2,35,70,2,16,0.0625,0.125,FALSE,0.962990654205607,0.127974206548883,600
"anchor_35","neighborhood_jaccard","HOG:0012402","similarity","concordant_minus_discordant",0.571473320967022,0.569347102447515,0.00212621851950756,0.485714285714286,0.0142857142857143,0.0285714285714286,34,2,2,35,70,2,16,0.0625,0.125,FALSE,0.962990654205607,0.598482699943279,601
"anchor_132","matched_edge_correlation","HOG:0030886","similarity","concordant_minus_discordant",0.121325724070629,0.119568017439036,0.00175770663159287,0.485714285714286,0.0142857142857143,0.0285714285714286,34,2,2,35,70,2,16,0.0625,0.125,FALSE,0.962990654205607,0.146915543873713,602
"anchor_40","neighborhood_jaccard","HOG:0028012","similarity","concordant_minus_discordant",0.568810671787296,0.56772417240968,0.00108649937761629,0.485714285714286,0.0142857142857143,0.0285714285714286,34,2,2,35,70,2,16,0.0625,0.125,FALSE,0.962990654205607,0.617609797297297,603
"anchor_223","neighborhood_jaccard","HOG:0013389","similarity","concordant_minus_discordant",0.207394169285099,0.206603888305093,0.000790280980006275,0.485714285714286,0.0142857142857143,0.0285714285714286,34,2,2,35,70,2,16,0.0625,0.125,FALSE,0.962990654205607,0.208882611424984,604
"anchor_72","module_edge_jaccard","HOG:0029544","similarity","concordant_minus_discordant",0.778486770539124,0.777802012568661,0.000684757970462635,0.485714285714286,0.0142857142857143,0.0285714285714286,34,2,2,35,70,2,16,0.0625,0.125,FALSE,0.962990654205607,0.786917002933847,605
"anchor_148","module_edge_jaccard","HOG:0020549","similarity","concordant_minus_discordant",0.801704378389809,0.801379996768866,0.000324381620942393,0.485714285714286,0.0142857142857143,0.0285714285714286,34,2,2,35,70,2,16,0.0625,0.125,FALSE,0.962990654205607,0.800112644972931,606
"anchor_27","module_edge_jaccard","HOG:0004192","similarity","concordant_minus_discordant",0.737641075529396,0.737414714704757,0.000226360824639005,0.485714285714286,0.0142857142857143,0.0285714285714286,34,2,2,35,70,2,16,0.0625,0.125,FALSE,0.962990654205607,0.72725788193601,607
"anchor_262","matched_edge_mean_abs_log_threshold_distance","HOG:0023896","distance","discordant_minus_concordant",0.0172774977822044,0.0174365169673795,0.00015901918517516,0.485714285714286,0.0142857142857143,0.0285714285714286,34,2,2,35,70,2,16,0.0625,0.125,FALSE,0.962990654205607,0.0172242666316132,608
"anchor_142","matched_edge_mean_abs_log_threshold_distance","HOG:0029540","distance","discordant_minus_concordant",0.0168626813092296,0.0168798970224888,1.72157132591923e-05,0.485714285714286,0.0142857142857143,0.0285714285714286,34,2,2,35,70,2,16,0.0625,0.125,FALSE,0.962990654205607,0.0170772403879167,609
"anchor_247","neighborhood_jaccard","HOG:0013148","similarity","concordant_minus_discordant",0.163203964093633,0.163207950840072,-3.98674643919961e-06,0.485714285714286,0.0142857142857143,0.0285714285714286,34,2,2,35,70,2,16,0.0625,0.125,FALSE,0.962990654205607,0.113272921108742,610
"anchor_10","matched_edge_mean_abs_log_threshold_distance","HOG:0023085","distance","discordant_minus_concordant",0.0148332001226029,0.0148025045040481,-3.06956185547932e-05,0.485714285714286,0.0142857142857143,0.0285714285714286,34,2,2,35,70,2,16,0.0625,0.125,FALSE,0.962990654205607,0.0153407108497752,611
"anchor_24","matched_edge_mean_abs_log_threshold_distance","HOG:0031321","distance","discordant_minus_concordant",0.0146611503019188,0.0146198871631068,-4.12631388119686e-05,0.485714285714286,0.0142857142857143,0.0285714285714286,34,2,2,35,70,2,16,0.0625,0.125,FALSE,0.962990654205607,0.0152129748932071,612
"anchor_212","matched_edge_mean_abs_log_threshold_distance","HOG:0018037","distance","discordant_minus_concordant",0.0153770392996731,0.0153223703227576,-5.46689769154937e-05,0.485714285714286,0.0142857142857143,0.0285714285714286,34,2,2,35,70,2,16,0.0625,0.125,FALSE,0.962990654205607,0.0159860874929895,613
"anchor_126","matched_edge_mean_abs_log_threshold_distance","HOG:0000096","distance","discordant_minus_concordant",0.0157005625382732,0.0156234282284717,-7.71343098015017e-05,0.485714285714286,0.0142857142857143,0.0285714285714286,34,2,2,35,70,2,16,0.0625,0.125,FALSE,0.962990654205607,0.016867582398643,614
"anchor_42","matched_edge_mean_abs_log_threshold_distance","HOG:0032893","distance","discordant_minus_concordant",0.0147771630296467,0.0146950740226005,-8.208900704622e-05,0.485714285714286,0.0142857142857143,0.0285714285714286,34,2,2,35,70,2,16,0.0625,0.125,FALSE,0.962990654205607,0.0149903160003819,615
"anchor_15","matched_edge_mean_abs_log_threshold_distance","HOG:0022830","distance","discordant_minus_concordant",0.0147291572060566,0.0146358523772196,-9.33048288369563e-05,0.485714285714286,0.0142857142857143,0.0285714285714286,34,2,2,35,70,2,16,0.0625,0.125,FALSE,0.962990654205607,0.0150185346462942,616
"anchor_55","module_edge_jaccard","HOG:0021036","similarity","concordant_minus_discordant",0.785909843683234,0.78601561539484,-0.000105771711606861,0.485714285714286,0.0142857142857143,0.0285714285714286,34,2,2,35,70,2,16,0.0625,0.125,FALSE,0.962990654205607,0.792842208425673,617
"anchor_09","matched_edge_mean_abs_log_threshold_distance","HOG:0029484","distance","discordant_minus_concordant",0.0148274638078639,0.0146955025186585,-0.00013196128920537,0.485714285714286,0.0142857142857143,0.0285714285714286,34,2,2,35,70,2,16,0.0625,0.125,FALSE,0.962990654205607,0.0150656974887788,618
"anchor_159","module_edge_jaccard","HOG:0028145","similarity","concordant_minus_discordant",0.538039810555421,0.538279811604874,-0.000240001049453098,0.485714285714286,0.0142857142857143,0.0285714285714286,34,2,2,35,70,2,16,0.0625,0.125,FALSE,0.962990654205607,0.546224720040114,619
"anchor_54","neighborhood_jaccard","HOG:0022739","similarity","concordant_minus_discordant",0.522484331093572,0.522931574177081,-0.000447243083509075,0.485714285714286,0.0142857142857143,0.0285714285714286,34,2,2,35,70,2,16,0.0625,0.125,FALSE,0.962990654205607,0.531409529211571,620
"anchor_28","neighborhood_jaccard","HOG:0023914","similarity","concordant_minus_discordant",0.58824186274834,0.588711366296507,-0.000469503548166217,0.485714285714286,0.0142857142857143,0.0285714285714286,34,2,2,35,70,2,16,0.0625,0.125,FALSE,0.962990654205607,0.606968085106383,621
"anchor_268","neighborhood_jaccard","HOG:0004116","similarity","concordant_minus_discordant",0.158762570767034,0.161243437664217,-0.00248086689718305,0.485714285714286,0.0142857142857143,0.0285714285714286,34,2,2,35,70,2,16,0.0625,0.125,FALSE,0.962990654205607,0.173645833333333,622
"anchor_282","module_edge_jaccard","HOG:0008732","similarity","concordant_minus_discordant",0.6677720203391,0.672134808784625,-0.00436278844552518,0.485714285714286,0.0142857142857143,0.0285714285714286,34,2,2,35,70,2,16,0.0625,0.125,FALSE,0.962990654205607,0.648809523809524,623
"anchor_197","neighborhood_jaccard","HOG:0006052","similarity","concordant_minus_discordant",0.289255368508315,0.29461465996329,-0.00535929145497532,0.485714285714286,0.0142857142857143,0.0285714285714286,34,2,2,35,70,2,16,0.0625,0.125,FALSE,0.962990654205607,0.373922982240197,624
"anchor_310","matched_edge_correlation","HOG:0007835","similarity","concordant_minus_discordant",0.227229482387321,0.221890328125726,0.00533915426159495,0.514285714285714,0.0142857142857143,0.0285714285714286,36,2,2,35,70,2,16,0.0625,0.125,FALSE,0.962990654205607,0.216712299492927,625
"anchor_322","module_edge_jaccard","HOG:0003621","similarity","concordant_minus_discordant",0.482224904339443,0.479113192606254,0.00311171173318886,0.514285714285714,0.0142857142857143,0.0285714285714286,36,2,2,35,70,2,16,0.0625,0.125,FALSE,0.962990654205607,0.599899164505906,626
"anchor_214","module_edge_jaccard","HOG:0017319","similarity","concordant_minus_discordant",0.727120328104099,0.724633427018136,0.00248690108596317,0.514285714285714,0.0142857142857143,0.0285714285714286,36,2,2,35,70,2,16,0.0625,0.125,FALSE,0.962990654205607,0.760660884168742,627
"anchor_212","matched_edge_correlation","HOG:0018037","similarity","concordant_minus_discordant",0.304022172079379,0.301615713784652,0.00240645829472652,0.514285714285714,0.0142857142857143,0.0285714285714286,36,2,2,35,70,2,16,0.0625,0.125,FALSE,0.962990654205607,0.352352770578912,628
"anchor_106","module_edge_jaccard","HOG:0012511","similarity","concordant_minus_discordant",0.504093262252047,0.502447579495739,0.00164568275630839,0.514285714285714,0.0142857142857143,0.0285714285714286,36,2,2,35,70,2,16,0.0625,0.125,FALSE,0.962990654205607,0.507887822990152,629
"anchor_101","matched_edge_correlation","HOG:0007833","similarity","concordant_minus_discordant",0.208982250010844,0.207604076415798,0.00137817359504644,0.514285714285714,0.0142857142857143,0.0285714285714286,36,2,2,35,70,2,16,0.0625,0.125,FALSE,0.962990654205607,0.201557970801961,630
"anchor_39","neighborhood_jaccard","HOG:0007936","similarity","concordant_minus_discordant",0.52177273419043,0.520890090036987,0.000882644153442635,0.514285714285714,0.0142857142857143,0.0285714285714286,36,2,2,35,70,2,16,0.0625,0.125,FALSE,0.962990654205607,0.555355954757152,631
"anchor_53","neighborhood_jaccard","HOG:0016795","similarity","concordant_minus_discordant",0.553947064740922,0.553249545236744,0.000697519504178068,0.514285714285714,0.0142857142857143,0.0285714285714286,36,2,2,35,70,2,16,0.0625,0.125,FALSE,0.962990654205607,0.615144230769231,632
"anchor_174","module_edge_jaccard","HOG:0026397","similarity","concordant_minus_discordant",0.653175823509716,0.652559737923837,0.000616085585878445,0.514285714285714,0.0142857142857143,0.0285714285714286,36,2,2,35,70,2,16,0.0625,0.125,FALSE,0.962990654205607,0.643459022701039,633
"anchor_160","matched_edge_correlation","HOG:0024444","similarity","concordant_minus_discordant",0.365509012761205,0.364934077005411,0.000574935755793482,0.514285714285714,0.0142857142857143,0.0285714285714286,36,2,2,35,70,2,16,0.0625,0.125,FALSE,0.962990654205607,0.381970946431318,634
"anchor_174","matched_edge_correlation","HOG:0026397","similarity","concordant_minus_discordant",0.218106628511899,0.217611884666109,0.000494743845790624,0.514285714285714,0.0142857142857143,0.0285714285714286,36,2,2,35,70,2,16,0.0625,0.125,FALSE,0.962990654205607,0.22721143684902,635
"anchor_34","module_edge_jaccard","HOG:0000226","similarity","concordant_minus_discordant",0.76645382755158,0.766006871421688,0.000446956129892095,0.514285714285714,0.0142857142857143,0.0285714285714286,36,2,2,35,70,2,16,0.0625,0.125,FALSE,0.962990654205607,0.7643179713924,636
"anchor_293","module_edge_jaccard","HOG:0027601","similarity","concordant_minus_discordant",0.46004915097156,0.459689275388652,0.000359875582908786,0.514285714285714,0.0142857142857143,0.0285714285714286,36,2,2,35,70,2,16,0.0625,0.125,FALSE,0.962990654205607,0.415184678522572,637
"anchor_226","module_edge_jaccard","HOG:0025149","similarity","concordant_minus_discordant",0.527871483512073,0.527703280763911,0.000168202748161428,0.514285714285714,0.0142857142857143,0.0285714285714286,36,2,2,35,70,2,16,0.0625,0.125,FALSE,0.962990654205607,0.537441643323996,638
"anchor_123","module_edge_jaccard","HOG:0005690","similarity","concordant_minus_discordant",0.580023747887709,0.579858846878938,0.00016490100877109,0.514285714285714,0.0142857142857143,0.0285714285714286,36,2,2,35,70,2,16,0.0625,0.125,FALSE,0.962990654205607,0.588932009167303,639
"anchor_286","neighborhood_jaccard","HOG:0028717","similarity","concordant_minus_discordant",0.315750527170122,0.315594974196978,0.000155552973144235,0.514285714285714,0.0142857142857143,0.0285714285714286,36,2,2,35,70,2,16,0.0625,0.125,FALSE,0.962990654205607,0.353002070393375,640
"anchor_198","matched_edge_mean_abs_log_threshold_distance","HOG:0005877","distance","discordant_minus_concordant",0.0184005232273667,0.0184477735010738,4.72502737071355e-05,0.514285714285714,0.0142857142857143,0.0285714285714286,36,2,2,35,70,2,16,0.0625,0.125,FALSE,0.962990654205607,0.0191089625202178,641
"anchor_233","module_edge_jaccard","HOG:0016200","similarity","concordant_minus_discordant",0.526100822137086,0.526063982711612,3.68394254735005e-05,0.514285714285714,0.0142857142857143,0.0285714285714286,36,2,2,35,70,2,16,0.0625,0.125,FALSE,0.962990654205607,0.550022316230692,642
"anchor_235","matched_edge_mean_abs_log_threshold_distance","HOG:0017160","distance","discordant_minus_concordant",0.0185127606741521,0.0185352425804216,2.24819062694566e-05,0.514285714285714,0.0142857142857143,0.0285714285714286,36,2,2,35,70,2,16,0.0625,0.125,FALSE,0.962990654205607,0.0187346279261063,643
"anchor_183","matched_edge_mean_abs_log_threshold_distance","HOG:0031530","distance","discordant_minus_concordant",0.0140694460925958,0.0140912860417652,2.18399491693465e-05,0.514285714285714,0.0142857142857143,0.0285714285714286,36,2,2,35,70,2,16,0.0625,0.125,FALSE,0.962990654205607,0.0141496659393974,644
"anchor_230","matched_edge_mean_abs_log_threshold_distance","HOG:0012102","distance","discordant_minus_concordant",0.0182105276981802,0.0182219496043079,1.14219061276878e-05,0.514285714285714,0.0142857142857143,0.0285714285714286,36,2,2,35,70,2,16,0.0625,0.125,FALSE,0.962990654205607,0.0187851807573942,645
"anchor_307","matched_edge_mean_abs_log_threshold_distance","HOG:0010703","distance","discordant_minus_concordant",0.0218446426286819,0.0218006456566842,-4.39969719976605e-05,0.514285714285714,0.0142857142857143,0.0285714285714286,36,2,2,35,70,2,16,0.0625,0.125,FALSE,0.962990654205607,0.018755690059661,646
"anchor_88","matched_edge_mean_abs_log_threshold_distance","HOG:0025219","distance","discordant_minus_concordant",0.0143625991252303,0.0143179512526487,-4.46478725816407e-05,0.514285714285714,0.0142857142857143,0.0285714285714286,36,2,2,35,70,2,16,0.0625,0.125,FALSE,0.962990654205607,0.0147476786360567,647
"anchor_182","module_edge_jaccard","HOG:0027090","similarity","concordant_minus_discordant",0.568139699563048,0.56821100816036,-7.13085973121919e-05,0.514285714285714,0.0142857142857143,0.0285714285714286,36,2,2,35,70,2,16,0.0625,0.125,FALSE,0.962990654205607,0.61860540892799,648
"anchor_11","matched_edge_mean_abs_log_threshold_distance","HOG:0021930","distance","discordant_minus_concordant",0.0147621876382625,0.0146866754786621,-7.5512159600449e-05,0.514285714285714,0.0142857142857143,0.0285714285714286,36,2,2,35,70,2,16,0.0625,0.125,FALSE,0.962990654205607,0.0152645506439884,649
"anchor_18","matched_edge_mean_abs_log_threshold_distance","HOG:0000191","distance","discordant_minus_concordant",0.0148350704210614,0.0147260336510568,-0.000109036770004657,0.514285714285714,0.0142857142857143,0.0285714285714286,36,2,2,35,70,2,16,0.0625,0.125,FALSE,0.962990654205607,0.015231766523731,650
"anchor_169","matched_edge_mean_abs_log_threshold_distance","HOG:0030801","distance","discordant_minus_concordant",0.0173597434514876,0.0172287355090476,-0.000131007942440052,0.514285714285714,0.0142857142857143,0.0285714285714286,36,2,2,35,70,2,16,0.0625,0.125,FALSE,0.962990654205607,0.0168339330632646,651
"anchor_45","matched_edge_mean_abs_log_threshold_distance","HOG:0007725","distance","discordant_minus_concordant",0.0146523635904558,0.0145205090083712,-0.000131854582084623,0.514285714285714,0.0142857142857143,0.0285714285714286,36,2,2,35,70,2,16,0.0625,0.125,FALSE,0.962990654205607,0.0151682206494891,652
"anchor_134","matched_edge_correlation","HOG:0030881","similarity","concordant_minus_discordant",0.1338583332652,0.134075232362151,-0.000216899096951079,0.514285714285714,0.0142857142857143,0.0285714285714286,36,2,2,35,70,2,16,0.0625,0.125,FALSE,0.962990654205607,0.131925139608001,653
"anchor_100","module_edge_jaccard","HOG:0012035","similarity","concordant_minus_discordant",0.48163906829999,0.481987056460049,-0.000347988160059154,0.514285714285714,0.0142857142857143,0.0285714285714286,36,2,2,35,70,2,16,0.0625,0.125,FALSE,0.962990654205607,0.484581663326653,654
"anchor_173","module_edge_jaccard","HOG:0011717","similarity","concordant_minus_discordant",0.540953687187593,0.541554309943111,-0.00060062275551731,0.514285714285714,0.0142857142857143,0.0285714285714286,36,2,2,35,70,2,16,0.0625,0.125,FALSE,0.962990654205607,0.50254187696584,655
"anchor_24","module_edge_jaccard","HOG:0031321","similarity","concordant_minus_discordant",0.752332730356532,0.753607950085314,-0.00127521972878264,0.514285714285714,0.0142857142857143,0.0285714285714286,36,2,2,35,70,2,16,0.0625,0.125,FALSE,0.962990654205607,0.744032988494964,656
"anchor_53","module_edge_jaccard","HOG:0016795","similarity","concordant_minus_discordant",0.773081873800398,0.774614730288086,-0.00153285648768742,0.514285714285714,0.0142857142857143,0.0285714285714286,36,2,2,35,70,2,16,0.0625,0.125,FALSE,0.962990654205607,0.770172460154918,657
"anchor_209","module_edge_jaccard","HOG:0024277","similarity","concordant_minus_discordant",0.648731290347238,0.650488507565682,-0.00175721721844391,0.514285714285714,0.0142857142857143,0.0285714285714286,36,2,2,35,70,2,16,0.0625,0.125,FALSE,0.962990654205607,0.719749579124579,658
"anchor_172","matched_edge_correlation","HOG:0007645","similarity","concordant_minus_discordant",0.269744912485012,0.271519976800343,-0.00177506431533098,0.514285714285714,0.0142857142857143,0.0285714285714286,36,2,2,35,70,2,16,0.0625,0.125,FALSE,0.962990654205607,0.249539754761017,659
"anchor_190","module_edge_jaccard","HOG:0032397","similarity","concordant_minus_discordant",0.452846111253288,0.4555433528281,-0.00269724157481238,0.514285714285714,0.0142857142857143,0.0285714285714286,36,2,2,35,70,2,16,0.0625,0.125,FALSE,0.962990654205607,0.450447570332481,660
"anchor_231","neighborhood_jaccard","HOG:0023138","similarity","concordant_minus_discordant",0.201000352027511,0.203798044977931,-0.00279769295042032,0.514285714285714,0.0142857142857143,0.0285714285714286,36,2,2,35,70,2,16,0.0625,0.125,FALSE,0.962990654205607,0.239918608953015,661
"anchor_288","module_edge_jaccard","HOG:0026637","similarity","concordant_minus_discordant",0.589246026217411,0.59243657819619,-0.0031905519787796,0.514285714285714,0.0142857142857143,0.0285714285714286,36,2,2,35,70,2,16,0.0625,0.125,FALSE,0.962990654205607,0.641975308641975,662
"anchor_139","neighborhood_jaccard","HOG:0005689","similarity","concordant_minus_discordant",0.260442183318669,0.263883655318057,-0.00344147199938827,0.514285714285714,0.0142857142857143,0.0285714285714286,36,2,2,35,70,2,16,0.0625,0.125,FALSE,0.962990654205607,0.298234139960759,663
"anchor_79","neighborhood_jaccard","HOG:0017159","similarity","concordant_minus_discordant",0.45235102299167,0.456170617942696,-0.00381959495102591,0.514285714285714,0.0142857142857143,0.0285714285714286,36,2,2,35,70,2,16,0.0625,0.125,FALSE,0.962990654205607,0.483291374453036,664
"anchor_271","neighborhood_jaccard","HOG:0026340","similarity","concordant_minus_discordant",0.238114316239316,0.242203610474803,-0.00408929423548643,0.514285714285714,0.0142857142857143,0.0285714285714286,36,2,2,35,70,2,16,0.0625,0.125,FALSE,0.962990654205607,0.198051948051948,665
"anchor_155","matched_edge_correlation","HOG:0008637","similarity","concordant_minus_discordant",0.125947950935336,0.132098140354235,-0.00615018941889889,0.514285714285714,0.0142857142857143,0.0285714285714286,36,2,2,35,70,2,16,0.0625,0.125,FALSE,0.962990654205607,0.0688744187756761,666
"anchor_205","neighborhood_jaccard","HOG:0025863","similarity","concordant_minus_discordant",0.437889026786038,0.444069003794453,-0.0061799770084151,0.514285714285714,0.0142857142857143,0.0285714285714286,36,2,2,35,70,2,16,0.0625,0.125,FALSE,0.962990654205607,0.516744872474079,667
"anchor_249","module_edge_jaccard","HOG:0016944","similarity","concordant_minus_discordant",0.594277251009244,0.588383269422746,0.0058939815864979,0.542857142857143,0.0142857142857143,0.0285714285714286,38,2,2,35,70,2,16,0.0625,0.125,FALSE,0.962990654205607,0.55874363327674,668
"anchor_90","matched_edge_correlation","HOG:0032320","similarity","concordant_minus_discordant",0.320133272616796,0.317742669451356,0.00239060316543932,0.542857142857143,0.0142857142857143,0.0285714285714286,38,2,2,35,70,2,16,0.0625,0.125,FALSE,0.962990654205607,0.323665300332762,669
"anchor_130","module_edge_jaccard","HOG:0024495","similarity","concordant_minus_discordant",0.65151285518062,0.649902191233897,0.0016106639467226,0.542857142857143,0.0142857142857143,0.0285714285714286,38,2,2,35,70,2,16,0.0625,0.125,FALSE,0.962990654205607,0.656827521040719,670
"anchor_191","matched_edge_correlation","HOG:0022918","similarity","concordant_minus_discordant",0.176757891350281,0.175959290315332,0.000798601034948832,0.542857142857143,0.0142857142857143,0.0285714285714286,38,2,2,35,70,2,16,0.0625,0.125,FALSE,0.962990654205607,0.177433887427789,671
"anchor_66","module_edge_jaccard","HOG:0027281","similarity","concordant_minus_discordant",0.762537908394079,0.761923505834151,0.000614402559927507,0.542857142857143,0.0142857142857143,0.0285714285714286,38,2,2,35,70,2,16,0.0625,0.125,FALSE,0.962990654205607,0.755477866543893,672
"anchor_330","matched_edge_mean_abs_log_threshold_distance","HOG:0025801","distance","discordant_minus_concordant",0.0178158730623588,0.0179016623913238,8.57893289649761e-05,0.542857142857143,0.0142857142857143,0.0285714285714286,38,2,2,35,70,2,16,0.0625,0.125,FALSE,0.962990654205607,0.0198649897304947,673
"anchor_47","matched_edge_mean_abs_log_threshold_distance","HOG:0020310","distance","discordant_minus_concordant",0.0144350445213039,0.0144177293192823,-1.73152020215804e-05,0.542857142857143,0.0142857142857143,0.0285714285714286,38,2,2,35,70,2,16,0.0625,0.125,FALSE,0.962990654205607,0.0148604514022098,674
"anchor_176","matched_edge_mean_abs_log_threshold_distance","HOG:0018009","distance","discordant_minus_concordant",0.0142131791660935,0.0141954633774051,-1.77157886883644e-05,0.542857142857143,0.0142857142857143,0.0285714285714286,38,2,2,35,70,2,16,0.0625,0.125,FALSE,0.962990654205607,0.0151829097991799,675
"anchor_232","module_edge_jaccard","HOG:0019459","similarity","concordant_minus_discordant",0.825360461265825,0.825384993789985,-2.45325241601257e-05,0.542857142857143,0.0142857142857143,0.0285714285714286,38,2,2,35,70,2,16,0.0625,0.125,FALSE,0.962990654205607,0.839258750857927,676
"anchor_132","matched_edge_mean_abs_log_threshold_distance","HOG:0030886","distance","discordant_minus_concordant",0.018141830589421,0.0181171664437686,-2.46641456524629e-05,0.542857142857143,0.0142857142857143,0.0285714285714286,38,2,2,35,70,2,16,0.0625,0.125,FALSE,0.962990654205607,0.0180683374071413,677
"anchor_124","matched_edge_mean_abs_log_threshold_distance","HOG:0008697","distance","discordant_minus_concordant",0.0176602328270428,0.0176290814194001,-3.11514076426767e-05,0.542857142857143,0.0142857142857143,0.0285714285714286,38,2,2,35,70,2,16,0.0625,0.125,FALSE,0.962990654205607,0.0176178572805492,678
"anchor_275","matched_edge_mean_abs_log_threshold_distance","HOG:0033004","distance","discordant_minus_concordant",0.0186559092121685,0.0186172276253721,-3.86815867964088e-05,0.542857142857143,0.0142857142857143,0.0285714285714286,38,2,2,35,70,2,16,0.0625,0.125,FALSE,0.962990654205607,0.0183795287721321,679
"anchor_26","matched_edge_mean_abs_log_threshold_distance","HOG:0020311","distance","discordant_minus_concordant",0.0146837288655678,0.014644265064755,-3.94638008128102e-05,0.542857142857143,0.0142857142857143,0.0285714285714286,38,2,2,35,70,2,16,0.0625,0.125,FALSE,0.962990654205607,0.0152709003124636,680
"anchor_02","matched_edge_mean_abs_log_threshold_distance","HOG:0020076","distance","discordant_minus_concordant",0.0149689869498844,0.0148784747997234,-9.05121501609592e-05,0.542857142857143,0.0142857142857143,0.0285714285714286,38,2,2,35,70,2,16,0.0625,0.125,FALSE,0.962990654205607,0.01559358607735,681
"anchor_08","matched_edge_mean_abs_log_threshold_distance","HOG:0006123","distance","discordant_minus_concordant",0.0148869631811509,0.0147917968685396,-9.51663126112952e-05,0.542857142857143,0.0142857142857143,0.0285714285714286,38,2,2,35,70,2,16,0.0625,0.125,FALSE,0.962990654205607,0.0152972160856956,682
"anchor_111","matched_edge_mean_abs_log_threshold_distance","HOG:0016913","distance","discordant_minus_concordant",0.0143890803352321,0.0142939132138534,-9.51671213787857e-05,0.542857142857143,0.0142857142857143,0.0285714285714286,38,2,2,35,70,2,16,0.0625,0.125,FALSE,0.962990654205607,0.0146089042807402,683
"anchor_45","module_edge_jaccard","HOG:0007725","similarity","concordant_minus_discordant",0.725381810020148,0.72548164187437,-9.98318542229093e-05,0.542857142857143,0.0142857142857143,0.0285714285714286,38,2,2,35,70,2,16,0.0625,0.125,FALSE,0.962990654205607,0.731667075740488,684
"anchor_12","matched_edge_mean_abs_log_threshold_distance","HOG:0026770","distance","discordant_minus_concordant",0.0148280394544868,0.0147231030512832,-0.000104936403203637,0.542857142857143,0.0142857142857143,0.0285714285714286,38,2,2,35,70,2,16,0.0625,0.125,FALSE,0.962990654205607,0.0151211329520614,685
"anchor_28","matched_edge_mean_abs_log_threshold_distance","HOG:0023914","distance","discordant_minus_concordant",0.0148767263917485,0.0147708873127345,-0.000105839079014068,0.542857142857143,0.0142857142857143,0.0285714285714286,38,2,2,35,70,2,16,0.0625,0.125,FALSE,0.962990654205607,0.0152714196237326,686
"anchor_116","matched_edge_mean_abs_log_threshold_distance","HOG:0023564","distance","discordant_minus_concordant",0.018202337510912,0.0180832580347163,-0.000119079476195723,0.542857142857143,0.0142857142857143,0.0285714285714286,38,2,2,35,70,2,16,0.0625,0.125,FALSE,0.962990654205607,0.0184542280852265,687
"anchor_40","matched_edge_mean_abs_log_threshold_distance","HOG:0028012","distance","discordant_minus_concordant",0.0149974272638097,0.0148716162051581,-0.000125811058651538,0.542857142857143,0.0142857142857143,0.0285714285714286,38,2,2,35,70,2,16,0.0625,0.125,FALSE,0.962990654205607,0.0155027198630144,688
"anchor_115","matched_edge_mean_abs_log_threshold_distance","HOG:0024562","distance","discordant_minus_concordant",0.016927845188446,0.0168002881297965,-0.000127557058649509,0.542857142857143,0.0142857142857143,0.0285714285714286,38,2,2,35,70,2,16,0.0625,0.125,FALSE,0.962990654205607,0.0176402881141136,689
"anchor_07","matched_edge_mean_abs_log_threshold_distance","HOG:0011862","distance","discordant_minus_concordant",0.0148305363365702,0.0146791540573091,-0.000151382279261161,0.542857142857143,0.0142857142857143,0.0285714285714286,38,2,2,35,70,2,16,0.0625,0.125,FALSE,0.962990654205607,0.015170286012431,690
"anchor_107","matched_edge_mean_abs_log_threshold_distance","HOG:0020293","distance","discordant_minus_concordant",0.0171025852034436,0.0169380621450436,-0.000164523058399993,0.542857142857143,0.0142857142857143,0.0285714285714286,38,2,2,35,70,2,16,0.0625,0.125,FALSE,0.962990654205607,0.0166507059182628,691
"anchor_322","matched_edge_mean_abs_log_threshold_distance","HOG:0003621","distance","discordant_minus_concordant",0.018551485947675,0.0183056610699779,-0.000245824877697136,0.542857142857143,0.0142857142857143,0.0285714285714286,38,2,2,35,70,2,16,0.0625,0.125,FALSE,0.962990654205607,0.0181091146689201,692
"anchor_11","neighborhood_jaccard","HOG:0021930","similarity","concordant_minus_discordant",0.577306149381891,0.57786910085896,-0.000562951477069529,0.542857142857143,0.0142857142857143,0.0285714285714286,38,2,2,35,70,2,16,0.0625,0.125,FALSE,0.962990654205607,0.598640626344317,693
"anchor_206","matched_edge_correlation","HOG:0007920","similarity","concordant_minus_discordant",0.29637048617338,0.2969930425205,-0.000622556347120218,0.542857142857143,0.0142857142857143,0.0285714285714286,38,2,2,35,70,2,16,0.0625,0.125,FALSE,0.962990654205607,0.303620344973155,694
"anchor_332","neighborhood_jaccard","HOG:0028850","similarity","concordant_minus_discordant",0.175486773280298,0.176119473766874,-0.000632700486575904,0.542857142857143,0.0142857142857143,0.0285714285714286,38,2,2,35,70,2,16,0.0625,0.125,FALSE,0.962990654205607,0.167179144385027,695
"anchor_51","matched_edge_correlation","HOG:0023192","similarity","concordant_minus_discordant",0.303429759043092,0.304523705486966,-0.00109394644387434,0.542857142857143,0.0142857142857143,0.0285714285714286,38,2,2,35,70,2,16,0.0625,0.125,FALSE,0.962990654205607,0.302791076208411,696
"anchor_43","matched_edge_correlation","HOG:0006505","similarity","concordant_minus_discordant",0.331460145991551,0.332727003328193,-0.00126685733664267,0.542857142857143,0.0142857142857143,0.0285714285714286,38,2,2,35,70,2,16,0.0625,0.125,FALSE,0.962990654205607,0.339280961168558,697
"anchor_115","matched_edge_correlation","HOG:0024562","similarity","concordant_minus_discordant",0.196938123776656,0.198286702471465,-0.00134857869480906,0.542857142857143,0.0142857142857143,0.0285714285714286,38,2,2,35,70,2,16,0.0625,0.125,FALSE,0.962990654205607,0.207406616612778,698
"anchor_48","matched_edge_correlation","HOG:0023400","similarity","concordant_minus_discordant",0.333748019108132,0.33515744337471,-0.00140942426657875,0.542857142857143,0.0142857142857143,0.0285714285714286,38,2,2,35,70,2,16,0.0625,0.125,FALSE,0.962990654205607,0.357221887318045,699
"anchor_233","neighborhood_jaccard","HOG:0016200","similarity","concordant_minus_discordant",0.23165771049967,0.233170643393954,-0.0015129328942842,0.542857142857143,0.0142857142857143,0.0285714285714286,38,2,2,35,70,2,16,0.0625,0.125,FALSE,0.962990654205607,0.237121212121212,700
"anchor_20","neighborhood_jaccard","HOG:0023601","similarity","concordant_minus_discordant",0.564981830778542,0.566722209866601,-0.00174037908805968,0.542857142857143,0.0142857142857143,0.0285714285714286,38,2,2,35,70,2,16,0.0625,0.125,FALSE,0.962990654205607,0.534208494208494,701
"anchor_12","neighborhood_jaccard","HOG:0026770","similarity","concordant_minus_discordant",0.579778614634588,0.581674142550469,-0.00189552791588088,0.542857142857143,0.0142857142857143,0.0285714285714286,38,2,2,35,70,2,16,0.0625,0.125,FALSE,0.962990654205607,0.585161197466897,702
"anchor_194","module_edge_jaccard","HOG:0030883","similarity","concordant_minus_discordant",0.497518576463736,0.499863857731704,-0.00234528126796774,0.542857142857143,0.0142857142857143,0.0285714285714286,38,2,2,35,70,2,16,0.0625,0.125,FALSE,0.962990654205607,0.49555835745877,703
"anchor_201","module_edge_jaccard","HOG:0027005","similarity","concordant_minus_discordant",0.476013007492212,0.478365089480998,-0.00235208198878573,0.542857142857143,0.0142857142857143,0.0285714285714286,38,2,2,35,70,2,16,0.0625,0.125,FALSE,0.962990654205607,0.518459975805163,704
"anchor_151","module_edge_jaccard","HOG:0028263","similarity","concordant_minus_discordant",0.556608702730577,0.558971405898874,-0.00236270316829701,0.542857142857143,0.0142857142857143,0.0285714285714286,38,2,2,35,70,2,16,0.0625,0.125,FALSE,0.962990654205607,0.550494127541978,705
"anchor_79","module_edge_jaccard","HOG:0017159","similarity","concordant_minus_discordant",0.750524306168936,0.753387753195117,-0.00286344702618146,0.542857142857143,0.0142857142857143,0.0285714285714286,38,2,2,35,70,2,16,0.0625,0.125,FALSE,0.962990654205607,0.765369084576943,706
"anchor_237","neighborhood_jaccard","HOG:0026838","similarity","concordant_minus_discordant",0.204091420997839,0.207228749986295,-0.00313732898845615,0.542857142857143,0.0142857142857143,0.0285714285714286,38,2,2,35,70,2,16,0.0625,0.125,FALSE,0.962990654205607,0.218005952380952,707
"anchor_154","matched_edge_correlation","HOG:0023439","similarity","concordant_minus_discordant",0.263487071745449,0.26713224674344,-0.0036451749979905,0.542857142857143,0.0142857142857143,0.0285714285714286,38,2,2,35,70,2,16,0.0625,0.125,FALSE,0.962990654205607,0.315873946281862,708
"anchor_130","neighborhood_jaccard","HOG:0024495","similarity","concordant_minus_discordant",0.251213288389971,0.254991899677435,-0.00377861128746376,0.542857142857143,0.0142857142857143,0.0285714285714286,38,2,2,35,70,2,16,0.0625,0.125,FALSE,0.962990654205607,0.292073484069887,709
"anchor_61","matched_edge_correlation","HOG:0016166","similarity","concordant_minus_discordant",0.32384190235189,0.328057114153852,-0.0042152118019621,0.542857142857143,0.0142857142857143,0.0285714285714286,38,2,2,35,70,2,16,0.0625,0.125,FALSE,0.962990654205607,0.32582224494833,710
"anchor_333","module_edge_jaccard","HOG:0008696","similarity","concordant_minus_discordant",0.575239138028368,0.579597799036945,-0.00435866100857663,0.542857142857143,0.0142857142857143,0.0285714285714286,38,2,2,35,70,2,16,0.0625,0.125,FALSE,0.962990654205607,0.601648351648352,711
"anchor_296","neighborhood_jaccard","HOG:0032348","similarity","concordant_minus_discordant",0.14663771761225,0.151176153974221,-0.00453843636197157,0.542857142857143,0.0142857142857143,0.0285714285714286,38,2,2,35,70,2,16,0.0625,0.125,FALSE,0.962990654205607,0.165377176015474,712
"anchor_277","matched_edge_correlation","HOG:0007857","similarity","concordant_minus_discordant",0.142793304319149,0.14768636423355,-0.00489305991440131,0.542857142857143,0.0142857142857143,0.0285714285714286,38,2,2,35,70,2,16,0.0625,0.125,FALSE,0.962990654205607,0.17920281555919,713
"anchor_291","matched_edge_correlation","HOG:0027706","similarity","concordant_minus_discordant",0.0593771731922055,0.0647077253081168,-0.00533055211591133,0.542857142857143,0.0142857142857143,0.0285714285714286,38,2,2,35,70,2,16,0.0625,0.125,FALSE,0.962990654205607,0.0568172579876088,714
"anchor_205","module_edge_jaccard","HOG:0025863","similarity","concordant_minus_discordant",0.762941487296402,0.769257298755581,-0.00631581145917925,0.542857142857143,0.0142857142857143,0.0285714285714286,38,2,2,35,70,2,16,0.0625,0.125,FALSE,0.962990654205607,0.806410256410256,715
"anchor_224","matched_edge_correlation","HOG:0020382","similarity","concordant_minus_discordant",0.190621286148378,0.204040608742974,-0.013419322594596,0.542857142857143,0.0142857142857143,0.0285714285714286,38,2,2,35,70,2,16,0.0625,0.125,FALSE,0.962990654205607,0.210453061248456,716
"anchor_272","matched_edge_correlation","HOG:0027413","similarity","concordant_minus_discordant",0.101290163807618,0.100099595281103,0.00119056852651503,0.571428571428571,0.0142857142857143,0.0285714285714286,40,2,2,35,70,2,16,0.0625,0.125,FALSE,0.962990654205607,0.0569375016842983,717
"anchor_259","matched_edge_mean_abs_log_threshold_distance","HOG:0026742","distance","discordant_minus_concordant",0.0166660997358612,0.0166477218979022,-1.83778379589244e-05,0.571428571428571,0.0142857142857143,0.0285714285714286,40,2,2,35,70,2,16,0.0625,0.125,FALSE,0.962990654205607,0.0177067071635925,718
"anchor_48","matched_edge_mean_abs_log_threshold_distance","HOG:0023400","distance","discordant_minus_concordant",0.0144795260713929,0.0143960023294057,-8.35237419871109e-05,0.571428571428571,0.0142857142857143,0.0285714285714286,40,2,2,35,70,2,16,0.0625,0.125,FALSE,0.962990654205607,0.0144194762496983,719
"anchor_30","matched_edge_mean_abs_log_threshold_distance","HOG:0024452","distance","discordant_minus_concordant",0.0147268525431289,0.0146423656025766,-8.44869405522801e-05,0.571428571428571,0.0142857142857143,0.0285714285714286,40,2,2,35,70,2,16,0.0625,0.125,FALSE,0.962990654205607,0.0154995509158773,720
"anchor_102","matched_edge_mean_abs_log_threshold_distance","HOG:0006009","distance","discordant_minus_concordant",0.0139597777192962,0.0138704039336118,-8.93737856844205e-05,0.571428571428571,0.0142857142857143,0.0285714285714286,40,2,2,35,70,2,16,0.0625,0.125,FALSE,0.962990654205607,0.014832987867543,721
"anchor_69","matched_edge_mean_abs_log_threshold_distance","HOG:0033359","distance","discordant_minus_concordant",0.0144065500476126,0.0142915221474527,-0.000115027900159945,0.571428571428571,0.0142857142857143,0.0285714285714286,40,2,2,35,70,2,16,0.0625,0.125,FALSE,0.962990654205607,0.0151220659997206,722
"anchor_281","matched_edge_mean_abs_log_threshold_distance","HOG:0011064","distance","discordant_minus_concordant",0.0190610109617098,0.0189411947539984,-0.000119816207711412,0.571428571428571,0.0142857142857143,0.0285714285714286,40,2,2,35,70,2,16,0.0625,0.125,FALSE,0.962990654205607,0.0194663439932802,723
"anchor_17","matched_edge_mean_abs_log_threshold_distance","HOG:0026834","distance","discordant_minus_concordant",0.0148372271324328,0.0147166925434724,-0.000120534588960379,0.571428571428571,0.0142857142857143,0.0285714285714286,40,2,2,35,70,2,16,0.0625,0.125,FALSE,0.962990654205607,0.0151744460253445,724
"anchor_317","matched_edge_mean_abs_log_threshold_distance","HOG:0030885","distance","discordant_minus_concordant",0.0172542595998718,0.0171292216191491,-0.000125037980722657,0.571428571428571,0.0142857142857143,0.0285714285714286,40,2,2,35,70,2,16,0.0625,0.125,FALSE,0.962990654205607,0.0172713786810342,725
"anchor_59","matched_edge_mean_abs_log_threshold_distance","HOG:0023358","distance","discordant_minus_concordant",0.0142254370246989,0.0140866026815599,-0.000138834343139056,0.571428571428571,0.0142857142857143,0.0285714285714286,40,2,2,35,70,2,16,0.0625,0.125,FALSE,0.962990654205607,0.0146067266627717,726
"anchor_38","matched_edge_mean_abs_log_threshold_distance","HOG:0011023","distance","discordant_minus_concordant",0.0144129139941986,0.0142735358091616,-0.000139378185037026,0.571428571428571,0.0142857142857143,0.0285714285714286,40,2,2,35,70,2,16,0.0625,0.125,FALSE,0.962990654205607,0.0145415354180602,727
"anchor_14","matched_edge_mean_abs_log_threshold_distance","HOG:0012056","distance","discordant_minus_concordant",0.0147464236258056,0.0145880733191155,-0.000158350306690003,0.571428571428571,0.0142857142857143,0.0285714285714286,40,2,2,35,70,2,16,0.0625,0.125,FALSE,0.962990654205607,0.0152075279382609,728
"anchor_44","matched_edge_mean_abs_log_threshold_distance","HOG:0000178","distance","discordant_minus_concordant",0.0147927723505603,0.014620853422304,-0.000171918928256264,0.571428571428571,0.0142857142857143,0.0285714285714286,40,2,2,35,70,2,16,0.0625,0.125,FALSE,0.962990654205607,0.015242875574015,729
"anchor_67","matched_edge_mean_abs_log_threshold_distance","HOG:0031129","distance","discordant_minus_concordant",0.0151037711325449,0.0148992119164663,-0.000204559216078658,0.571428571428571,0.0142857142857143,0.0285714285714286,40,2,2,35,70,2,16,0.0625,0.125,FALSE,0.962990654205607,0.0153821805062911,730
"anchor_306","matched_edge_mean_abs_log_threshold_distance","HOG:0010549","distance","discordant_minus_concordant",0.0185096577594005,0.0182741107888404,-0.000235546970560035,0.571428571428571,0.0142857142857143,0.0285714285714286,40,2,2,35,70,2,16,0.0625,0.125,FALSE,0.962990654205607,0.0173825992768971,731
"anchor_68","neighborhood_jaccard","HOG:0000537","similarity","concordant_minus_discordant",0.440230239394903,0.440648278534893,-0.0004180391399905,0.571428571428571,0.0142857142857143,0.0285714285714286,40,2,2,35,70,2,16,0.0625,0.125,FALSE,0.962990654205607,0.485499768707967,732
"anchor_101","module_edge_jaccard","HOG:0007833","similarity","concordant_minus_discordant",0.611999804542232,0.61331273355484,-0.00131292901260804,0.571428571428571,0.0142857142857143,0.0285714285714286,40,2,2,35,70,2,16,0.0625,0.125,FALSE,0.962990654205607,0.64710163641913,733
"anchor_118","matched_edge_correlation","HOG:0028661","similarity","concordant_minus_discordant",0.127241181370204,0.129043439475373,-0.00180225810516901,0.571428571428571,0.0142857142857143,0.0285714285714286,40,2,2,35,70,2,16,0.0625,0.125,FALSE,0.962990654205607,0.13142443889467,734
"anchor_129","module_edge_jaccard","HOG:0029472","similarity","concordant_minus_discordant",0.811794564378235,0.813671218042498,-0.00187665366426271,0.571428571428571,0.0142857142857143,0.0285714285714286,40,2,2,35,70,2,16,0.0625,0.125,FALSE,0.962990654205607,0.812799125799945,735
"anchor_96","module_edge_jaccard","HOG:0012012","similarity","concordant_minus_discordant",0.526442719251309,0.528371226521849,-0.00192850727053973,0.571428571428571,0.0142857142857143,0.0285714285714286,40,2,2,35,70,2,16,0.0625,0.125,FALSE,0.962990654205607,0.569714849129836,736
"anchor_111","matched_edge_correlation","HOG:0016913","similarity","concordant_minus_discordant",0.336544080906181,0.338666812408738,-0.00212273150255732,0.571428571428571,0.0142857142857143,0.0285714285714286,40,2,2,35,70,2,16,0.0625,0.125,FALSE,0.962990654205607,0.339300913414853,737
"anchor_72","matched_edge_correlation","HOG:0029544","similarity","concordant_minus_discordant",0.314196831020171,0.316328381374617,-0.0021315503544454,0.571428571428571,0.0142857142857143,0.0285714285714286,40,2,2,35,70,2,16,0.0625,0.125,FALSE,0.962990654205607,0.352846268638459,738
"anchor_11","matched_edge_correlation","HOG:0021930","similarity","concordant_minus_discordant",0.304662830072351,0.30718824264934,-0.00252541257698863,0.571428571428571,0.0142857142857143,0.0285714285714286,40,2,2,35,70,2,16,0.0625,0.125,FALSE,0.962990654205607,0.292677133739803,739
"anchor_110","neighborhood_jaccard","HOG:0028395","similarity","concordant_minus_discordant",0.247523750093552,0.250203730674976,-0.00267998058142371,0.571428571428571,0.0142857142857143,0.0285714285714286,40,2,2,35,70,2,16,0.0625,0.125,FALSE,0.962990654205607,0.281661061683198,740
"anchor_70","matched_edge_correlation","HOG:0032161","similarity","concordant_minus_discordant",0.310790654779815,0.314651562219274,-0.00386090743945816,0.571428571428571,0.0142857142857143,0.0285714285714286,40,2,2,35,70,2,16,0.0625,0.125,FALSE,0.962990654205607,0.31352237764644,741
"anchor_260","neighborhood_jaccard","HOG:0012011","similarity","concordant_minus_discordant",0.151781969973701,0.157541851313194,-0.0057598813394939,0.571428571428571,0.0142857142857143,0.0285714285714286,40,2,2,35,70,2,16,0.0625,0.125,FALSE,0.962990654205607,0.136923076923077,742
"anchor_307","neighborhood_jaccard","HOG:0010703","similarity","concordant_minus_discordant",0.144284257305075,0.150100572847258,-0.00581631554218268,0.571428571428571,0.0142857142857143,0.0285714285714286,40,2,2,35,70,2,16,0.0625,0.125,FALSE,0.962990654205607,0.130993150684932,743
"anchor_259","neighborhood_jaccard","HOG:0026742","similarity","concordant_minus_discordant",0.197167111038252,0.203353764601706,-0.0061866535634543,0.571428571428571,0.0142857142857143,0.0285714285714286,40,2,2,35,70,2,16,0.0625,0.125,FALSE,0.962990654205607,0.176476496584974,744
"anchor_99","neighborhood_jaccard","HOG:0031473","similarity","concordant_minus_discordant",0.339453927857799,0.346246605285858,-0.00679267742805906,0.571428571428571,0.0142857142857143,0.0285714285714286,40,2,2,35,70,2,16,0.0625,0.125,FALSE,0.962990654205607,0.313231064237776,745
"anchor_320","neighborhood_jaccard","HOG:0005833","similarity","concordant_minus_discordant",0.192162484995963,0.199459676959544,-0.00729719196358045,0.571428571428571,0.0142857142857143,0.0285714285714286,40,2,2,35,70,2,16,0.0625,0.125,FALSE,0.962990654205607,0.243329737504495,746
"anchor_80","neighborhood_jaccard","HOG:0025232","similarity","concordant_minus_discordant",0.420738439957324,0.431530736679209,-0.0107922967218853,0.571428571428571,0.0142857142857143,0.0285714285714286,40,2,2,35,70,2,16,0.0625,0.125,FALSE,0.962990654205607,0.447781525687597,747
"anchor_326","matched_edge_correlation","HOG:0031982","similarity","concordant_minus_discordant",0.109691208248792,0.121835361035532,-0.0121441527867406,0.571428571428571,0.0142857142857143,0.0285714285714286,40,2,2,35,70,2,16,0.0625,0.125,FALSE,0.962990654205607,0.149574557746815,748
"anchor_169","matched_edge_correlation","HOG:0030801","similarity","concordant_minus_discordant",0.165332788356495,0.179471402962889,-0.0141386146063944,0.571428571428571,0.0142857142857143,0.0285714285714286,40,2,2,35,70,2,16,0.0625,0.125,FALSE,0.962990654205607,0.28698720662801,749
"anchor_118","matched_edge_mean_abs_log_threshold_distance","HOG:0028661","distance","discordant_minus_concordant",0.0179215399285058,0.0178573233761669,-6.42165523388437e-05,0.6,0.0142857142857143,0.0285714285714286,42,2,2,35,70,2,16,0.0625,0.125,FALSE,0.962990654205607,0.0179909640695952,750
"anchor_05","matched_edge_mean_abs_log_threshold_distance","HOG:0006205","distance","discordant_minus_concordant",0.014763183291588,0.0146988904854792,-6.42928061088434e-05,0.6,0.0142857142857143,0.0285714285714286,42,2,2,35,70,2,16,0.0625,0.125,FALSE,0.962990654205607,0.0153085606982265,751
"anchor_257","matched_edge_mean_abs_log_threshold_distance","HOG:0011942","distance","discordant_minus_concordant",0.0141755260895722,0.0140515831724934,-0.000123942917078809,0.6,0.0142857142857143,0.0285714285714286,42,2,2,35,70,2,16,0.0625,0.125,FALSE,0.962990654205607,0.0140196982584399,752
"anchor_75","matched_edge_mean_abs_log_threshold_distance","HOG:0016636","distance","discordant_minus_concordant",0.0173892849870651,0.0172594145790653,-0.000129870407999742,0.6,0.0142857142857143,0.0285714285714286,42,2,2,35,70,2,16,0.0625,0.125,FALSE,0.962990654205607,0.0177655722453747,753
"anchor_21","matched_edge_mean_abs_log_threshold_distance","HOG:0022504","distance","discordant_minus_concordant",0.0146597626502579,0.0145289714379547,-0.000130791212303191,0.6,0.0142857142857143,0.0285714285714286,42,2,2,35,70,2,16,0.0625,0.125,FALSE,0.962990654205607,0.0151722624422854,754
"anchor_103","matched_edge_mean_abs_log_threshold_distance","HOG:0011510","distance","discordant_minus_concordant",0.0168589218249846,0.0167257009091744,-0.000133220915810178,0.6,0.0142857142857143,0.0285714285714286,42,2,2,35,70,2,16,0.0625,0.125,FALSE,0.962990654205607,0.0174102460301453,755
"anchor_53","matched_edge_mean_abs_log_threshold_distance","HOG:0016795","distance","discordant_minus_concordant",0.0145550504136406,0.0144076356123267,-0.000147414801313852,0.6,0.0142857142857143,0.0285714285714286,42,2,2,35,70,2,16,0.0625,0.125,FALSE,0.962990654205607,0.0146896147756344,756
"anchor_19","matched_edge_mean_abs_log_threshold_distance","HOG:0019927","distance","discordant_minus_concordant",0.0147426189985598,0.0145921896515506,-0.00015042934700924,0.6,0.0142857142857143,0.0285714285714286,42,2,2,35,70,2,16,0.0625,0.125,FALSE,0.962990654205607,0.0151525020279961,757
"anchor_33","matched_edge_mean_abs_log_threshold_distance","HOG:0016909","distance","discordant_minus_concordant",0.0147802720512564,0.0146037199540976,-0.000176552097158861,0.6,0.0142857142857143,0.0285714285714286,42,2,2,35,70,2,16,0.0625,0.125,FALSE,0.962990654205607,0.0151201161664198,758
"anchor_113","matched_edge_mean_abs_log_threshold_distance","HOG:0024337","distance","discordant_minus_concordant",0.0165544392750361,0.0163210362302424,-0.000233403044793665,0.6,0.0142857142857143,0.0285714285714286,42,2,2,35,70,2,16,0.0625,0.125,FALSE,0.962990654205607,0.0171893847624797,759
"anchor_173","matched_edge_mean_abs_log_threshold_distance","HOG:0011717","distance","discordant_minus_concordant",0.0178682383772589,0.0176240265076964,-0.000244211869562506,0.6,0.0142857142857143,0.0285714285714286,42,2,2,35,70,2,16,0.0625,0.125,FALSE,0.962990654205607,0.0183650419260167,760
"anchor_12","module_edge_jaccard","HOG:0026770","similarity","concordant_minus_discordant",0.757194289675465,0.757767904411664,-0.00057361473619888,0.6,0.0142857142857143,0.0285714285714286,42,2,2,35,70,2,16,0.0625,0.125,FALSE,0.962990654205607,0.761517214118357,761
"anchor_22","module_edge_jaccard","HOG:0011649","similarity","concordant_minus_discordant",0.754757979394941,0.755778945397733,-0.001020966002792,0.6,0.0142857142857143,0.0285714285714286,42,2,2,35,70,2,16,0.0625,0.125,FALSE,0.962990654205607,0.746859711407224,762
"anchor_65","neighborhood_jaccard","HOG:0018364","similarity","concordant_minus_discordant",0.405807485102586,0.407431207490653,-0.00162372238806791,0.6,0.0142857142857143,0.0285714285714286,42,2,2,35,70,2,16,0.0625,0.125,FALSE,0.962990654205607,0.418007662835249,763
"anchor_105","matched_edge_correlation","HOG:0027704","similarity","concordant_minus_discordant",0.102415962606495,0.104298585068995,-0.00188262246250025,0.6,0.0142857142857143,0.0285714285714286,42,2,2,35,70,2,16,0.0625,0.125,FALSE,0.962990654205607,0.111038744044939,764
"anchor_23","matched_edge_correlation","HOG:0028394","similarity","concordant_minus_discordant",0.307128436515655,0.309836359024108,-0.00270792250845209,0.6,0.0142857142857143,0.0285714285714286,42,2,2,35,70,2,16,0.0625,0.125,FALSE,0.962990654205607,0.305883748921075,765
"anchor_16","neighborhood_jaccard","HOG:0007637","similarity","concordant_minus_discordant",0.590692140351252,0.593480951751888,-0.00278881140063614,0.6,0.0142857142857143,0.0285714285714286,42,2,2,35,70,2,16,0.0625,0.125,FALSE,0.962990654205607,0.636263736263736,766
"anchor_19","neighborhood_jaccard","HOG:0019927","similarity","concordant_minus_discordant",0.569360746689248,0.572609342430113,-0.00324859574086533,0.6,0.0142857142857143,0.0285714285714286,42,2,2,35,70,2,16,0.0625,0.125,FALSE,0.962990654205607,0.590861344537815,767
"anchor_239","neighborhood_jaccard","HOG:0028636","similarity","concordant_minus_discordant",0.223707493977241,0.226956219925251,-0.00324872594801026,0.6,0.0142857142857143,0.0285714285714286,42,2,2,35,70,2,16,0.0625,0.125,FALSE,0.962990654205607,0.226849037487335,768
"anchor_10","matched_edge_correlation","HOG:0023085","similarity","concordant_minus_discordant",0.289371206412005,0.292621828310807,-0.00325062189880204,0.6,0.0142857142857143,0.0285714285714286,42,2,2,35,70,2,16,0.0625,0.125,FALSE,0.962990654205607,0.276707441995734,769
"anchor_10","neighborhood_jaccard","HOG:0023085","similarity","concordant_minus_discordant",0.588934792227718,0.592431779899912,-0.0034969876721942,0.6,0.0142857142857143,0.0285714285714286,42,2,2,35,70,2,16,0.0625,0.125,FALSE,0.962990654205607,0.608074515559016,770
"anchor_30","neighborhood_jaccard","HOG:0024452","similarity","concordant_minus_discordant",0.554220282602838,0.558019906243612,-0.00379962364077313,0.6,0.0142857142857143,0.0285714285714286,42,2,2,35,70,2,16,0.0625,0.125,FALSE,0.962990654205607,0.580831872626351,771
"anchor_32","neighborhood_jaccard","HOG:0005788","similarity","concordant_minus_discordant",0.567270705785517,0.571118160249112,-0.00384745446359569,0.6,0.0142857142857143,0.0285714285714286,42,2,2,35,70,2,16,0.0625,0.125,FALSE,0.962990654205607,0.575580718402515,772
"anchor_301","neighborhood_jaccard","HOG:0018459","similarity","concordant_minus_discordant",0.137204197781124,0.141322029140388,-0.00411783135926394,0.6,0.0142857142857143,0.0285714285714286,42,2,2,35,70,2,16,0.0625,0.125,FALSE,0.962990654205607,0.120210727969349,773
"anchor_303","neighborhood_jaccard","HOG:0027639","similarity","concordant_minus_discordant",0.185115464282623,0.18933279239273,-0.00421732811010653,0.6,0.0142857142857143,0.0285714285714286,42,2,2,35,70,2,16,0.0625,0.125,FALSE,0.962990654205607,0.172599901869923,774
"anchor_154","module_edge_jaccard","HOG:0023439","similarity","concordant_minus_discordant",0.605381419910228,0.609732139858645,-0.00435071994841796,0.6,0.0142857142857143,0.0285714285714286,42,2,2,35,70,2,16,0.0625,0.125,FALSE,0.962990654205607,0.59957426679281,775
"anchor_324","neighborhood_jaccard","HOG:0023427","similarity","concordant_minus_discordant",0.165495112187266,0.169948461405266,-0.00445334921800025,0.6,0.0142857142857143,0.0285714285714286,42,2,2,35,70,2,16,0.0625,0.125,FALSE,0.962990654205607,0.185860959920831,776
"anchor_140","neighborhood_jaccard","HOG:0032765","similarity","concordant_minus_discordant",0.260660670361516,0.265447492345422,-0.00478682198390551,0.6,0.0142857142857143,0.0285714285714286,42,2,2,35,70,2,16,0.0625,0.125,FALSE,0.962990654205607,0.264745916515427,777
"anchor_229","module_edge_jaccard","HOG:0000322","similarity","concordant_minus_discordant",0.802946975118352,0.807745512211759,-0.0047985370934065,0.6,0.0142857142857143,0.0285714285714286,42,2,2,35,70,2,16,0.0625,0.125,FALSE,0.962990654205607,0.792034526492064,778
"anchor_04","matched_edge_correlation","HOG:0019394","similarity","concordant_minus_discordant",0.294894324405645,0.299992521206981,-0.00509819680133566,0.6,0.0142857142857143,0.0285714285714286,42,2,2,35,70,2,16,0.0625,0.125,FALSE,0.962990654205607,0.281356049074106,779
"anchor_227","neighborhood_jaccard","HOG:0032920","similarity","concordant_minus_discordant",0.303756902777302,0.309075795193872,-0.00531889241656991,0.6,0.0142857142857143,0.0285714285714286,42,2,2,35,70,2,16,0.0625,0.125,FALSE,0.962990654205607,0.336998304126625,780
"anchor_27","neighborhood_jaccard","HOG:0004192","similarity","concordant_minus_discordant",0.561830661870775,0.567556542406975,-0.00572588053619927,0.6,0.0142857142857143,0.0285714285714286,42,2,2,35,70,2,16,0.0625,0.125,FALSE,0.962990654205607,0.603811991117691,781
"anchor_261","module_edge_jaccard","HOG:0028718","similarity","concordant_minus_discordant",0.75865722497117,0.764432392115857,-0.00577516714468751,0.6,0.0142857142857143,0.0285714285714286,42,2,2,35,70,2,16,0.0625,0.125,FALSE,0.962990654205607,0.785446293025994,782
"anchor_274","module_edge_jaccard","HOG:0019536","similarity","concordant_minus_discordant",0.57249513747451,0.578422485575022,-0.00592734810051165,0.6,0.0142857142857143,0.0285714285714286,42,2,2,35,70,2,16,0.0625,0.125,FALSE,0.962990654205607,0.596424947535165,783
"anchor_133","matched_edge_correlation","HOG:0020711","similarity","concordant_minus_discordant",0.386231291694021,0.392458341536115,-0.00622704984209405,0.6,0.0142857142857143,0.0285714285714286,42,2,2,35,70,2,16,0.0625,0.125,FALSE,0.962990654205607,0.299558772605284,784
"anchor_275","matched_edge_correlation","HOG:0033004","similarity","concordant_minus_discordant",0.0722739034976458,0.0785853290364686,-0.00631142553882286,0.6,0.0142857142857143,0.0285714285714286,42,2,2,35,70,2,16,0.0625,0.125,FALSE,0.962990654205607,0.0124844353061142,785
"anchor_245","module_edge_jaccard","HOG:0026703","similarity","concordant_minus_discordant",0.575121912780953,0.584213834332018,-0.00909192155106453,0.6,0.0142857142857143,0.0285714285714286,42,2,2,35,70,2,16,0.0625,0.125,FALSE,0.962990654205607,0.568069256688183,786
"anchor_253","matched_edge_correlation","HOG:0006149","similarity","concordant_minus_discordant",0.0959831015754426,0.105247061520339,-0.00926395994489625,0.6,0.0142857142857143,0.0285714285714286,42,2,2,35,70,2,16,0.0625,0.125,FALSE,0.962990654205607,0.113336359357912,787
"anchor_158","matched_edge_correlation","HOG:0006208","similarity","concordant_minus_discordant",0.218343833639396,0.229631890330083,-0.0112880566906864,0.6,0.0142857142857143,0.0285714285714286,42,2,2,35,70,2,16,0.0625,0.125,FALSE,0.962990654205607,0.22114096750522,788
"anchor_126","matched_edge_correlation","HOG:0000096","similarity","concordant_minus_discordant",0.254577619891801,0.266733557924649,-0.0121559380328476,0.6,0.0142857142857143,0.0285714285714286,42,2,2,35,70,2,16,0.0625,0.125,FALSE,0.962990654205607,0.284079525060586,789
"anchor_239","matched_edge_correlation","HOG:0028636","similarity","concordant_minus_discordant",0.127081587226429,0.148156172188254,-0.0210745849618251,0.6,0.0142857142857143,0.0285714285714286,42,2,2,35,70,2,16,0.0625,0.125,FALSE,0.962990654205607,0.165511023613869,790
"anchor_313","matched_edge_mean_abs_log_threshold_distance","HOG:0007849","distance","discordant_minus_concordant",0.0183747415871566,0.0183148982001419,-5.98433870147158e-05,0.628571428571429,0.0142857142857143,0.0285714285714286,44,2,2,35,70,2,16,0.0625,0.125,FALSE,0.962990654205607,0.0197255566867729,791
"anchor_137","matched_edge_mean_abs_log_threshold_distance","HOG:0012334","distance","discordant_minus_concordant",0.0178409366290911,0.0177609168809286,-8.00197481625568e-05,0.628571428571429,0.0142857142857143,0.0285714285714286,44,2,2,35,70,2,16,0.0625,0.125,FALSE,0.962990654205607,0.0185363380734772,792
"anchor_78","matched_edge_mean_abs_log_threshold_distance","HOG:0028720","distance","discordant_minus_concordant",0.0147326053470847,0.0146410157672422,-9.1589579842552e-05,0.628571428571429,0.0142857142857143,0.0285714285714286,44,2,2,35,70,2,16,0.0625,0.125,FALSE,0.962990654205607,0.0149582997415653,793
"anchor_66","matched_edge_mean_abs_log_threshold_distance","HOG:0027281","distance","discordant_minus_concordant",0.0147484982140151,0.0146482977922183,-0.000100200421796828,0.628571428571429,0.0142857142857143,0.0285714285714286,44,2,2,35,70,2,16,0.0625,0.125,FALSE,0.962990654205607,0.0156309735954567,794
"anchor_25","matched_edge_mean_abs_log_threshold_distance","HOG:0016389","distance","discordant_minus_concordant",0.0149470135407626,0.01481985481476,-0.000127158726002618,0.628571428571429,0.0142857142857143,0.0285714285714286,44,2,2,35,70,2,16,0.0625,0.125,FALSE,0.962990654205607,0.0153634351903257,795
"anchor_74","matched_edge_mean_abs_log_threshold_distance","HOG:0010710","distance","discordant_minus_concordant",0.0140199007018516,0.0138789232058275,-0.000140977496024111,0.628571428571429,0.0142857142857143,0.0285714285714286,44,2,2,35,70,2,16,0.0625,0.125,FALSE,0.962990654205607,0.014133764236315,796
"anchor_130","matched_edge_mean_abs_log_threshold_distance","HOG:0024495","distance","discordant_minus_concordant",0.0157923216560883,0.0156176319901946,-0.000174689665893698,0.628571428571429,0.0142857142857143,0.0285714285714286,44,2,2,35,70,2,16,0.0625,0.125,FALSE,0.962990654205607,0.0170082879671083,797
"anchor_155","matched_edge_mean_abs_log_threshold_distance","HOG:0008637","distance","discordant_minus_concordant",0.0180442832661065,0.017867007679855,-0.000177275586251493,0.628571428571429,0.0142857142857143,0.0285714285714286,44,2,2,35,70,2,16,0.0625,0.125,FALSE,0.962990654205607,0.0183871971624059,798
"anchor_50","matched_edge_mean_abs_log_threshold_distance","HOG:0010736","distance","discordant_minus_concordant",0.01468536261459,0.0145078815558361,-0.00017748105875386,0.628571428571429,0.0142857142857143,0.0285714285714286,44,2,2,35,70,2,16,0.0625,0.125,FALSE,0.962990654205607,0.0152020137251528,799
"anchor_254","matched_edge_mean_abs_log_threshold_distance","HOG:0024990","distance","discordant_minus_concordant",0.0181038099965005,0.0179093219601906,-0.000194488036309892,0.628571428571429,0.0142857142857143,0.0285714285714286,44,2,2,35,70,2,16,0.0625,0.125,FALSE,0.962990654205607,0.0176225192571674,800
"anchor_292","matched_edge_mean_abs_log_threshold_distance","HOG:0018454","distance","discordant_minus_concordant",0.0179324565573655,0.0177260731196683,-0.00020638343769722,0.628571428571429,0.0142857142857143,0.0285714285714286,44,2,2,35,70,2,16,0.0625,0.125,FALSE,0.962990654205607,0.0182586058816904,801
"anchor_133","matched_edge_mean_abs_log_threshold_distance","HOG:0020711","distance","discordant_minus_concordant",0.0136027590600627,0.0133323858655351,-0.000270373194527556,0.628571428571429,0.0142857142857143,0.0285714285714286,44,2,2,35,70,2,16,0.0625,0.125,FALSE,0.962990654205607,0.013846153982374,802
"anchor_294","matched_edge_mean_abs_log_threshold_distance","HOG:0026361","distance","discordant_minus_concordant",0.0190084088349807,0.0186526489484568,-0.000355759886523893,0.628571428571429,0.0142857142857143,0.0285714285714286,44,2,2,35,70,2,16,0.0625,0.125,FALSE,0.962990654205607,0.0186634122183144,803
"anchor_124","neighborhood_jaccard","HOG:0008697","similarity","concordant_minus_discordant",0.266583400840741,0.267592181813871,-0.00100878097313012,0.628571428571429,0.0142857142857143,0.0285714285714286,44,2,2,35,70,2,16,0.0625,0.125,FALSE,0.962990654205607,0.263565891472868,804
"anchor_31","module_edge_jaccard","HOG:0011086","similarity","concordant_minus_discordant",0.815925677251333,0.816937086453978,-0.00101140920264453,0.628571428571429,0.0142857142857143,0.0285714285714286,44,2,2,35,70,2,16,0.0625,0.125,FALSE,0.962990654205607,0.828328847064662,805
"anchor_86","module_edge_jaccard","HOG:0026902","similarity","concordant_minus_discordant",0.809806438898804,0.811719628563849,-0.00191318966504472,0.628571428571429,0.0142857142857143,0.0285714285714286,44,2,2,35,70,2,16,0.0625,0.125,FALSE,0.962990654205607,0.792628614991147,806
"anchor_46","matched_edge_correlation","HOG:0021895","similarity","concordant_minus_discordant",0.321477113924113,0.32355101956943,-0.00207390564531756,0.628571428571429,0.0142857142857143,0.0285714285714286,44,2,2,35,70,2,16,0.0625,0.125,FALSE,0.962990654205607,0.311443452618347,807
"anchor_29","neighborhood_jaccard","HOG:0010571","similarity","concordant_minus_discordant",0.566248260734084,0.568495592190538,-0.00224733145645406,0.628571428571429,0.0142857142857143,0.0285714285714286,44,2,2,35,70,2,16,0.0625,0.125,FALSE,0.962990654205607,0.594985875706215,808
"anchor_292","neighborhood_jaccard","HOG:0018454","similarity","concordant_minus_discordant",0.177618077992728,0.18013807412987,-0.00251999613714249,0.628571428571429,0.0142857142857143,0.0285714285714286,44,2,2,35,70,2,16,0.0625,0.125,FALSE,0.962990654205607,0.208952228020875,809
"anchor_113","module_edge_jaccard","HOG:0024337","similarity","concordant_minus_discordant",0.637246213356248,0.639781864594205,-0.00253565123795696,0.628571428571429,0.0142857142857143,0.0285714285714286,44,2,2,35,70,2,16,0.0625,0.125,FALSE,0.962990654205607,0.663264067113724,810
"anchor_81","module_edge_jaccard","HOG:0023669","similarity","concordant_minus_discordant",0.722400348862944,0.72509674954765,-0.00269640068470611,0.628571428571429,0.0142857142857143,0.0285714285714286,44,2,2,35,70,2,16,0.0625,0.125,FALSE,0.962990654205607,0.717890442633727,811
"anchor_64","module_edge_jaccard","HOG:0006263","similarity","concordant_minus_discordant",0.812061082724768,0.814868752868283,-0.00280767014351513,0.628571428571429,0.0142857142857143,0.0285714285714286,44,2,2,35,70,2,16,0.0625,0.125,FALSE,0.962990654205607,0.796991349011458,812
"anchor_163","module_edge_jaccard","HOG:0008717","similarity","concordant_minus_discordant",0.516416980924168,0.519636286602329,-0.00321930567816042,0.628571428571429,0.0142857142857143,0.0285714285714286,44,2,2,35,70,2,16,0.0625,0.125,FALSE,0.962990654205607,0.525297619047619,813
"anchor_132","neighborhood_jaccard","HOG:0030886","similarity","concordant_minus_discordant",0.280491353569541,0.283930322743598,-0.00343896917405762,0.628571428571429,0.0142857142857143,0.0285714285714286,44,2,2,35,70,2,16,0.0625,0.125,FALSE,0.962990654205607,0.299552749276506,814
"anchor_100","neighborhood_jaccard","HOG:0012035","similarity","concordant_minus_discordant",0.282288843083183,0.286144208077222,-0.00385536499403855,0.628571428571429,0.0142857142857143,0.0285714285714286,44,2,2,35,70,2,16,0.0625,0.125,FALSE,0.962990654205607,0.346132376395534,815
"anchor_312","neighborhood_jaccard","HOG:0023825","similarity","concordant_minus_discordant",0.142065526399592,0.146006243326727,-0.00394071692713566,0.628571428571429,0.0142857142857143,0.0285714285714286,44,2,2,35,70,2,16,0.0625,0.125,FALSE,0.962990654205607,0.136036377415688,816
"anchor_57","matched_edge_correlation","HOG:0031653","similarity","concordant_minus_discordant",0.332651618344147,0.337249837501838,-0.00459821915769104,0.628571428571429,0.0142857142857143,0.0285714285714286,44,2,2,35,70,2,16,0.0625,0.125,FALSE,0.962990654205607,0.329832687041679,817
"anchor_255","matched_edge_correlation","HOG:0032961","similarity","concordant_minus_discordant",0.109744904444816,0.115108944627223,-0.00536404018240651,0.628571428571429,0.0142857142857143,0.0285714285714286,44,2,2,35,70,2,16,0.0625,0.125,FALSE,0.962990654205607,0.0527225570996141,818
"anchor_82","matched_edge_correlation","HOG:0029401","similarity","concordant_minus_discordant",0.298039168542187,0.303442223596617,-0.00540305505442984,0.628571428571429,0.0142857142857143,0.0285714285714286,44,2,2,35,70,2,16,0.0625,0.125,FALSE,0.962990654205607,0.267422562263408,819
"anchor_142","module_edge_jaccard","HOG:0029540","similarity","concordant_minus_discordant",0.503952080254232,0.509515064951433,-0.00556298469720062,0.628571428571429,0.0142857142857143,0.0285714285714286,44,2,2,35,70,2,16,0.0625,0.125,FALSE,0.962990654205607,0.472561760164694,820
"anchor_330","neighborhood_jaccard","HOG:0025801","similarity","concordant_minus_discordant",0.135917601832211,0.141962309068192,-0.00604470723598069,0.628571428571429,0.0142857142857143,0.0285714285714286,44,2,2,35,70,2,16,0.0625,0.125,FALSE,0.962990654205607,0.165182691785656,821
"anchor_21","neighborhood_jaccard","HOG:0022504","similarity","concordant_minus_discordant",0.540303197063691,0.547564025525074,-0.00726082846138265,0.628571428571429,0.0142857142857143,0.0285714285714286,44,2,2,35,70,2,16,0.0625,0.125,FALSE,0.962990654205607,0.546950240770466,822
"anchor_199","neighborhood_jaccard","HOG:0017178","similarity","concordant_minus_discordant",0.308846837016449,0.316800577270918,-0.00795374025446927,0.628571428571429,0.0142857142857143,0.0285714285714286,44,2,2,35,70,2,16,0.0625,0.125,FALSE,0.962990654205607,0.30938941788554,823
"anchor_198","module_edge_jaccard","HOG:0005877","similarity","concordant_minus_discordant",0.464164880258561,0.473642329970244,-0.00947744971168357,0.628571428571429,0.0142857142857143,0.0285714285714286,44,2,2,35,70,2,16,0.0625,0.125,FALSE,0.962990654205607,0.533355852052018,824
"anchor_92","matched_edge_correlation","HOG:0028695","similarity","concordant_minus_discordant",0.137145992838332,0.147167552640072,-0.0100215598017402,0.628571428571429,0.0142857142857143,0.0285714285714286,44,2,2,35,70,2,16,0.0625,0.125,FALSE,0.962990654205607,0.202656927616906,825
"anchor_321","module_edge_jaccard","HOG:0028005","similarity","concordant_minus_discordant",0.537084468952556,0.553383481390563,-0.0162990124380071,0.628571428571429,0.0142857142857143,0.0285714285714286,44,2,2,35,70,2,16,0.0625,0.125,FALSE,0.962990654205607,0.523613721804511,826
"anchor_258","matched_edge_correlation","HOG:0027091","similarity","concordant_minus_discordant",0.0649538794650768,0.104805800816612,-0.039851921351535,0.628571428571429,0.0142857142857143,0.0285714285714286,44,2,2,35,70,2,16,0.0625,0.125,FALSE,0.962990654205607,0.156560283104893,827
"anchor_49","matched_edge_mean_abs_log_threshold_distance","HOG:0020408","distance","discordant_minus_concordant",0.0148935939895616,0.0147308097969372,-0.000162784192624414,0.657142857142857,0.0142857142857143,0.0285714285714286,46,2,2,35,70,2,16,0.0625,0.125,FALSE,0.962990654205607,0.0155166652924505,828
"anchor_245","matched_edge_mean_abs_log_threshold_distance","HOG:0026703","distance","discordant_minus_concordant",0.0182405247262021,0.018074027699725,-0.000166497026477166,0.657142857142857,0.0142857142857143,0.0285714285714286,46,2,2,35,70,2,16,0.0625,0.125,FALSE,0.962990654205607,0.018722880737547,829
"anchor_328","matched_edge_mean_abs_log_threshold_distance","HOG:0021943","distance","discordant_minus_concordant",0.0179730916732545,0.017800713964365,-0.00017237770888956,0.657142857142857,0.0142857142857143,0.0285714285714286,46,2,2,35,70,2,16,0.0625,0.125,FALSE,0.962990654205607,0.017870061976886,830
"anchor_79","matched_edge_mean_abs_log_threshold_distance","HOG:0017159","distance","discordant_minus_concordant",0.0145459596508795,0.0143506530363435,-0.000195306614535996,0.657142857142857,0.0142857142857143,0.0285714285714286,46,2,2,35,70,2,16,0.0625,0.125,FALSE,0.962990654205607,0.0147496606600302,831
"anchor_309","matched_edge_mean_abs_log_threshold_distance","HOG:0011540","distance","discordant_minus_concordant",0.0170627825231063,0.0167725758097303,-0.000290206713376047,0.657142857142857,0.0142857142857143,0.0285714285714286,46,2,2,35,70,2,16,0.0625,0.125,FALSE,0.962990654205607,0.0176812699375525,832
"anchor_251","matched_edge_mean_abs_log_threshold_distance","HOG:0011497","distance","discordant_minus_concordant",0.0161655562789425,0.0157379632964352,-0.000427592982507323,0.657142857142857,0.0142857142857143,0.0285714285714286,46,2,2,35,70,2,16,0.0625,0.125,FALSE,0.962990654205607,0.0158467993593788,833
"anchor_26","module_edge_jaccard","HOG:0020311","similarity","concordant_minus_discordant",0.777934201856927,0.779148907373559,-0.00121470551663128,0.657142857142857,0.0142857142857143,0.0285714285714286,46,2,2,35,70,2,16,0.0625,0.125,FALSE,0.962990654205607,0.802523146098854,834
"anchor_183","module_edge_jaccard","HOG:0031530","similarity","concordant_minus_discordant",0.832748141548074,0.836004821228636,-0.00325667968056198,0.657142857142857,0.0142857142857143,0.0285714285714286,46,2,2,35,70,2,16,0.0625,0.125,FALSE,0.962990654205607,0.869253282840977,835
"anchor_09","neighborhood_jaccard","HOG:0029484","similarity","concordant_minus_discordant",0.564903281510315,0.568877861275892,-0.00397457976557647,0.657142857142857,0.0142857142857143,0.0285714285714286,46,2,2,35,70,2,16,0.0625,0.125,FALSE,0.962990654205607,0.574524312896406,836
"anchor_327","neighborhood_jaccard","HOG:0026946","similarity","concordant_minus_discordant",0.0995954780834945,0.103853125845371,-0.00425764776187616,0.657142857142857,0.0142857142857143,0.0285714285714286,46,2,2,35,70,2,16,0.0625,0.125,FALSE,0.962990654205607,0.130456209518445,837
"anchor_34","neighborhood_jaccard","HOG:0000226","similarity","concordant_minus_discordant",0.540168004786823,0.544736891519539,-0.00456888673271594,0.657142857142857,0.0142857142857143,0.0285714285714286,46,2,2,35,70,2,16,0.0625,0.125,FALSE,0.962990654205607,0.55039276295267,838
"anchor_210","matched_edge_correlation","HOG:0012540","similarity","concordant_minus_discordant",0.117880406600799,0.122794227944,-0.00491382134320087,0.657142857142857,0.0142857142857143,0.0285714285714286,46,2,2,35,70,2,16,0.0625,0.125,FALSE,0.962990654205607,0.164569214858652,839
"anchor_220","matched_edge_correlation","HOG:0011715","similarity","concordant_minus_discordant",0.107070116524136,0.112668624191028,-0.00559850766689191,0.657142857142857,0.0142857142857143,0.0285714285714286,46,2,2,35,70,2,16,0.0625,0.125,FALSE,0.962990654205607,0.0872686532844794,840
"anchor_66","neighborhood_jaccard","HOG:0027281","similarity","concordant_minus_discordant",0.417853445175883,0.423862612488925,-0.0060091673130423,0.657142857142857,0.0142857142857143,0.0285714285714286,46,2,2,35,70,2,16,0.0625,0.125,FALSE,0.962990654205607,0.427785234899329,841
"anchor_300","neighborhood_jaccard","HOG:0023036","similarity","concordant_minus_discordant",0.152336210700252,0.158364201641408,-0.00602799094115503,0.657142857142857,0.0142857142857143,0.0285714285714286,46,2,2,35,70,2,16,0.0625,0.125,FALSE,0.962990654205607,0.163146021328958,842
"anchor_135","neighborhood_jaccard","HOG:0004114","similarity","concordant_minus_discordant",0.248111422309245,0.25415627165649,-0.00604484934724525,0.657142857142857,0.0142857142857143,0.0285714285714286,46,2,2,35,70,2,16,0.0625,0.125,FALSE,0.962990654205607,0.268693693693694,843
"anchor_116","matched_edge_correlation","HOG:0023564","similarity","concordant_minus_discordant",0.12812963638662,0.13493313819201,-0.00680350180538961,0.657142857142857,0.0142857142857143,0.0285714285714286,46,2,2,35,70,2,16,0.0625,0.125,FALSE,0.962990654205607,0.160858557111812,844
"anchor_133","neighborhood_jaccard","HOG:0020711","similarity","concordant_minus_discordant",0.344365858431215,0.351664229202728,-0.00729837077151368,0.657142857142857,0.0142857142857143,0.0285714285714286,46,2,2,35,70,2,16,0.0625,0.125,FALSE,0.962990654205607,0.349537037037037,845
"anchor_44","matched_edge_correlation","HOG:0000178","similarity","concordant_minus_discordant",0.310783556263919,0.319177538691177,-0.00839398242725781,0.657142857142857,0.0142857142857143,0.0285714285714286,46,2,2,35,70,2,16,0.0625,0.125,FALSE,0.962990654205607,0.309956765413812,846
"anchor_124","matched_edge_correlation","HOG:0008697","similarity","concordant_minus_discordant",0.160271187241465,0.168930433241399,-0.00865924599993409,0.657142857142857,0.0142857142857143,0.0285714285714286,46,2,2,35,70,2,16,0.0625,0.125,FALSE,0.962990654205607,0.220272871980765,847
"anchor_141","neighborhood_jaccard","HOG:0026234","similarity","concordant_minus_discordant",0.329379324764344,0.338154514660539,-0.00877518989619452,0.657142857142857,0.0142857142857143,0.0285714285714286,46,2,2,35,70,2,16,0.0625,0.125,FALSE,0.962990654205607,0.420373187757294,848
"anchor_89","matched_edge_correlation","HOG:0028008","similarity","concordant_minus_discordant",0.313434593261886,0.322868664249295,-0.00943407098740834,0.657142857142857,0.0142857142857143,0.0285714285714286,46,2,2,35,70,2,16,0.0625,0.125,FALSE,0.962990654205607,0.315933332288505,849
"anchor_111","neighborhood_jaccard","HOG:0016913","similarity","concordant_minus_discordant",0.439140828719234,0.449077413367382,-0.00993658464814817,0.657142857142857,0.0142857142857143,0.0285714285714286,46,2,2,35,70,2,16,0.0625,0.125,FALSE,0.962990654205607,0.464027820006081,850
"anchor_323","neighborhood_jaccard","HOG:0026451","similarity","concordant_minus_discordant",0.160920905801747,0.171217657072876,-0.0102967512711281,0.657142857142857,0.0142857142857143,0.0285714285714286,46,2,2,35,70,2,16,0.0625,0.125,FALSE,0.962990654205607,0.177777777777778,851
"anchor_112","matched_edge_correlation","HOG:0026556","similarity","concordant_minus_discordant",0.127226086154966,0.137760240650546,-0.0105341544955802,0.657142857142857,0.0142857142857143,0.0285714285714286,46,2,2,35,70,2,16,0.0625,0.125,FALSE,0.962990654205607,0.17042342528646,852
"anchor_160","neighborhood_jaccard","HOG:0024444","similarity","concordant_minus_discordant",0.337554136941722,0.348341780455615,-0.0107876435138932,0.657142857142857,0.0142857142857143,0.0285714285714286,46,2,2,35,70,2,16,0.0625,0.125,FALSE,0.962990654205607,0.348132999076395,853
"anchor_334","module_edge_jaccard","HOG:0023048","similarity","concordant_minus_discordant",0.556286168609445,0.567083284738285,-0.01079711612884,0.657142857142857,0.0142857142857143,0.0285714285714286,46,2,2,35,70,2,16,0.0625,0.125,FALSE,0.962990654205607,0.617126359992365,854
"anchor_230","matched_edge_correlation","HOG:0012102","similarity","concordant_minus_discordant",0.112630410047161,0.123505457665779,-0.0108750476186185,0.657142857142857,0.0142857142857143,0.0285714285714286,46,2,2,35,70,2,16,0.0625,0.125,FALSE,0.962990654205607,0.154738963569054,855
"anchor_286","matched_edge_correlation","HOG:0028717","similarity","concordant_minus_discordant",0.261839265736166,0.276798683423434,-0.0149594176872683,0.657142857142857,0.0142857142857143,0.0285714285714286,46,2,2,35,70,2,16,0.0625,0.125,FALSE,0.962990654205607,0.348488734324825,856
"anchor_318","module_edge_jaccard","HOG:0005960","similarity","concordant_minus_discordant",0.455374636367705,0.471121712498251,-0.0157470761305457,0.657142857142857,0.0142857142857143,0.0285714285714286,46,2,2,35,70,2,16,0.0625,0.125,FALSE,0.962990654205607,0.464723926380368,857
"anchor_236","module_edge_jaccard","HOG:0003795","similarity","concordant_minus_discordant",0.549245130027769,0.567498137718302,-0.0182530076905331,0.657142857142857,0.0142857142857143,0.0285714285714286,46,2,2,35,70,2,16,0.0625,0.125,FALSE,0.962990654205607,0.521778584392015,858
"anchor_113","matched_edge_correlation","HOG:0024337","similarity","concordant_minus_discordant",0.198926005680667,0.2197014944497,-0.0207754887690328,0.657142857142857,0.0142857142857143,0.0285714285714286,46,2,2,35,70,2,16,0.0625,0.125,FALSE,0.962990654205607,0.18911720779293,859
"anchor_314","matched_edge_correlation","HOG:0031066","similarity","concordant_minus_discordant",0.102469131199526,0.12329894458669,-0.0208298133871641,0.657142857142857,0.0142857142857143,0.0285714285714286,46,2,2,35,70,2,16,0.0625,0.125,FALSE,0.962990654205607,0.156890852823936,860
"anchor_245","matched_edge_correlation","HOG:0026703","similarity","concordant_minus_discordant",0.0747878948567424,0.0970164066885732,-0.0222285118318308,0.657142857142857,0.0142857142857143,0.0285714285714286,46,2,2,35,70,2,16,0.0625,0.125,FALSE,0.962990654205607,0.158266425318894,861
"anchor_306","matched_edge_correlation","HOG:0010549","similarity","concordant_minus_discordant",0.0575821971495131,0.0860849884935743,-0.0285027913440612,0.657142857142857,0.0142857142857143,0.0285714285714286,46,2,2,35,70,2,16,0.0625,0.125,FALSE,0.962990654205607,0.172607661674583,862
"anchor_251","matched_edge_correlation","HOG:0011497","similarity","concordant_minus_discordant",0.232047352405609,0.263504424488661,-0.0314570720830524,0.657142857142857,0.0142857142857143,0.0285714285714286,46,2,2,35,70,2,16,0.0625,0.125,FALSE,0.962990654205607,0.235816322824657,863
"anchor_301","module_edge_jaccard","HOG:0018459","similarity","concordant_minus_discordant",0.459332624134414,0.495022231462522,-0.0356896073281078,0.657142857142857,0.0142857142857143,0.0285714285714286,46,2,2,35,70,2,16,0.0625,0.125,FALSE,0.962990654205607,0.396666666666667,864
"anchor_27","matched_edge_mean_abs_log_threshold_distance","HOG:0004192","distance","discordant_minus_concordant",0.0148052362647302,0.0146216714444807,-0.000183564820249489,0.685714285714286,0.0142857142857143,0.0285714285714286,48,2,2,35,70,2,16,0.0625,0.125,FALSE,0.962990654205607,0.0151578656193287,865
"anchor_101","matched_edge_mean_abs_log_threshold_distance","HOG:0007833","distance","discordant_minus_concordant",0.0169042472939288,0.0166395286911751,-0.000264718602753677,0.685714285714286,0.0142857142857143,0.0285714285714286,48,2,2,35,70,2,16,0.0625,0.125,FALSE,0.962990654205607,0.0174130214753613,866
"anchor_233","matched_edge_mean_abs_log_threshold_distance","HOG:0016200","distance","discordant_minus_concordant",0.0179685062137432,0.0176672088016698,-0.000301297412073447,0.685714285714286,0.0142857142857143,0.0285714285714286,48,2,2,35,70,2,16,0.0625,0.125,FALSE,0.962990654205607,0.0181955110579952,867
"anchor_284","matched_edge_mean_abs_log_threshold_distance","HOG:0022810","distance","discordant_minus_concordant",0.0190369611684518,0.0187339422544228,-0.000303018914028938,0.685714285714286,0.0142857142857143,0.0285714285714286,48,2,2,35,70,2,16,0.0625,0.125,FALSE,0.962990654205607,0.0192740339653162,868
"anchor_296","matched_edge_mean_abs_log_threshold_distance","HOG:0032348","distance","discordant_minus_concordant",0.0182063475364193,0.0178778118878392,-0.000328535648580087,0.685714285714286,0.0142857142857143,0.0285714285714286,48,2,2,35,70,2,16,0.0625,0.125,FALSE,0.962990654205607,0.0190323080959067,869
"anchor_223","matched_edge_mean_abs_log_threshold_distance","HOG:0013389","distance","discordant_minus_concordant",0.0175753444822237,0.0172342003774431,-0.000341144104780602,0.685714285714286,0.0142857142857143,0.0285714285714286,48,2,2,35,70,2,16,0.0625,0.125,FALSE,0.962990654205607,0.0169340457478998,870
"anchor_117","module_edge_jaccard","HOG:0021123","similarity","concordant_minus_discordant",0.65818766383067,0.660801758546323,-0.00261409471565244,0.685714285714286,0.0142857142857143,0.0285714285714286,48,2,2,35,70,2,16,0.0625,0.125,FALSE,0.962990654205607,0.675141875746714,871
"anchor_26","matched_edge_correlation","HOG:0020311","similarity","concordant_minus_discordant",0.298583869374372,0.301325024185112,-0.00274115481074,0.685714285714286,0.0142857142857143,0.0285714285714286,48,2,2,35,70,2,16,0.0625,0.125,FALSE,0.962990654205607,0.29183421209077,872
"anchor_196","module_edge_jaccard","HOG:0006523","similarity","concordant_minus_discordant",0.473486323098417,0.47747929067966,-0.00399296758124296,0.685714285714286,0.0142857142857143,0.0285714285714286,48,2,2,35,70,2,16,0.0625,0.125,FALSE,0.962990654205607,0.484917475135762,873
"anchor_13","matched_edge_correlation","HOG:0006264","similarity","concordant_minus_discordant",0.306048989765711,0.31028444148722,-0.00423545172150874,0.685714285714286,0.0142857142857143,0.0285714285714286,48,2,2,35,70,2,16,0.0625,0.125,FALSE,0.962990654205607,0.314949818979761,874
"anchor_70","module_edge_jaccard","HOG:0032161","similarity","concordant_minus_discordant",0.777060455073345,0.781637138934279,-0.00457668386093346,0.685714285714286,0.0142857142857143,0.0285714285714286,48,2,2,35,70,2,16,0.0625,0.125,FALSE,0.962990654205607,0.785044887784798,875
"anchor_71","neighborhood_jaccard","HOG:0025186","similarity","concordant_minus_discordant",0.504783611061239,0.509725559612046,-0.00494194855080654,0.685714285714286,0.0142857142857143,0.0285714285714286,48,2,2,35,70,2,16,0.0625,0.125,FALSE,0.962990654205607,0.528621430933745,876
"anchor_225","neighborhood_jaccard","HOG:0032904","similarity","concordant_minus_discordant",0.236839088881265,0.241974647433637,-0.00513555855237169,0.685714285714286,0.0142857142857143,0.0285714285714286,48,2,2,35,70,2,16,0.0625,0.125,FALSE,0.962990654205607,0.270093737534902,877
"anchor_37","neighborhood_jaccard","HOG:0007638","similarity","concordant_minus_discordant",0.55973377915079,0.564883728556561,-0.00514994940577151,0.685714285714286,0.0142857142857143,0.0285714285714286,48,2,2,35,70,2,16,0.0625,0.125,FALSE,0.962990654205607,0.551693766937669,878
"anchor_213","module_edge_jaccard","HOG:0026073","similarity","concordant_minus_discordant",0.496386430908385,0.501964691151185,-0.00557826024280023,0.685714285714286,0.0142857142857143,0.0285714285714286,48,2,2,35,70,2,16,0.0625,0.125,FALSE,0.962990654205607,0.5297109452109,879
"anchor_138","module_edge_jaccard","HOG:0025231","similarity","concordant_minus_discordant",0.663199431810208,0.668895229809559,-0.00569579799935049,0.685714285714286,0.0142857142857143,0.0285714285714286,48,2,2,35,70,2,16,0.0625,0.125,FALSE,0.962990654205607,0.701786923371309,880
"anchor_49","matched_edge_correlation","HOG:0020408","similarity","concordant_minus_discordant",0.315878102669094,0.32176868333256,-0.00589058066346615,0.685714285714286,0.0142857142857143,0.0285714285714286,48,2,2,35,70,2,16,0.0625,0.125,FALSE,0.962990654205607,0.321918654646234,881
"anchor_164","module_edge_jaccard","HOG:0027054","similarity","concordant_minus_discordant",0.552891684063956,0.560224112942338,-0.00733242887838226,0.685714285714286,0.0142857142857143,0.0285714285714286,48,2,2,35,70,2,16,0.0625,0.125,FALSE,0.962990654205607,0.557851751610567,882
"anchor_76","matched_edge_correlation","HOG:0016566","similarity","concordant_minus_discordant",0.315030404845019,0.322532734413794,-0.00750232956877467,0.685714285714286,0.0142857142857143,0.0285714285714286,48,2,2,35,70,2,16,0.0625,0.125,FALSE,0.962990654205607,0.296683640409375,883
"anchor_310","neighborhood_jaccard","HOG:0007835","similarity","concordant_minus_discordant",0.24420382457075,0.252119073744818,-0.00791524917406872,0.685714285714286,0.0142857142857143,0.0285714285714286,48,2,2,35,70,2,16,0.0625,0.125,FALSE,0.962990654205607,0.244255514705882,884
"anchor_95","module_edge_jaccard","HOG:0026142","similarity","concordant_minus_discordant",0.833462254488811,0.841989608714633,-0.00852735422582207,0.685714285714286,0.0142857142857143,0.0285714285714286,48,2,2,35,70,2,16,0.0625,0.125,FALSE,0.962990654205607,0.862036065260948,885
"anchor_112","neighborhood_jaccard","HOG:0026556","similarity","concordant_minus_discordant",0.246121971219441,0.254677437295645,-0.00855546607620364,0.685714285714286,0.0142857142857143,0.0285714285714286,48,2,2,35,70,2,16,0.0625,0.125,FALSE,0.962990654205607,0.251804493563794,886
"anchor_119","neighborhood_jaccard","HOG:0006139","similarity","concordant_minus_discordant",0.343099477626856,0.352256813030816,-0.0091573354039603,0.685714285714286,0.0142857142857143,0.0285714285714286,48,2,2,35,70,2,16,0.0625,0.125,FALSE,0.962990654205607,0.341816159087749,887
"anchor_195","module_edge_jaccard","HOG:0029148","similarity","concordant_minus_discordant",0.552590371337984,0.562762479423152,-0.0101721080851684,0.685714285714286,0.0142857142857143,0.0285714285714286,48,2,2,35,70,2,16,0.0625,0.125,FALSE,0.962990654205607,0.569608350586611,888
"anchor_247","module_edge_jaccard","HOG:0013148","similarity","concordant_minus_discordant",0.623843809444933,0.634902150545533,-0.0110583411005996,0.685714285714286,0.0142857142857143,0.0285714285714286,48,2,2,35,70,2,16,0.0625,0.125,FALSE,0.962990654205607,0.621794871794872,889
"anchor_318","neighborhood_jaccard","HOG:0005960","similarity","concordant_minus_discordant",0.170210823781857,0.182744657180932,-0.0125338333990753,0.685714285714286,0.0142857142857143,0.0285714285714286,48,2,2,35,70,2,16,0.0625,0.125,FALSE,0.962990654205607,0.202267785026406,890
"anchor_77","matched_edge_correlation","HOG:0024401","similarity","concordant_minus_discordant",0.313807307141068,0.327587967786208,-0.0137806606451398,0.685714285714286,0.0142857142857143,0.0285714285714286,48,2,2,35,70,2,16,0.0625,0.125,FALSE,0.962990654205607,0.323464158246566,891
"anchor_146","matched_edge_correlation","HOG:0032629","similarity","concordant_minus_discordant",0.158256407645044,0.172544912233704,-0.0142885045886598,0.685714285714286,0.0142857142857143,0.0285714285714286,48,2,2,35,70,2,16,0.0625,0.125,FALSE,0.962990654205607,0.174849610644288,892
"anchor_281","matched_edge_correlation","HOG:0011064","similarity","concordant_minus_discordant",0.11543296721558,0.133591608808587,-0.0181586415930069,0.685714285714286,0.0142857142857143,0.0285714285714286,48,2,2,35,70,2,16,0.0625,0.125,FALSE,0.962990654205607,0.130402513402456,893
"anchor_216","matched_edge_correlation","HOG:0016625","similarity","concordant_minus_discordant",0.126039472913897,0.153109666936275,-0.027070194022378,0.685714285714286,0.0142857142857143,0.0285714285714286,48,2,2,35,70,2,16,0.0625,0.125,FALSE,0.962990654205607,0.161608731647851,894
"anchor_36","matched_edge_mean_abs_log_threshold_distance","HOG:0018221","distance","discordant_minus_concordant",0.0147150734266872,0.0145613568013677,-0.000153716625319546,0.714285714285714,0.0142857142857143,0.0285714285714286,50,2,2,35,70,2,16,0.0625,0.125,FALSE,0.962990654205607,0.0153746667162064,895
"anchor_39","matched_edge_mean_abs_log_threshold_distance","HOG:0007936","distance","discordant_minus_concordant",0.0146779088275291,0.0144873023260498,-0.000190606501479257,0.714285714285714,0.0142857142857143,0.0285714285714286,50,2,2,35,70,2,16,0.0625,0.125,FALSE,0.962990654205607,0.0150535888014768,896
"anchor_20","matched_edge_mean_abs_log_threshold_distance","HOG:0023601","distance","discordant_minus_concordant",0.0148114704114273,0.014620751399245,-0.000190719012182348,0.714285714285714,0.0142857142857143,0.0285714285714286,50,2,2,35,70,2,16,0.0625,0.125,FALSE,0.962990654205607,0.0149098714222842,897
"anchor_146","matched_edge_mean_abs_log_threshold_distance","HOG:0032629","distance","discordant_minus_concordant",0.0175784231796418,0.0173821363889666,-0.000196286790675213,0.714285714285714,0.0142857142857143,0.0285714285714286,50,2,2,35,70,2,16,0.0625,0.125,FALSE,0.962990654205607,0.0171470831623475,898
"anchor_171","matched_edge_mean_abs_log_threshold_distance","HOG:0008585","distance","discordant_minus_concordant",0.0184402266683491,0.0182312132361235,-0.000209013432225524,0.714285714285714,0.0142857142857143,0.0285714285714286,50,2,2,35,70,2,16,0.0625,0.125,FALSE,0.962990654205607,0.0186697823461737,899
"anchor_41","matched_edge_mean_abs_log_threshold_distance","HOG:0028089","distance","discordant_minus_concordant",0.0147131734769752,0.0144785920282836,-0.000234581448691587,0.714285714285714,0.0142857142857143,0.0285714285714286,50,2,2,35,70,2,16,0.0625,0.125,FALSE,0.962990654205607,0.015394497063986,900
"anchor_65","matched_edge_mean_abs_log_threshold_distance","HOG:0018364","distance","discordant_minus_concordant",0.0140282943167141,0.0137613023224617,-0.000266991994252364,0.714285714285714,0.0142857142857143,0.0285714285714286,50,2,2,35,70,2,16,0.0625,0.125,FALSE,0.962990654205607,0.0145986741273509,901
"anchor_273","matched_edge_mean_abs_log_threshold_distance","HOG:0006057","distance","discordant_minus_concordant",0.0161691683744267,0.0158849402657331,-0.000284228108693618,0.714285714285714,0.0142857142857143,0.0285714285714286,50,2,2,35,70,2,16,0.0625,0.125,FALSE,0.962990654205607,0.0154037201511552,902
"anchor_188","matched_edge_mean_abs_log_threshold_distance","HOG:0005666","distance","discordant_minus_concordant",0.0177165794622486,0.0174236764082389,-0.000292903054009783,0.714285714285714,0.0142857142857143,0.0285714285714286,50,2,2,35,70,2,16,0.0625,0.125,FALSE,0.962990654205607,0.0181632926776858,903
"anchor_95","matched_edge_mean_abs_log_threshold_distance","HOG:0026142","distance","discordant_minus_concordant",0.0143597278176571,0.0139781067738794,-0.000381621043777695,0.714285714285714,0.0142857142857143,0.0285714285714286,50,2,2,35,70,2,16,0.0625,0.125,FALSE,0.962990654205607,0.0140489737932653,904
"anchor_184","matched_edge_mean_abs_log_threshold_distance","HOG:0026019","distance","discordant_minus_concordant",0.0171026959474332,0.0166965969818323,-0.000406098965600867,0.714285714285714,0.0142857142857143,0.0285714285714286,50,2,2,35,70,2,16,0.0625,0.125,FALSE,0.962990654205607,0.0171007071143714,905
"anchor_326","matched_edge_mean_abs_log_threshold_distance","HOG:0031982","distance","discordant_minus_concordant",0.0190130608059699,0.0185546723806756,-0.000458388425294252,0.714285714285714,0.0142857142857143,0.0285714285714286,50,2,2,35,70,2,16,0.0625,0.125,FALSE,0.962990654205607,0.0194970484412092,906
"anchor_150","matched_edge_mean_abs_log_threshold_distance","HOG:0011478","distance","discordant_minus_concordant",0.0175830465165637,0.0169385423448704,-0.000644504171693306,0.714285714285714,0.0142857142857143,0.0285714285714286,50,2,2,35,70,2,16,0.0625,0.125,FALSE,0.962990654205607,0.0198281428969528,907
"anchor_321","matched_edge_mean_abs_log_threshold_distance","HOG:0028005","distance","discordant_minus_concordant",0.0184069553003157,0.017751341513106,-0.000655613787209675,0.714285714285714,0.0142857142857143,0.0285714285714286,50,2,2,35,70,2,16,0.0625,0.125,FALSE,0.962990654205607,0.0173463546182994,908
"anchor_312","matched_edge_mean_abs_log_threshold_distance","HOG:0023825","distance","discordant_minus_concordant",0.0189172762750267,0.0179885983825795,-0.00092867789244722,0.714285714285714,0.0142857142857143,0.0285714285714286,50,2,2,35,70,2,16,0.0625,0.125,FALSE,0.962990654205607,0.0184116421022829,909
"anchor_11","module_edge_jaccard","HOG:0021930","similarity","concordant_minus_discordant",0.748996837494503,0.752395082464749,-0.00339824497024577,0.714285714285714,0.0142857142857143,0.0285714285714286,50,2,2,35,70,2,16,0.0625,0.125,FALSE,0.962990654205607,0.751270380499068,910
"anchor_166","module_edge_jaccard","HOG:0016397","similarity","concordant_minus_discordant",0.49755321852508,0.50103843228177,-0.00348521375669031,0.714285714285714,0.0142857142857143,0.0285714285714286,50,2,2,35,70,2,16,0.0625,0.125,FALSE,0.962990654205607,0.504682933206339,911
"anchor_63","matched_edge_correlation","HOG:0020349","similarity","concordant_minus_discordant",0.345539458499433,0.349743817466855,-0.00420435896742155,0.714285714285714,0.0142857142857143,0.0285714285714286,50,2,2,35,70,2,16,0.0625,0.125,FALSE,0.962990654205607,0.343344871690869,912
"anchor_42","matched_edge_correlation","HOG:0032893","similarity","concordant_minus_discordant",0.300638134029635,0.304871529295961,-0.00423339526632532,0.714285714285714,0.0142857142857143,0.0285714285714286,50,2,2,35,70,2,16,0.0625,0.125,FALSE,0.962990654205607,0.310030191372607,913
"anchor_123","neighborhood_jaccard","HOG:0005690","similarity","concordant_minus_discordant",0.274926136596363,0.279331985498208,-0.00440584890184531,0.714285714285714,0.0142857142857143,0.0285714285714286,50,2,2,35,70,2,16,0.0625,0.125,FALSE,0.962990654205607,0.32657958301551,914
"anchor_202","neighborhood_jaccard","HOG:0010482","similarity","concordant_minus_discordant",0.290469253840471,0.295140067709965,-0.00467081386949403,0.714285714285714,0.0142857142857143,0.0285714285714286,50,2,2,35,70,2,16,0.0625,0.125,FALSE,0.962990654205607,0.293755575379126,915
"anchor_28","matched_edge_correlation","HOG:0023914","similarity","concordant_minus_discordant",0.289136721076838,0.294298196074399,-0.00516147499756175,0.714285714285714,0.0142857142857143,0.0285714285714286,50,2,2,35,70,2,16,0.0625,0.125,FALSE,0.962990654205607,0.287931413999513,916
"anchor_222","neighborhood_jaccard","HOG:0032963","similarity","concordant_minus_discordant",0.174503494205829,0.179962242721448,-0.00545874851561878,0.714285714285714,0.0142857142857143,0.0285714285714286,50,2,2,35,70,2,16,0.0625,0.125,FALSE,0.962990654205607,0.210258152173913,917
"anchor_83","module_edge_jaccard","HOG:0023230","similarity","concordant_minus_discordant",0.758392808836184,0.764624895218239,-0.00623208638205486,0.714285714285714,0.0142857142857143,0.0285714285714286,50,2,2,35,70,2,16,0.0625,0.125,FALSE,0.962990654205607,0.765686276220455,918
"anchor_125","neighborhood_jaccard","HOG:0018534","similarity","concordant_minus_discordant",0.258386239609616,0.264712369129384,-0.00632612951976835,0.714285714285714,0.0142857142857143,0.0285714285714286,50,2,2,35,70,2,16,0.0625,0.125,FALSE,0.962990654205607,0.275767185896838,919
"anchor_171","module_edge_jaccard","HOG:0008585","similarity","concordant_minus_discordant",0.444465235411863,0.451101174839766,-0.00663593942790341,0.714285714285714,0.0142857142857143,0.0285714285714286,50,2,2,35,70,2,16,0.0625,0.125,FALSE,0.962990654205607,0.468834984459984,920
"anchor_46","neighborhood_jaccard","HOG:0021895","similarity","concordant_minus_discordant",0.513473583162861,0.52036529043223,-0.00689170726936839,0.714285714285714,0.0142857142857143,0.0285714285714286,50,2,2,35,70,2,16,0.0625,0.125,FALSE,0.962990654205607,0.494181739613556,921
"anchor_182","neighborhood_jaccard","HOG:0027090","similarity","concordant_minus_discordant",0.218439260606688,0.225675384453621,-0.00723612384693262,0.714285714285714,0.0142857142857143,0.0285714285714286,50,2,2,35,70,2,16,0.0625,0.125,FALSE,0.962990654205607,0.221487461353487,922
"anchor_169","neighborhood_jaccard","HOG:0030801","similarity","concordant_minus_discordant",0.209877910341672,0.217280351590041,-0.00740244124836917,0.714285714285714,0.0142857142857143,0.0285714285714286,50,2,2,35,70,2,16,0.0625,0.125,FALSE,0.962990654205607,0.223893065998329,923
"anchor_272","module_edge_jaccard","HOG:0027413","similarity","concordant_minus_discordant",0.503153285160268,0.51082828205239,-0.00767499689212181,0.714285714285714,0.0142857142857143,0.0285714285714286,50,2,2,35,70,2,16,0.0625,0.125,FALSE,0.962990654205607,0.486188871494149,924
"anchor_169","module_edge_jaccard","HOG:0030801","similarity","concordant_minus_discordant",0.564780896034366,0.573101877661354,-0.00832098162698758,0.714285714285714,0.0142857142857143,0.0285714285714286,50,2,2,35,70,2,16,0.0625,0.125,FALSE,0.962990654205607,0.572962242748339,925
"anchor_210","module_edge_jaccard","HOG:0012540","similarity","concordant_minus_discordant",0.517398153658499,0.525869026484634,-0.00847087282613523,0.714285714285714,0.0142857142857143,0.0285714285714286,50,2,2,35,70,2,16,0.0625,0.125,FALSE,0.962990654205607,0.529450669156551,926
"anchor_14","neighborhood_jaccard","HOG:0012056","similarity","concordant_minus_discordant",0.56277759646695,0.571319233528775,-0.00854163706182409,0.714285714285714,0.0142857142857143,0.0285714285714286,50,2,2,35,70,2,16,0.0625,0.125,FALSE,0.962990654205607,0.580378384502096,927
"anchor_82","module_edge_jaccard","HOG:0029401","similarity","concordant_minus_discordant",0.770719147086401,0.779397919973992,-0.00867877288759111,0.714285714285714,0.0142857142857143,0.0285714285714286,50,2,2,35,70,2,16,0.0625,0.125,FALSE,0.962990654205607,0.783639041889455,928
"anchor_79","matched_edge_correlation","HOG:0017159","similarity","concordant_minus_discordant",0.329936038932014,0.339420320768611,-0.00948428183659705,0.714285714285714,0.0142857142857143,0.0285714285714286,50,2,2,35,70,2,16,0.0625,0.125,FALSE,0.962990654205607,0.340860386620829,929
"anchor_256","neighborhood_jaccard","HOG:0006332","similarity","concordant_minus_discordant",0.231260487217698,0.241479262240916,-0.0102187750232182,0.714285714285714,0.0142857142857143,0.0285714285714286,50,2,2,35,70,2,16,0.0625,0.125,FALSE,0.962990654205607,0.268565248738284,930
"anchor_185","module_edge_jaccard","HOG:0005683","similarity","concordant_minus_discordant",0.65331071716694,0.663600948427602,-0.0102902312606616,0.714285714285714,0.0142857142857143,0.0285714285714286,50,2,2,35,70,2,16,0.0625,0.125,FALSE,0.962990654205607,0.649355717546572,931
"anchor_306","module_edge_jaccard","HOG:0010549","similarity","concordant_minus_discordant",0.431549590999948,0.44372744400229,-0.012177853002342,0.714285714285714,0.0142857142857143,0.0285714285714286,50,2,2,35,70,2,16,0.0625,0.125,FALSE,0.962990654205607,0.434932632270785,932
"anchor_319","module_edge_jaccard","HOG:0006661","similarity","concordant_minus_discordant",0.487452173851687,0.501478689659763,-0.0140265158080762,0.714285714285714,0.0142857142857143,0.0285714285714286,50,2,2,35,70,2,16,0.0625,0.125,FALSE,0.962990654205607,0.498757039216681,933
"anchor_304","module_edge_jaccard","HOG:0027032","similarity","concordant_minus_discordant",0.476174983873372,0.490222372893445,-0.0140473890200726,0.714285714285714,0.0142857142857143,0.0285714285714286,50,2,2,35,70,2,16,0.0625,0.125,FALSE,0.962990654205607,0.419871794871795,934
"anchor_176","matched_edge_correlation","HOG:0018009","similarity","concordant_minus_discordant",0.345786288372498,0.359851012723675,-0.0140647243511767,0.714285714285714,0.0142857142857143,0.0285714285714286,50,2,2,35,70,2,16,0.0625,0.125,FALSE,0.962990654205607,0.338760779377228,935
"anchor_208","neighborhood_jaccard","HOG:0027147","similarity","concordant_minus_discordant",0.304215020878472,0.318358302306612,-0.0141432814281408,0.714285714285714,0.0142857142857143,0.0285714285714286,50,2,2,35,70,2,16,0.0625,0.125,FALSE,0.962990654205607,0.33849387606613,936
"anchor_168","matched_edge_correlation","HOG:0000122","similarity","concordant_minus_discordant",0.247431743534947,0.266290456220022,-0.0188587126850742,0.714285714285714,0.0142857142857143,0.0285714285714286,50,2,2,35,70,2,16,0.0625,0.125,FALSE,0.962990654205607,0.240364260669995,937
"anchor_248","matched_edge_correlation","HOG:0028647","similarity","concordant_minus_discordant",0.0591271349492732,0.0877268250532145,-0.0285996901039413,0.714285714285714,0.0142857142857143,0.0285714285714286,50,2,2,35,70,2,16,0.0625,0.125,FALSE,0.962990654205607,0.12895606331156,938
"anchor_219","matched_edge_correlation","HOG:0025848","similarity","concordant_minus_discordant",0.131874653801743,0.177102790803508,-0.0452281370017647,0.714285714285714,0.0142857142857143,0.0285714285714286,50,2,2,35,70,2,16,0.0625,0.125,FALSE,0.962990654205607,0.174901225242842,939
"anchor_200","matched_edge_correlation","HOG:0005639","similarity","concordant_minus_discordant",0.260253165265131,0.324405975066478,-0.064152809801347,0.714285714285714,0.0142857142857143,0.0285714285714286,50,2,2,35,70,2,16,0.0625,0.125,FALSE,0.962990654205607,0.425705079155911,940
"anchor_32","matched_edge_mean_abs_log_threshold_distance","HOG:0005788","distance","discordant_minus_concordant",0.0147495855790765,0.014598093685385,-0.000151491893691569,0.742857142857143,0.0142857142857143,0.0285714285714286,52,2,2,35,70,2,16,0.0625,0.125,FALSE,0.962990654205607,0.0151896549502042,941
"anchor_86","matched_edge_mean_abs_log_threshold_distance","HOG:0026902","distance","discordant_minus_concordant",0.0144777162071131,0.0143206403874779,-0.000157075819635187,0.742857142857143,0.0142857142857143,0.0285714285714286,52,2,2,35,70,2,16,0.0625,0.125,FALSE,0.962990654205607,0.0152682916181339,942
"anchor_135","matched_edge_mean_abs_log_threshold_distance","HOG:0004114","distance","discordant_minus_concordant",0.0181877742561081,0.0179992524354244,-0.000188521820683716,0.742857142857143,0.0142857142857143,0.0285714285714286,52,2,2,35,70,2,16,0.0625,0.125,FALSE,0.962990654205607,0.0174325267650466,943
"anchor_34","matched_edge_mean_abs_log_threshold_distance","HOG:0000226","distance","discordant_minus_concordant",0.014648912825638,0.0144526333454576,-0.000196279480180467,0.742857142857143,0.0142857142857143,0.0285714285714286,52,2,2,35,70,2,16,0.0625,0.125,FALSE,0.962990654205607,0.0150149816739391,944
"anchor_63","matched_edge_mean_abs_log_threshold_distance","HOG:0020349","distance","discordant_minus_concordant",0.0143937555477619,0.0141639198497177,-0.000229835698044191,0.742857142857143,0.0142857142857143,0.0285714285714286,52,2,2,35,70,2,16,0.0625,0.125,FALSE,0.962990654205607,0.0149227511017377,945
"anchor_144","matched_edge_mean_abs_log_threshold_distance","HOG:0028381","distance","discordant_minus_concordant",0.0172006785901251,0.0169329707273335,-0.000267707862791604,0.742857142857143,0.0142857142857143,0.0285714285714286,52,2,2,35,70,2,16,0.0625,0.125,FALSE,0.962990654205607,0.0174833351964416,946
"anchor_110","matched_edge_mean_abs_log_threshold_distance","HOG:0028395","distance","discordant_minus_concordant",0.0164353737821534,0.0161559966026706,-0.000279377179482818,0.742857142857143,0.0142857142857143,0.0285714285714286,52,2,2,35,70,2,16,0.0625,0.125,FALSE,0.962990654205607,0.0163412662721129,947
"anchor_52","matched_edge_mean_abs_log_threshold_distance","HOG:0012253","distance","discordant_minus_concordant",0.0144670788253389,0.0141831325967672,-0.000283946228571759,0.742857142857143,0.0142857142857143,0.0285714285714286,52,2,2,35,70,2,16,0.0625,0.125,FALSE,0.962990654205607,0.0145026660237162,948
"anchor_244","matched_edge_mean_abs_log_threshold_distance","HOG:0027351","distance","discordant_minus_concordant",0.0178356665309116,0.0175162142574326,-0.000319452273478942,0.742857142857143,0.0142857142857143,0.0285714285714286,52,2,2,35,70,2,16,0.0625,0.125,FALSE,0.962990654205607,0.0192175440028815,949
"anchor_250","matched_edge_mean_abs_log_threshold_distance","HOG:0006334","distance","discordant_minus_concordant",0.0179313608349338,0.0175908672609037,-0.000340493574030189,0.742857142857143,0.0142857142857143,0.0285714285714286,52,2,2,35,70,2,16,0.0625,0.125,FALSE,0.962990654205607,0.016325928513608,950
"anchor_181","matched_edge_mean_abs_log_threshold_distance","HOG:0011544","distance","discordant_minus_concordant",0.0179265749790882,0.0175722811450862,-0.000354293834001984,0.742857142857143,0.0142857142857143,0.0285714285714286,52,2,2,35,70,2,16,0.0625,0.125,FALSE,0.962990654205607,0.0183103965788009,951
"anchor_199","matched_edge_mean_abs_log_threshold_distance","HOG:0017178","distance","discordant_minus_concordant",0.0146644745293832,0.0142711693284136,-0.000393305200969522,0.742857142857143,0.0142857142857143,0.0285714285714286,52,2,2,35,70,2,16,0.0625,0.125,FALSE,0.962990654205607,0.0150229987919493,952
"anchor_125","matched_edge_mean_abs_log_threshold_distance","HOG:0018534","distance","discordant_minus_concordant",0.0168070204592794,0.0162894829034544,-0.000517537555825065,0.742857142857143,0.0142857142857143,0.0285714285714286,52,2,2,35,70,2,16,0.0625,0.125,FALSE,0.962990654205607,0.0176961880786109,953
"anchor_200","matched_edge_mean_abs_log_threshold_distance","HOG:0005639","distance","discordant_minus_concordant",0.0168200477707139,0.0162520803898241,-0.000567967380889742,0.742857142857143,0.0142857142857143,0.0285714285714286,52,2,2,35,70,2,16,0.0625,0.125,FALSE,0.962990654205607,0.0162599726294256,954
"anchor_243","matched_edge_mean_abs_log_threshold_distance","HOG:0012390","distance","discordant_minus_concordant",0.015668984839234,0.0151009425068302,-0.000568042332403753,0.742857142857143,0.0142857142857143,0.0285714285714286,52,2,2,35,70,2,16,0.0625,0.125,FALSE,0.962990654205607,0.0146990763269566,955
"anchor_290","matched_edge_mean_abs_log_threshold_distance","HOG:0031056","distance","discordant_minus_concordant",0.0155243268525963,0.0147566554481544,-0.000767671404441927,0.742857142857143,0.0142857142857143,0.0285714285714286,52,2,2,35,70,2,16,0.0625,0.125,FALSE,0.962990654205607,0.0151985827091781,956
"anchor_44","module_edge_jaccard","HOG:0000178","similarity","concordant_minus_discordant",0.765713035773302,0.768710046896095,-0.00299701112279227,0.742857142857143,0.0142857142857143,0.0285714285714286,52,2,2,35,70,2,16,0.0625,0.125,FALSE,0.962990654205607,0.765201581242908,957
"anchor_18","neighborhood_jaccard","HOG:0000191","similarity","concordant_minus_discordant",0.58339111613552,0.588347284574116,-0.00495616843859581,0.742857142857143,0.0142857142857143,0.0285714285714286,52,2,2,35,70,2,16,0.0625,0.125,FALSE,0.962990654205607,0.602458596113418,958
"anchor_60","module_edge_jaccard","HOG:0000465","similarity","concordant_minus_discordant",0.775207412225568,0.780686085798228,-0.00547867357266019,0.742857142857143,0.0142857142857143,0.0285714285714286,52,2,2,35,70,2,16,0.0625,0.125,FALSE,0.962990654205607,0.77325284093961,959
"anchor_71","module_edge_jaccard","HOG:0025186","similarity","concordant_minus_discordant",0.697218653291478,0.703141132315846,-0.00592247902436782,0.742857142857143,0.0142857142857143,0.0285714285714286,52,2,2,35,70,2,16,0.0625,0.125,FALSE,0.962990654205607,0.695884334281554,960
"anchor_18","matched_edge_correlation","HOG:0000191","similarity","concordant_minus_discordant",0.295836597639524,0.301833708990128,-0.0059971113506041,0.742857142857143,0.0142857142857143,0.0285714285714286,52,2,2,35,70,2,16,0.0625,0.125,FALSE,0.962990654205607,0.288004040267173,961
"anchor_08","matched_edge_correlation","HOG:0006123","similarity","concordant_minus_discordant",0.291468721937551,0.297604360494492,-0.00613563855694144,0.742857142857143,0.0142857142857143,0.0285714285714286,52,2,2,35,70,2,16,0.0625,0.125,FALSE,0.962990654205607,0.284225550457461,962
"anchor_17","matched_edge_correlation","HOG:0026834","similarity","concordant_minus_discordant",0.295339659530752,0.301547543689379,-0.00620788415862716,0.742857142857143,0.0142857142857143,0.0285714285714286,52,2,2,35,70,2,16,0.0625,0.125,FALSE,0.962990654205607,0.283280635633931,963
"anchor_125","module_edge_jaccard","HOG:0018534","similarity","concordant_minus_discordant",0.632310298194919,0.639007780409842,-0.00669748221492317,0.742857142857143,0.0142857142857143,0.0285714285714286,52,2,2,35,70,2,16,0.0625,0.125,FALSE,0.962990654205607,0.642029263305859,964
"anchor_308","neighborhood_jaccard","HOG:0014354","similarity","concordant_minus_discordant",0.12902528025829,0.135723203694087,-0.00669792343579673,0.742857142857143,0.0142857142857143,0.0285714285714286,52,2,2,35,70,2,16,0.0625,0.125,FALSE,0.962990654205607,0.111455108359133,965
"anchor_204","neighborhood_jaccard","HOG:0012261","similarity","concordant_minus_discordant",0.235066886490086,0.242886669791034,-0.00781978330094768,0.742857142857143,0.0142857142857143,0.0285714285714286,52,2,2,35,70,2,16,0.0625,0.125,FALSE,0.962990654205607,0.267775045439966,966
"anchor_131","module_edge_jaccard","HOG:0012340","similarity","concordant_minus_discordant",0.857087913366134,0.864987384388573,-0.00789947102243893,0.742857142857143,0.0142857142857143,0.0285714285714286,52,2,2,35,70,2,16,0.0625,0.125,FALSE,0.962990654205607,0.83725970716411,967
"anchor_53","matched_edge_correlation","HOG:0016795","similarity","concordant_minus_discordant",0.309047443209857,0.317134216156988,-0.00808677294713178,0.742857142857143,0.0142857142857143,0.0285714285714286,52,2,2,35,70,2,16,0.0625,0.125,FALSE,0.962990654205607,0.311837731375605,968
"anchor_17","neighborhood_jaccard","HOG:0026834","similarity","concordant_minus_discordant",0.583140502292675,0.591303965914654,-0.00816346362197862,0.742857142857143,0.0142857142857143,0.0285714285714286,52,2,2,35,70,2,16,0.0625,0.125,FALSE,0.962990654205607,0.61274458236903,969
"anchor_265","neighborhood_jaccard","HOG:0016371","similarity","concordant_minus_discordant",0.188270044261646,0.196894542093842,-0.00862449783219543,0.742857142857143,0.0142857142857143,0.0285714285714286,52,2,2,35,70,2,16,0.0625,0.125,FALSE,0.962990654205607,0.238948833971458,970
"anchor_84","module_edge_jaccard","HOG:0030062","similarity","concordant_minus_discordant",0.767483071063952,0.776734898454975,-0.00925182739102381,0.742857142857143,0.0142857142857143,0.0285714285714286,52,2,2,35,70,2,16,0.0625,0.125,FALSE,0.962990654205607,0.799551852705483,971
"anchor_09","matched_edge_correlation","HOG:0029484","similarity","concordant_minus_discordant",0.311046823625284,0.320975620002772,-0.00992879637748817,0.742857142857143,0.0142857142857143,0.0285714285714286,52,2,2,35,70,2,16,0.0625,0.125,FALSE,0.962990654205607,0.28690578556427,972
"anchor_67","matched_edge_correlation","HOG:0031129","similarity","concordant_minus_discordant",0.313394792144521,0.323759885077617,-0.0103650929330956,0.742857142857143,0.0142857142857143,0.0285714285714286,52,2,2,35,70,2,16,0.0625,0.125,FALSE,0.962990654205607,0.289708395864816,973
"anchor_82","neighborhood_jaccard","HOG:0029401","similarity","concordant_minus_discordant",0.36970781852334,0.380349561212686,-0.0106417426893453,0.742857142857143,0.0142857142857143,0.0285714285714286,52,2,2,35,70,2,16,0.0625,0.125,FALSE,0.962990654205607,0.391130241123817,974
"anchor_107","neighborhood_jaccard","HOG:0020293","similarity","concordant_minus_discordant",0.233794028601721,0.244490367887556,-0.0106963392858354,0.742857142857143,0.0142857142857143,0.0285714285714286,52,2,2,35,70,2,16,0.0625,0.125,FALSE,0.962990654205607,0.23907842268498,975
"anchor_282","neighborhood_jaccard","HOG:0008732","similarity","concordant_minus_discordant",0.214611364507224,0.226275146798751,-0.0116637822915275,0.742857142857143,0.0142857142857143,0.0285714285714286,52,2,2,35,70,2,16,0.0625,0.125,FALSE,0.962990654205607,0.183035714285714,976
"anchor_99","matched_edge_correlation","HOG:0031473","similarity","concordant_minus_discordant",0.299970811596304,0.311852142535974,-0.0118813309396705,0.742857142857143,0.0142857142857143,0.0285714285714286,52,2,2,35,70,2,16,0.0625,0.125,FALSE,0.962990654205607,0.313088714418572,977
"anchor_262","module_edge_jaccard","HOG:0023896","similarity","concordant_minus_discordant",0.502539782418087,0.514473865895461,-0.011934083477374,0.742857142857143,0.0142857142857143,0.0285714285714286,52,2,2,35,70,2,16,0.0625,0.125,FALSE,0.962990654205607,0.531834061135371,978
"anchor_107","matched_edge_correlation","HOG:0020293","similarity","concordant_minus_discordant",0.200556007766844,0.215017954107134,-0.0144619463402892,0.742857142857143,0.0142857142857143,0.0285714285714286,52,2,2,35,70,2,16,0.0625,0.125,FALSE,0.962990654205607,0.280640733946034,979
"anchor_202","module_edge_jaccard","HOG:0010482","similarity","concordant_minus_discordant",0.495799278005734,0.510348966758632,-0.0145496887528974,0.742857142857143,0.0142857142857143,0.0285714285714286,52,2,2,35,70,2,16,0.0625,0.125,FALSE,0.962990654205607,0.56158584178912,980
"anchor_280","module_edge_jaccard","HOG:0026707","similarity","concordant_minus_discordant",0.466449055862857,0.481741889409311,-0.0152928335464542,0.742857142857143,0.0142857142857143,0.0285714285714286,52,2,2,35,70,2,16,0.0625,0.125,FALSE,0.962990654205607,0.438218390804598,981
"anchor_147","module_edge_jaccard","HOG:0032849","similarity","concordant_minus_discordant",0.609186430911506,0.625131378665652,-0.0159449477541457,0.742857142857143,0.0142857142857143,0.0285714285714286,52,2,2,35,70,2,16,0.0625,0.125,FALSE,0.962990654205607,0.646002090410243,982
"anchor_313","matched_edge_correlation","HOG:0007849","similarity","concordant_minus_discordant",0.122524053212402,0.155979649340267,-0.0334555961278653,0.742857142857143,0.0142857142857143,0.0285714285714286,52,2,2,35,70,2,16,0.0625,0.125,FALSE,0.962990654205607,0.0935547007542624,983
"anchor_85","matched_edge_mean_abs_log_threshold_distance","HOG:0032061","distance","discordant_minus_concordant",0.0180594405489077,0.0178890573293994,-0.000170383219508321,0.771428571428571,0.0142857142857143,0.0285714285714286,54,2,2,35,70,2,16,0.0625,0.125,FALSE,0.962990654205607,0.0176258308498598,984
"anchor_60","matched_edge_mean_abs_log_threshold_distance","HOG:0000465","distance","discordant_minus_concordant",0.0142670622969164,0.0140523905291523,-0.000214671767764121,0.771428571428571,0.0142857142857143,0.0285714285714286,54,2,2,35,70,2,16,0.0625,0.125,FALSE,0.962990654205607,0.0144146596438662,985
"anchor_117","matched_edge_mean_abs_log_threshold_distance","HOG:0021123","distance","discordant_minus_concordant",0.0161612712163969,0.0158986859471176,-0.000262585269279317,0.771428571428571,0.0142857142857143,0.0285714285714286,54,2,2,35,70,2,16,0.0625,0.125,FALSE,0.962990654205607,0.0162010087273815,986
"anchor_201","matched_edge_mean_abs_log_threshold_distance","HOG:0027005","distance","discordant_minus_concordant",0.0184391761553266,0.0181444424713891,-0.000294733683937502,0.771428571428571,0.0142857142857143,0.0285714285714286,54,2,2,35,70,2,16,0.0625,0.125,FALSE,0.962990654205607,0.0182464459717537,987
"anchor_77","matched_edge_mean_abs_log_threshold_distance","HOG:0024401","distance","discordant_minus_concordant",0.0148006582799551,0.0144403254581362,-0.000360332821818901,0.771428571428571,0.0142857142857143,0.0285714285714286,54,2,2,35,70,2,16,0.0625,0.125,FALSE,0.962990654205607,0.0151641033427089,988
"anchor_241","matched_edge_mean_abs_log_threshold_distance","HOG:0026507","distance","discordant_minus_concordant",0.0171005472418953,0.0166967405273409,-0.00040380671455436,0.771428571428571,0.0142857142857143,0.0285714285714286,54,2,2,35,70,2,16,0.0625,0.125,FALSE,0.962990654205607,0.0170085241090752,989
"anchor_193","matched_edge_mean_abs_log_threshold_distance","HOG:0027905","distance","discordant_minus_concordant",0.0166235809696992,0.016219199347695,-0.000404381622004221,0.771428571428571,0.0142857142857143,0.0285714285714286,54,2,2,35,70,2,16,0.0625,0.125,FALSE,0.962990654205607,0.016406209860365,990
"anchor_93","matched_edge_mean_abs_log_threshold_distance","HOG:0028978","distance","discordant_minus_concordant",0.0169878615030968,0.0165282254603214,-0.000459636042775359,0.771428571428571,0.0142857142857143,0.0285714285714286,54,2,2,35,70,2,16,0.0625,0.125,FALSE,0.962990654205607,0.0168634289590747,991
"anchor_252","matched_edge_mean_abs_log_threshold_distance","HOG:0022123","distance","discordant_minus_concordant",0.017586707680327,0.0170386692961873,-0.00054803838413969,0.771428571428571,0.0142857142857143,0.0285714285714286,54,2,2,35,70,2,16,0.0625,0.125,FALSE,0.962990654205607,0.0185005131304958,992
"anchor_168","matched_edge_mean_abs_log_threshold_distance","HOG:0000122","distance","discordant_minus_concordant",0.0155572598499307,0.0149862282903819,-0.000571031559548756,0.771428571428571,0.0142857142857143,0.0285714285714286,54,2,2,35,70,2,16,0.0625,0.125,FALSE,0.962990654205607,0.0170171798557347,993
"anchor_16","module_edge_jaccard","HOG:0007637","similarity","concordant_minus_discordant",0.726397095506703,0.729154035730057,-0.0027569402233536,0.771428571428571,0.0142857142857143,0.0285714285714286,54,2,2,35,70,2,16,0.0625,0.125,FALSE,0.962990654205607,0.727438835102152,994
"anchor_41","module_edge_jaccard","HOG:0028089","similarity","concordant_minus_discordant",0.785819106404416,0.789300474479653,-0.00348136807523736,0.771428571428571,0.0142857142857143,0.0285714285714286,54,2,2,35,70,2,16,0.0625,0.125,FALSE,0.962990654205607,0.776079049714846,995
"anchor_07","neighborhood_jaccard","HOG:0011862","similarity","concordant_minus_discordant",0.578576913144268,0.584310595399361,-0.00573368225509374,0.771428571428571,0.0142857142857143,0.0285714285714286,54,2,2,35,70,2,16,0.0625,0.125,FALSE,0.962990654205607,0.584494773519164,996
"anchor_73","matched_edge_correlation","HOG:0029110","similarity","concordant_minus_discordant",0.306478622673923,0.313423892328818,-0.00694526965489461,0.771428571428571,0.0142857142857143,0.0285714285714286,54,2,2,35,70,2,16,0.0625,0.125,FALSE,0.962990654205607,0.309507848802319,997
"anchor_06","matched_edge_correlation","HOG:0028766","similarity","concordant_minus_discordant",0.294694567701184,0.301674697422417,-0.00698012972123258,0.771428571428571,0.0142857142857143,0.0285714285714286,54,2,2,35,70,2,16,0.0625,0.125,FALSE,0.962990654205607,0.3011128698455,998
"anchor_33","matched_edge_correlation","HOG:0016909","similarity","concordant_minus_discordant",0.296183635631063,0.303169675092758,-0.00698603946169485,0.771428571428571,0.0142857142857143,0.0285714285714286,54,2,2,35,70,2,16,0.0625,0.125,FALSE,0.962990654205607,0.28465114471073,999
"anchor_180","neighborhood_jaccard","HOG:0030884","similarity","concordant_minus_discordant",0.265534907843699,0.272863194356484,-0.00732828651278444,0.771428571428571,0.0142857142857143,0.0285714285714286,54,2,2,35,70,2,16,0.0625,0.125,FALSE,0.962990654205607,0.332407407407407,1000
"anchor_25","matched_edge_correlation","HOG:0016389","similarity","concordant_minus_discordant",0.296548037822738,0.304133897113294,-0.00758585929055622,0.771428571428571,0.0142857142857143,0.0285714285714286,54,2,2,35,70,2,16,0.0625,0.125,FALSE,0.962990654205607,0.306062802732789,1001
"anchor_37","matched_edge_correlation","HOG:0007638","similarity","concordant_minus_discordant",0.315025811228746,0.322991882519958,-0.00796607129121218,0.771428571428571,0.0142857142857143,0.0285714285714286,54,2,2,35,70,2,16,0.0625,0.125,FALSE,0.962990654205607,0.289501704224466,1002
"anchor_27","matched_edge_correlation","HOG:0004192","similarity","concordant_minus_discordant",0.309762850879741,0.318047814379945,-0.00828496350020425,0.771428571428571,0.0142857142857143,0.0285714285714286,54,2,2,35,70,2,16,0.0625,0.125,FALSE,0.962990654205607,0.304189698686951,1003
"anchor_16","matched_edge_correlation","HOG:0007637","similarity","concordant_minus_discordant",0.295118646981051,0.303891460956034,-0.00877281397498286,0.771428571428571,0.0142857142857143,0.0285714285714286,54,2,2,35,70,2,16,0.0625,0.125,FALSE,0.962990654205607,0.286731310251055,1004
"anchor_19","matched_edge_correlation","HOG:0019927","similarity","concordant_minus_discordant",0.306250399601419,0.31535441193617,-0.00910401233475122,0.771428571428571,0.0142857142857143,0.0285714285714286,54,2,2,35,70,2,16,0.0625,0.125,FALSE,0.962990654205607,0.29955537285941,1005
"anchor_129","matched_edge_correlation","HOG:0029472","similarity","concordant_minus_discordant",0.304815481438287,0.314192432870032,-0.00937695143174505,0.771428571428571,0.0142857142857143,0.0285714285714286,54,2,2,35,70,2,16,0.0625,0.125,FALSE,0.962990654205607,0.299832693799876,1006
"anchor_21","matched_edge_correlation","HOG:0022504","similarity","concordant_minus_discordant",0.298064693964283,0.308066906042897,-0.0100022120786139,0.771428571428571,0.0142857142857143,0.0285714285714286,54,2,2,35,70,2,16,0.0625,0.125,FALSE,0.962990654205607,0.297753186971015,1007
"anchor_03","matched_edge_correlation","HOG:0011532","similarity","concordant_minus_discordant",0.295755811409009,0.306422067571138,-0.0106662561621285,0.771428571428571,0.0142857142857143,0.0285714285714286,54,2,2,35,70,2,16,0.0625,0.125,FALSE,0.962990654205607,0.294501376092537,1008
"anchor_266","module_edge_jaccard","HOG:0028440","similarity","concordant_minus_discordant",0.545744565933881,0.556757106809936,-0.0110125408760556,0.771428571428571,0.0142857142857143,0.0285714285714286,54,2,2,35,70,2,16,0.0625,0.125,FALSE,0.962990654205607,0.578146643272694,1009
"anchor_208","matched_edge_correlation","HOG:0027147","similarity","concordant_minus_discordant",0.284799536792667,0.296682721601041,-0.011883184808374,0.771428571428571,0.0142857142857143,0.0285714285714286,54,2,2,35,70,2,16,0.0625,0.125,FALSE,0.962990654205607,0.322140546078918,1010
"anchor_304","neighborhood_jaccard","HOG:0027032","similarity","concordant_minus_discordant",0.147801793311844,0.159874779871237,-0.0120729865593938,0.771428571428571,0.0142857142857143,0.0285714285714286,54,2,2,35,70,2,16,0.0625,0.125,FALSE,0.962990654205607,0.148676234071508,1011
"anchor_171","matched_edge_correlation","HOG:0008585","similarity","concordant_minus_discordant",0.117348598869938,0.130005295029903,-0.0126566961599648,0.771428571428571,0.0142857142857143,0.0285714285714286,54,2,2,35,70,2,16,0.0625,0.125,FALSE,0.962990654205607,0.169565179575501,1012
"anchor_109","neighborhood_jaccard","HOG:0011640","similarity","concordant_minus_discordant",0.423294865569034,0.436741183140694,-0.0134463175716602,0.771428571428571,0.0142857142857143,0.0285714285714286,54,2,2,35,70,2,16,0.0625,0.125,FALSE,0.962990654205607,0.575426375210185,1013
"anchor_141","module_edge_jaccard","HOG:0026234","similarity","concordant_minus_discordant",0.721812689796682,0.735423329918556,-0.0136106401218734,0.771428571428571,0.0142857142857143,0.0285714285714286,54,2,2,35,70,2,16,0.0625,0.125,FALSE,0.962990654205607,0.772046384564387,1014
"anchor_66","matched_edge_correlation","HOG:0027281","similarity","concordant_minus_discordant",0.303706993399062,0.317342397678181,-0.0136354042791195,0.771428571428571,0.0142857142857143,0.0285714285714286,54,2,2,35,70,2,16,0.0625,0.125,FALSE,0.962990654205607,0.30247452371116,1015
"anchor_290","neighborhood_jaccard","HOG:0031056","similarity","concordant_minus_discordant",0.174499307375123,0.188424258255271,-0.0139249508801481,0.771428571428571,0.0142857142857143,0.0285714285714286,54,2,2,35,70,2,16,0.0625,0.125,FALSE,0.962990654205607,0.169530823786143,1016
"anchor_184","neighborhood_jaccard","HOG:0026019","similarity","concordant_minus_discordant",0.270053010605894,0.284013855564796,-0.013960844958902,0.771428571428571,0.0142857142857143,0.0285714285714286,54,2,2,35,70,2,16,0.0625,0.125,FALSE,0.962990654205607,0.275520765946435,1017
"anchor_199","matched_edge_correlation","HOG:0017178","similarity","concordant_minus_discordant",0.35496962405348,0.370151403889442,-0.015181779835962,0.771428571428571,0.0142857142857143,0.0285714285714286,54,2,2,35,70,2,16,0.0625,0.125,FALSE,0.962990654205607,0.40479489118355,1018
"anchor_95","matched_edge_correlation","HOG:0026142","similarity","concordant_minus_discordant",0.36992750971896,0.386574374808909,-0.0166468650899487,0.771428571428571,0.0142857142857143,0.0285714285714286,54,2,2,35,70,2,16,0.0625,0.125,FALSE,0.962990654205607,0.398364772812963,1019
"anchor_122","module_edge_jaccard","HOG:0012297","similarity","concordant_minus_discordant",0.520343766172166,0.539348011011189,-0.0190042448390229,0.771428571428571,0.0142857142857143,0.0285714285714286,54,2,2,35,70,2,16,0.0625,0.125,FALSE,0.962990654205607,0.481212849179217,1020
"anchor_281","module_edge_jaccard","HOG:0011064","similarity","concordant_minus_discordant",0.492185916711677,0.512921961543194,-0.0207360448315171,0.771428571428571,0.0142857142857143,0.0285714285714286,54,2,2,35,70,2,16,0.0625,0.125,FALSE,0.962990654205607,0.522482659650801,1021
"anchor_250","matched_edge_correlation","HOG:0006334","similarity","concordant_minus_discordant",0.0971787483809348,0.120752532326527,-0.0235737839455924,0.771428571428571,0.0142857142857143,0.0285714285714286,54,2,2,35,70,2,16,0.0625,0.125,FALSE,0.962990654205607,0.190916806377988,1022
"anchor_223","module_edge_jaccard","HOG:0013389","similarity","concordant_minus_discordant",0.600144345540818,0.624246950305848,-0.0241026047650297,0.771428571428571,0.0142857142857143,0.0285714285714286,54,2,2,35,70,2,16,0.0625,0.125,FALSE,0.962990654205607,0.514619883040936,1023
"anchor_211","matched_edge_correlation","HOG:0027975","similarity","concordant_minus_discordant",0.0822611603366796,0.108162816089498,-0.0259016557528183,0.771428571428571,0.0142857142857143,0.0285714285714286,54,2,2,35,70,2,16,0.0625,0.125,FALSE,0.962990654205607,0.0614084415577463,1024
"anchor_251","module_edge_jaccard","HOG:0011497","similarity","concordant_minus_discordant",0.71767166116697,0.746307721083483,-0.0286360599165132,0.771428571428571,0.0142857142857143,0.0285714285714286,54,2,2,35,70,2,16,0.0625,0.125,FALSE,0.962990654205607,0.792264486708931,1025
"anchor_302","module_edge_jaccard","HOG:0011628","similarity","concordant_minus_discordant",0.457008384706807,0.487195738576967,-0.0301873538701595,0.771428571428571,0.0142857142857143,0.0285714285714286,54,2,2,35,70,2,16,0.0625,0.125,FALSE,0.962990654205607,0.572925060435133,1026
"anchor_242","matched_edge_correlation","HOG:0017189","similarity","concordant_minus_discordant",0.250125319874176,0.283051086625292,-0.032925766751116,0.771428571428571,0.0142857142857143,0.0285714285714286,54,2,2,35,70,2,16,0.0625,0.125,FALSE,0.962990654205607,0.306473824796961,1027
"anchor_150","matched_edge_correlation","HOG:0011478","similarity","concordant_minus_discordant",0.0592410299975913,0.104407990544778,-0.0451669605471864,0.771428571428571,0.0142857142857143,0.0285714285714286,54,2,2,35,70,2,16,0.0625,0.125,FALSE,0.962990654205607,0.172796636677406,1028
"anchor_22","matched_edge_mean_abs_log_threshold_distance","HOG:0011649","distance","discordant_minus_concordant",0.0148934531145953,0.0146465452167231,-0.000246907897872205,0.8,0.0142857142857143,0.0285714285714286,56,2,2,35,70,2,16,0.0625,0.125,FALSE,0.962990654205607,0.0151303941677779,1029
"anchor_83","matched_edge_mean_abs_log_threshold_distance","HOG:0023230","distance","discordant_minus_concordant",0.0146916621136418,0.0144105785969097,-0.000281083516732032,0.8,0.0142857142857143,0.0285714285714286,56,2,2,35,70,2,16,0.0625,0.125,FALSE,0.962990654205607,0.0147969164672261,1030
"anchor_279","matched_edge_mean_abs_log_threshold_distance","HOG:0033476","distance","discordant_minus_concordant",0.0154644100997031,0.0151158776234854,-0.000348532476217732,0.8,0.0142857142857143,0.0285714285714286,56,2,2,35,70,2,16,0.0625,0.125,FALSE,0.962990654205607,0.0145995097253407,1031
"anchor_68","matched_edge_mean_abs_log_threshold_distance","HOG:0000537","distance","discordant_minus_concordant",0.0145435030148098,0.0141844439905545,-0.000359059024255325,0.8,0.0142857142857143,0.0285714285714286,56,2,2,35,70,2,16,0.0625,0.125,FALSE,0.962990654205607,0.0148808904458281,1032
"anchor_148","matched_edge_mean_abs_log_threshold_distance","HOG:0020549","distance","discordant_minus_concordant",0.0145903575439577,0.0141961317339418,-0.000394225810015837,0.8,0.0142857142857143,0.0285714285714286,56,2,2,35,70,2,16,0.0625,0.125,FALSE,0.962990654205607,0.0142808953215648,1033
"anchor_172","matched_edge_mean_abs_log_threshold_distance","HOG:0007645","distance","discordant_minus_concordant",0.0153076763559679,0.0148777735310205,-0.000429902824947384,0.8,0.0142857142857143,0.0285714285714286,56,2,2,35,70,2,16,0.0625,0.125,FALSE,0.962990654205607,0.0155419074362682,1034
"anchor_274","matched_edge_mean_abs_log_threshold_distance","HOG:0019536","distance","discordant_minus_concordant",0.0170651896166469,0.0166214903522508,-0.000443699264396084,0.8,0.0142857142857143,0.0285714285714286,56,2,2,35,70,2,16,0.0625,0.125,FALSE,0.962990654205607,0.0171338329150928,1035
"anchor_92","matched_edge_mean_abs_log_threshold_distance","HOG:0028695","distance","discordant_minus_concordant",0.0181131462191726,0.0176541398741607,-0.000459006345011958,0.8,0.0142857142857143,0.0285714285714286,56,2,2,35,70,2,16,0.0625,0.125,FALSE,0.962990654205607,0.0176331716828085,1036
"anchor_109","matched_edge_mean_abs_log_threshold_distance","HOG:0011640","distance","discordant_minus_concordant",0.0154730748415988,0.0150056798155952,-0.000467395026003599,0.8,0.0142857142857143,0.0285714285714286,56,2,2,35,70,2,16,0.0625,0.125,FALSE,0.962990654205607,0.0150253859177368,1037
"anchor_239","matched_edge_mean_abs_log_threshold_distance","HOG:0028636","distance","discordant_minus_concordant",0.0184750377721197,0.017973800378738,-0.000501237393381693,0.8,0.0142857142857143,0.0285714285714286,56,2,2,35,70,2,16,0.0625,0.125,FALSE,0.962990654205607,0.0182902214844422,1038
"anchor_219","matched_edge_mean_abs_log_threshold_distance","HOG:0025848","distance","discordant_minus_concordant",0.0171660833299273,0.0165985569816069,-0.000567526348320323,0.8,0.0142857142857143,0.0285714285714286,56,2,2,35,70,2,16,0.0625,0.125,FALSE,0.962990654205607,0.0169351718206052,1039
"anchor_270","matched_edge_mean_abs_log_threshold_distance","HOG:0007636","distance","discordant_minus_concordant",0.0148936336902354,0.0142100269817291,-0.000683606708506278,0.8,0.0142857142857143,0.0285714285714286,56,2,2,35,70,2,16,0.0625,0.125,FALSE,0.962990654205607,0.0156956829621146,1040
"anchor_282","matched_edge_mean_abs_log_threshold_distance","HOG:0008732","distance","discordant_minus_concordant",0.0153592862387832,0.0143607755883636,-0.000998510650419596,0.8,0.0142857142857143,0.0285714285714286,56,2,2,35,70,2,16,0.0625,0.125,FALSE,0.962990654205607,0.0141405592072291,1041
"anchor_65","module_edge_jaccard","HOG:0018364","similarity","concordant_minus_discordant",0.883515073323465,0.88797530486335,-0.00446023153988562,0.8,0.0142857142857143,0.0285714285714286,56,2,2,35,70,2,16,0.0625,0.125,FALSE,0.962990654205607,0.88209759377943,1042
"anchor_24","matched_edge_correlation","HOG:0031321","similarity","concordant_minus_discordant",0.316748787072536,0.324560184349374,-0.00781139727683788,0.8,0.0142857142857143,0.0285714285714286,56,2,2,35,70,2,16,0.0625,0.125,FALSE,0.962990654205607,0.31951541306922,1043
"anchor_12","matched_edge_correlation","HOG:0026770","similarity","concordant_minus_discordant",0.294670347616028,0.303387328910932,-0.00871698129490367,0.8,0.0142857142857143,0.0285714285714286,56,2,2,35,70,2,16,0.0625,0.125,FALSE,0.962990654205607,0.287027389520275,1044
"anchor_243","neighborhood_jaccard","HOG:0012390","similarity","concordant_minus_discordant",0.160398029864342,0.169762187116666,-0.00936415725232384,0.8,0.0142857142857143,0.0285714285714286,56,2,2,35,70,2,16,0.0625,0.125,FALSE,0.962990654205607,0.188400661469407,1045
"anchor_34","matched_edge_correlation","HOG:0000226","similarity","concordant_minus_discordant",0.313030779810742,0.32257139073032,-0.00954061091957759,0.8,0.0142857142857143,0.0285714285714286,56,2,2,35,70,2,16,0.0625,0.125,FALSE,0.962990654205607,0.301139875710621,1046
"anchor_311","neighborhood_jaccard","HOG:0022963","similarity","concordant_minus_discordant",0.129058684383364,0.138803799129113,-0.00974511474574946,0.8,0.0142857142857143,0.0285714285714286,56,2,2,35,70,2,16,0.0625,0.125,FALSE,0.962990654205607,0.150118078319411,1047
"anchor_115","module_edge_jaccard","HOG:0024562","similarity","concordant_minus_discordant",0.544742547473313,0.555042271547638,-0.0102997240743247,0.8,0.0142857142857143,0.0285714285714286,56,2,2,35,70,2,16,0.0625,0.125,FALSE,0.962990654205607,0.582449613774025,1048
"anchor_45","matched_edge_correlation","HOG:0007725","similarity","concordant_minus_discordant",0.319706794530262,0.330082205694853,-0.0103754111645907,0.8,0.0142857142857143,0.0285714285714286,56,2,2,35,70,2,16,0.0625,0.125,FALSE,0.962990654205607,0.329023704820242,1049
"anchor_295","neighborhood_jaccard","HOG:0031418","similarity","concordant_minus_discordant",0.111619667042864,0.122080271203163,-0.0104606041602994,0.8,0.0142857142857143,0.0285714285714286,56,2,2,35,70,2,16,0.0625,0.125,FALSE,0.962990654205607,0.140068493150685,1050
"anchor_60","matched_edge_correlation","HOG:0000465","similarity","concordant_minus_discordant",0.343231724359553,0.354023278455058,-0.0107915540955051,0.8,0.0142857142857143,0.0285714285714286,56,2,2,35,70,2,16,0.0625,0.125,FALSE,0.962990654205607,0.365486582484195,1051
"anchor_29","matched_edge_correlation","HOG:0010571","similarity","concordant_minus_discordant",0.303836637371576,0.314645500700909,-0.0108088633293322,0.8,0.0142857142857143,0.0285714285714286,56,2,2,35,70,2,16,0.0625,0.125,FALSE,0.962990654205607,0.310685288919633,1052
"anchor_209","neighborhood_jaccard","HOG:0024277","similarity","concordant_minus_discordant",0.225145325676798,0.236831943699949,-0.0116866180231507,0.8,0.0142857142857143,0.0285714285714286,56,2,2,35,70,2,16,0.0625,0.125,FALSE,0.962990654205607,0.249705882352941,1053
"anchor_120","neighborhood_jaccard","HOG:0027421","similarity","concordant_minus_discordant",0.248223141477119,0.261110100926326,-0.0128869594492075,0.8,0.0142857142857143,0.0285714285714286,56,2,2,35,70,2,16,0.0625,0.125,FALSE,0.962990654205607,0.287108013937282,1054
"anchor_162","neighborhood_jaccard","HOG:0005857","similarity","concordant_minus_discordant",0.254819654112593,0.268437350003583,-0.0136176958909892,0.8,0.0142857142857143,0.0285714285714286,56,2,2,35,70,2,16,0.0625,0.125,FALSE,0.962990654205607,0.321237585943468,1055
"anchor_319","neighborhood_jaccard","HOG:0006661","similarity","concordant_minus_discordant",0.166341420051802,0.180444277789411,-0.0141028577376088,0.8,0.0142857142857143,0.0285714285714286,56,2,2,35,70,2,16,0.0625,0.125,FALSE,0.962990654205607,0.151719265190768,1056
"anchor_72","neighborhood_jaccard","HOG:0029544","similarity","concordant_minus_discordant",0.409732767516441,0.425021094858259,-0.0152883273418177,0.8,0.0142857142857143,0.0285714285714286,56,2,2,35,70,2,16,0.0625,0.125,FALSE,0.962990654205607,0.44281940596611,1057
"anchor_123","matched_edge_correlation","HOG:0005690","similarity","concordant_minus_discordant",0.184310634094252,0.199728321951502,-0.0154176878572495,0.8,0.0142857142857143,0.0285714285714286,56,2,2,35,70,2,16,0.0625,0.125,FALSE,0.962990654205607,0.216337966201713,1058
"anchor_131","neighborhood_jaccard","HOG:0012340","similarity","concordant_minus_discordant",0.28484810803797,0.302403740304628,-0.0175556322666576,0.8,0.0142857142857143,0.0285714285714286,56,2,2,35,70,2,16,0.0625,0.125,FALSE,0.962990654205607,0.328571428571429,1059
"anchor_248","module_edge_jaccard","HOG:0028647","similarity","concordant_minus_discordant",0.473239580597698,0.490827955345358,-0.0175883747476597,0.8,0.0142857142857143,0.0285714285714286,56,2,2,35,70,2,16,0.0625,0.125,FALSE,0.962990654205607,0.478546892215957,1060
"anchor_276","module_edge_jaccard","HOG:0007697","similarity","concordant_minus_discordant",0.505117099454097,0.523138403569173,-0.0180213041150753,0.8,0.0142857142857143,0.0285714285714286,56,2,2,35,70,2,16,0.0625,0.125,FALSE,0.962990654205607,0.540644490644491,1061
"anchor_258","neighborhood_jaccard","HOG:0027091","similarity","concordant_minus_discordant",0.146993256889882,0.165606458611667,-0.0186132017217852,0.8,0.0142857142857143,0.0285714285714286,56,2,2,35,70,2,16,0.0625,0.125,FALSE,0.962990654205607,0.175564116675839,1062
"anchor_135","matched_edge_correlation","HOG:0004114","similarity","concordant_minus_discordant",0.104089285721599,0.126062049955685,-0.0219727642340858,0.8,0.0142857142857143,0.0285714285714286,56,2,2,35,70,2,16,0.0625,0.125,FALSE,0.962990654205607,0.137487564211874,1063
"anchor_274","matched_edge_correlation","HOG:0019536","similarity","concordant_minus_discordant",0.188847234767111,0.211515954431574,-0.0226687196644627,0.8,0.0142857142857143,0.0285714285714286,56,2,2,35,70,2,16,0.0625,0.125,FALSE,0.962990654205607,0.219396413580563,1064
"anchor_165","matched_edge_correlation","HOG:0027303","similarity","concordant_minus_discordant",0.247477308377959,0.270647096804702,-0.0231697884267424,0.8,0.0142857142857143,0.0285714285714286,56,2,2,35,70,2,16,0.0625,0.125,FALSE,0.962990654205607,0.282734167123738,1065
"anchor_261","matched_edge_correlation","HOG:0028718","similarity","concordant_minus_discordant",0.304847207501679,0.329250007263064,-0.0244027997613854,0.8,0.0142857142857143,0.0285714285714286,56,2,2,35,70,2,16,0.0625,0.125,FALSE,0.962990654205607,0.365276722704456,1066
"anchor_173","matched_edge_correlation","HOG:0011717","similarity","concordant_minus_discordant",0.119009190424845,0.14662730837253,-0.0276181179476849,0.8,0.0142857142857143,0.0285714285714286,56,2,2,35,70,2,16,0.0625,0.125,FALSE,0.962990654205607,0.0613172856041227,1067
"anchor_193","matched_edge_correlation","HOG:0027905","similarity","concordant_minus_discordant",0.096789790299946,0.129465753115951,-0.0326759628160053,0.8,0.0142857142857143,0.0285714285714286,56,2,2,35,70,2,16,0.0625,0.125,FALSE,0.962990654205607,0.14609665779603,1068
"anchor_235","matched_edge_correlation","HOG:0017160","similarity","concordant_minus_discordant",0.0977255931590988,0.137368608656931,-0.0396430154978321,0.8,0.0142857142857143,0.0285714285714286,56,2,2,35,70,2,16,0.0625,0.125,FALSE,0.962990654205607,0.159341017840676,1069
"anchor_296","matched_edge_correlation","HOG:0032348","similarity","concordant_minus_discordant",0.118352759117674,0.172215772187689,-0.0538630130700157,0.8,0.0142857142857143,0.0285714285714286,56,2,2,35,70,2,16,0.0625,0.125,FALSE,0.962990654205607,0.169244638023827,1070
"anchor_314","matched_edge_mean_abs_log_threshold_distance","HOG:0031066","distance","discordant_minus_concordant",0.0187174843567902,0.0183335620482589,-0.000383922308531289,0.828571428571429,0.0142857142857143,0.0285714285714286,58,2,2,35,70,2,16,0.0625,0.125,FALSE,0.972549019607843,0.0186535689724879,1071
"anchor_324","matched_edge_mean_abs_log_threshold_distance","HOG:0023427","distance","discordant_minus_concordant",0.0179127427779422,0.0174128595681394,-0.000499883209802852,0.828571428571429,0.0142857142857143,0.0285714285714286,58,2,2,35,70,2,16,0.0625,0.125,FALSE,0.972549019607843,0.017564886646178,1072
"anchor_203","matched_edge_mean_abs_log_threshold_distance","HOG:0018504","distance","discordant_minus_concordant",0.0179844991209072,0.0174698666763273,-0.000514632444579846,0.828571428571429,0.0142857142857143,0.0285714285714286,58,2,2,35,70,2,16,0.0625,0.125,FALSE,0.972549019607843,0.0183675743408812,1073
"anchor_326","neighborhood_jaccard","HOG:0031982","similarity","concordant_minus_discordant",0.126972671012066,0.133519676016111,-0.00654700500404495,0.828571428571429,0.0142857142857143,0.0285714285714286,58,2,2,35,70,2,16,0.0625,0.125,FALSE,0.972549019607843,0.120719684521853,1074
"anchor_147","neighborhood_jaccard","HOG:0032849","similarity","concordant_minus_discordant",0.233835802764513,0.242833716133214,-0.00899791336870057,0.828571428571429,0.0142857142857143,0.0285714285714286,58,2,2,35,70,2,16,0.0625,0.125,FALSE,0.972549019607843,0.26940501359106,1075
"anchor_156","module_edge_jaccard","HOG:0026499","similarity","concordant_minus_discordant",0.489483125530265,0.498706048226419,-0.00922292269615399,0.828571428571429,0.0142857142857143,0.0285714285714286,58,2,2,35,70,2,16,0.0625,0.125,FALSE,0.972549019607843,0.51258001588064,1076
"anchor_215","neighborhood_jaccard","HOG:0012403","similarity","concordant_minus_discordant",0.172909806374678,0.182239403947067,-0.00932959757238938,0.828571428571429,0.0142857142857143,0.0285714285714286,58,2,2,35,70,2,16,0.0625,0.125,FALSE,0.972549019607843,0.198680239398435,1077
"anchor_59","neighborhood_jaccard","HOG:0023358","similarity","concordant_minus_discordant",0.490849067104285,0.501331405244153,-0.0104823381398684,0.828571428571429,0.0142857142857143,0.0285714285714286,58,2,2,35,70,2,16,0.0625,0.125,FALSE,0.972549019607843,0.556811145510836,1078
"anchor_149","module_edge_jaccard","HOG:0032060","similarity","concordant_minus_discordant",0.508083131889489,0.519199441537027,-0.0111163096475385,0.828571428571429,0.0142857142857143,0.0285714285714286,58,2,2,35,70,2,16,0.0625,0.125,FALSE,0.972549019607843,0.530586124401914,1079
"anchor_93","module_edge_jaccard","HOG:0028978","similarity","concordant_minus_discordant",0.558324574135358,0.569914785698647,-0.0115902115632892,0.828571428571429,0.0142857142857143,0.0285714285714286,58,2,2,35,70,2,16,0.0625,0.125,FALSE,0.972549019607843,0.610500012735933,1080
"anchor_110","module_edge_jaccard","HOG:0028395","similarity","concordant_minus_discordant",0.534738888043771,0.547075710767852,-0.0123368227240811,0.828571428571429,0.0142857142857143,0.0285714285714286,58,2,2,35,70,2,16,0.0625,0.125,FALSE,0.972549019607843,0.586360255838168,1081
"anchor_47","matched_edge_correlation","HOG:0020310","similarity","concordant_minus_discordant",0.300239343291462,0.312636224683939,-0.0123968813924764,0.828571428571429,0.0142857142857143,0.0285714285714286,58,2,2,35,70,2,16,0.0625,0.125,FALSE,0.972549019607843,0.321252276316127,1082
"anchor_178","neighborhood_jaccard","HOG:0010551","similarity","concordant_minus_discordant",0.291600857664794,0.304432302841771,-0.0128314451769772,0.828571428571429,0.0142857142857143,0.0285714285714286,58,2,2,35,70,2,16,0.0625,0.125,FALSE,0.972549019607843,0.337563051702396,1083
"anchor_48","neighborhood_jaccard","HOG:0023400","similarity","concordant_minus_discordant",0.471864392363075,0.486022003574976,-0.0141576112119012,0.828571428571429,0.0142857142857143,0.0285714285714286,58,2,2,35,70,2,16,0.0625,0.125,FALSE,0.972549019607843,0.49459716885079,1084
"anchor_97","module_edge_jaccard","HOG:0011541","similarity","concordant_minus_discordant",0.505514758074276,0.52084313898569,-0.0153283809114142,0.828571428571429,0.0142857142857143,0.0285714285714286,58,2,2,35,70,2,16,0.0625,0.125,FALSE,0.972549019607843,0.541018785136432,1085
"anchor_273","neighborhood_jaccard","HOG:0006057","similarity","concordant_minus_discordant",0.190098653833021,0.20631627105836,-0.0162176172253395,0.828571428571429,0.0142857142857143,0.0285714285714286,58,2,2,35,70,2,16,0.0625,0.125,FALSE,0.972549019607843,0.208709677419355,1086
"anchor_109","module_edge_jaccard","HOG:0011640","similarity","concordant_minus_discordant",0.738304164610563,0.755366052711524,-0.0170618881009608,0.828571428571429,0.0142857142857143,0.0285714285714286,58,2,2,35,70,2,16,0.0625,0.125,FALSE,0.972549019607843,0.777823102415267,1087
"anchor_93","matched_edge_correlation","HOG:0028978","similarity","concordant_minus_discordant",0.214694688597833,0.237584685739792,-0.0228899971419586,0.828571428571429,0.0142857142857143,0.0285714285714286,58,2,2,35,70,2,16,0.0625,0.125,FALSE,0.972549019607843,0.247802625285694,1088
"anchor_241","matched_edge_correlation","HOG:0026507","similarity","concordant_minus_discordant",0.158950241324276,0.186130831193981,-0.0271805898697049,0.828571428571429,0.0142857142857143,0.0285714285714286,58,2,2,35,70,2,16,0.0625,0.125,FALSE,0.972549019607843,0.205379697394044,1089
"anchor_229","matched_edge_correlation","HOG:0000322","similarity","concordant_minus_discordant",0.267640921075254,0.298865651835631,-0.0312247307603772,0.828571428571429,0.0142857142857143,0.0285714285714286,58,2,2,35,70,2,16,0.0625,0.125,FALSE,0.972549019607843,0.258393388585915,1090
"anchor_214","matched_edge_correlation","HOG:0017319","similarity","concordant_minus_discordant",0.311826332636071,0.35846361980231,-0.0466372871662386,0.828571428571429,0.0142857142857143,0.0285714285714286,58,2,2,35,70,2,16,0.0625,0.125,FALSE,0.972549019607843,0.391103909961969,1091
"anchor_140","matched_edge_correlation","HOG:0032765","similarity","concordant_minus_discordant",0.131906786100129,0.183240061739246,-0.051333275639117,0.828571428571429,0.0142857142857143,0.0285714285714286,58,2,2,35,70,2,16,0.0625,0.125,FALSE,0.972549019607843,0.248917945134887,1092
"anchor_321","matched_edge_correlation","HOG:0028005","similarity","concordant_minus_discordant",0.0846833476650481,0.149254361139388,-0.0645710134743401,0.828571428571429,0.0142857142857143,0.0285714285714286,58,2,2,35,70,2,16,0.0625,0.125,FALSE,0.972549019607843,0.170107071579452,1093
"anchor_105","matched_edge_mean_abs_log_threshold_distance","HOG:0027704","distance","discordant_minus_concordant",0.018205847920601,0.0179811383569035,-0.000224709563697453,0.857142857142857,0.0142857142857143,0.0285714285714286,60,2,2,35,70,2,16,0.0625,0.125,FALSE,0.972549019607843,0.0179390967370704,1094
"anchor_55","matched_edge_mean_abs_log_threshold_distance","HOG:0021036","distance","discordant_minus_concordant",0.0145832504732826,0.0142226346003952,-0.000360615872887382,0.857142857142857,0.0142857142857143,0.0285714285714286,60,2,2,35,70,2,16,0.0625,0.125,FALSE,0.972549019607843,0.0150455069094018,1095
"anchor_64","matched_edge_mean_abs_log_threshold_distance","HOG:0006263","distance","discordant_minus_concordant",0.0144026722503957,0.0140100762454753,-0.000392596004920382,0.857142857142857,0.0142857142857143,0.0285714285714286,60,2,2,35,70,2,16,0.0625,0.125,FALSE,0.972549019607843,0.0146045001065681,1096
"anchor_214","matched_edge_mean_abs_log_threshold_distance","HOG:0017319","distance","discordant_minus_concordant",0.01435371255967,0.013926384637378,-0.000427327922291932,0.857142857142857,0.0142857142857143,0.0285714285714286,60,2,2,35,70,2,16,0.0625,0.125,FALSE,0.972549019607843,0.0133027301203922,1097
"anchor_123","matched_edge_mean_abs_log_threshold_distance","HOG:0005690","distance","discordant_minus_concordant",0.0170197230054066,0.0165840146740594,-0.000435708331347255,0.857142857142857,0.0142857142857143,0.0285714285714286,60,2,2,35,70,2,16,0.0625,0.125,FALSE,0.972549019607843,0.0175109862375261,1098
"anchor_112","matched_edge_mean_abs_log_threshold_distance","HOG:0026556","distance","discordant_minus_concordant",0.0178371427400987,0.0173938824485905,-0.000443260291508218,0.857142857142857,0.0142857142857143,0.0285714285714286,60,2,2,35,70,2,16,0.0625,0.125,FALSE,0.972549019607843,0.0170951131563522,1099
"anchor_179","matched_edge_mean_abs_log_threshold_distance","HOG:0031227","distance","discordant_minus_concordant",0.0190478960741368,0.0184687295726424,-0.000579166501494442,0.857142857142857,0.0142857142857143,0.0285714285714286,60,2,2,35,70,2,16,0.0625,0.125,FALSE,0.972549019607843,0.0185257333950763,1100
"anchor_224","matched_edge_mean_abs_log_threshold_distance","HOG:0020382","distance","discordant_minus_concordant",0.0176398362958021,0.0166690421951165,-0.000970794100685679,0.857142857142857,0.0142857142857143,0.0285714285714286,60,2,2,35,70,2,16,0.0625,0.125,FALSE,0.972549019607843,0.0175303164581587,1101
"anchor_303","matched_edge_mean_abs_log_threshold_distance","HOG:0027639","distance","discordant_minus_concordant",0.0188293353033701,0.0176223838647592,-0.00120695143861092,0.857142857142857,0.0142857142857143,0.0285714285714286,60,2,2,35,70,2,16,0.0625,0.125,FALSE,0.972549019607843,0.0161102697743918,1102
"anchor_332","matched_edge_mean_abs_log_threshold_distance","HOG:0028850","distance","discordant_minus_concordant",0.0185917127141059,0.0172408358418246,-0.00135087687228135,0.857142857142857,0.0142857142857143,0.0285714285714286,60,2,2,35,70,2,16,0.0625,0.125,FALSE,0.972549019607843,0.0166455390386782,1103
"anchor_249","matched_edge_mean_abs_log_threshold_distance","HOG:0016944","distance","discordant_minus_concordant",0.0189223492985895,0.0175395629325199,-0.0013827863660696,0.857142857142857,0.0142857142857143,0.0285714285714286,60,2,2,35,70,2,16,0.0625,0.125,FALSE,0.972549019607843,0.0172685399004671,1104
"anchor_36","module_edge_jaccard","HOG:0018221","similarity","concordant_minus_discordant",0.768782446815543,0.774282051926489,-0.0054996051109456,0.857142857142857,0.0142857142857143,0.0285714285714286,60,2,2,35,70,2,16,0.0625,0.125,FALSE,0.972549019607843,0.775954888671093,1105
"anchor_198","neighborhood_jaccard","HOG:0005877","similarity","concordant_minus_discordant",0.17632180273298,0.183169049151405,-0.00684724641842502,0.857142857142857,0.0142857142857143,0.0285714285714286,60,2,2,35,70,2,16,0.0625,0.125,FALSE,0.972549019607843,0.190746268656716,1106
"anchor_49","module_edge_jaccard","HOG:0020408","similarity","concordant_minus_discordant",0.735545025674655,0.743054680275025,-0.00750965460037001,0.857142857142857,0.0142857142857143,0.0285714285714286,60,2,2,35,70,2,16,0.0625,0.125,FALSE,0.972549019607843,0.73647038529049,1107
"anchor_105","module_edge_jaccard","HOG:0027704","similarity","concordant_minus_discordant",0.526993489025337,0.53487278037764,-0.00787929135230325,0.857142857142857,0.0142857142857143,0.0285714285714286,60,2,2,35,70,2,16,0.0625,0.125,FALSE,0.972549019607843,0.537640265089594,1108
"anchor_102","matched_edge_correlation","HOG:0006009","similarity","concordant_minus_discordant",0.399245110871793,0.408405869772694,-0.00916075890090134,0.857142857142857,0.0142857142857143,0.0285714285714286,60,2,2,35,70,2,16,0.0625,0.125,FALSE,0.972549019607843,0.338172130491002,1109
"anchor_02","neighborhood_jaccard","HOG:0020076","similarity","concordant_minus_discordant",0.612154501093755,0.621588158067118,-0.00943365697336296,0.857142857142857,0.0142857142857143,0.0285714285714286,60,2,2,35,70,2,16,0.0625,0.125,FALSE,0.972549019607843,0.639923511805786,1110
"anchor_01","matched_edge_correlation","HOG:0020610","similarity","concordant_minus_discordant",0.289794729493266,0.299380399392686,-0.00958566989941995,0.857142857142857,0.0142857142857143,0.0285714285714286,60,2,2,35,70,2,16,0.0625,0.125,FALSE,0.972549019607843,0.297923262244841,1111
"anchor_294","neighborhood_jaccard","HOG:0026361","similarity","concordant_minus_discordant",0.135821801783084,0.146614534622521,-0.0107927328394364,0.857142857142857,0.0142857142857143,0.0285714285714286,60,2,2,35,70,2,16,0.0625,0.125,FALSE,0.972549019607843,0.116062520784835,1112
"anchor_41","matched_edge_correlation","HOG:0028089","similarity","concordant_minus_discordant",0.303685792818949,0.315577858405648,-0.0118920655866994,0.857142857142857,0.0142857142857143,0.0285714285714286,60,2,2,35,70,2,16,0.0625,0.125,FALSE,0.972549019607843,0.279222876640224,1113
"anchor_32","matched_edge_correlation","HOG:0005788","similarity","concordant_minus_discordant",0.29977235164026,0.311714214967393,-0.0119418633271332,0.857142857142857,0.0142857142857143,0.0285714285714286,60,2,2,35,70,2,16,0.0625,0.125,FALSE,0.972549019607843,0.282906557552669,1114
"anchor_284","neighborhood_jaccard","HOG:0022810","similarity","concordant_minus_discordant",0.175791253813605,0.188002345667124,-0.0122110918535196,0.857142857142857,0.0142857142857143,0.0285714285714286,60,2,2,35,70,2,16,0.0625,0.125,FALSE,0.972549019607843,0.231486742424242,1115
"anchor_05","matched_edge_correlation","HOG:0006205","similarity","concordant_minus_discordant",0.301457031731421,0.313991074223539,-0.0125340424921182,0.857142857142857,0.0142857142857143,0.0285714285714286,60,2,2,35,70,2,16,0.0625,0.125,FALSE,0.972549019607843,0.308009477966459,1116
"anchor_128","neighborhood_jaccard","HOG:0024976","similarity","concordant_minus_discordant",0.208372156716632,0.222388058520166,-0.0140159018035344,0.857142857142857,0.0142857142857143,0.0285714285714286,60,2,2,35,70,2,16,0.0625,0.125,FALSE,0.972549019607843,0.24384211588936,1117
"anchor_40","matched_edge_correlation","HOG:0028012","similarity","concordant_minus_discordant",0.295132300613093,0.3093562180093,-0.0142239173962075,0.857142857142857,0.0142857142857143,0.0285714285714286,60,2,2,35,70,2,16,0.0625,0.125,FALSE,0.972549019607843,0.267072351779086,1118
"anchor_91","module_edge_jaccard","HOG:0023227","similarity","concordant_minus_discordant",0.614606277966091,0.628839887891605,-0.014233609925514,0.857142857142857,0.0142857142857143,0.0285714285714286,60,2,2,35,70,2,16,0.0625,0.125,FALSE,0.972549019607843,0.600395602137279,1119
"anchor_98","neighborhood_jaccard","HOG:0018100","similarity","concordant_minus_discordant",0.428037431282464,0.442919938785318,-0.0148825075028546,0.857142857142857,0.0142857142857143,0.0285714285714286,60,2,2,35,70,2,16,0.0625,0.125,FALSE,0.972549019607843,0.489629377762666,1120
"anchor_203","module_edge_jaccard","HOG:0018504","similarity","concordant_minus_discordant",0.564583321106651,0.581322961142709,-0.0167396400360571,0.857142857142857,0.0142857142857143,0.0285714285714286,60,2,2,35,70,2,16,0.0625,0.125,FALSE,0.972549019607843,0.590917293233083,1121
"anchor_122","neighborhood_jaccard","HOG:0012297","similarity","concordant_minus_discordant",0.258070794932633,0.27512720484943,-0.0170564099167974,0.857142857142857,0.0142857142857143,0.0285714285714286,60,2,2,35,70,2,16,0.0625,0.125,FALSE,0.972549019607843,0.264650537634409,1122
"anchor_230","neighborhood_jaccard","HOG:0012102","similarity","concordant_minus_discordant",0.197614759926421,0.214814184433277,-0.0171994245068567,0.857142857142857,0.0142857142857143,0.0285714285714286,60,2,2,35,70,2,16,0.0625,0.125,FALSE,0.972549019607843,0.208547008547009,1123
"anchor_137","module_edge_jaccard","HOG:0012334","similarity","concordant_minus_discordant",0.525367699276706,0.542711915461915,-0.0173442161852085,0.857142857142857,0.0142857142857143,0.0285714285714286,60,2,2,35,70,2,16,0.0625,0.125,FALSE,0.972549019607843,0.559423769507803,1124
"anchor_164","matched_edge_correlation","HOG:0027054","similarity","concordant_minus_discordant",0.115922441895339,0.14712720094061,-0.0312047590452707,0.857142857142857,0.0142857142857143,0.0285714285714286,60,2,2,35,70,2,16,0.0625,0.125,FALSE,0.972549019607843,0.126638588599307,1125
"anchor_228","module_edge_jaccard","HOG:0006131","similarity","concordant_minus_discordant",0.614438337477752,0.647543344659285,-0.0331050071815328,0.857142857142857,0.0142857142857143,0.0285714285714286,60,2,2,35,70,2,16,0.0625,0.125,FALSE,0.972549019607843,0.708888888888889,1126
"anchor_136","matched_edge_correlation","HOG:0012101","similarity","concordant_minus_discordant",0.120592616685104,0.154602817482735,-0.0340102007976305,0.857142857142857,0.0142857142857143,0.0285714285714286,60,2,2,35,70,2,16,0.0625,0.125,FALSE,0.972549019607843,0.126422933222595,1127
"anchor_303","module_edge_jaccard","HOG:0027639","similarity","concordant_minus_discordant",0.439495474906753,0.473910749234136,-0.0344152743273832,0.857142857142857,0.0142857142857143,0.0285714285714286,60,2,2,35,70,2,16,0.0625,0.125,FALSE,0.972549019607843,0.516000339529751,1128
"anchor_233","matched_edge_correlation","HOG:0016200","similarity","concordant_minus_discordant",0.118001959080914,0.156822766719835,-0.0388208076389207,0.857142857142857,0.0142857142857143,0.0285714285714286,60,2,2,35,70,2,16,0.0625,0.125,FALSE,0.972549019607843,0.169542554553476,1129
"anchor_296","module_edge_jaccard","HOG:0032348","similarity","concordant_minus_discordant",0.570949746583916,0.61267757904139,-0.041727832457474,0.857142857142857,0.0142857142857143,0.0285714285714286,60,2,2,35,70,2,16,0.0625,0.125,FALSE,0.972549019607843,0.571428571428571,1130
"anchor_181","matched_edge_correlation","HOG:0011544","similarity","concordant_minus_discordant",0.123054327071096,0.167874799760476,-0.0448204726893804,0.857142857142857,0.0142857142857143,0.0285714285714286,60,2,2,35,70,2,16,0.0625,0.125,FALSE,0.972549019607843,0.108013035507652,1131
"anchor_266","matched_edge_mean_abs_log_threshold_distance","HOG:0028440","distance","discordant_minus_concordant",0.017386343000527,0.0170453407170141,-0.000341002283512928,0.885714285714286,0.0142857142857143,0.0285714285714286,62,2,2,35,70,2,16,0.0625,0.125,FALSE,0.972549019607843,0.0173014695525737,1132
"anchor_31","matched_edge_mean_abs_log_threshold_distance","HOG:0011086","distance","discordant_minus_concordant",0.0146555750076741,0.0142204144043741,-0.000435160603300035,0.885714285714286,0.0142857142857143,0.0285714285714286,62,2,2,35,70,2,16,0.0625,0.125,FALSE,0.972549019607843,0.014897093746588,1133
"anchor_91","matched_edge_mean_abs_log_threshold_distance","HOG:0023227","distance","discordant_minus_concordant",0.0168531143926794,0.0163355302599331,-0.000517584132746298,0.885714285714286,0.0142857142857143,0.0285714285714286,62,2,2,35,70,2,16,0.0625,0.125,FALSE,0.972549019607843,0.0171950367646916,1134
"anchor_158","matched_edge_mean_abs_log_threshold_distance","HOG:0006208","distance","discordant_minus_concordant",0.016535338816004,0.0159561812110332,-0.000579157604970723,0.885714285714286,0.0142857142857143,0.0285714285714286,62,2,2,35,70,2,16,0.0625,0.125,FALSE,0.972549019607843,0.0158903837257875,1135
"anchor_165","matched_edge_mean_abs_log_threshold_distance","HOG:0027303","distance","discordant_minus_concordant",0.0159390944493516,0.0153469918900449,-0.000592102559306695,0.885714285714286,0.0142857142857143,0.0285714285714286,62,2,2,35,70,2,16,0.0625,0.125,FALSE,0.972549019607843,0.0163334970828566,1136
"anchor_190","matched_edge_mean_abs_log_threshold_distance","HOG:0032397","distance","discordant_minus_concordant",0.0186765609633521,0.0179370855051571,-0.000739475458195023,0.885714285714286,0.0142857142857143,0.0285714285714286,62,2,2,35,70,2,16,0.0625,0.125,FALSE,0.972549019607843,0.0181151164225108,1137
"anchor_182","matched_edge_mean_abs_log_threshold_distance","HOG:0027090","distance","discordant_minus_concordant",0.0183745662562433,0.0173027720598223,-0.00107179419642098,0.885714285714286,0.0142857142857143,0.0285714285714286,62,2,2,35,70,2,16,0.0625,0.125,FALSE,0.972549019607843,0.0165255698046168,1138
"anchor_231","matched_edge_mean_abs_log_threshold_distance","HOG:0023138","distance","discordant_minus_concordant",0.0175654970968272,0.0161242110584068,-0.00144128603842038,0.885714285714286,0.0142857142857143,0.0285714285714286,62,2,2,35,70,2,16,0.0625,0.125,FALSE,0.972549019607843,0.0183058816500479,1139
"anchor_36","matched_edge_correlation","HOG:0018221","similarity","concordant_minus_discordant",0.301628421575365,0.311293034852894,-0.0096646132775296,0.885714285714286,0.0142857142857143,0.0285714285714286,62,2,2,35,70,2,16,0.0625,0.125,FALSE,0.972549019607843,0.28768384287716,1140
"anchor_15","matched_edge_correlation","HOG:0022830","similarity","concordant_minus_discordant",0.296916848398107,0.308483405818075,-0.0115665574199683,0.885714285714286,0.0142857142857143,0.0285714285714286,62,2,2,35,70,2,16,0.0625,0.125,FALSE,0.972549019607843,0.29569244159159,1141
"anchor_14","matched_edge_correlation","HOG:0012056","similarity","concordant_minus_discordant",0.296695572098453,0.308684602857587,-0.0119890307591344,0.885714285714286,0.0142857142857143,0.0285714285714286,62,2,2,35,70,2,16,0.0625,0.125,FALSE,0.972549019607843,0.298589926017407,1142
"anchor_15","neighborhood_jaccard","HOG:0022830","similarity","concordant_minus_discordant",0.551948439783012,0.564605646958709,-0.0126572071756966,0.885714285714286,0.0142857142857143,0.0285714285714286,62,2,2,35,70,2,16,0.0625,0.125,FALSE,0.972549019607843,0.576725674595857,1143
"anchor_94","module_edge_jaccard","HOG:0008605","similarity","concordant_minus_discordant",0.481239414797907,0.494420694117093,-0.0131812793191858,0.885714285714286,0.0142857142857143,0.0285714285714286,62,2,2,35,70,2,16,0.0625,0.125,FALSE,0.972549019607843,0.514765952748951,1144
"anchor_335","neighborhood_jaccard","HOG:0027282","similarity","concordant_minus_discordant",0.147153899232952,0.160354498613576,-0.0132005993806238,0.885714285714286,0.0142857142857143,0.0285714285714286,62,2,2,35,70,2,16,0.0625,0.125,FALSE,0.972549019607843,0.149598393574297,1145
"anchor_88","module_edge_jaccard","HOG:0025219","similarity","concordant_minus_discordant",0.798380547770651,0.811842904445012,-0.0134623566743606,0.885714285714286,0.0142857142857143,0.0285714285714286,62,2,2,35,70,2,16,0.0625,0.125,FALSE,0.972549019607843,0.810063433121555,1146
"anchor_74","matched_edge_correlation","HOG:0010710","similarity","concordant_minus_discordant",0.348750328657778,0.362317291495445,-0.0135669628376662,0.885714285714286,0.0142857142857143,0.0285714285714286,62,2,2,35,70,2,16,0.0625,0.125,FALSE,0.972549019607843,0.34156429383455,1147
"anchor_201","neighborhood_jaccard","HOG:0027005","similarity","concordant_minus_discordant",0.241596763230098,0.255206933022221,-0.0136101697921233,0.885714285714286,0.0142857142857143,0.0285714285714286,62,2,2,35,70,2,16,0.0625,0.125,FALSE,0.972549019607843,0.288071895424837,1148
"anchor_317","neighborhood_jaccard","HOG:0030885","similarity","concordant_minus_discordant",0.164619057986545,0.178342826364017,-0.0137237683774716,0.885714285714286,0.0142857142857143,0.0285714285714286,62,2,2,35,70,2,16,0.0625,0.125,FALSE,0.972549019607843,0.206082432973189,1149
"anchor_213","neighborhood_jaccard","HOG:0026073","similarity","concordant_minus_discordant",0.220293231780919,0.234636968416214,-0.0143437366352955,0.885714285714286,0.0142857142857143,0.0285714285714286,62,2,2,35,70,2,16,0.0625,0.125,FALSE,0.972549019607843,0.240706148543766,1150
"anchor_121","neighborhood_jaccard","HOG:0030887","similarity","concordant_minus_discordant",0.238194422558424,0.252657831680926,-0.0144634091225024,0.885714285714286,0.0142857142857143,0.0285714285714286,62,2,2,35,70,2,16,0.0625,0.125,FALSE,0.972549019607843,0.238961038961039,1151
"anchor_85","module_edge_jaccard","HOG:0032061","similarity","concordant_minus_discordant",0.482636425171349,0.497468393837683,-0.014831968666334,0.885714285714286,0.0142857142857143,0.0285714285714286,62,2,2,35,70,2,16,0.0625,0.125,FALSE,0.972549019607843,0.486100386100386,1152
"anchor_50","neighborhood_jaccard","HOG:0010736","similarity","concordant_minus_discordant",0.504834992032771,0.519683662074847,-0.0148486700420767,0.885714285714286,0.0142857142857143,0.0285714285714286,62,2,2,35,70,2,16,0.0625,0.125,FALSE,0.972549019607843,0.509655172413793,1153
"anchor_75","matched_edge_correlation","HOG:0016636","similarity","concordant_minus_discordant",0.191900885199198,0.206755331265158,-0.01485444606596,0.885714285714286,0.0142857142857143,0.0285714285714286,62,2,2,35,70,2,16,0.0625,0.125,FALSE,0.972549019607843,0.212095185767691,1154
"anchor_89","neighborhood_jaccard","HOG:0028008","similarity","concordant_minus_discordant",0.384764787451078,0.400260716147099,-0.0154959286960217,0.885714285714286,0.0142857142857143,0.0285714285714286,62,2,2,35,70,2,16,0.0625,0.125,FALSE,0.972549019607843,0.371347402597403,1155
"anchor_275","module_edge_jaccard","HOG:0033004","similarity","concordant_minus_discordant",0.423506768374394,0.439778017781224,-0.0162712494068298,0.885714285714286,0.0142857142857143,0.0285714285714286,62,2,2,35,70,2,16,0.0625,0.125,FALSE,0.972549019607843,0.464741497595481,1156
"anchor_329","neighborhood_jaccard","HOG:0014208","similarity","concordant_minus_discordant",0.158725793855673,0.175267286579127,-0.016541492723454,0.885714285714286,0.0142857142857143,0.0285714285714286,62,2,2,35,70,2,16,0.0625,0.125,FALSE,0.972549019607843,0.191184141888367,1157
"anchor_108","neighborhood_jaccard","HOG:0033256","similarity","concordant_minus_discordant",0.258212004946513,0.27512818601375,-0.0169161810672369,0.885714285714286,0.0142857142857143,0.0285714285714286,62,2,2,35,70,2,16,0.0625,0.125,FALSE,0.972549019607843,0.284907902554961,1158
"anchor_186","module_edge_jaccard","HOG:0027918","similarity","concordant_minus_discordant",0.583268565567308,0.600616592239544,-0.017348026672236,0.885714285714286,0.0142857142857143,0.0285714285714286,62,2,2,35,70,2,16,0.0625,0.125,FALSE,0.972549019607843,0.62266123391292,1159
"anchor_86","matched_edge_correlation","HOG:0026902","similarity","concordant_minus_discordant",0.292971418980746,0.311502141165355,-0.018530722184609,0.885714285714286,0.0142857142857143,0.0285714285714286,62,2,2,35,70,2,16,0.0625,0.125,FALSE,0.972549019607843,0.25563717528757,1160
"anchor_103","neighborhood_jaccard","HOG:0011510","similarity","concordant_minus_discordant",0.308228731939352,0.327149480216637,-0.018920748277285,0.885714285714286,0.0142857142857143,0.0285714285714286,62,2,2,35,70,2,16,0.0625,0.125,FALSE,0.972549019607843,0.359953703703704,1161
"anchor_162","module_edge_jaccard","HOG:0005857","similarity","concordant_minus_discordant",0.547221670321759,0.566417834710786,-0.0191961643890273,0.885714285714286,0.0142857142857143,0.0285714285714286,62,2,2,35,70,2,16,0.0625,0.125,FALSE,0.972549019607843,0.58143897996357,1162
"anchor_88","matched_edge_correlation","HOG:0025219","similarity","concordant_minus_discordant",0.324407277412224,0.34368397777415,-0.0192767003619265,0.885714285714286,0.0142857142857143,0.0285714285714286,62,2,2,35,70,2,16,0.0625,0.125,FALSE,0.972549019607843,0.341753605238752,1163
"anchor_52","matched_edge_correlation","HOG:0012253","similarity","concordant_minus_discordant",0.32373139772917,0.343483623298165,-0.0197522255689945,0.885714285714286,0.0142857142857143,0.0285714285714286,62,2,2,35,70,2,16,0.0625,0.125,FALSE,0.972549019607843,0.3156262560336,1164
"anchor_285","module_edge_jaccard","HOG:0025342","similarity","concordant_minus_discordant",0.611232605376082,0.631541629445944,-0.0203090240698628,0.885714285714286,0.0142857142857143,0.0285714285714286,62,2,2,35,70,2,16,0.0625,0.125,FALSE,0.972549019607843,0.661088154269972,1165
"anchor_131","matched_edge_correlation","HOG:0012340","similarity","concordant_minus_discordant",0.314156050957651,0.340221367584893,-0.0260653166272422,0.885714285714286,0.0142857142857143,0.0285714285714286,62,2,2,35,70,2,16,0.0625,0.125,FALSE,0.972549019607843,0.271937269595636,1166
"anchor_144","matched_edge_correlation","HOG:0028381","similarity","concordant_minus_discordant",0.20518841256691,0.231651944398917,-0.0264635318320067,0.885714285714286,0.0142857142857143,0.0285714285714286,62,2,2,35,70,2,16,0.0625,0.125,FALSE,0.972549019607843,0.231790753776221,1167
"anchor_91","matched_edge_correlation","HOG:0023227","similarity","concordant_minus_discordant",0.187971263792825,0.217466320234933,-0.0294950564421082,0.885714285714286,0.0142857142857143,0.0285714285714286,62,2,2,35,70,2,16,0.0625,0.125,FALSE,0.972549019607843,0.205159876870098,1168
"anchor_201","matched_edge_correlation","HOG:0027005","similarity","concordant_minus_discordant",0.0936390293546335,0.125739486979778,-0.0321004576251442,0.885714285714286,0.0142857142857143,0.0285714285714286,62,2,2,35,70,2,16,0.0625,0.125,FALSE,0.972549019607843,0.135527669894146,1169
"anchor_294","module_edge_jaccard","HOG:0026361","similarity","concordant_minus_discordant",0.420393882031296,0.463504601662768,-0.0431107196314728,0.885714285714286,0.0142857142857143,0.0285714285714286,62,2,2,35,70,2,16,0.0625,0.125,FALSE,0.972549019607843,0.44644097711185,1170
"anchor_259","module_edge_jaccard","HOG:0026742","similarity","concordant_minus_discordant",0.579107685464991,0.623303946555726,-0.0441962610907345,0.885714285714286,0.0142857142857143,0.0285714285714286,62,2,2,35,70,2,16,0.0625,0.125,FALSE,0.972549019607843,0.664519906323185,1171
"anchor_279","module_edge_jaccard","HOG:0033476","similarity","concordant_minus_discordant",0.644559998483145,0.69286143360806,-0.0483014351249144,0.885714285714286,0.0142857142857143,0.0285714285714286,62,2,2,35,70,2,16,0.0625,0.125,FALSE,0.972549019607843,0.69057000262674,1172
"anchor_215","matched_edge_correlation","HOG:0012403","similarity","concordant_minus_discordant",0.199035695864429,0.256097485429783,-0.057061789565354,0.885714285714286,0.0142857142857143,0.0285714285714286,62,2,2,35,70,2,16,0.0625,0.125,FALSE,0.972549019607843,0.240511528830111,1173
"anchor_54","matched_edge_mean_abs_log_threshold_distance","HOG:0022739","distance","discordant_minus_concordant",0.0146836499870432,0.0142954126949462,-0.000388237292097013,0.914285714285714,0.0142857142857143,0.0285714285714286,64,2,2,35,70,2,16,0.0625,0.125,FALSE,0.977261410788382,0.0148543630496193,1174
"anchor_191","matched_edge_mean_abs_log_threshold_distance","HOG:0022918","distance","discordant_minus_concordant",0.017328783977489,0.0168930334763495,-0.000435750501139445,0.914285714285714,0.0142857142857143,0.0285714285714286,64,2,2,35,70,2,16,0.0625,0.125,FALSE,0.977261410788382,0.017049461479674,1175
"anchor_131","matched_edge_mean_abs_log_threshold_distance","HOG:0012340","distance","discordant_minus_concordant",0.0150392012826327,0.0143587664722895,-0.000680434810343222,0.914285714285714,0.0142857142857143,0.0285714285714286,64,2,2,35,70,2,16,0.0625,0.125,FALSE,0.977261410788382,0.0161919403796047,1176
"anchor_316","matched_edge_mean_abs_log_threshold_distance","HOG:0000079","distance","discordant_minus_concordant",0.0192426772505869,0.0179917518189806,-0.00125092543160631,0.914285714285714,0.0142857142857143,0.0285714285714286,64,2,2,35,70,2,16,0.0625,0.125,FALSE,0.977261410788382,0.0182568934129641,1177
"anchor_228","matched_edge_mean_abs_log_threshold_distance","HOG:0006131","distance","discordant_minus_concordant",0.0169989930511932,0.0157113045750254,-0.00128768847616784,0.914285714285714,0.0142857142857143,0.0285714285714286,64,2,2,35,70,2,16,0.0625,0.125,FALSE,0.977261410788382,0.0167465557838596,1178
"anchor_319","matched_edge_mean_abs_log_threshold_distance","HOG:0006661","distance","discordant_minus_concordant",0.019335757107193,0.0180191249100682,-0.00131663219712486,0.914285714285714,0.0142857142857143,0.0285714285714286,64,2,2,35,70,2,16,0.0625,0.125,FALSE,0.977261410788382,0.0173873979099968,1179
"anchor_302","matched_edge_mean_abs_log_threshold_distance","HOG:0011628","distance","discordant_minus_concordant",0.0209074441640927,0.0184218625688363,-0.00248558159525637,0.914285714285714,0.0142857142857143,0.0285714285714286,64,2,2,35,70,2,16,0.0625,0.125,FALSE,0.977261410788382,0.0192953308407588,1180
"anchor_63","module_edge_jaccard","HOG:0020349","similarity","concordant_minus_discordant",0.786170405659185,0.795101260107827,-0.0089308544486415,0.914285714285714,0.0142857142857143,0.0285714285714286,64,2,2,35,70,2,16,0.0625,0.125,FALSE,0.977261410788382,0.800960853101329,1181
"anchor_218","neighborhood_jaccard","HOG:0029429","similarity","concordant_minus_discordant",0.210203994484797,0.221835848037858,-0.0116318535530611,0.914285714285714,0.0142857142857143,0.0285714285714286,64,2,2,35,70,2,16,0.0625,0.125,FALSE,0.977261410788382,0.222076061855067,1182
"anchor_02","matched_edge_correlation","HOG:0020076","similarity","concordant_minus_discordant",0.283725446503202,0.295850961316113,-0.0121255148129107,0.914285714285714,0.0142857142857143,0.0285714285714286,64,2,2,35,70,2,16,0.0625,0.125,FALSE,0.977261410788382,0.292225814549592,1183
"anchor_07","matched_edge_correlation","HOG:0011862","similarity","concordant_minus_discordant",0.298758429461265,0.311002972653291,-0.0122445431920253,0.914285714285714,0.0142857142857143,0.0285714285714286,64,2,2,35,70,2,16,0.0625,0.125,FALSE,0.977261410788382,0.300500961719672,1184
"anchor_112","module_edge_jaccard","HOG:0026556","similarity","concordant_minus_discordant",0.517147693411063,0.530538433953926,-0.0133907405428628,0.914285714285714,0.0142857142857143,0.0285714285714286,64,2,2,35,70,2,16,0.0625,0.125,FALSE,0.977261410788382,0.496819598657606,1185
"anchor_98","module_edge_jaccard","HOG:0018100","similarity","concordant_minus_discordant",0.739440975288014,0.753017285828991,-0.013576310540977,0.914285714285714,0.0142857142857143,0.0285714285714286,64,2,2,35,70,2,16,0.0625,0.125,FALSE,0.977261410788382,0.742988140909087,1186
"anchor_58","neighborhood_jaccard","HOG:0032593","similarity","concordant_minus_discordant",0.525538707664465,0.54205405464344,-0.0165153469789756,0.914285714285714,0.0142857142857143,0.0285714285714286,64,2,2,35,70,2,16,0.0625,0.125,FALSE,0.977261410788382,0.582288586635127,1187
"anchor_86","neighborhood_jaccard","HOG:0026902","similarity","concordant_minus_discordant",0.326106816695168,0.343756461831414,-0.0176496451362465,0.914285714285714,0.0142857142857143,0.0285714285714286,64,2,2,35,70,2,16,0.0625,0.125,FALSE,0.977261410788382,0.351395982294859,1188
"anchor_39","matched_edge_correlation","HOG:0007936","similarity","concordant_minus_discordant",0.30444417026229,0.322329599197536,-0.0178854289352463,0.914285714285714,0.0142857142857143,0.0285714285714286,64,2,2,35,70,2,16,0.0625,0.125,FALSE,0.977261410788382,0.303534725541018,1189
"anchor_219","neighborhood_jaccard","HOG:0025848","similarity","concordant_minus_discordant",0.226793300834686,0.24522746962511,-0.0184341687904241,0.914285714285714,0.0142857142857143,0.0285714285714286,64,2,2,35,70,2,16,0.0625,0.125,FALSE,0.977261410788382,0.302450980392157,1190
"anchor_30","matched_edge_correlation","HOG:0024452","similarity","concordant_minus_discordant",0.29703528030876,0.316115910593431,-0.0190806302846711,0.914285714285714,0.0142857142857143,0.0285714285714286,64,2,2,35,70,2,16,0.0625,0.125,FALSE,0.977261410788382,0.298262363469408,1191
"anchor_74","neighborhood_jaccard","HOG:0010710","similarity","concordant_minus_discordant",0.445438122741386,0.465553556952298,-0.0201154342109125,0.914285714285714,0.0142857142857143,0.0285714285714286,64,2,2,35,70,2,16,0.0625,0.125,FALSE,0.977261410788382,0.503822751322751,1192
"anchor_81","matched_edge_correlation","HOG:0023669","similarity","concordant_minus_discordant",0.307808249262338,0.329910409011752,-0.0221021597494138,0.914285714285714,0.0142857142857143,0.0285714285714286,64,2,2,35,70,2,16,0.0625,0.125,FALSE,0.977261410788382,0.283984374628975,1193
"anchor_38","matched_edge_correlation","HOG:0011023","similarity","concordant_minus_discordant",0.308852695029509,0.334126941380462,-0.0252742463509534,0.914285714285714,0.0142857142857143,0.0285714285714286,64,2,2,35,70,2,16,0.0625,0.125,FALSE,0.977261410788382,0.304857720931029,1194
"anchor_185","neighborhood_jaccard","HOG:0005683","similarity","concordant_minus_discordant",0.192012318301236,0.217593092392265,-0.0255807740910293,0.914285714285714,0.0142857142857143,0.0285714285714286,64,2,2,35,70,2,16,0.0625,0.125,FALSE,0.977261410788382,0.227356181150551,1195
"anchor_240","neighborhood_jaccard","HOG:0007813","similarity","concordant_minus_discordant",0.267086924801478,0.294630096629363,-0.0275431718278856,0.914285714285714,0.0142857142857143,0.0285714285714286,64,2,2,35,70,2,16,0.0625,0.125,FALSE,0.977261410788382,0.251468464130958,1196
"anchor_117","matched_edge_correlation","HOG:0021123","similarity","concordant_minus_discordant",0.20483607328309,0.234326870903054,-0.0294907976199645,0.914285714285714,0.0142857142857143,0.0285714285714286,64,2,2,35,70,2,16,0.0625,0.125,FALSE,0.977261410788382,0.245189025795824,1197
"anchor_64","matched_edge_correlation","HOG:0006263","similarity","concordant_minus_discordant",0.338317425900013,0.368190567547493,-0.0298731416474791,0.914285714285714,0.0142857142857143,0.0285714285714286,64,2,2,35,70,2,16,0.0625,0.125,FALSE,0.977261410788382,0.361599278926229,1198
"anchor_163","matched_edge_correlation","HOG:0008717","similarity","concordant_minus_discordant",0.0999711233206899,0.134108919951699,-0.0341377966310091,0.914285714285714,0.0142857142857143,0.0285714285714286,64,2,2,35,70,2,16,0.0625,0.125,FALSE,0.977261410788382,0.0857110238099303,1199
"anchor_108","matched_edge_correlation","HOG:0033256","similarity","concordant_minus_discordant",0.379276906137197,0.413419763210424,-0.0341428570732268,0.914285714285714,0.0142857142857143,0.0285714285714286,64,2,2,35,70,2,16,0.0625,0.125,FALSE,0.977261410788382,0.476731672071705,1200
"anchor_269","module_edge_jaccard","HOG:0016116","similarity","concordant_minus_discordant",0.562007701502389,0.598810559023846,-0.0368028575214578,0.914285714285714,0.0142857142857143,0.0285714285714286,64,2,2,35,70,2,16,0.0625,0.125,FALSE,0.977261410788382,0.598255280073462,1201
"anchor_204","matched_edge_correlation","HOG:0012261","similarity","concordant_minus_discordant",0.10789575200868,0.152507881809759,-0.0446121298010793,0.914285714285714,0.0142857142857143,0.0285714285714286,64,2,2,35,70,2,16,0.0625,0.125,FALSE,0.977261410788382,0.168933519609975,1202
"anchor_270","matched_edge_correlation","HOG:0007636","similarity","concordant_minus_discordant",0.321376080625811,0.36852944252613,-0.0471533619003196,0.914285714285714,0.0142857142857143,0.0285714285714286,64,2,2,35,70,2,16,0.0625,0.125,FALSE,0.977261410788382,0.255202286080986,1203
"anchor_243","module_edge_jaccard","HOG:0012390","similarity","concordant_minus_discordant",0.575414853191094,0.644628976714119,-0.0692141235230248,0.914285714285714,0.0142857142857143,0.0285714285714286,64,2,2,35,70,2,16,0.0625,0.125,FALSE,0.977261410788382,0.64367816091954,1204
"anchor_179","matched_edge_correlation","HOG:0031227","similarity","concordant_minus_discordant",0.0862767095835165,0.161975433338828,-0.0756987237553112,0.914285714285714,0.0142857142857143,0.0285714285714286,64,2,2,35,70,2,16,0.0625,0.125,FALSE,0.977261410788382,0.192516817578528,1205
"anchor_108","matched_edge_mean_abs_log_threshold_distance","HOG:0033256","distance","discordant_minus_concordant",0.0140991365370582,0.0136626357626779,-0.000436500774380363,0.942857142857143,0.0142857142857143,0.0285714285714286,66,2,2,35,70,2,16,0.0625,0.125,FALSE,0.98331983805668,0.0134515678494422,1206
"anchor_246","matched_edge_mean_abs_log_threshold_distance","HOG:0027495","distance","discordant_minus_concordant",0.0157736226298521,0.0150948201883154,-0.000678802441536668,0.942857142857143,0.0142857142857143,0.0285714285714286,66,2,2,35,70,2,16,0.0625,0.125,FALSE,0.98331983805668,0.0157782651321104,1207
"anchor_204","matched_edge_mean_abs_log_threshold_distance","HOG:0012261","distance","discordant_minus_concordant",0.0181658878765755,0.0174297860708034,-0.000736101805772139,0.942857142857143,0.0142857142857143,0.0285714285714286,66,2,2,35,70,2,16,0.0625,0.125,FALSE,0.98331983805668,0.0170188798882213,1208
"anchor_163","matched_edge_mean_abs_log_threshold_distance","HOG:0008717","distance","discordant_minus_concordant",0.0184633368872007,0.0176857534307866,-0.000777583456414092,0.942857142857143,0.0142857142857143,0.0285714285714286,66,2,2,35,70,2,16,0.0625,0.125,FALSE,0.98331983805668,0.0182957816001363,1209
"anchor_154","matched_edge_mean_abs_log_threshold_distance","HOG:0023439","distance","discordant_minus_concordant",0.0162679990839768,0.01542910381904,-0.000838895264936742,0.942857142857143,0.0142857142857143,0.0285714285714286,66,2,2,35,70,2,16,0.0625,0.125,FALSE,0.98331983805668,0.0157256213655426,1210
"anchor_164","matched_edge_mean_abs_log_threshold_distance","HOG:0027054","distance","discordant_minus_concordant",0.0185646504769951,0.0176525299877773,-0.000912120489217863,0.942857142857143,0.0142857142857143,0.0285714285714286,66,2,2,35,70,2,16,0.0625,0.125,FALSE,0.98331983805668,0.018292547177761,1211
"anchor_331","neighborhood_jaccard","HOG:0027285","similarity","concordant_minus_discordant",0.138643179718961,0.150991807686519,-0.0123486279675576,0.942857142857143,0.0142857142857143,0.0285714285714286,66,2,2,35,70,2,16,0.0625,0.125,FALSE,0.98331983805668,0.184745762711864,1212
"anchor_22","matched_edge_correlation","HOG:0011649","similarity","concordant_minus_discordant",0.296055401301267,0.308939627547288,-0.0128842262460214,0.942857142857143,0.0142857142857143,0.0285714285714286,66,2,2,35,70,2,16,0.0625,0.125,FALSE,0.98331983805668,0.302332465680523,1213
"anchor_57","neighborhood_jaccard","HOG:0031653","similarity","concordant_minus_discordant",0.461410238801597,0.47541028590327,-0.0140000471016736,0.942857142857143,0.0142857142857143,0.0285714285714286,66,2,2,35,70,2,16,0.0625,0.125,FALSE,0.98331983805668,0.501896284829721,1214
"anchor_20","matched_edge_correlation","HOG:0023601","similarity","concordant_minus_discordant",0.296256476035153,0.310735639834441,-0.0144791637992881,0.942857142857143,0.0142857142857143,0.0285714285714286,66,2,2,35,70,2,16,0.0625,0.125,FALSE,0.98331983805668,0.307897826204652,1215
"anchor_211","neighborhood_jaccard","HOG:0027975","similarity","concordant_minus_discordant",0.187732870967052,0.20260505467733,-0.0148721837102782,0.942857142857143,0.0142857142857143,0.0285714285714286,66,2,2,35,70,2,16,0.0625,0.125,FALSE,0.98331983805668,0.213631423691973,1216
"anchor_55","matched_edge_correlation","HOG:0021036","similarity","concordant_minus_discordant",0.332059569006258,0.350969914523069,-0.01891034551681,0.942857142857143,0.0142857142857143,0.0285714285714286,66,2,2,35,70,2,16,0.0625,0.125,FALSE,0.98331983805668,0.330732004819062,1217
"anchor_54","matched_edge_correlation","HOG:0022739","similarity","concordant_minus_discordant",0.319770952432214,0.339437029228411,-0.0196660767961972,0.942857142857143,0.0142857142857143,0.0285714285714286,66,2,2,35,70,2,16,0.0625,0.125,FALSE,0.98331983805668,0.318070980879611,1218
"anchor_104","module_edge_jaccard","HOG:0021825","similarity","concordant_minus_discordant",0.510625032886421,0.530470921787704,-0.0198458889012832,0.942857142857143,0.0142857142857143,0.0285714285714286,66,2,2,35,70,2,16,0.0625,0.125,FALSE,0.98331983805668,0.540752822596398,1219
"anchor_321","neighborhood_jaccard","HOG:0028005","similarity","concordant_minus_discordant",0.167265052608688,0.187345934548095,-0.0200808819394077,0.942857142857143,0.0142857142857143,0.0285714285714286,66,2,2,35,70,2,16,0.0625,0.125,FALSE,0.98331983805668,0.161874533233757,1220
"anchor_234","neighborhood_jaccard","HOG:0024574","similarity","concordant_minus_discordant",0.183567664081268,0.204411580747154,-0.020843916665886,0.942857142857143,0.0142857142857143,0.0285714285714286,66,2,2,35,70,2,16,0.0625,0.125,FALSE,0.98331983805668,0.240396177457123,1221
"anchor_336","neighborhood_jaccard","HOG:0032436","similarity","concordant_minus_discordant",0.17449040713738,0.197263300425473,-0.0227728932880925,0.942857142857143,0.0142857142857143,0.0285714285714286,66,2,2,35,70,2,16,0.0625,0.125,FALSE,0.98331983805668,0.250760538896132,1222
"anchor_168","module_edge_jaccard","HOG:0000122","similarity","concordant_minus_discordant",0.727732651815367,0.752334949878059,-0.0246022980626925,0.942857142857143,0.0142857142857143,0.0285714285714286,66,2,2,35,70,2,16,0.0625,0.125,FALSE,0.98331983805668,0.737663098026096,1223
"anchor_333","neighborhood_jaccard","HOG:0008696","similarity","concordant_minus_discordant",0.140054031041008,0.168236134217116,-0.0281821031761081,0.942857142857143,0.0142857142857143,0.0285714285714286,66,2,2,35,70,2,16,0.0625,0.125,FALSE,0.98331983805668,0.218015159527587,1224
"anchor_212","neighborhood_jaccard","HOG:0018037","similarity","concordant_minus_discordant",0.274056521545108,0.304594014875688,-0.0305374933305808,0.942857142857143,0.0142857142857143,0.0285714285714286,66,2,2,35,70,2,16,0.0625,0.125,FALSE,0.98331983805668,0.308641975308642,1225
"anchor_273","module_edge_jaccard","HOG:0006057","similarity","concordant_minus_discordant",0.666270982022896,0.697306103084031,-0.0310351210611353,0.942857142857143,0.0142857142857143,0.0285714285714286,66,2,2,35,70,2,16,0.0625,0.125,FALSE,0.98331983805668,0.72532172002511,1226
"anchor_65","matched_edge_correlation","HOG:0018364","similarity","concordant_minus_discordant",0.336086623177652,0.367507815601873,-0.0314211924242208,0.942857142857143,0.0142857142857143,0.0285714285714286,66,2,2,35,70,2,16,0.0625,0.125,FALSE,0.98331983805668,0.308819337761073,1227
"anchor_110","matched_edge_correlation","HOG:0028395","similarity","concordant_minus_discordant",0.223679578762316,0.255776492185309,-0.0320969134229929,0.942857142857143,0.0142857142857143,0.0285714285714286,66,2,2,35,70,2,16,0.0625,0.125,FALSE,0.98331983805668,0.274445165259515,1228
"anchor_109","matched_edge_correlation","HOG:0011640","similarity","concordant_minus_discordant",0.264728841772118,0.30062694675387,-0.0358981049817523,0.942857142857143,0.0142857142857143,0.0285714285714286,66,2,2,35,70,2,16,0.0625,0.125,FALSE,0.98331983805668,0.318865966753055,1229
"anchor_309","module_edge_jaccard","HOG:0011540","similarity","concordant_minus_discordant",0.526746373990797,0.572447144593962,-0.045700770603165,0.942857142857143,0.0142857142857143,0.0285714285714286,66,2,2,35,70,2,16,0.0625,0.125,FALSE,0.98331983805668,0.61066359800537,1230
"anchor_137","matched_edge_correlation","HOG:0012334","similarity","concordant_minus_discordant",0.0704014827638189,0.121663920302395,-0.051262437538576,0.942857142857143,0.0142857142857143,0.0285714285714286,66,2,2,35,70,2,16,0.0625,0.125,FALSE,0.98331983805668,0.144620822426944,1231
"anchor_328","matched_edge_correlation","HOG:0021943","similarity","concordant_minus_discordant",0.107838612169658,0.168010498768956,-0.060171886599298,0.942857142857143,0.0142857142857143,0.0285714285714286,66,2,2,35,70,2,16,0.0625,0.125,FALSE,0.98331983805668,0.158460898915287,1232
"anchor_190","matched_edge_correlation","HOG:0032397","similarity","concordant_minus_discordant",0.0834013277211463,0.14955395853027,-0.0661526308091237,0.942857142857143,0.0142857142857143,0.0285714285714286,66,2,2,35,70,2,16,0.0625,0.125,FALSE,0.98331983805668,0.0608978387927903,1233
"anchor_182","matched_edge_correlation","HOG:0027090","similarity","concordant_minus_discordant",0.0575964414356135,0.126371681959579,-0.068775240523966,0.942857142857143,0.0142857142857143,0.0285714285714286,66,2,2,35,70,2,16,0.0625,0.125,FALSE,0.98331983805668,0.228769367562905,1234
"anchor_252","matched_edge_correlation","HOG:0022123","similarity","concordant_minus_discordant",-0.0056317067002785,0.0748480814968254,-0.0804797881971039,0.942857142857143,0.0142857142857143,0.0285714285714286,66,2,2,35,70,2,16,0.0625,0.125,FALSE,0.98331983805668,0.100545365769663,1235
"anchor_276","matched_edge_mean_abs_log_threshold_distance","HOG:0007697","distance","discordant_minus_concordant",0.0187831740980758,0.0174744498977081,-0.00130872420036772,0.971428571428571,0.0142857142857143,0.0285714285714286,68,2,2,35,70,2,16,0.0625,0.125,FALSE,0.990657165479018,0.0187693325988271,1236
"anchor_236","matched_edge_mean_abs_log_threshold_distance","HOG:0003795","distance","discordant_minus_concordant",0.0188343494215791,0.0175228821350753,-0.0013114672865038,0.971428571428571,0.0142857142857143,0.0285714285714286,68,2,2,35,70,2,16,0.0625,0.125,FALSE,0.990657165479018,0.0177224325422925,1237
"anchor_329","matched_edge_mean_abs_log_threshold_distance","HOG:0014208","distance","discordant_minus_concordant",0.0196853714962681,0.0172296249344798,-0.00245574656178823,0.971428571428571,0.0142857142857143,0.0285714285714286,68,2,2,35,70,2,16,0.0625,0.125,FALSE,0.990657165479018,0.0174577574147207,1238
"anchor_295","matched_edge_mean_abs_log_threshold_distance","HOG:0031418","distance","discordant_minus_concordant",0.0198854432657221,0.0160030659757964,-0.00388237728992568,0.971428571428571,0.0142857142857143,0.0285714285714286,68,2,2,35,70,2,16,0.0625,0.125,FALSE,0.990657165479018,0.0165663940803751,1239
"anchor_240","module_edge_jaccard","HOG:0007813","similarity","concordant_minus_discordant",0.764164140896978,0.777413301144381,-0.0132491602474021,0.971428571428571,0.0142857142857143,0.0285714285714286,68,2,2,35,70,2,16,0.0625,0.125,FALSE,0.990657165479018,0.7952232235805,1240
"anchor_64","neighborhood_jaccard","HOG:0006263","similarity","concordant_minus_discordant",0.434956827826057,0.448398058963327,-0.0134412311372695,0.971428571428571,0.0142857142857143,0.0285714285714286,68,2,2,35,70,2,16,0.0625,0.125,FALSE,0.990657165479018,0.492649253731343,1241
"anchor_50","matched_edge_correlation","HOG:0010736","similarity","concordant_minus_discordant",0.302250187339277,0.318206005747835,-0.015955818408558,0.971428571428571,0.0142857142857143,0.0285714285714286,68,2,2,35,70,2,16,0.0625,0.125,FALSE,0.990657165479018,0.323433000101941,1242
"anchor_69","neighborhood_jaccard","HOG:0033359","similarity","concordant_minus_discordant",0.414983764077565,0.432887107923044,-0.0179033438454788,0.971428571428571,0.0142857142857143,0.0285714285714286,68,2,2,35,70,2,16,0.0625,0.125,FALSE,0.990657165479018,0.471029109318146,1243
"anchor_61","neighborhood_jaccard","HOG:0016166","similarity","concordant_minus_discordant",0.446214097458161,0.464738892392342,-0.018524794934181,0.971428571428571,0.0142857142857143,0.0285714285714286,68,2,2,35,70,2,16,0.0625,0.125,FALSE,0.990657165479018,0.496013133208255,1244
"anchor_188","neighborhood_jaccard","HOG:0005666","similarity","concordant_minus_discordant",0.241050570582657,0.260854441992462,-0.0198038714098051,0.971428571428571,0.0142857142857143,0.0285714285714286,68,2,2,35,70,2,16,0.0625,0.125,FALSE,0.990657165479018,0.289826975192829,1245
"anchor_328","neighborhood_jaccard","HOG:0021943","similarity","concordant_minus_discordant",0.19037399768123,0.210739166642536,-0.0203651689613061,0.971428571428571,0.0142857142857143,0.0285714285714286,68,2,2,35,70,2,16,0.0625,0.125,FALSE,0.990657165479018,0.237240537240537,1246
"anchor_254","neighborhood_jaccard","HOG:0024990","similarity","concordant_minus_discordant",0.190370779067514,0.211030876448981,-0.0206600973814667,0.971428571428571,0.0142857142857143,0.0285714285714286,68,2,2,35,70,2,16,0.0625,0.125,FALSE,0.990657165479018,0.229669708471291,1247
"anchor_118","neighborhood_jaccard","HOG:0028661","similarity","concordant_minus_discordant",0.223282098489956,0.246196533951795,-0.0229144354618381,0.971428571428571,0.0142857142857143,0.0285714285714286,68,2,2,35,70,2,16,0.0625,0.125,FALSE,0.990657165479018,0.252948739448823,1248
"anchor_170","neighborhood_jaccard","HOG:0025923","similarity","concordant_minus_discordant",0.226979194398627,0.250001502576942,-0.0230223081783146,0.971428571428571,0.0142857142857143,0.0285714285714286,68,2,2,35,70,2,16,0.0625,0.125,FALSE,0.990657165479018,0.2632648694908,1249
"anchor_184","module_edge_jaccard","HOG:0026019","similarity","concordant_minus_discordant",0.571471077923425,0.5948044197949,-0.0233333418714743,0.971428571428571,0.0142857142857143,0.0285714285714286,68,2,2,35,70,2,16,0.0625,0.125,FALSE,0.990657165479018,0.681647940074906,1250
"anchor_146","neighborhood_jaccard","HOG:0032629","similarity","concordant_minus_discordant",0.238652341883813,0.264218115668742,-0.0255657737849289,0.971428571428571,0.0142857142857143,0.0285714285714286,68,2,2,35,70,2,16,0.0625,0.125,FALSE,0.990657165479018,0.291445287792536,1251
"anchor_176","neighborhood_jaccard","HOG:0018009","similarity","concordant_minus_discordant",0.303560750545867,0.330668937835671,-0.0271081872898041,0.971428571428571,0.0142857142857143,0.0285714285714286,68,2,2,35,70,2,16,0.0625,0.125,FALSE,0.990657165479018,0.379233415761746,1252
"anchor_84","matched_edge_correlation","HOG:0030062","similarity","concordant_minus_discordant",0.333623489104492,0.361145701255367,-0.0275222121508756,0.971428571428571,0.0142857142857143,0.0285714285714286,68,2,2,35,70,2,16,0.0625,0.125,FALSE,0.990657165479018,0.301171603856164,1253
"anchor_161","neighborhood_jaccard","HOG:0025959","similarity","concordant_minus_discordant",0.244352100021944,0.272605464707737,-0.0282533646857934,0.971428571428571,0.0142857142857143,0.0285714285714286,68,2,2,35,70,2,16,0.0625,0.125,FALSE,0.990657165479018,0.279876373626374,1254
"anchor_229","neighborhood_jaccard","HOG:0000322","similarity","concordant_minus_discordant",0.223844736892365,0.252329026408168,-0.0284842895158038,0.971428571428571,0.0142857142857143,0.0285714285714286,68,2,2,35,70,2,16,0.0625,0.125,FALSE,0.990657165479018,0.230981067125645,1255
"anchor_31","matched_edge_correlation","HOG:0011086","similarity","concordant_minus_discordant",0.319712137756176,0.349894676099293,-0.0301825383431177,0.971428571428571,0.0142857142857143,0.0285714285714286,68,2,2,35,70,2,16,0.0625,0.125,FALSE,0.990657165479018,0.330441603478178,1256
"anchor_165","module_edge_jaccard","HOG:0027303","similarity","concordant_minus_discordant",0.721127048438194,0.751341458264646,-0.0302144098264516,0.971428571428571,0.0142857142857143,0.0285714285714286,68,2,2,35,70,2,16,0.0625,0.125,FALSE,0.990657165479018,0.722679440508344,1257
"anchor_220","module_edge_jaccard","HOG:0011715","similarity","concordant_minus_discordant",0.524124938069827,0.554640265191217,-0.0305153271213895,0.971428571428571,0.0142857142857143,0.0285714285714286,68,2,2,35,70,2,16,0.0625,0.125,FALSE,0.990657165479018,0.561309046473441,1258
"anchor_207","module_edge_jaccard","HOG:0032903","similarity","concordant_minus_discordant",0.550549839130683,0.594161936233148,-0.0436120971024652,0.971428571428571,0.0142857142857143,0.0285714285714286,68,2,2,35,70,2,16,0.0625,0.125,FALSE,0.990657165479018,0.652113409466351,1259
"anchor_273","matched_edge_correlation","HOG:0006057","similarity","concordant_minus_discordant",0.131676234053715,0.199497089250387,-0.0678208551966718,0.971428571428571,0.0142857142857143,0.0285714285714286,68,2,2,35,70,2,16,0.0625,0.125,FALSE,0.990657165479018,0.269839232943607,1260
"anchor_213","matched_edge_correlation","HOG:0026073","similarity","concordant_minus_discordant",0.0639222076196757,0.133565530575289,-0.069643322955613,0.971428571428571,0.0142857142857143,0.0285714285714286,68,2,2,35,70,2,16,0.0625,0.125,FALSE,0.990657165479018,0.128649405096528,1261
"anchor_315","module_edge_jaccard","HOG:0008733","similarity","concordant_minus_discordant",0.50589719836552,0.59346978548561,-0.0875725871200899,0.971428571428571,0.0142857142857143,0.0285714285714286,68,2,2,35,70,2,16,0.0625,0.125,FALSE,0.990657165479018,0.625266193433895,1262
"anchor_236","matched_edge_correlation","HOG:0003795","similarity","concordant_minus_discordant",0.0132414496946728,0.130818782549403,-0.11757733285473,0.971428571428571,0.0142857142857143,0.0285714285714286,68,2,2,35,70,2,16,0.0625,0.125,FALSE,0.990657165479018,0.177104602340626,1263
"anchor_166","matched_edge_mean_abs_log_threshold_distance","HOG:0016397","distance","discordant_minus_concordant",0.0178002956003736,0.0172415412181231,-0.000558754382250493,1,0.0142857142857143,0.0285714285714286,70,2,2,35,70,2,16,0.0625,0.125,FALSE,1,0.0168748038821403,1264
"anchor_84","matched_edge_mean_abs_log_threshold_distance","HOG:0030062","distance","discordant_minus_concordant",0.0152215536513951,0.0144575525761138,-0.000764001075281358,1,0.0142857142857143,0.0285714285714286,70,2,2,35,70,2,16,0.0625,0.125,FALSE,1,0.0148964049885831,1265
"anchor_280","matched_edge_mean_abs_log_threshold_distance","HOG:0026707","distance","discordant_minus_concordant",0.0193408056377601,0.0181286478321349,-0.00121215780562524,1,0.0142857142857143,0.0285714285714286,70,2,2,35,70,2,16,0.0625,0.125,FALSE,1,0.0197478248557149,1266
"anchor_213","matched_edge_mean_abs_log_threshold_distance","HOG:0026073","distance","discordant_minus_concordant",0.0190334048766185,0.0176669290766289,-0.00136647579998966,1,0.0142857142857143,0.0285714285714286,70,2,2,35,70,2,16,0.0625,0.125,FALSE,1,0.0175353509351657,1267
"anchor_297","matched_edge_mean_abs_log_threshold_distance","HOG:0028197","distance","discordant_minus_concordant",0.0162557677562539,0.0145604681715228,-0.00169529958473107,1,0.0142857142857143,0.0285714285714286,70,2,2,35,70,2,16,0.0625,0.125,FALSE,1,0.0155404983282441,1268
"anchor_287","neighborhood_jaccard","HOG:0028018","similarity","concordant_minus_discordant",0.15979637912757,0.179841541061678,-0.0200451619341078,1,0.0142857142857143,0.0285714285714286,70,2,2,35,70,2,16,0.0625,0.125,FALSE,1,0.174640308808048,1269
"anchor_255","module_edge_jaccard","HOG:0032961","similarity","concordant_minus_discordant",0.488740592729613,0.510747004498562,-0.022006411768949,1,0.0142857142857143,0.0285714285714286,70,2,2,35,70,2,16,0.0625,0.125,FALSE,1,0.536760159010601,1270
"anchor_99","module_edge_jaccard","HOG:0031473","similarity","concordant_minus_discordant",0.788371746881667,0.815528496216351,-0.0271567493346838,1,0.0142857142857143,0.0285714285714286,70,2,2,35,70,2,16,0.0625,0.125,FALSE,1,0.795599362803664,1271
"anchor_62","module_edge_jaccard","HOG:0024791","similarity","concordant_minus_discordant",0.750827035260451,0.778145473350774,-0.0273184380903225,1,0.0142857142857143,0.0285714285714286,70,2,2,35,70,2,16,0.0625,0.125,FALSE,1,0.795757711793754,1272
"anchor_193","neighborhood_jaccard","HOG:0027905","similarity","concordant_minus_discordant",0.253364144620745,0.281973676309792,-0.0286095316890467,1,0.0142857142857143,0.0285714285714286,70,2,2,35,70,2,16,0.0625,0.125,FALSE,1,0.307065217391304,1273
"anchor_136","neighborhood_jaccard","HOG:0012101","similarity","concordant_minus_discordant",0.248358216760847,0.277723204473125,-0.0293649877122779,1,0.0142857142857143,0.0285714285714286,70,2,2,35,70,2,16,0.0625,0.125,FALSE,1,0.287567987567988,1274
"anchor_68","matched_edge_correlation","HOG:0000537","similarity","concordant_minus_discordant",0.346876498475515,0.378331623712717,-0.031455125237202,1,0.0142857142857143,0.0285714285714286,70,2,2,35,70,2,16,0.0625,0.125,FALSE,1,0.376481716346698,1275
"anchor_158","module_edge_jaccard","HOG:0006208","similarity","concordant_minus_discordant",0.602306591601414,0.63503890506508,-0.0327323134636656,1,0.0142857142857143,0.0285714285714286,70,2,2,35,70,2,16,0.0625,0.125,FALSE,1,0.596441062300626,1276
"anchor_166","matched_edge_correlation","HOG:0016397","similarity","concordant_minus_discordant",0.125762143040719,0.158569031437159,-0.0328068883964404,1,0.0142857142857143,0.0285714285714286,70,2,2,35,70,2,16,0.0625,0.125,FALSE,1,0.15651105635694,1277
"anchor_250","module_edge_jaccard","HOG:0006334","similarity","concordant_minus_discordant",0.520514390688916,0.559610417212912,-0.039096026523996,1,0.0142857142857143,0.0285714285714286,70,2,2,35,70,2,16,0.0625,0.125,FALSE,1,0.583586668918538,1278
"anchor_328","module_edge_jaccard","HOG:0021943","similarity","concordant_minus_discordant",0.541313570992735,0.582134663277433,-0.0408210922846975,1,0.0142857142857143,0.0285714285714286,70,2,2,35,70,2,16,0.0625,0.125,FALSE,1,0.636293694112182,1279
"anchor_150","module_edge_jaccard","HOG:0011478","similarity","concordant_minus_discordant",0.59938422742021,0.640703590723225,-0.0413193633030154,1,0.0142857142857143,0.0285714285714286,70,2,2,35,70,2,16,0.0625,0.125,FALSE,1,0.613636363636364,1280
"anchor_189","module_edge_jaccard","HOG:0027641","similarity","concordant_minus_discordant",0.527395171875089,0.584584906431285,-0.0571897345561957,1,0.0142857142857143,0.0285714285714286,70,2,2,35,70,2,16,0.0625,0.125,FALSE,1,0.560634783857533,1281
"anchor_317","module_edge_jaccard","HOG:0030885","similarity","concordant_minus_discordant",0.57051958385664,0.631934007602632,-0.0614144237459914,1,0.0142857142857143,0.0285714285714286,70,2,2,35,70,2,16,0.0625,0.125,FALSE,1,0.595783351508542,1282
"anchor_148","matched_edge_correlation","HOG:0020549","similarity","concordant_minus_discordant",0.314746140817122,0.376900470675402,-0.0621543298582793,1,0.0142857142857143,0.0285714285714286,70,2,2,35,70,2,16,0.0625,0.125,FALSE,1,0.35941912062892,1283
"anchor_260","module_edge_jaccard","HOG:0012011","similarity","concordant_minus_discordant",0.370060311382935,0.446072956663324,-0.0760126452803892,1,0.0142857142857143,0.0285714285714286,70,2,2,35,70,2,16,0.0625,0.125,FALSE,1,0.438700059630292,1284
"anchor_297","module_edge_jaccard","HOG:0028197","similarity","concordant_minus_discordant",0.522959000749801,0.636795810504318,-0.113836809754517,1,0.0142857142857143,0.0285714285714286,70,2,2,35,70,2,16,0.0625,0.125,FALSE,1,0.558054302567661,1285
"anchor_319","matched_edge_correlation","HOG:0006661","similarity","concordant_minus_discordant",0.0329924061551553,0.163620173669746,-0.130627767514591,1,0.0142857142857143,0.0285714285714286,70,2,2,35,70,2,16,0.0625,0.125,FALSE,1,0.247150117350271,1286
"anchor_280","matched_edge_correlation","HOG:0026707","similarity","concordant_minus_discordant",-0.00474493279250978,0.137323174321176,-0.142068107113686,1,0.0142857142857143,0.0285714285714286,70,2,2,35,70,2,16,0.0625,0.125,FALSE,1,0.0752667234215586,1287
"anchor_276","matched_edge_correlation","HOG:0007697","similarity","concordant_minus_discordant",-0.000913402572549802,0.166410646444988,-0.167324049017538,1,0.0142857142857143,0.0285714285714286,70,2,2,35,70,2,16,0.0625,0.125,FALSE,1,0.0780058419297008,1288
